[eval] ORDINARY_EVAL=/home/jovyan/workspace/dreamer/combined-upload/smac-jepa-wm/eval_jepa_exp31_exp33_anchored.py
[eval] HIDDEN_EVAL=/home/jovyan/workspace/dreamer/combined-upload/smac-jepa-wm/eval_jepa_hidden_belief_exp31_exp33.py
Python executable: /home/jovyan/workspace/dreamer/combined-upload/.venv/bin/python
Torch: 2.11.0+cu126
Torch CUDA build: 12.6
CUDA available: True
smac_jepa: /home/jovyan/workspace/dreamer/combined-upload/smac-jepa-wm/smac_jepa/__init__.py
visibility dataset: /home/jovyan/workspace/dreamer/combined-upload/smac-jepa-wm/smac_jepa/data/markov_rollout_visibility_dataset.py
visibility dataset version: 1
Exp33 launch diagnostics: PASS
Starting a clean training run:
  runs/rnn_seqmem_exp35_two_mask_simple_loss_5ep_20260707_100311
precision_policy policy=bf16(auto) autocast=True grad_scaler=False amp_init_scale=1024.0 amp_growth_interval=10000
visibility_preflight_passed items=1024 hidden_fraction=0.000776
optimizer_parameter_check unique_tensors=214 unique_scalars=6099483 duplicates=0
/home/jovyan/workspace/dreamer/combined-upload/smac-jepa-wm/smac_jepa/train_jepa_exp31_exp35.py:1475: FutureWarning: `torch.cuda.amp.GradScaler(args...)` is deprecated. Please use `torch.amp.GradScaler('cuda', args...)` instead.
  scaler = torch.cuda.amp.GradScaler(enabled=scaler_enabled, init_scale=float(args.amp_init_scale), growth_factor=2.0, backoff_factor=0.5, growth_interval=max(int(args.amp_growth_interval), 1))
wandb: [wandb.login()] Loaded credentials for https://api.wandb.ai from /home/jovyan/.netrc.
wandb: Currently logged in as: kialok (kialok-nus) to https://api.wandb.ai. Use `wandb login --relogin` to force relogin
wandb: setting up run aua18he8
wandb: Tracking run with wandb version 0.28.0
wandb: Run data is saved locally in runs/rnn_seqmem_exp35_two_mask_simple_loss_5ep_20260707_100311/wandb/run-20260707_142209-aua18he8
wandb: Run `wandb offline` to turn off syncing.
wandb: Syncing run exp35-two-mask-simple-loss-5ep
wandb: ⭐️ View project at https://wandb.ai/kialok-nus/SMAC-JEPA-losses
wandb: 🚀 View run at https://wandb.ai/kialok-nus/SMAC-JEPA-losses/runs/aua18he8
markov_rollout_rnn_visibility_seqmem_r2offline p=20 n=5 memory_dim=322 enemy_visibility_mask=True sight_range=9.0 temporal_loss=lambda td_lambda=0.9 r2_dyn_scale=1.0 r2_rep_scale=0.1 r2_barlow_scale=0.05 r2_barlow_lambda=0.0005 r2_latent_normalize=True sigreg_weight=0.01 sigreg_weight_start=None sigreg_weight_end=None sigreg_warmup_epochs=0 decoder_weight=0.01 presence_weight=0.01 action_conditioned_memory=True one_step_weight=0.5 target_mode=full ema_target_encoder=True ema_momentum=0.996 memory_barlow_scale=0.0 event_balanced_sampling=False event_fraction=0.3 event_pool_fraction=0.2 window_mode=random samples_per_epoch=50000 blocker_fixes=hidden_belief,predicted_presence,consistent_chronology,feature_masked_decoder,agent_aware_actions
epoch_schedule epoch=1 active_sigreg_weight=0.010000
/home/jovyan/workspace/dreamer/combined-upload/smac-jepa-wm/smac_jepa/train_jepa_exp31_exp35.py:1280: FutureWarning: `torch.cuda.amp.autocast(args...)` is deprecated. Please use `torch.amp.autocast('cuda', args...)` instead.
  with torch.cuda.amp.autocast(enabled=False) if pred_latent.is_cuda else nullcontext():
/home/jovyan/workspace/dreamer/combined-upload/smac-jepa-wm/smac_jepa/train_jepa_exp31_exp35.py:1295: FutureWarning: `torch.cuda.amp.autocast(args...)` is deprecated. Please use `torch.amp.autocast('cuda', args...)` instead.
  with torch.cuda.amp.autocast(enabled=False) if pred_latent.is_cuda else nullcontext():
epoch=1 step=1 total_loss=2.976773 pred_loss=1.982731 pred_uniform=1.983171 rep=1.982731 barlow=1.094543 barlow_diag=0.0185 barlow_offdiag=0.3446 sigreg_obj=9.895687 memory_barlow=0.000000 target_std=0.7517 pred_std=0.1665 decoded_loss=0.112841 decoded_dynamic=0.140522 presence_loss=0.680084 memory_norm=6.179845
epoch=1 step=10 total_loss=2.957300 pred_loss=1.970631 pred_uniform=1.971296 rep=1.971028 barlow=1.096549 barlow_diag=0.0224 barlow_offdiag=0.3508 sigreg_obj=10.278900 memory_barlow=0.000000 target_std=0.7507 pred_std=0.1530 decoded_loss=0.107356 decoded_dynamic=0.124671 presence_loss=0.678239 memory_norm=6.434369
epoch=1 step=20 total_loss=2.881194 pred_loss=1.919729 pred_uniform=1.920466 rep=1.920788 barlow=1.073452 barlow_diag=0.0239 barlow_offdiag=0.3335 sigreg_obj=12.479407 memory_barlow=0.000000 target_std=0.7532 pred_std=0.1501 decoded_loss=0.108655 decoded_dynamic=0.134674 presence_loss=0.677962 memory_norm=7.983776
epoch=1 step=30 total_loss=2.761105 pred_loss=1.838889 pred_uniform=1.839519 rep=1.840818 barlow=1.080097 barlow_diag=0.0226 barlow_offdiag=0.3320 sigreg_obj=11.616108 memory_barlow=0.000000 target_std=0.7527 pred_std=0.1514 decoded_loss=0.098369 decoded_dynamic=0.121137 presence_loss=0.664162 memory_norm=6.436510
epoch=1 step=40 total_loss=2.604179 pred_loss=1.734275 pred_uniform=1.735024 rep=1.736990 barlow=1.075607 barlow_diag=0.0261 barlow_offdiag=0.3389 sigreg_obj=12.137283 memory_barlow=0.000000 target_std=0.7501 pred_std=0.1521 decoded_loss=0.101009 decoded_dynamic=0.123882 presence_loss=0.677321 memory_norm=7.578322
epoch=1 step=50 total_loss=2.384953 pred_loss=1.588054 pred_uniform=1.588814 rep=1.590761 barlow=1.075366 barlow_diag=0.0284 barlow_offdiag=0.3485 sigreg_obj=10.830164 memory_barlow=0.000000 target_std=0.7506 pred_std=0.1484 decoded_loss=0.096731 decoded_dynamic=0.118378 presence_loss=0.661035 memory_norm=6.338579
epoch=1 step=60 total_loss=2.140730 pred_loss=1.424732 pred_uniform=1.425529 rep=1.427595 barlow=1.073857 barlow_diag=0.0250 barlow_offdiag=0.3350 sigreg_obj=11.665255 memory_barlow=0.000000 target_std=0.7505 pred_std=0.1451 decoded_loss=0.092074 decoded_dynamic=0.127469 presence_loss=0.666739 memory_norm=7.349505
epoch=1 step=70 total_loss=1.895586 pred_loss=1.260879 pred_uniform=1.261648 rep=1.268950 barlow=1.075510 barlow_diag=0.0250 barlow_offdiag=0.3397 sigreg_obj=11.709468 memory_barlow=0.000000 target_std=0.7499 pred_std=0.1327 decoded_loss=0.073740 decoded_dynamic=0.095316 presence_loss=0.643956 memory_norm=6.579803
epoch=1 step=80 total_loss=1.659278 pred_loss=1.104650 pred_uniform=1.105796 rep=1.130191 barlow=1.078873 barlow_diag=0.0299 barlow_offdiag=0.3515 sigreg_obj=12.224734 memory_barlow=0.000000 target_std=0.7483 pred_std=0.1409 decoded_loss=0.084726 decoded_dynamic=0.115515 presence_loss=0.659040 memory_norm=7.340011
epoch=1 step=90 total_loss=1.504221 pred_loss=1.003603 pred_uniform=1.005255 rep=1.055279 barlow=1.059771 barlow_diag=0.0335 barlow_offdiag=0.3399 sigreg_obj=11.559128 memory_barlow=0.000000 target_std=0.7546 pred_std=0.1603 decoded_loss=0.082315 decoded_dynamic=0.117989 presence_loss=0.666257 memory_norm=7.447126
epoch=1 step=100 total_loss=1.335590 pred_loss=0.894273 pred_uniform=0.896491 rep=0.993130 barlow=1.063191 barlow_diag=0.0365 barlow_offdiag=0.3519 sigreg_obj=10.588016 memory_barlow=0.000000 target_std=0.7491 pred_std=0.1496 decoded_loss=0.070376 decoded_dynamic=0.109756 presence_loss=0.656846 memory_norm=6.607594
epoch=1 step=110 total_loss=1.202666 pred_loss=0.815841 pred_uniform=0.819960 rep=0.982039 barlow=1.068400 barlow_diag=0.0400 barlow_offdiag=0.3683 sigreg_obj=8.485140 memory_barlow=0.000000 target_std=0.7499 pred_std=0.1822 decoded_loss=0.060131 decoded_dynamic=0.100248 presence_loss=0.676561 memory_norm=5.798370
epoch=1 step=120 total_loss=1.139276 pred_loss=0.779382 pred_uniform=0.784858 rep=1.023804 barlow=1.058825 barlow_diag=0.0403 barlow_offdiag=0.3569 sigreg_obj=8.447663 memory_barlow=0.000000 target_std=0.7589 pred_std=0.2093 decoded_loss=0.054647 decoded_dynamic=0.086662 presence_loss=0.655636 memory_norm=7.095619
epoch=1 step=130 total_loss=1.072690 pred_loss=0.745849 pred_uniform=0.754124 rep=1.093480 barlow=1.059281 barlow_diag=0.0428 barlow_offdiag=0.3658 sigreg_obj=8.612502 memory_barlow=0.000000 target_std=0.7624 pred_std=0.2156 decoded_loss=0.050826 decoded_dynamic=0.079116 presence_loss=0.657931 memory_norm=7.652740
epoch=1 step=140 total_loss=1.000922 pred_loss=0.704801 pred_uniform=0.716116 rep=1.123427 barlow=1.050269 barlow_diag=0.0479 barlow_offdiag=0.3662 sigreg_obj=7.659835 memory_barlow=0.000000 target_std=0.7662 pred_std=0.2749 decoded_loss=0.051608 decoded_dynamic=0.085307 presence_loss=0.681786 memory_norm=7.897593
epoch=1 step=150 total_loss=0.997499 pred_loss=0.674013 pred_uniform=0.678858 rep=1.067319 barlow=1.058134 barlow_diag=0.0450 barlow_offdiag=0.3710 sigreg_obj=6.399609 memory_barlow=0.000000 target_std=0.7726 pred_std=0.4016 decoded_loss=0.047710 decoded_dynamic=0.081451 presence_loss=0.835583 memory_norm=6.602150
epoch=1 step=160 total_loss=0.818435 pred_loss=0.553677 pred_uniform=0.557063 rep=0.873577 barlow=1.056361 barlow_diag=0.0444 barlow_offdiag=0.3630 sigreg_obj=6.496346 memory_barlow=0.000000 target_std=0.7766 pred_std=0.4992 decoded_loss=0.045453 decoded_dynamic=0.076196 presence_loss=0.734264 memory_norm=7.439237
epoch=1 step=170 total_loss=0.875401 pred_loss=0.592388 pred_uniform=0.595810 rep=0.951472 barlow=1.062998 barlow_diag=0.0460 barlow_offdiag=0.3797 sigreg_obj=5.675216 memory_barlow=0.000000 target_std=0.7724 pred_std=0.4741 decoded_loss=0.038638 decoded_dynamic=0.066988 presence_loss=0.816348 memory_norm=5.605597
epoch=1 step=180 total_loss=0.809075 pred_loss=0.548599 pred_uniform=0.552571 rep=0.905570 barlow=1.073440 barlow_diag=0.0373 barlow_offdiag=0.3676 sigreg_obj=5.202305 memory_barlow=0.000000 target_std=0.7851 pred_std=0.5171 decoded_loss=0.044773 decoded_dynamic=0.078880 presence_loss=0.940480 memory_norm=5.999660
epoch=1 step=190 total_loss=0.799773 pred_loss=0.536546 pred_uniform=0.538796 rep=0.914620 barlow=1.076319 barlow_diag=0.0340 barlow_offdiag=0.3652 sigreg_obj=5.087184 memory_barlow=0.000000 target_std=0.7889 pred_std=0.5136 decoded_loss=0.036174 decoded_dynamic=0.062773 presence_loss=0.946304 memory_norm=6.197267
epoch=1 step=200 total_loss=0.711270 pred_loss=0.486495 pred_uniform=0.490970 rep=0.889186 barlow=1.083669 barlow_diag=0.0275 barlow_offdiag=0.3622 sigreg_obj=4.477618 memory_barlow=0.000000 target_std=0.7936 pred_std=0.5596 decoded_loss=0.044305 decoded_dynamic=0.077701 presence_loss=0.834645 memory_norm=6.219910
epoch=1 step=210 total_loss=0.789922 pred_loss=0.537169 pred_uniform=0.541407 rep=1.006845 barlow=1.076809 barlow_diag=0.0272 barlow_offdiag=0.3522 sigreg_obj=3.618826 memory_barlow=0.000000 target_std=0.7991 pred_std=0.5361 decoded_loss=0.036918 decoded_dynamic=0.064988 presence_loss=0.933389 memory_norm=5.678957
epoch=1 step=220 total_loss=0.612322 pred_loss=0.426941 pred_uniform=0.433351 rep=0.895462 barlow=1.072824 barlow_diag=0.0247 barlow_offdiag=0.3405 sigreg_obj=3.749235 memory_barlow=0.000000 target_std=0.8066 pred_std=0.6164 decoded_loss=0.042312 decoded_dynamic=0.069971 presence_loss=0.722936 memory_norm=7.068062
epoch=1 step=230 total_loss=0.599750 pred_loss=0.417514 pred_uniform=0.423790 rep=0.918841 barlow=1.064882 barlow_diag=0.0257 barlow_offdiag=0.3319 sigreg_obj=3.246013 memory_barlow=0.000000 target_std=0.8128 pred_std=0.6315 decoded_loss=0.042028 decoded_dynamic=0.071221 presence_loss=0.727924 memory_norm=6.522425
epoch=1 step=240 total_loss=0.594648 pred_loss=0.411886 pred_uniform=0.417928 rep=0.900945 barlow=1.065233 barlow_diag=0.0215 barlow_offdiag=0.3226 sigreg_obj=3.483419 memory_barlow=0.000000 target_std=0.8181 pred_std=0.6586 decoded_loss=0.043057 decoded_dynamic=0.073317 presence_loss=0.784499 memory_norm=6.947273
saved_recovery_checkpoint epoch=1 step=250 successful_updates=250
epoch=1 step=250 total_loss=0.646116 pred_loss=0.438927 pred_uniform=0.442429 rep=0.946210 barlow=1.081219 barlow_diag=0.0182 barlow_offdiag=0.3334 sigreg_obj=3.258580 memory_barlow=0.000000 target_std=0.8244 pred_std=0.6489 decoded_loss=0.044068 decoded_dynamic=0.073709 presence_loss=0.896170 memory_norm=6.635583
epoch=1 step=260 total_loss=0.563259 pred_loss=0.386618 pred_uniform=0.390921 rep=0.836647 barlow=1.056501 barlow_diag=0.0243 barlow_offdiag=0.3174 sigreg_obj=3.646766 memory_barlow=0.000000 target_std=0.8266 pred_std=0.6922 decoded_loss=0.046091 decoded_dynamic=0.078051 presence_loss=0.887618 memory_norm=7.543159
epoch=1 step=270 total_loss=0.634000 pred_loss=0.427699 pred_uniform=0.430510 rep=0.890366 barlow=1.053432 barlow_diag=0.0272 barlow_offdiag=0.3244 sigreg_obj=3.498673 memory_barlow=0.000000 target_std=0.8356 pred_std=0.6886 decoded_loss=0.038746 decoded_dynamic=0.067620 presence_loss=0.995300 memory_norm=6.552405
epoch=1 step=280 total_loss=0.495895 pred_loss=0.345914 pred_uniform=0.351279 rep=0.762669 barlow=1.059817 barlow_diag=0.0239 barlow_offdiag=0.3188 sigreg_obj=3.373770 memory_barlow=0.000000 target_std=0.8416 pred_std=0.7286 decoded_loss=0.048767 decoded_dynamic=0.082715 presence_loss=0.785553 memory_norm=8.624478
epoch=1 step=290 total_loss=0.692230 pred_loss=0.455219 pred_uniform=0.453148 rep=0.901816 barlow=1.069211 barlow_diag=0.0244 barlow_offdiag=0.3381 sigreg_obj=2.619297 memory_barlow=0.000000 target_std=0.8471 pred_std=0.7017 decoded_loss=0.041708 decoded_dynamic=0.069519 presence_loss=1.040718 memory_norm=5.571841
epoch=1 step=300 total_loss=0.711332 pred_loss=0.466191 pred_uniform=0.464390 rep=0.885149 barlow=1.059191 barlow_diag=0.0231 barlow_offdiag=0.3132 sigreg_obj=3.836762 memory_barlow=0.000000 target_std=0.8485 pred_std=0.6931 decoded_loss=0.036474 decoded_dynamic=0.063461 presence_loss=1.040867 memory_norm=7.595776
epoch=1 step=310 total_loss=0.624190 pred_loss=0.412493 pred_uniform=0.412388 rep=0.814237 barlow=1.064699 barlow_diag=0.0242 barlow_offdiag=0.3313 sigreg_obj=2.608171 memory_barlow=0.000000 target_std=0.8603 pred_std=0.7380 decoded_loss=0.040895 decoded_dynamic=0.066263 presence_loss=1.011045 memory_norm=6.603344
epoch=1 step=320 total_loss=0.594970 pred_loss=0.394065 pred_uniform=0.394019 rep=0.768075 barlow=1.064457 barlow_diag=0.0227 barlow_offdiag=0.3216 sigreg_obj=3.138957 memory_barlow=0.000000 target_std=0.8653 pred_std=0.7586 decoded_loss=0.041526 decoded_dynamic=0.070130 presence_loss=0.944248 memory_norm=7.952361
epoch=1 step=330 total_loss=0.625739 pred_loss=0.407004 pred_uniform=0.404803 rep=0.779987 barlow=1.061463 barlow_diag=0.0264 barlow_offdiag=0.3307 sigreg_obj=2.688146 memory_barlow=0.000000 target_std=0.8677 pred_std=0.7514 decoded_loss=0.043948 decoded_dynamic=0.066473 presence_loss=0.987364 memory_norm=6.512604
epoch=1 step=340 total_loss=0.624725 pred_loss=0.405317 pred_uniform=0.402830 rep=0.765976 barlow=1.074592 barlow_diag=0.0175 barlow_offdiag=0.3212 sigreg_obj=2.891805 memory_barlow=0.000000 target_std=0.8744 pred_std=0.7690 decoded_loss=0.045785 decoded_dynamic=0.073299 presence_loss=0.926703 memory_norm=7.232771
epoch=1 step=350 total_loss=0.573035 pred_loss=0.371798 pred_uniform=0.369897 rep=0.695828 barlow=1.046041 barlow_diag=0.0308 barlow_offdiag=0.3202 sigreg_obj=2.624243 memory_barlow=0.000000 target_std=0.8817 pred_std=0.7931 decoded_loss=0.044786 decoded_dynamic=0.075423 presence_loss=0.952933 memory_norm=7.068828
epoch=1 step=360 total_loss=0.586163 pred_loss=0.381326 pred_uniform=0.380365 rep=0.715479 barlow=1.069774 barlow_diag=0.0220 barlow_offdiag=0.3335 sigreg_obj=2.665097 memory_barlow=0.000000 target_std=0.8845 pred_std=0.7825 decoded_loss=0.043609 decoded_dynamic=0.067879 presence_loss=0.880649 memory_norm=6.139024
epoch=1 step=370 total_loss=0.428592 pred_loss=0.288154 pred_uniform=0.290415 rep=0.570882 barlow=1.046722 barlow_diag=0.0283 barlow_offdiag=0.3149 sigreg_obj=2.940829 memory_barlow=0.000000 target_std=0.8902 pred_std=0.8183 decoded_loss=0.047537 decoded_dynamic=0.080139 presence_loss=0.703502 memory_norm=7.781823
epoch=1 step=380 total_loss=0.448837 pred_loss=0.294236 pred_uniform=0.295020 rep=0.576562 barlow=1.069048 barlow_diag=0.0203 barlow_offdiag=0.3254 sigreg_obj=2.856204 memory_barlow=0.000000 target_std=0.8922 pred_std=0.8266 decoded_loss=0.045859 decoded_dynamic=0.076670 presence_loss=0.823136 memory_norm=7.186555
epoch=1 step=390 total_loss=0.588798 pred_loss=0.376375 pred_uniform=0.373139 rep=0.658065 barlow=1.067493 barlow_diag=0.0193 barlow_offdiag=0.3154 sigreg_obj=2.615169 memory_barlow=0.000000 target_std=0.8978 pred_std=0.8262 decoded_loss=0.043235 decoded_dynamic=0.071803 presence_loss=1.044708 memory_norm=7.489098
epoch=1 step=400 total_loss=0.508521 pred_loss=0.328470 pred_uniform=0.326721 rep=0.583501 barlow=1.055149 barlow_diag=0.0241 barlow_offdiag=0.3163 sigreg_obj=2.700047 memory_barlow=0.000000 target_std=0.9000 pred_std=0.8422 decoded_loss=0.041812 decoded_dynamic=0.071044 presence_loss=0.814343 memory_norm=7.557417
epoch=1 step=410 total_loss=0.677905 pred_loss=0.431221 pred_uniform=0.426138 rep=0.706225 barlow=1.071538 barlow_diag=0.0177 barlow_offdiag=0.3202 sigreg_obj=2.402328 memory_barlow=0.000000 target_std=0.9062 pred_std=0.8193 decoded_loss=0.039542 decoded_dynamic=0.063161 presence_loss=0.928738 memory_norm=6.325624
epoch=1 step=420 total_loss=0.549248 pred_loss=0.348716 pred_uniform=0.344531 rep=0.599333 barlow=1.072091 barlow_diag=0.0166 barlow_offdiag=0.3149 sigreg_obj=2.333387 memory_barlow=0.000000 target_std=0.9105 pred_std=0.8428 decoded_loss=0.046514 decoded_dynamic=0.076244 presence_loss=0.830144 memory_norm=7.244411
epoch=1 step=430 total_loss=0.520293 pred_loss=0.336048 pred_uniform=0.334559 rep=0.573487 barlow=1.051227 barlow_diag=0.0244 barlow_offdiag=0.3111 sigreg_obj=2.653425 memory_barlow=0.000000 target_std=0.9133 pred_std=0.8482 decoded_loss=0.041307 decoded_dynamic=0.068615 presence_loss=0.816368 memory_norm=7.859317
epoch=1 step=440 total_loss=0.537663 pred_loss=0.342772 pred_uniform=0.339851 rep=0.575888 barlow=1.063727 barlow_diag=0.0206 barlow_offdiag=0.3147 sigreg_obj=2.607688 memory_barlow=0.000000 target_std=0.9150 pred_std=0.8480 decoded_loss=0.041793 decoded_dynamic=0.071274 presence_loss=0.783506 memory_norm=7.546274
epoch=1 step=450 total_loss=0.567084 pred_loss=0.360689 pred_uniform=0.357018 rep=0.586229 barlow=1.050306 barlow_diag=0.0244 barlow_offdiag=0.3115 sigreg_obj=2.704305 memory_barlow=0.000000 target_std=0.9184 pred_std=0.8582 decoded_loss=0.042178 decoded_dynamic=0.067334 presence_loss=0.758296 memory_norm=7.712665
epoch=1 step=460 total_loss=0.471658 pred_loss=0.302188 pred_uniform=0.299957 rep=0.511943 barlow=1.050736 barlow_diag=0.0251 barlow_offdiag=0.3133 sigreg_obj=2.292510 memory_barlow=0.000000 target_std=0.9219 pred_std=0.8679 decoded_loss=0.044455 decoded_dynamic=0.074131 presence_loss=0.685731 memory_norm=7.403820
epoch=1 step=470 total_loss=0.471591 pred_loss=0.298478 pred_uniform=0.295505 rep=0.502775 barlow=1.056002 barlow_diag=0.0226 barlow_offdiag=0.3123 sigreg_obj=2.273401 memory_barlow=0.000000 target_std=0.9252 pred_std=0.8730 decoded_loss=0.040231 decoded_dynamic=0.067862 presence_loss=0.730994 memory_norm=7.327506
epoch=1 step=480 total_loss=0.497651 pred_loss=0.324249 pred_uniform=0.324099 rep=0.509607 barlow=1.061080 barlow_diag=0.0198 barlow_offdiag=0.3117 sigreg_obj=2.165564 memory_barlow=0.000000 target_std=0.9293 pred_std=0.8715 decoded_loss=0.042330 decoded_dynamic=0.068166 presence_loss=0.645969 memory_norm=7.276929
epoch=1 step=490 total_loss=0.461005 pred_loss=0.295863 pred_uniform=0.294097 rep=0.468947 barlow=1.047467 barlow_diag=0.0241 barlow_offdiag=0.3082 sigreg_obj=2.189989 memory_barlow=0.000000 target_std=0.9314 pred_std=0.8883 decoded_loss=0.043286 decoded_dynamic=0.074421 presence_loss=0.656502 memory_norm=7.477012
saved_recovery_checkpoint epoch=1 step=500 successful_updates=500
epoch=1 step=500 total_loss=0.407032 pred_loss=0.252513 pred_uniform=0.248529 rep=0.413940 barlow=1.059562 barlow_diag=0.0198 barlow_offdiag=0.3107 sigreg_obj=2.219935 memory_barlow=0.000000 target_std=0.9332 pred_std=0.9027 decoded_loss=0.042659 decoded_dynamic=0.069727 presence_loss=0.696558 memory_norm=7.474685
epoch=1 step=510 total_loss=0.310157 pred_loss=0.198652 pred_uniform=0.198530 rep=0.349230 barlow=1.061370 barlow_diag=0.0150 barlow_offdiag=0.2959 sigreg_obj=2.439685 memory_barlow=0.000000 target_std=0.9370 pred_std=0.9125 decoded_loss=0.050373 decoded_dynamic=0.082820 presence_loss=0.650724 memory_norm=9.924857
epoch=1 step=520 total_loss=0.406278 pred_loss=0.251595 pred_uniform=0.247613 rep=0.406401 barlow=1.054148 barlow_diag=0.0203 barlow_offdiag=0.3057 sigreg_obj=2.186789 memory_barlow=0.000000 target_std=0.9388 pred_std=0.9062 decoded_loss=0.042443 decoded_dynamic=0.072829 presence_loss=0.674333 memory_norm=7.837751
epoch=1 step=530 total_loss=0.738824 pred_loss=0.450694 pred_uniform=0.438318 rep=0.640082 barlow=1.068218 barlow_diag=0.0152 barlow_offdiag=0.3066 sigreg_obj=2.119596 memory_barlow=0.000000 target_std=0.9406 pred_std=0.8772 decoded_loss=0.036323 decoded_dynamic=0.062798 presence_loss=0.744800 memory_norm=6.756074
epoch=1 step=540 total_loss=0.298113 pred_loss=0.182606 pred_uniform=0.179929 rep=0.313176 barlow=1.076547 barlow_diag=0.0153 barlow_offdiag=0.3241 sigreg_obj=2.134059 memory_barlow=0.000000 target_std=0.9389 pred_std=0.9173 decoded_loss=0.041526 decoded_dynamic=0.071982 presence_loss=0.679066 memory_norm=6.919683
epoch=1 step=550 total_loss=0.573953 pred_loss=0.355611 pred_uniform=0.348980 rep=0.515705 barlow=1.079781 barlow_diag=0.0082 barlow_offdiag=0.3029 sigreg_obj=2.340319 memory_barlow=0.000000 target_std=0.9457 pred_std=0.9061 decoded_loss=0.038154 decoded_dynamic=0.067706 presence_loss=0.720969 memory_norm=7.748361
epoch=1 step=560 total_loss=0.407535 pred_loss=0.251316 pred_uniform=0.246887 rep=0.383360 barlow=1.074017 barlow_diag=0.0117 barlow_offdiag=0.3090 sigreg_obj=1.983003 memory_barlow=0.000000 target_std=0.9469 pred_std=0.9226 decoded_loss=0.038683 decoded_dynamic=0.066498 presence_loss=0.607809 memory_norm=6.702080
epoch=1 step=570 total_loss=0.474321 pred_loss=0.304611 pred_uniform=0.303134 rep=0.439226 barlow=1.068967 barlow_diag=0.0127 barlow_offdiag=0.3041 sigreg_obj=2.160694 memory_barlow=0.000000 target_std=0.9478 pred_std=0.9077 decoded_loss=0.041504 decoded_dynamic=0.065367 presence_loss=0.546496 memory_norm=7.636363
epoch=1 step=580 total_loss=0.457612 pred_loss=0.282468 pred_uniform=0.277469 rep=0.410971 barlow=1.072315 barlow_diag=0.0139 barlow_offdiag=0.3132 sigreg_obj=1.910887 memory_barlow=0.000000 target_std=0.9499 pred_std=0.9205 decoded_loss=0.034814 decoded_dynamic=0.061194 presence_loss=0.633572 memory_norm=6.635917
epoch=1 step=590 total_loss=0.577736 pred_loss=0.358835 pred_uniform=0.352128 rep=0.497268 barlow=1.070886 barlow_diag=0.0134 barlow_offdiag=0.3070 sigreg_obj=1.673676 memory_barlow=0.000000 target_std=0.9512 pred_std=0.9076 decoded_loss=0.032710 decoded_dynamic=0.053736 presence_loss=0.702987 memory_norm=6.664997
epoch=1 step=600 total_loss=0.809207 pred_loss=0.496578 pred_uniform=0.483632 rep=0.661646 barlow=1.073354 barlow_diag=0.0129 barlow_offdiag=0.3049 sigreg_obj=1.837716 memory_barlow=0.000000 target_std=0.9542 pred_std=0.8913 decoded_loss=0.029791 decoded_dynamic=0.051922 presence_loss=0.682764 memory_norm=6.631348
epoch=1 step=610 total_loss=0.537232 pred_loss=0.332958 pred_uniform=0.327172 rep=0.458908 barlow=1.077259 barlow_diag=0.0093 barlow_offdiag=0.3084 sigreg_obj=2.088241 memory_barlow=0.000000 target_std=0.9557 pred_std=0.9217 decoded_loss=0.032307 decoded_dynamic=0.054698 presence_loss=0.620021 memory_norm=7.221256
epoch=1 step=620 total_loss=0.580989 pred_loss=0.363682 pred_uniform=0.357945 rep=0.500202 barlow=1.061354 barlow_diag=0.0185 barlow_offdiag=0.3125 sigreg_obj=1.888304 memory_barlow=0.000000 target_std=0.9553 pred_std=0.9175 decoded_loss=0.032867 decoded_dynamic=0.055193 presence_loss=0.571517 memory_norm=6.146033
epoch=1 step=630 total_loss=0.606239 pred_loss=0.376830 pred_uniform=0.369841 rep=0.501918 barlow=1.052963 barlow_diag=0.0166 barlow_offdiag=0.2920 sigreg_obj=2.147904 memory_barlow=0.000000 target_std=0.9592 pred_std=0.9241 decoded_loss=0.035055 decoded_dynamic=0.058022 presence_loss=0.548941 memory_norm=7.898401
epoch=1 step=640 total_loss=0.494923 pred_loss=0.310810 pred_uniform=0.306811 rep=0.423283 barlow=1.066228 barlow_diag=0.0112 barlow_offdiag=0.2958 sigreg_obj=1.960065 memory_barlow=0.000000 target_std=0.9601 pred_std=0.9336 decoded_loss=0.036635 decoded_dynamic=0.060651 presence_loss=0.538467 memory_norm=7.152457
epoch=1 step=650 total_loss=0.584572 pred_loss=0.372123 pred_uniform=0.368097 rep=0.492756 barlow=1.046317 barlow_diag=0.0207 barlow_offdiag=0.2945 sigreg_obj=1.721827 memory_barlow=0.000000 target_std=0.9608 pred_std=0.9231 decoded_loss=0.031764 decoded_dynamic=0.055277 presence_loss=0.476453 memory_norm=6.464986
epoch=1 step=660 total_loss=0.462876 pred_loss=0.287938 pred_uniform=0.283438 rep=0.395411 barlow=1.058798 barlow_diag=0.0194 barlow_offdiag=0.3100 sigreg_obj=1.785528 memory_barlow=0.000000 target_std=0.9629 pred_std=0.9379 decoded_loss=0.035578 decoded_dynamic=0.057422 presence_loss=0.533426 memory_norm=6.607468
epoch=1 step=670 total_loss=0.499057 pred_loss=0.306368 pred_uniform=0.299475 rep=0.414030 barlow=1.075187 barlow_diag=0.0120 barlow_offdiag=0.3078 sigreg_obj=1.801081 memory_barlow=0.000000 target_std=0.9622 pred_std=0.9393 decoded_loss=0.037247 decoded_dynamic=0.061282 presence_loss=0.580026 memory_norm=7.146183
epoch=1 step=680 total_loss=0.632012 pred_loss=0.399263 pred_uniform=0.393872 rep=0.521150 barlow=1.083184 barlow_diag=0.0043 barlow_offdiag=0.3004 sigreg_obj=1.735158 memory_barlow=0.000000 target_std=0.9635 pred_std=0.9250 decoded_loss=0.030360 decoded_dynamic=0.053320 presence_loss=0.445442 memory_norm=5.857173
epoch=1 step=690 total_loss=0.532399 pred_loss=0.335601 pred_uniform=0.331355 rep=0.443728 barlow=1.063785 barlow_diag=0.0113 barlow_offdiag=0.2909 sigreg_obj=1.898178 memory_barlow=0.000000 target_std=0.9666 pred_std=0.9351 decoded_loss=0.035951 decoded_dynamic=0.061735 presence_loss=0.455617 memory_norm=7.624290
epoch=1 step=700 total_loss=0.383390 pred_loss=0.242851 pred_uniform=0.241131 rep=0.335434 barlow=1.063290 barlow_diag=0.0106 barlow_offdiag=0.2891 sigreg_obj=1.930539 memory_barlow=0.000000 target_std=0.9672 pred_std=0.9458 decoded_loss=0.037437 decoded_dynamic=0.064528 presence_loss=0.524322 memory_norm=8.527852
epoch=1 step=710 total_loss=0.645027 pred_loss=0.409475 pred_uniform=0.404759 rep=0.528022 barlow=1.072056 barlow_diag=0.0094 barlow_offdiag=0.2943 sigreg_obj=1.746039 memory_barlow=0.000000 target_std=0.9679 pred_std=0.9319 decoded_loss=0.029487 decoded_dynamic=0.051671 presence_loss=0.501610 memory_norm=6.722200
epoch=1 step=720 total_loss=0.571046 pred_loss=0.361261 pred_uniform=0.357037 rep=0.465407 barlow=1.057607 barlow_diag=0.0156 barlow_offdiag=0.2939 sigreg_obj=1.747970 memory_barlow=0.000000 target_std=0.9690 pred_std=0.9392 decoded_loss=0.030631 decoded_dynamic=0.054158 presence_loss=0.496385 memory_norm=7.052938
epoch=1 step=730 total_loss=0.392252 pred_loss=0.245994 pred_uniform=0.243701 rep=0.336358 barlow=1.069862 barlow_diag=0.0098 barlow_offdiag=0.2955 sigreg_obj=1.738466 memory_barlow=0.000000 target_std=0.9695 pred_std=0.9531 decoded_loss=0.035388 decoded_dynamic=0.056635 presence_loss=0.633092 memory_norm=8.034552
epoch=1 step=740 total_loss=0.483291 pred_loss=0.304331 pred_uniform=0.300991 rep=0.404720 barlow=1.073708 barlow_diag=0.0053 barlow_offdiag=0.2858 sigreg_obj=1.868704 memory_barlow=0.000000 target_std=0.9713 pred_std=0.9495 decoded_loss=0.032857 decoded_dynamic=0.056756 presence_loss=0.514764 memory_norm=8.139010
saved_recovery_checkpoint epoch=1 step=750 successful_updates=750
epoch=1 step=750 total_loss=0.535514 pred_loss=0.335779 pred_uniform=0.330822 rep=0.426072 barlow=1.083843 barlow_diag=0.0045 barlow_offdiag=0.2993 sigreg_obj=1.854282 memory_barlow=0.000000 target_std=0.9703 pred_std=0.9501 decoded_loss=0.035321 decoded_dynamic=0.061051 presence_loss=0.449791 memory_norm=6.812320
epoch=1 step=760 total_loss=0.334749 pred_loss=0.208006 pred_uniform=0.205546 rep=0.280982 barlow=1.064824 barlow_diag=0.0087 barlow_offdiag=0.2874 sigreg_obj=2.032393 memory_barlow=0.000000 target_std=0.9709 pred_std=0.9615 decoded_loss=0.035658 decoded_dynamic=0.064646 presence_loss=0.510094 memory_norm=8.500225
epoch=1 step=770 total_loss=0.796485 pred_loss=0.499481 pred_uniform=0.490407 rep=0.608079 barlow=1.050687 barlow_diag=0.0152 barlow_offdiag=0.2819 sigreg_obj=1.544590 memory_barlow=0.000000 target_std=0.9738 pred_std=0.9369 decoded_loss=0.028173 decoded_dynamic=0.048396 presence_loss=0.434301 memory_norm=6.570984
epoch=1 step=780 total_loss=0.661246 pred_loss=0.408248 pred_uniform=0.399419 rep=0.495845 barlow=1.081550 barlow_diag=0.0029 barlow_offdiag=0.2900 sigreg_obj=1.815306 memory_barlow=0.000000 target_std=0.9734 pred_std=0.9508 decoded_loss=0.028882 decoded_dynamic=0.051396 presence_loss=0.554666 memory_norm=7.346629
epoch=1 step=790 total_loss=0.565636 pred_loss=0.359709 pred_uniform=0.356012 rep=0.449608 barlow=1.073891 barlow_diag=0.0054 barlow_offdiag=0.2907 sigreg_obj=1.665167 memory_barlow=0.000000 target_std=0.9745 pred_std=0.9517 decoded_loss=0.034008 decoded_dynamic=0.054237 presence_loss=0.404061 memory_norm=6.845049
epoch=1 step=800 total_loss=0.661654 pred_loss=0.415652 pred_uniform=0.409235 rep=0.500500 barlow=1.069595 barlow_diag=0.0095 barlow_offdiag=0.2933 sigreg_obj=1.438804 memory_barlow=0.000000 target_std=0.9744 pred_std=0.9473 decoded_loss=0.029978 decoded_dynamic=0.050359 presence_loss=0.519956 memory_norm=6.220794
epoch=1 step=810 total_loss=0.458834 pred_loss=0.282335 pred_uniform=0.277003 rep=0.350510 barlow=1.078905 barlow_diag=0.0019 barlow_offdiag=0.2807 sigreg_obj=1.695390 memory_barlow=0.000000 target_std=0.9757 pred_std=0.9628 decoded_loss=0.035402 decoded_dynamic=0.061107 presence_loss=0.624119 memory_norm=8.200232
epoch=1 step=820 total_loss=0.211334 pred_loss=0.129935 pred_uniform=0.129194 rep=0.185525 barlow=1.077749 barlow_diag=0.0033 barlow_offdiag=0.2876 sigreg_obj=1.697663 memory_barlow=0.000000 target_std=0.9749 pred_std=0.9702 decoded_loss=0.041057 decoded_dynamic=0.067714 presence_loss=0.570175 memory_norm=7.385520
epoch=1 step=830 total_loss=0.636973 pred_loss=0.395870 pred_uniform=0.387943 rep=0.478057 barlow=1.062402 barlow_diag=0.0080 barlow_offdiag=0.2769 sigreg_obj=1.559689 memory_barlow=0.000000 target_std=0.9768 pred_std=0.9541 decoded_loss=0.029880 decoded_dynamic=0.053222 presence_loss=0.513833 memory_norm=7.241805
epoch=1 step=840 total_loss=0.466605 pred_loss=0.290896 pred_uniform=0.286660 rep=0.358465 barlow=1.057757 barlow_diag=0.0114 barlow_offdiag=0.2776 sigreg_obj=1.593077 memory_barlow=0.000000 target_std=0.9774 pred_std=0.9634 decoded_loss=0.034707 decoded_dynamic=0.057208 presence_loss=0.577924 memory_norm=7.990253
epoch=1 step=850 total_loss=0.735454 pred_loss=0.456036 pred_uniform=0.446480 rep=0.531870 barlow=1.073125 barlow_diag=0.0087 barlow_offdiag=0.2951 sigreg_obj=1.565487 memory_barlow=0.000000 target_std=0.9760 pred_std=0.9548 decoded_loss=0.029265 decoded_dynamic=0.049448 presence_loss=0.506019 memory_norm=5.770294
epoch=1 step=860 total_loss=0.504363 pred_loss=0.318801 pred_uniform=0.315452 rep=0.385613 barlow=1.081258 barlow_diag=-0.0002 barlow_offdiag=0.2774 sigreg_obj=1.577282 memory_barlow=0.000000 target_std=0.9781 pred_std=0.9597 decoded_loss=0.033002 decoded_dynamic=0.057178 presence_loss=0.522997 memory_norm=7.581074
epoch=1 step=870 total_loss=0.852836 pred_loss=0.542247 pred_uniform=0.535174 rep=0.624721 barlow=1.081243 barlow_diag=0.0060 barlow_offdiag=0.2957 sigreg_obj=1.615222 memory_barlow=0.000000 target_std=0.9768 pred_std=0.9416 decoded_loss=0.027842 decoded_dynamic=0.044123 presence_loss=0.313608 memory_norm=5.899673
epoch=1 step=880 total_loss=0.396605 pred_loss=0.251861 pred_uniform=0.250490 rep=0.310334 barlow=1.076145 barlow_diag=0.0010 barlow_offdiag=0.2731 sigreg_obj=1.864428 memory_barlow=0.000000 target_std=0.9772 pred_std=0.9602 decoded_loss=0.034771 decoded_dynamic=0.062174 presence_loss=0.408787 memory_norm=8.768949
epoch=1 step=890 total_loss=0.539875 pred_loss=0.335140 pred_uniform=0.329341 rep=0.394746 barlow=1.068112 barlow_diag=0.0056 barlow_offdiag=0.2744 sigreg_obj=1.598476 memory_barlow=0.000000 target_std=0.9799 pred_std=0.9664 decoded_loss=0.032651 decoded_dynamic=0.056345 presence_loss=0.544499 memory_norm=7.715940
epoch=1 step=900 total_loss=0.601900 pred_loss=0.377347 pred_uniform=0.371645 rep=0.438045 barlow=1.072994 barlow_diag=0.0068 barlow_offdiag=0.2858 sigreg_obj=1.615842 memory_barlow=0.000000 target_std=0.9789 pred_std=0.9571 decoded_loss=0.030769 decoded_dynamic=0.053432 presence_loss=0.407819 memory_norm=6.850841
epoch=1 step=910 total_loss=0.575800 pred_loss=0.353149 pred_uniform=0.345200 rep=0.408943 barlow=1.078160 barlow_diag=0.0055 barlow_offdiag=0.2895 sigreg_obj=1.617265 memory_barlow=0.000000 target_std=0.9779 pred_std=0.9658 decoded_loss=0.028508 decoded_dynamic=0.051345 presence_loss=0.518629 memory_norm=6.657763
epoch=1 step=920 total_loss=0.592457 pred_loss=0.375274 pred_uniform=0.370768 rep=0.436689 barlow=1.061501 barlow_diag=0.0105 barlow_offdiag=0.2855 sigreg_obj=1.478402 memory_barlow=0.000000 target_std=0.9804 pred_std=0.9631 decoded_loss=0.029209 decoded_dynamic=0.052507 presence_loss=0.366737 memory_norm=6.542788
epoch=1 step=930 total_loss=0.795548 pred_loss=0.490491 pred_uniform=0.478992 rep=0.541528 barlow=1.068363 barlow_diag=0.0141 barlow_offdiag=0.3019 sigreg_obj=1.701465 memory_barlow=0.000000 target_std=0.9786 pred_std=0.9593 decoded_loss=0.028064 decoded_dynamic=0.047402 presence_loss=0.464020 memory_norm=6.223232
epoch=1 step=940 total_loss=0.347682 pred_loss=0.218671 pred_uniform=0.217014 rep=0.264494 barlow=1.063360 barlow_diag=0.0083 barlow_offdiag=0.2778 sigreg_obj=1.815263 memory_barlow=0.000000 target_std=0.9806 pred_std=0.9734 decoded_loss=0.034732 decoded_dynamic=0.060697 presence_loss=0.431294 memory_norm=8.448485
epoch=1 step=950 total_loss=0.610007 pred_loss=0.389564 pred_uniform=0.386309 rep=0.445735 barlow=1.072308 barlow_diag=0.0042 barlow_offdiag=0.2790 sigreg_obj=1.637010 memory_barlow=0.000000 target_std=0.9808 pred_std=0.9597 decoded_loss=0.032370 decoded_dynamic=0.050761 presence_loss=0.378033 memory_norm=7.165602
epoch=1 step=960 total_loss=0.515491 pred_loss=0.317229 pred_uniform=0.310975 rep=0.360994 barlow=1.087599 barlow_diag=-0.0034 barlow_offdiag=0.2767 sigreg_obj=1.597408 memory_barlow=0.000000 target_std=0.9813 pred_std=0.9716 decoded_loss=0.033436 decoded_dynamic=0.059232 presence_loss=0.602372 memory_norm=8.021277
epoch=1 step=970 total_loss=0.444302 pred_loss=0.279926 pred_uniform=0.277139 rep=0.326183 barlow=1.071555 barlow_diag=0.0024 barlow_offdiag=0.2701 sigreg_obj=1.781811 memory_barlow=0.000000 target_std=0.9817 pred_std=0.9715 decoded_loss=0.036966 decoded_dynamic=0.063483 presence_loss=0.372300 memory_norm=8.629748
epoch=1 step=980 total_loss=0.912924 pred_loss=0.572490 pred_uniform=0.562107 rep=0.630827 barlow=1.072252 barlow_diag=0.0045 barlow_offdiag=0.2781 sigreg_obj=1.574607 memory_barlow=0.000000 target_std=0.9807 pred_std=0.9465 decoded_loss=0.027069 decoded_dynamic=0.043469 presence_loss=0.365597 memory_norm=6.193830
epoch=1 step=990 total_loss=0.386883 pred_loss=0.243261 pred_uniform=0.240866 rep=0.288573 barlow=1.056661 barlow_diag=0.0130 barlow_offdiag=0.2825 sigreg_obj=1.508116 memory_barlow=0.000000 target_std=0.9803 pred_std=0.9742 decoded_loss=0.035091 decoded_dynamic=0.061676 presence_loss=0.450387 memory_norm=6.937302
saved_recovery_checkpoint epoch=1 step=1000 successful_updates=1000
epoch=1 step=1000 total_loss=0.609082 pred_loss=0.393695 pred_uniform=0.391918 rep=0.438612 barlow=1.059422 barlow_diag=0.0147 barlow_offdiag=0.2929 sigreg_obj=1.409582 memory_barlow=0.000000 target_std=0.9821 pred_std=0.9643 decoded_loss=0.031012 decoded_dynamic=0.050575 presence_loss=0.372906 memory_norm=6.492429
epoch=1 step=1010 total_loss=0.562497 pred_loss=0.354347 pred_uniform=0.349791 rep=0.403476 barlow=1.069276 barlow_diag=0.0077 barlow_offdiag=0.2840 sigreg_obj=1.650005 memory_barlow=0.000000 target_std=0.9812 pred_std=0.9718 decoded_loss=0.033914 decoded_dynamic=0.056076 presence_loss=0.378922 memory_norm=6.782583
epoch=1 step=1020 total_loss=0.916141 pred_loss=0.576543 pred_uniform=0.566662 rep=0.630906 barlow=1.055951 barlow_diag=0.0167 barlow_offdiag=0.2903 sigreg_obj=1.371190 memory_barlow=0.000000 target_std=0.9810 pred_std=0.9592 decoded_loss=0.024674 decoded_dynamic=0.042257 presence_loss=0.365081 memory_norm=5.415217
epoch=1 step=1030 total_loss=0.347117 pred_loss=0.219310 pred_uniform=0.218184 rep=0.265345 barlow=1.051817 barlow_diag=0.0123 barlow_offdiag=0.2745 sigreg_obj=1.528106 memory_barlow=0.000000 target_std=0.9817 pred_std=0.9748 decoded_loss=0.037006 decoded_dynamic=0.064574 presence_loss=0.517118 memory_norm=7.189091
epoch=1 step=1040 total_loss=0.883824 pred_loss=0.563122 pred_uniform=0.556069 rep=0.614174 barlow=1.052644 barlow_diag=0.0178 barlow_offdiag=0.2898 sigreg_obj=1.296521 memory_barlow=0.000000 target_std=0.9809 pred_std=0.9519 decoded_loss=0.023330 decoded_dynamic=0.040822 presence_loss=0.301350 memory_norm=5.252782
epoch=1 step=1050 total_loss=0.414174 pred_loss=0.259680 pred_uniform=0.256952 rep=0.303810 barlow=1.073431 barlow_diag=0.0025 barlow_offdiag=0.2749 sigreg_obj=1.640488 memory_barlow=0.000000 target_std=0.9820 pred_std=0.9718 decoded_loss=0.034965 decoded_dynamic=0.060943 presence_loss=0.437908 memory_norm=7.793478
epoch=1 step=1060 total_loss=0.433425 pred_loss=0.274113 pred_uniform=0.271600 rep=0.321799 barlow=1.063486 barlow_diag=0.0050 barlow_offdiag=0.2660 sigreg_obj=1.573719 memory_barlow=0.000000 target_std=0.9827 pred_std=0.9748 decoded_loss=0.033564 decoded_dynamic=0.059186 presence_loss=0.337223 memory_norm=7.562736
epoch=1 step=1070 total_loss=0.701602 pred_loss=0.441928 pred_uniform=0.435480 rep=0.485270 barlow=1.071464 barlow_diag=0.0010 barlow_offdiag=0.2658 sigreg_obj=1.544235 memory_barlow=0.000000 target_std=0.9833 pred_std=0.9700 decoded_loss=0.029969 decoded_dynamic=0.050235 presence_loss=0.339741 memory_norm=7.521453
epoch=1 step=1080 total_loss=0.591435 pred_loss=0.370965 pred_uniform=0.365611 rep=0.417018 barlow=1.065595 barlow_diag=0.0043 barlow_offdiag=0.2706 sigreg_obj=1.455136 memory_barlow=0.000000 target_std=0.9827 pred_std=0.9661 decoded_loss=0.030963 decoded_dynamic=0.055162 presence_loss=0.473644 memory_norm=7.557339
epoch=1 step=1090 total_loss=0.265401 pred_loss=0.162951 pred_uniform=0.161198 rep=0.207811 barlow=1.078310 barlow_diag=0.0026 barlow_offdiag=0.2833 sigreg_obj=1.478619 memory_barlow=0.000000 target_std=0.9791 pred_std=0.9737 decoded_loss=0.036790 decoded_dynamic=0.066042 presence_loss=0.566703 memory_norm=6.800542
epoch=1 step=1100 total_loss=0.578464 pred_loss=0.364965 pred_uniform=0.360305 rep=0.406783 barlow=1.063082 barlow_diag=0.0064 barlow_offdiag=0.2697 sigreg_obj=1.364890 memory_barlow=0.000000 target_std=0.9832 pred_std=0.9722 decoded_loss=0.031519 decoded_dynamic=0.054295 presence_loss=0.418022 memory_norm=7.100505
epoch=1 step=1110 total_loss=0.499385 pred_loss=0.314252 pred_uniform=0.310675 rep=0.367306 barlow=1.061617 barlow_diag=0.0050 barlow_offdiag=0.2686 sigreg_obj=1.636806 memory_barlow=0.000000 target_std=0.9838 pred_std=0.9712 decoded_loss=0.031794 decoded_dynamic=0.053199 presence_loss=0.379380 memory_norm=7.958410
epoch=1 step=1120 total_loss=0.574395 pred_loss=0.363820 pred_uniform=0.359678 rep=0.405589 barlow=1.056030 barlow_diag=0.0064 barlow_offdiag=0.2613 sigreg_obj=1.358246 memory_barlow=0.000000 target_std=0.9843 pred_std=0.9721 decoded_loss=0.031941 decoded_dynamic=0.052611 presence_loss=0.360571 memory_norm=7.547235
epoch=1 step=1130 total_loss=0.651369 pred_loss=0.420236 pred_uniform=0.417895 rep=0.473711 barlow=1.074350 barlow_diag=0.0006 barlow_offdiag=0.2706 sigreg_obj=1.500798 memory_barlow=0.000000 target_std=0.9825 pred_std=0.9608 decoded_loss=0.029469 decoded_dynamic=0.050499 presence_loss=0.283188 memory_norm=6.966129
epoch=1 step=1140 total_loss=0.626068 pred_loss=0.394618 pred_uniform=0.389296 rep=0.433333 barlow=1.070840 barlow_diag=0.0046 barlow_offdiag=0.2785 sigreg_obj=1.435756 memory_barlow=0.000000 target_std=0.9831 pred_std=0.9735 decoded_loss=0.031798 decoded_dynamic=0.050882 presence_loss=0.344725 memory_norm=6.835280
epoch=1 step=1150 total_loss=0.541955 pred_loss=0.341905 pred_uniform=0.338096 rep=0.379340 barlow=1.074866 barlow_diag=-0.0028 barlow_offdiag=0.2595 sigreg_obj=1.533209 memory_barlow=0.000000 target_std=0.9841 pred_std=0.9736 decoded_loss=0.029329 decoded_dynamic=0.050975 presence_loss=0.424403 memory_norm=8.423008
epoch=1 step=1160 total_loss=0.493142 pred_loss=0.316480 pred_uniform=0.314818 rep=0.369394 barlow=1.075596 barlow_diag=-0.0020 barlow_offdiag=0.2666 sigreg_obj=1.265080 memory_barlow=0.000000 target_std=0.9810 pred_std=0.9668 decoded_loss=0.029434 decoded_dynamic=0.052568 presence_loss=0.378357 memory_norm=6.693245
epoch=1 step=1170 total_loss=0.474368 pred_loss=0.296940 pred_uniform=0.292918 rep=0.343780 barlow=1.063372 barlow_diag=0.0039 barlow_offdiag=0.2629 sigreg_obj=1.314622 memory_barlow=0.000000 target_std=0.9839 pred_std=0.9760 decoded_loss=0.033384 decoded_dynamic=0.057410 presence_loss=0.472042 memory_norm=7.714428
epoch=1 step=1180 total_loss=0.399467 pred_loss=0.251310 pred_uniform=0.248878 rep=0.294862 barlow=1.069300 barlow_diag=-0.0007 barlow_offdiag=0.2576 sigreg_obj=1.337489 memory_barlow=0.000000 target_std=0.9843 pred_std=0.9782 decoded_loss=0.033069 decoded_dynamic=0.056092 presence_loss=0.443874 memory_norm=8.081467
epoch=1 step=1190 total_loss=0.520016 pred_loss=0.332263 pred_uniform=0.330013 rep=0.378415 barlow=1.084037 barlow_diag=-0.0027 barlow_offdiag=0.2704 sigreg_obj=1.487512 memory_barlow=0.000000 target_std=0.9829 pred_std=0.9736 decoded_loss=0.031462 decoded_dynamic=0.053509 presence_loss=0.334954 memory_norm=7.356395
epoch=1 step=1200 total_loss=0.649707 pred_loss=0.410836 pred_uniform=0.405525 rep=0.458367 barlow=1.046844 barlow_diag=0.0134 barlow_offdiag=0.2669 sigreg_obj=1.275722 memory_barlow=0.000000 target_std=0.9839 pred_std=0.9709 decoded_loss=0.027498 decoded_dynamic=0.047672 presence_loss=0.352523 memory_norm=6.842771
epoch=1 step=1210 total_loss=0.760605 pred_loss=0.478644 pred_uniform=0.471096 rep=0.512912 barlow=1.074771 barlow_diag=0.0007 barlow_offdiag=0.2720 sigreg_obj=1.270206 memory_barlow=0.000000 target_std=0.9837 pred_std=0.9686 decoded_loss=0.030128 decoded_dynamic=0.052482 presence_loss=0.370396 memory_norm=6.633281
epoch=1 step=1220 total_loss=0.324245 pred_loss=0.208124 pred_uniform=0.207968 rep=0.263244 barlow=1.069675 barlow_diag=-0.0027 barlow_offdiag=0.2531 sigreg_obj=1.202576 memory_barlow=0.000000 target_std=0.9840 pred_std=0.9763 decoded_loss=0.035537 decoded_dynamic=0.057597 presence_loss=0.396347 memory_norm=8.272184
epoch=1 step=1230 total_loss=0.867336 pred_loss=0.549230 pred_uniform=0.541059 rep=0.577734 barlow=1.058440 barlow_diag=0.0075 barlow_offdiag=0.2642 sigreg_obj=1.118682 memory_barlow=0.000000 target_std=0.9835 pred_std=0.9625 decoded_loss=0.025164 decoded_dynamic=0.042585 presence_loss=0.277331 memory_norm=6.046909
epoch=1 step=1240 total_loss=0.301286 pred_loss=0.185513 pred_uniform=0.183459 rep=0.242825 barlow=1.063811 barlow_diag=0.0047 barlow_offdiag=0.2648 sigreg_obj=1.354807 memory_barlow=0.000000 target_std=0.9841 pred_std=0.9794 decoded_loss=0.032021 decoded_dynamic=0.055848 presence_loss=0.562278 memory_norm=8.335964
saved_recovery_checkpoint epoch=1 step=1250 successful_updates=1250
epoch=1 step=1250 total_loss=0.652243 pred_loss=0.415523 pred_uniform=0.411033 rep=0.463505 barlow=1.057248 barlow_diag=0.0036 barlow_offdiag=0.2507 sigreg_obj=1.193350 memory_barlow=0.000000 target_std=0.9843 pred_std=0.9719 decoded_loss=0.025007 decoded_dynamic=0.042752 presence_loss=0.306080 memory_norm=6.714615
epoch=1 step=1260 total_loss=0.509975 pred_loss=0.324962 pred_uniform=0.322294 rep=0.384434 barlow=1.059344 barlow_diag=0.0036 barlow_offdiag=0.2542 sigreg_obj=1.143427 memory_barlow=0.000000 target_std=0.9830 pred_std=0.9690 decoded_loss=0.027691 decoded_dynamic=0.049964 presence_loss=0.412456 memory_norm=7.619205
epoch=1 step=1270 total_loss=0.448456 pred_loss=0.287501 pred_uniform=0.286311 rep=0.359692 barlow=1.065270 barlow_diag=0.0009 barlow_offdiag=0.2569 sigreg_obj=1.251173 memory_barlow=0.000000 target_std=0.9844 pred_std=0.9753 decoded_loss=0.030696 decoded_dynamic=0.052865 presence_loss=0.422576 memory_norm=8.210423
epoch=1 step=1280 total_loss=0.537515 pred_loss=0.343308 pred_uniform=0.340597 rep=0.398369 barlow=1.064303 barlow_diag=-0.0004 barlow_offdiag=0.2483 sigreg_obj=1.238591 memory_barlow=0.000000 target_std=0.9827 pred_std=0.9676 decoded_loss=0.032237 decoded_dynamic=0.052641 presence_loss=0.337464 memory_norm=8.326777
epoch=1 step=1290 total_loss=0.393070 pred_loss=0.246568 pred_uniform=0.244129 rep=0.310486 barlow=1.050623 barlow_diag=0.0055 barlow_offdiag=0.2485 sigreg_obj=1.351396 memory_barlow=0.000000 target_std=0.9856 pred_std=0.9777 decoded_loss=0.030847 decoded_dynamic=0.054829 presence_loss=0.451339 memory_norm=8.348985
epoch=1 step=1300 total_loss=0.626963 pred_loss=0.397747 pred_uniform=0.392996 rep=0.445683 barlow=1.057798 barlow_diag=0.0049 barlow_offdiag=0.2573 sigreg_obj=1.134812 memory_barlow=0.000000 target_std=0.9829 pred_std=0.9683 decoded_loss=0.028450 decoded_dynamic=0.046816 presence_loss=0.331130 memory_norm=6.848230
epoch=1 step=1310 total_loss=0.540952 pred_loss=0.346348 pred_uniform=0.344006 rep=0.410137 barlow=1.073757 barlow_diag=-0.0039 barlow_offdiag=0.2572 sigreg_obj=1.299007 memory_barlow=0.000000 target_std=0.9848 pred_std=0.9704 decoded_loss=0.029987 decoded_dynamic=0.049672 presence_loss=0.327354 memory_norm=7.623662
epoch=1 step=1320 total_loss=0.576675 pred_loss=0.367062 pred_uniform=0.363116 rep=0.411249 barlow=1.058010 barlow_diag=0.0051 barlow_offdiag=0.2616 sigreg_obj=1.010010 memory_barlow=0.000000 target_std=0.9819 pred_std=0.9733 decoded_loss=0.025155 decoded_dynamic=0.044655 presence_loss=0.294713 memory_norm=6.226884
epoch=1 step=1330 total_loss=0.640256 pred_loss=0.410217 pred_uniform=0.406745 rep=0.466653 barlow=1.079356 barlow_diag=-0.0084 barlow_offdiag=0.2492 sigreg_obj=1.165207 memory_barlow=0.000000 target_std=0.9802 pred_std=0.9583 decoded_loss=0.026768 decoded_dynamic=0.047754 presence_loss=0.263800 memory_norm=7.416377
epoch=1 step=1340 total_loss=0.647682 pred_loss=0.411265 pred_uniform=0.406924 rep=0.457827 barlow=1.078590 barlow_diag=-0.0070 barlow_offdiag=0.2461 sigreg_obj=1.197908 memory_barlow=0.000000 target_std=0.9798 pred_std=0.9618 decoded_loss=0.024635 decoded_dynamic=0.040475 presence_loss=0.445262 memory_norm=7.208533
epoch=1 step=1350 total_loss=0.914245 pred_loss=0.591222 pred_uniform=0.587479 rep=0.641039 barlow=1.073237 barlow_diag=0.0038 barlow_offdiag=0.2706 sigreg_obj=1.507691 memory_barlow=0.000000 target_std=0.9803 pred_std=0.9366 decoded_loss=0.021796 decoded_dynamic=0.036627 presence_loss=0.186460 memory_norm=6.613425
epoch=1 step=1360 total_loss=0.384641 pred_loss=0.239665 pred_uniform=0.236341 rep=0.305558 barlow=1.066298 barlow_diag=-0.0002 barlow_offdiag=0.2564 sigreg_obj=1.018389 memory_barlow=0.000000 target_std=0.9808 pred_std=0.9761 decoded_loss=0.028659 decoded_dynamic=0.050758 presence_loss=0.404404 memory_norm=7.116649
epoch=1 step=1370 total_loss=0.431275 pred_loss=0.269302 pred_uniform=0.265691 rep=0.338861 barlow=1.063536 barlow_diag=0.0004 barlow_offdiag=0.2454 sigreg_obj=1.235589 memory_barlow=0.000000 target_std=0.9840 pred_std=0.9763 decoded_loss=0.027918 decoded_dynamic=0.050187 presence_loss=0.426949 memory_norm=7.847119
epoch=1 step=1380 total_loss=0.515023 pred_loss=0.327327 pred_uniform=0.324494 rep=0.390577 barlow=1.075521 barlow_diag=-0.0020 barlow_offdiag=0.2623 sigreg_obj=1.234859 memory_barlow=0.000000 target_std=0.9842 pred_std=0.9721 decoded_loss=0.025960 decoded_dynamic=0.046708 presence_loss=0.371458 memory_norm=7.247691
epoch=1 step=1390 total_loss=0.526223 pred_loss=0.333302 pred_uniform=0.329935 rep=0.414078 barlow=1.072398 barlow_diag=-0.0038 barlow_offdiag=0.2464 sigreg_obj=1.274140 memory_barlow=0.000000 target_std=0.9852 pred_std=0.9750 decoded_loss=0.024854 decoded_dynamic=0.045159 presence_loss=0.370318 memory_norm=7.221103
epoch=1 step=1400 total_loss=0.618463 pred_loss=0.398674 pred_uniform=0.396287 rep=0.465319 barlow=1.075440 barlow_diag=-0.0021 barlow_offdiag=0.2617 sigreg_obj=1.048246 memory_barlow=0.000000 target_std=0.9794 pred_std=0.9605 decoded_loss=0.017982 decoded_dynamic=0.031514 presence_loss=0.278121 memory_norm=6.504140
epoch=1 step=1410 total_loss=0.610373 pred_loss=0.392959 pred_uniform=0.390996 rep=0.451438 barlow=1.070752 barlow_diag=-0.0040 barlow_offdiag=0.2468 sigreg_obj=1.361736 memory_barlow=0.000000 target_std=0.9843 pred_std=0.9666 decoded_loss=0.024616 decoded_dynamic=0.038720 presence_loss=0.304739 memory_norm=6.754354
epoch=1 step=1420 total_loss=0.607994 pred_loss=0.385951 pred_uniform=0.381576 rep=0.425322 barlow=1.067492 barlow_diag=-0.0004 barlow_offdiag=0.2514 sigreg_obj=1.053181 memory_barlow=0.000000 target_std=0.9811 pred_std=0.9616 decoded_loss=0.023550 decoded_dynamic=0.033347 presence_loss=0.320226 memory_norm=6.605792
epoch=1 step=1430 total_loss=0.711564 pred_loss=0.455284 pred_uniform=0.450806 rep=0.493758 barlow=1.071201 barlow_diag=-0.0017 barlow_offdiag=0.2509 sigreg_obj=1.058918 memory_barlow=0.000000 target_std=0.9839 pred_std=0.9611 decoded_loss=0.020150 decoded_dynamic=0.031088 presence_loss=0.254498 memory_norm=6.383525
epoch=1 step=1440 total_loss=0.423387 pred_loss=0.271769 pred_uniform=0.270852 rep=0.353750 barlow=1.075907 barlow_diag=-0.0045 barlow_offdiag=0.2498 sigreg_obj=0.986282 memory_barlow=0.000000 target_std=0.9831 pred_std=0.9725 decoded_loss=0.021637 decoded_dynamic=0.038037 presence_loss=0.451858 memory_norm=7.288325
epoch=1 step=1450 total_loss=0.407671 pred_loss=0.257156 pred_uniform=0.254907 rep=0.323148 barlow=1.074562 barlow_diag=-0.0078 barlow_offdiag=0.2402 sigreg_obj=1.201765 memory_barlow=0.000000 target_std=0.9827 pred_std=0.9761 decoded_loss=0.020902 decoded_dynamic=0.037923 presence_loss=0.365287 memory_norm=8.587692
epoch=1 step=1460 total_loss=0.605443 pred_loss=0.385381 pred_uniform=0.381750 rep=0.441129 barlow=1.066792 barlow_diag=-0.0017 barlow_offdiag=0.2440 sigreg_obj=1.099045 memory_barlow=0.000000 target_std=0.9793 pred_std=0.9548 decoded_loss=0.020879 decoded_dynamic=0.035268 presence_loss=0.400471 memory_norm=7.647838
epoch=1 step=1470 total_loss=0.435205 pred_loss=0.278425 pred_uniform=0.276977 rep=0.362272 barlow=1.071997 barlow_diag=-0.0060 barlow_offdiag=0.2442 sigreg_obj=1.031967 memory_barlow=0.000000 target_std=0.9820 pred_std=0.9731 decoded_loss=0.022631 decoded_dynamic=0.035815 presence_loss=0.381990 memory_norm=7.223684
epoch=1 step=1480 total_loss=0.574832 pred_loss=0.368247 pred_uniform=0.365500 rep=0.418644 barlow=1.083941 barlow_diag=-0.0105 barlow_offdiag=0.2400 sigreg_obj=0.870004 memory_barlow=0.000000 target_std=0.9824 pred_std=0.9643 decoded_loss=0.020892 decoded_dynamic=0.034215 presence_loss=0.434818 memory_norm=6.628306
epoch=1 step=1490 total_loss=0.679470 pred_loss=0.428972 pred_uniform=0.422745 rep=0.469309 barlow=1.067895 barlow_diag=0.0002 barlow_offdiag=0.2457 sigreg_obj=1.033603 memory_barlow=0.000000 target_std=0.9811 pred_std=0.9671 decoded_loss=0.016094 decoded_dynamic=0.028832 presence_loss=0.258572 memory_norm=5.748343
saved_recovery_checkpoint epoch=1 step=1500 successful_updates=1500
epoch=1 step=1500 total_loss=0.617945 pred_loss=0.399208 pred_uniform=0.396578 rep=0.448552 barlow=1.072351 barlow_diag=-0.0051 barlow_offdiag=0.2456 sigreg_obj=0.823144 memory_barlow=0.000000 target_std=0.9802 pred_std=0.9621 decoded_loss=0.016043 decoded_dynamic=0.025539 presence_loss=0.196662 memory_norm=5.981997
epoch=1 step=1510 total_loss=0.618975 pred_loss=0.401706 pred_uniform=0.400058 rep=0.442874 barlow=1.080076 barlow_diag=-0.0058 barlow_offdiag=0.2551 sigreg_obj=0.925317 memory_barlow=0.000000 target_std=0.9818 pred_std=0.9566 decoded_loss=0.019933 decoded_dynamic=0.031911 presence_loss=0.233806 memory_norm=5.831012
epoch=1 step=1520 total_loss=0.614830 pred_loss=0.394218 pred_uniform=0.390895 rep=0.444338 barlow=1.086157 barlow_diag=-0.0117 barlow_offdiag=0.2449 sigreg_obj=0.974261 memory_barlow=0.000000 target_std=0.9821 pred_std=0.9648 decoded_loss=0.018640 decoded_dynamic=0.029407 presence_loss=0.212001 memory_norm=6.628486
epoch=1 step=1530 total_loss=0.718253 pred_loss=0.461921 pred_uniform=0.458086 rep=0.499876 barlow=1.066414 barlow_diag=-0.0023 barlow_offdiag=0.2421 sigreg_obj=0.956251 memory_barlow=0.000000 target_std=0.9810 pred_std=0.9535 decoded_loss=0.014576 decoded_dynamic=0.025441 presence_loss=0.199046 memory_norm=6.229785
epoch=1 step=1540 total_loss=0.656220 pred_loss=0.418596 pred_uniform=0.414492 rep=0.460764 barlow=1.069934 barlow_diag=-0.0039 barlow_offdiag=0.2379 sigreg_obj=0.975847 memory_barlow=0.000000 target_std=0.9783 pred_std=0.9487 decoded_loss=0.022663 decoded_dynamic=0.034512 presence_loss=0.357478 memory_norm=7.503757
epoch=1 step=1550 total_loss=0.518024 pred_loss=0.336548 pred_uniform=0.335686 rep=0.379995 barlow=1.078520 barlow_diag=-0.0094 barlow_offdiag=0.2389 sigreg_obj=0.900230 memory_barlow=0.000000 target_std=0.9819 pred_std=0.9637 decoded_loss=0.015578 decoded_dynamic=0.028219 presence_loss=0.235775 memory_norm=6.657879
epoch=1 step=1560 total_loss=0.335576 pred_loss=0.212271 pred_uniform=0.210722 rep=0.280244 barlow=1.057891 barlow_diag=-0.0013 barlow_offdiag=0.2330 sigreg_obj=0.897173 memory_barlow=0.000000 target_std=0.9840 pred_std=0.9778 decoded_loss=0.014868 decoded_dynamic=0.026550 presence_loss=0.335780 memory_norm=7.666075
epoch=1 step=1570 total_loss=0.328528 pred_loss=0.210372 pred_uniform=0.210161 rep=0.283576 barlow=1.064400 barlow_diag=-0.0025 barlow_offdiag=0.2390 sigreg_obj=1.116504 memory_barlow=0.000000 target_std=0.9825 pred_std=0.9762 decoded_loss=0.024267 decoded_dynamic=0.037180 presence_loss=0.319079 memory_norm=7.697465
epoch=1 step=1580 total_loss=0.598260 pred_loss=0.383896 pred_uniform=0.380729 rep=0.420601 barlow=1.070474 barlow_diag=-0.0020 barlow_offdiag=0.2511 sigreg_obj=0.833426 memory_barlow=0.000000 target_std=0.9815 pred_std=0.9628 decoded_loss=0.011704 decoded_dynamic=0.020487 presence_loss=0.228515 memory_norm=5.895966
epoch=1 step=1590 total_loss=0.589397 pred_loss=0.379089 pred_uniform=0.376508 rep=0.416906 barlow=1.054484 barlow_diag=0.0013 barlow_offdiag=0.2359 sigreg_obj=0.878228 memory_barlow=0.000000 target_std=0.9816 pred_std=0.9608 decoded_loss=0.017124 decoded_dynamic=0.027612 presence_loss=0.248626 memory_norm=6.153824
epoch=1 step=1600 total_loss=0.436436 pred_loss=0.280455 pred_uniform=0.279075 rep=0.333611 barlow=1.061329 barlow_diag=-0.0017 barlow_offdiag=0.2340 sigreg_obj=0.947064 memory_barlow=0.000000 target_std=0.9807 pred_std=0.9693 decoded_loss=0.018707 decoded_dynamic=0.027205 presence_loss=0.237728 memory_norm=7.262811
epoch=1 step=1610 total_loss=0.393828 pred_loss=0.250940 pred_uniform=0.249779 rep=0.300107 barlow=1.069113 barlow_diag=-0.0067 barlow_offdiag=0.2236 sigreg_obj=1.229687 memory_barlow=0.000000 target_std=0.9812 pred_std=0.9697 decoded_loss=0.017799 decoded_dynamic=0.031526 presence_loss=0.269452 memory_norm=8.279906
epoch=1 step=1620 total_loss=0.542740 pred_loss=0.342897 pred_uniform=0.338624 rep=0.382644 barlow=1.081880 barlow_diag=-0.0070 barlow_offdiag=0.2506 sigreg_obj=0.878029 memory_barlow=0.000000 target_std=0.9812 pred_std=0.9716 decoded_loss=0.013445 decoded_dynamic=0.023211 presence_loss=0.335641 memory_norm=5.327734
epoch=1 step=1630 total_loss=0.273128 pred_loss=0.169334 pred_uniform=0.168267 rep=0.240172 barlow=1.073525 barlow_diag=-0.0089 barlow_offdiag=0.2288 sigreg_obj=1.353076 memory_barlow=0.000000 target_std=0.9828 pred_std=0.9728 decoded_loss=0.020476 decoded_dynamic=0.034859 presence_loss=0.372495 memory_norm=9.975845
epoch=1 step=1640 total_loss=0.513602 pred_loss=0.333055 pred_uniform=0.332225 rep=0.389570 barlow=1.085316 barlow_diag=-0.0095 barlow_offdiag=0.2538 sigreg_obj=0.987002 memory_barlow=0.000000 target_std=0.9834 pred_std=0.9645 decoded_loss=0.016261 decoded_dynamic=0.025191 presence_loss=0.230845 memory_norm=7.138235
epoch=1 step=1650 total_loss=0.546005 pred_loss=0.351741 pred_uniform=0.350120 rep=0.398755 barlow=1.079896 barlow_diag=-0.0091 barlow_offdiag=0.2405 sigreg_obj=1.012173 memory_barlow=0.000000 target_std=0.9748 pred_std=0.9460 decoded_loss=0.016031 decoded_dynamic=0.024575 presence_loss=0.300221 memory_norm=6.885286
epoch=1 step=1660 total_loss=0.473575 pred_loss=0.299215 pred_uniform=0.296226 rep=0.345274 barlow=1.066925 barlow_diag=-0.0054 barlow_offdiag=0.2247 sigreg_obj=1.139509 memory_barlow=0.000000 target_std=0.9769 pred_std=0.9588 decoded_loss=0.016789 decoded_dynamic=0.027459 presence_loss=0.295610 memory_norm=8.390089
epoch=1 step=1670 total_loss=0.409625 pred_loss=0.257253 pred_uniform=0.255115 rep=0.295266 barlow=1.067998 barlow_diag=-0.0061 barlow_offdiag=0.2286 sigreg_obj=1.296350 memory_barlow=0.000000 target_std=0.9816 pred_std=0.9694 decoded_loss=0.016832 decoded_dynamic=0.030638 presence_loss=0.352091 memory_norm=8.088572
epoch=1 step=1680 total_loss=0.494455 pred_loss=0.320502 pred_uniform=0.319502 rep=0.363278 barlow=1.074375 barlow_diag=-0.0075 barlow_offdiag=0.2388 sigreg_obj=0.892857 memory_barlow=0.000000 target_std=0.9819 pred_std=0.9623 decoded_loss=0.012324 decoded_dynamic=0.017694 presence_loss=0.179536 memory_norm=7.397204
epoch=1 step=1690 total_loss=0.482402 pred_loss=0.310928 pred_uniform=0.310371 rep=0.351659 barlow=1.055193 barlow_diag=-0.0004 barlow_offdiag=0.2323 sigreg_obj=1.208301 memory_barlow=0.000000 target_std=0.9804 pred_std=0.9633 decoded_loss=0.014980 decoded_dynamic=0.026395 presence_loss=0.330797 memory_norm=8.436588
epoch=1 step=1700 total_loss=0.476927 pred_loss=0.308417 pred_uniform=0.307827 rep=0.346536 barlow=1.069244 barlow_diag=-0.0030 barlow_offdiag=0.2417 sigreg_obj=1.029229 memory_barlow=0.000000 target_std=0.9762 pred_std=0.9539 decoded_loss=0.011108 decoded_dynamic=0.019706 presence_loss=0.278760 memory_norm=7.115080
epoch=1 step=1710 total_loss=0.439713 pred_loss=0.281805 pred_uniform=0.280963 rep=0.325659 barlow=1.077284 barlow_diag=-0.0100 barlow_offdiag=0.2334 sigreg_obj=1.111916 memory_barlow=0.000000 target_std=0.9792 pred_std=0.9624 decoded_loss=0.020461 decoded_dynamic=0.029407 presence_loss=0.390598 memory_norm=8.899234
epoch=1 step=1720 total_loss=0.551283 pred_loss=0.349270 pred_uniform=0.345607 rep=0.402143 barlow=1.063591 barlow_diag=-0.0021 barlow_offdiag=0.2306 sigreg_obj=1.092361 memory_barlow=0.000000 target_std=0.9767 pred_std=0.9488 decoded_loss=0.015784 decoded_dynamic=0.023592 presence_loss=0.271084 memory_norm=8.106293
epoch=1 step=1730 total_loss=0.608394 pred_loss=0.385530 pred_uniform=0.381140 rep=0.415414 barlow=1.064585 barlow_diag=-0.0037 barlow_offdiag=0.2317 sigreg_obj=1.153076 memory_barlow=0.000000 target_std=0.9752 pred_std=0.9490 decoded_loss=0.014463 decoded_dynamic=0.020376 presence_loss=0.223056 memory_norm=7.587348
epoch=1 step=1740 total_loss=0.339949 pred_loss=0.215908 pred_uniform=0.214425 rep=0.264824 barlow=1.069842 barlow_diag=-0.0058 barlow_offdiag=0.2321 sigreg_obj=0.834569 memory_barlow=0.000000 target_std=0.9845 pred_std=0.9775 decoded_loss=0.012483 decoded_dynamic=0.020180 presence_loss=0.259234 memory_norm=7.231513
saved_recovery_checkpoint epoch=1 step=1750 successful_updates=1750
epoch=1 step=1750 total_loss=0.567999 pred_loss=0.365594 pred_uniform=0.363464 rep=0.429627 barlow=1.076234 barlow_diag=-0.0069 barlow_offdiag=0.2375 sigreg_obj=0.825205 memory_barlow=0.000000 target_std=0.9824 pred_std=0.9589 decoded_loss=0.013176 decoded_dynamic=0.023545 presence_loss=0.357949 memory_norm=7.084458
epoch=1 step=1760 total_loss=0.491322 pred_loss=0.312746 pred_uniform=0.309965 rep=0.361175 barlow=1.075841 barlow_diag=-0.0074 barlow_offdiag=0.2316 sigreg_obj=0.857201 memory_barlow=0.000000 target_std=0.9830 pred_std=0.9684 decoded_loss=0.012609 decoded_dynamic=0.021325 presence_loss=0.280734 memory_norm=7.168377
epoch=1 step=1770 total_loss=0.564933 pred_loss=0.365741 pred_uniform=0.364218 rep=0.395442 barlow=1.071687 barlow_diag=-0.0075 barlow_offdiag=0.2421 sigreg_obj=0.874580 memory_barlow=0.000000 target_std=0.9820 pred_std=0.9625 decoded_loss=0.010388 decoded_dynamic=0.017562 presence_loss=0.204760 memory_norm=6.528838
epoch=1 step=1780 total_loss=0.442185 pred_loss=0.283489 pred_uniform=0.282468 rep=0.333387 barlow=1.079116 barlow_diag=-0.0114 barlow_offdiag=0.2381 sigreg_obj=0.903350 memory_barlow=0.000000 target_std=0.9824 pred_std=0.9674 decoded_loss=0.015877 decoded_dynamic=0.025984 presence_loss=0.408890 memory_norm=7.448370
epoch=1 step=1790 total_loss=0.563301 pred_loss=0.361003 pred_uniform=0.358553 rep=0.391529 barlow=1.049813 barlow_diag=0.0017 barlow_offdiag=0.2239 sigreg_obj=0.965491 memory_barlow=0.000000 target_std=0.9772 pred_std=0.9518 decoded_loss=0.013139 decoded_dynamic=0.021341 presence_loss=0.293139 memory_norm=7.732999
epoch=1 step=1800 total_loss=0.525930 pred_loss=0.334883 pred_uniform=0.331958 rep=0.385103 barlow=1.070701 barlow_diag=-0.0054 barlow_offdiag=0.2294 sigreg_obj=0.782647 memory_barlow=0.000000 target_std=0.9835 pred_std=0.9644 decoded_loss=0.012824 decoded_dynamic=0.020752 presence_loss=0.391249 memory_norm=7.544087
epoch=1 step=1810 total_loss=0.785730 pred_loss=0.498250 pred_uniform=0.491459 rep=0.540043 barlow=1.053724 barlow_diag=0.0056 barlow_offdiag=0.2418 sigreg_obj=0.877113 memory_barlow=0.000000 target_std=0.9754 pred_std=0.9300 decoded_loss=0.009432 decoded_dynamic=0.016310 presence_loss=0.191972 memory_norm=5.825347
epoch=1 step=1820 total_loss=0.281672 pred_loss=0.176667 pred_uniform=0.175284 rep=0.241949 barlow=1.061980 barlow_diag=-0.0024 barlow_offdiag=0.2271 sigreg_obj=0.887244 memory_barlow=0.000000 target_std=0.9830 pred_std=0.9773 decoded_loss=0.014339 decoded_dynamic=0.024862 presence_loss=0.267312 memory_norm=7.429990
epoch=1 step=1830 total_loss=0.604927 pred_loss=0.388346 pred_uniform=0.385447 rep=0.426019 barlow=1.063965 barlow_diag=-0.0039 barlow_offdiag=0.2282 sigreg_obj=0.906952 memory_barlow=0.000000 target_std=0.9789 pred_std=0.9510 decoded_loss=0.013946 decoded_dynamic=0.020671 presence_loss=0.226202 memory_norm=7.168647
epoch=1 step=1840 total_loss=0.522590 pred_loss=0.338526 pred_uniform=0.337355 rep=0.389282 barlow=1.085936 barlow_diag=-0.0160 barlow_offdiag=0.2245 sigreg_obj=0.821911 memory_barlow=0.000000 target_std=0.9845 pred_std=0.9701 decoded_loss=0.011272 decoded_dynamic=0.016521 presence_loss=0.227077 memory_norm=7.175537
epoch=1 step=1850 total_loss=0.423740 pred_loss=0.270529 pred_uniform=0.268804 rep=0.327711 barlow=1.061589 barlow_diag=-0.0030 barlow_offdiag=0.2313 sigreg_obj=0.792742 memory_barlow=0.000000 target_std=0.9832 pred_std=0.9717 decoded_loss=0.011426 decoded_dynamic=0.019801 presence_loss=0.334289 memory_norm=6.791672
epoch=1 step=1860 total_loss=0.369808 pred_loss=0.233830 pred_uniform=0.231802 rep=0.276420 barlow=1.077940 barlow_diag=-0.0132 barlow_offdiag=0.2193 sigreg_obj=0.800565 memory_barlow=0.000000 target_std=0.9843 pred_std=0.9743 decoded_loss=0.012649 decoded_dynamic=0.021218 presence_loss=0.288891 memory_norm=8.124145
epoch=1 step=1870 total_loss=0.582561 pred_loss=0.376879 pred_uniform=0.374889 rep=0.399870 barlow=1.059729 barlow_diag=-0.0029 barlow_offdiag=0.2298 sigreg_obj=0.763242 memory_barlow=0.000000 target_std=0.9783 pred_std=0.9462 decoded_loss=0.011777 decoded_dynamic=0.018179 presence_loss=0.179541 memory_norm=6.864284
epoch=1 step=1880 total_loss=0.494695 pred_loss=0.311709 pred_uniform=0.307553 rep=0.360522 barlow=1.072485 barlow_diag=-0.0060 barlow_offdiag=0.2329 sigreg_obj=0.776349 memory_barlow=0.000000 target_std=0.9770 pred_std=0.9546 decoded_loss=0.010355 decoded_dynamic=0.018214 presence_loss=0.246689 memory_norm=6.130403
epoch=1 step=1890 total_loss=0.508753 pred_loss=0.321483 pred_uniform=0.317760 rep=0.394507 barlow=1.059399 barlow_diag=-0.0002 barlow_offdiag=0.2302 sigreg_obj=0.860488 memory_barlow=0.000000 target_std=0.9775 pred_std=0.9565 decoded_loss=0.011094 decoded_dynamic=0.016843 presence_loss=0.283042 memory_norm=7.512213
epoch=1 step=1900 total_loss=0.600830 pred_loss=0.380543 pred_uniform=0.375825 rep=0.440684 barlow=1.051100 barlow_diag=0.0052 barlow_offdiag=0.2362 sigreg_obj=0.755163 memory_barlow=0.000000 target_std=0.9757 pred_std=0.9473 decoded_loss=0.010582 decoded_dynamic=0.018184 presence_loss=0.299205 memory_norm=5.948341
epoch=1 step=1910 total_loss=0.522271 pred_loss=0.332864 pred_uniform=0.330318 rep=0.418404 barlow=1.063894 barlow_diag=-0.0069 barlow_offdiag=0.2207 sigreg_obj=0.987169 memory_barlow=0.000000 target_std=0.9830 pred_std=0.9633 decoded_loss=0.014830 decoded_dynamic=0.023430 presence_loss=0.288785 memory_norm=8.090821
epoch=1 step=1920 total_loss=0.435909 pred_loss=0.281623 pred_uniform=0.280493 rep=0.329578 barlow=1.066108 barlow_diag=-0.0076 barlow_offdiag=0.2198 sigreg_obj=0.692206 memory_barlow=0.000000 target_std=0.9840 pred_std=0.9664 decoded_loss=0.012859 decoded_dynamic=0.020712 presence_loss=0.200549 memory_norm=6.996754
epoch=1 step=1930 total_loss=0.554025 pred_loss=0.351832 pred_uniform=0.348122 rep=0.396802 barlow=1.055512 barlow_diag=-0.0032 barlow_offdiag=0.2178 sigreg_obj=0.871709 memory_barlow=0.000000 target_std=0.9833 pred_std=0.9640 decoded_loss=0.012804 decoded_dynamic=0.020143 presence_loss=0.250853 memory_norm=7.296516
epoch=1 step=1940 total_loss=0.421637 pred_loss=0.270468 pred_uniform=0.269006 rep=0.332028 barlow=1.062351 barlow_diag=-0.0035 barlow_offdiag=0.2240 sigreg_obj=0.762944 memory_barlow=0.000000 target_std=0.9848 pred_std=0.9741 decoded_loss=0.013242 decoded_dynamic=0.021126 presence_loss=0.250162 memory_norm=7.512570
epoch=1 step=1950 total_loss=0.811697 pred_loss=0.520619 pred_uniform=0.516083 rep=0.542836 barlow=1.061956 barlow_diag=-0.0019 barlow_offdiag=0.2245 sigreg_obj=1.012267 memory_barlow=0.000000 target_std=0.9719 pred_std=0.9141 decoded_loss=0.012182 decoded_dynamic=0.018169 presence_loss=0.182046 memory_norm=6.418176
epoch=1 step=1960 total_loss=0.412835 pred_loss=0.261773 pred_uniform=0.259418 rep=0.329487 barlow=1.040390 barlow_diag=0.0059 barlow_offdiag=0.2194 sigreg_obj=0.654821 memory_barlow=0.000000 target_std=0.9858 pred_std=0.9763 decoded_loss=0.012016 decoded_dynamic=0.020082 presence_loss=0.395745 memory_norm=7.103438
epoch=1 step=1970 total_loss=0.530604 pred_loss=0.338397 pred_uniform=0.335415 rep=0.370904 barlow=1.070090 barlow_diag=-0.0104 barlow_offdiag=0.2165 sigreg_obj=0.853902 memory_barlow=0.000000 target_std=0.9834 pred_std=0.9621 decoded_loss=0.012417 decoded_dynamic=0.019206 presence_loss=0.217820 memory_norm=7.992555
epoch=1 step=1980 total_loss=0.581432 pred_loss=0.369960 pred_uniform=0.366026 rep=0.416084 barlow=1.070983 barlow_diag=-0.0114 barlow_offdiag=0.2234 sigreg_obj=0.717008 memory_barlow=0.000000 target_std=0.9784 pred_std=0.9474 decoded_loss=0.011835 decoded_dynamic=0.018219 presence_loss=0.279343 memory_norm=6.913170
epoch=1 step=1990 total_loss=0.529322 pred_loss=0.336052 pred_uniform=0.332517 rep=0.392402 barlow=1.075540 barlow_diag=-0.0119 barlow_offdiag=0.2158 sigreg_obj=0.765375 memory_barlow=0.000000 target_std=0.9790 pred_std=0.9505 decoded_loss=0.012537 decoded_dynamic=0.020800 presence_loss=0.291791 memory_norm=7.178047
saved_recovery_checkpoint epoch=1 step=2000 successful_updates=2000
epoch=1 step=2000 total_loss=0.517224 pred_loss=0.328867 pred_uniform=0.325572 rep=0.371496 barlow=1.071113 barlow_diag=-0.0100 barlow_offdiag=0.2181 sigreg_obj=0.802502 memory_barlow=0.000000 target_std=0.9826 pred_std=0.9605 decoded_loss=0.010040 decoded_dynamic=0.016239 presence_loss=0.237552 memory_norm=7.697995
epoch=1 step=2010 total_loss=0.442002 pred_loss=0.278737 pred_uniform=0.275823 rep=0.343624 barlow=1.055747 barlow_diag=0.0020 barlow_offdiag=0.2262 sigreg_obj=0.813263 memory_barlow=0.000000 target_std=0.9813 pred_std=0.9661 decoded_loss=0.011693 decoded_dynamic=0.019883 presence_loss=0.346133 memory_norm=6.847493
epoch=1 step=2020 total_loss=0.434787 pred_loss=0.277113 pred_uniform=0.275274 rep=0.328954 barlow=1.073816 barlow_diag=-0.0116 barlow_offdiag=0.2232 sigreg_obj=0.775678 memory_barlow=0.000000 target_std=0.9824 pred_std=0.9689 decoded_loss=0.011934 decoded_dynamic=0.018641 presence_loss=0.347165 memory_norm=7.132095
epoch=1 step=2030 total_loss=0.525934 pred_loss=0.333529 pred_uniform=0.330077 rep=0.377779 barlow=1.061650 barlow_diag=-0.0064 barlow_offdiag=0.2137 sigreg_obj=0.747736 memory_barlow=0.000000 target_std=0.9765 pred_std=0.9528 decoded_loss=0.010254 decoded_dynamic=0.018032 presence_loss=0.319239 memory_norm=7.677431
epoch=1 step=2040 total_loss=0.359762 pred_loss=0.230200 pred_uniform=0.228905 rep=0.280278 barlow=1.068167 barlow_diag=-0.0071 barlow_offdiag=0.2185 sigreg_obj=0.643152 memory_barlow=0.000000 target_std=0.9869 pred_std=0.9779 decoded_loss=0.010365 decoded_dynamic=0.018002 presence_loss=0.250580 memory_norm=6.706088
epoch=1 step=2050 total_loss=0.428505 pred_loss=0.272687 pred_uniform=0.270770 rep=0.316176 barlow=1.055377 barlow_diag=-0.0020 barlow_offdiag=0.2244 sigreg_obj=0.838651 memory_barlow=0.000000 target_std=0.9799 pred_std=0.9642 decoded_loss=0.012780 decoded_dynamic=0.021908 presence_loss=0.299032 memory_norm=7.373557
epoch=1 step=2060 total_loss=0.419034 pred_loss=0.266190 pred_uniform=0.263921 rep=0.334739 barlow=1.056284 barlow_diag=-0.0029 barlow_offdiag=0.2152 sigreg_obj=0.664836 memory_barlow=0.000000 target_std=0.9837 pred_std=0.9673 decoded_loss=0.011321 decoded_dynamic=0.018612 presence_loss=0.353173 memory_norm=6.853852
epoch=1 step=2070 total_loss=0.537494 pred_loss=0.345435 pred_uniform=0.342915 rep=0.412481 barlow=1.068299 barlow_diag=-0.0077 barlow_offdiag=0.2259 sigreg_obj=0.623030 memory_barlow=0.000000 target_std=0.9791 pred_std=0.9512 decoded_loss=0.010648 decoded_dynamic=0.016780 presence_loss=0.285860 memory_norm=6.032992
epoch=1 step=2080 total_loss=0.515593 pred_loss=0.330596 pred_uniform=0.328306 rep=0.382266 barlow=1.077808 barlow_diag=-0.0111 barlow_offdiag=0.2243 sigreg_obj=0.721237 memory_barlow=0.000000 target_std=0.9780 pred_std=0.9539 decoded_loss=0.010019 decoded_dynamic=0.013316 presence_loss=0.237378 memory_norm=6.531797
epoch=1 step=2090 total_loss=0.352516 pred_loss=0.226429 pred_uniform=0.225987 rep=0.304856 barlow=1.087986 barlow_diag=-0.0171 barlow_offdiag=0.2213 sigreg_obj=0.800758 memory_barlow=0.000000 target_std=0.9847 pred_std=0.9745 decoded_loss=0.015169 decoded_dynamic=0.021585 presence_loss=0.270558 memory_norm=7.860927
epoch=1 step=2100 total_loss=0.518266 pred_loss=0.330666 pred_uniform=0.327435 rep=0.410302 barlow=1.087880 barlow_diag=-0.0160 barlow_offdiag=0.2252 sigreg_obj=0.597857 memory_barlow=0.000000 target_std=0.9822 pred_std=0.9580 decoded_loss=0.010608 decoded_dynamic=0.015453 presence_loss=0.271965 memory_norm=6.320399
epoch=1 step=2110 total_loss=0.249030 pred_loss=0.157549 pred_uniform=0.157227 rep=0.224168 barlow=1.069479 barlow_diag=-0.0110 barlow_offdiag=0.2088 sigreg_obj=0.770031 memory_barlow=0.000000 target_std=0.9861 pred_std=0.9805 decoded_loss=0.011462 decoded_dynamic=0.019084 presence_loss=0.384169 memory_norm=8.957949
epoch=1 step=2120 total_loss=0.523231 pred_loss=0.338386 pred_uniform=0.336969 rep=0.386558 barlow=1.055146 barlow_diag=-0.0021 barlow_offdiag=0.2171 sigreg_obj=0.732592 memory_barlow=0.000000 target_std=0.9774 pred_std=0.9483 decoded_loss=0.007470 decoded_dynamic=0.011622 presence_loss=0.205320 memory_norm=7.292847
epoch=1 step=2130 total_loss=0.617739 pred_loss=0.397481 pred_uniform=0.394712 rep=0.434941 barlow=1.057012 barlow_diag=-0.0025 barlow_offdiag=0.2209 sigreg_obj=0.761661 memory_barlow=0.000000 target_std=0.9768 pred_std=0.9462 decoded_loss=0.009782 decoded_dynamic=0.013464 presence_loss=0.200311 memory_norm=6.525929
epoch=1 step=2140 total_loss=0.464847 pred_loss=0.301066 pred_uniform=0.299978 rep=0.362207 barlow=1.062211 barlow_diag=-0.0040 barlow_offdiag=0.2227 sigreg_obj=0.602359 memory_barlow=0.000000 target_std=0.9829 pred_std=0.9665 decoded_loss=0.010216 decoded_dynamic=0.014799 presence_loss=0.237694 memory_norm=6.632317
epoch=1 step=2150 total_loss=0.220677 pred_loss=0.137196 pred_uniform=0.136576 rep=0.231872 barlow=1.088248 barlow_diag=-0.0158 barlow_offdiag=0.2248 sigreg_obj=0.811112 memory_barlow=0.000000 target_std=0.9810 pred_std=0.9768 decoded_loss=0.012259 decoded_dynamic=0.020747 presence_loss=0.376887 memory_norm=7.810299
epoch=1 step=2160 total_loss=0.527105 pred_loss=0.336313 pred_uniform=0.333294 rep=0.375487 barlow=1.063592 barlow_diag=-0.0056 barlow_offdiag=0.2232 sigreg_obj=0.800928 memory_barlow=0.000000 target_std=0.9780 pred_std=0.9528 decoded_loss=0.008410 decoded_dynamic=0.012955 presence_loss=0.241784 memory_norm=7.718391
epoch=1 step=2170 total_loss=0.500351 pred_loss=0.319420 pred_uniform=0.316527 rep=0.378082 barlow=1.074248 barlow_diag=-0.0103 barlow_offdiag=0.2189 sigreg_obj=0.647014 memory_barlow=0.000000 target_std=0.9846 pred_std=0.9696 decoded_loss=0.010583 decoded_dynamic=0.016946 presence_loss=0.234518 memory_norm=7.246089
epoch=1 step=2180 total_loss=0.379983 pred_loss=0.244795 pred_uniform=0.243852 rep=0.322428 barlow=1.078197 barlow_diag=-0.0148 barlow_offdiag=0.2141 sigreg_obj=0.644951 memory_barlow=0.000000 target_std=0.9839 pred_std=0.9703 decoded_loss=0.008761 decoded_dynamic=0.014464 presence_loss=0.238501 memory_norm=7.583735
epoch=1 step=2190 total_loss=0.390651 pred_loss=0.250567 pred_uniform=0.249881 rep=0.319316 barlow=1.045658 barlow_diag=0.0022 barlow_offdiag=0.2131 sigreg_obj=0.980046 memory_barlow=0.000000 target_std=0.9838 pred_std=0.9713 decoded_loss=0.009731 decoded_dynamic=0.016531 presence_loss=0.211507 memory_norm=8.904911
epoch=1 step=2200 total_loss=0.615035 pred_loss=0.389272 pred_uniform=0.383991 rep=0.451178 barlow=1.068903 barlow_diag=-0.0091 barlow_offdiag=0.2095 sigreg_obj=0.678933 memory_barlow=0.000000 target_std=0.9803 pred_std=0.9489 decoded_loss=0.008852 decoded_dynamic=0.013866 presence_loss=0.244449 memory_norm=6.295490
epoch=1 step=2210 total_loss=0.294816 pred_loss=0.185322 pred_uniform=0.184072 rep=0.262295 barlow=1.061831 barlow_diag=-0.0070 barlow_offdiag=0.2106 sigreg_obj=0.739106 memory_barlow=0.000000 target_std=0.9868 pred_std=0.9801 decoded_loss=0.009682 decoded_dynamic=0.016648 presence_loss=0.403317 memory_norm=7.190074
epoch=1 step=2220 total_loss=0.390071 pred_loss=0.251529 pred_uniform=0.250466 rep=0.310408 barlow=1.071279 barlow_diag=-0.0123 barlow_offdiag=0.2134 sigreg_obj=0.568269 memory_barlow=0.000000 target_std=0.9853 pred_std=0.9715 decoded_loss=0.008730 decoded_dynamic=0.014995 presence_loss=0.264120 memory_norm=6.600372
epoch=1 step=2230 total_loss=0.468515 pred_loss=0.295954 pred_uniform=0.292357 rep=0.359430 barlow=1.057684 barlow_diag=-0.0039 barlow_offdiag=0.2162 sigreg_obj=0.615617 memory_barlow=0.000000 target_std=0.9832 pred_std=0.9663 decoded_loss=0.008025 decoded_dynamic=0.012809 presence_loss=0.364920 memory_norm=6.374084
epoch=1 step=2240 total_loss=0.365024 pred_loss=0.231465 pred_uniform=0.230013 rep=0.310707 barlow=1.063823 barlow_diag=-0.0080 barlow_offdiag=0.2119 sigreg_obj=0.726391 memory_barlow=0.000000 target_std=0.9852 pred_std=0.9778 decoded_loss=0.012678 decoded_dynamic=0.019733 presence_loss=0.413996 memory_norm=7.846601
saved_recovery_checkpoint epoch=1 step=2250 successful_updates=2250
epoch=1 step=2250 total_loss=0.392361 pred_loss=0.250855 pred_uniform=0.249463 rep=0.321992 barlow=1.057461 barlow_diag=-0.0045 barlow_offdiag=0.2113 sigreg_obj=0.731349 memory_barlow=0.000000 target_std=0.9809 pred_std=0.9661 decoded_loss=0.010488 decoded_dynamic=0.017099 presence_loss=0.275753 memory_norm=7.379250
epoch=1 step=2260 total_loss=0.475138 pred_loss=0.304860 pred_uniform=0.302566 rep=0.376063 barlow=1.060299 barlow_diag=-0.0043 barlow_offdiag=0.2261 sigreg_obj=0.632412 memory_barlow=0.000000 target_std=0.9858 pred_std=0.9649 decoded_loss=0.008469 decoded_dynamic=0.013272 presence_loss=0.219486 memory_norm=5.789364
epoch=1 step=2270 total_loss=0.618055 pred_loss=0.392714 pred_uniform=0.387786 rep=0.447852 barlow=1.058616 barlow_diag=-0.0038 barlow_offdiag=0.2125 sigreg_obj=0.696464 memory_barlow=0.000000 target_std=0.9830 pred_std=0.9564 decoded_loss=0.007176 decoded_dynamic=0.011002 presence_loss=0.147018 memory_norm=6.620294
epoch=1 step=2280 total_loss=0.436237 pred_loss=0.278531 pred_uniform=0.276080 rep=0.337474 barlow=1.080408 barlow_diag=-0.0143 barlow_offdiag=0.2219 sigreg_obj=0.635497 memory_barlow=0.000000 target_std=0.9816 pred_std=0.9705 decoded_loss=0.008234 decoded_dynamic=0.013661 presence_loss=0.190142 memory_norm=6.785575
epoch=1 step=2290 total_loss=0.645907 pred_loss=0.417875 pred_uniform=0.415308 rep=0.454225 barlow=1.063232 barlow_diag=-0.0058 barlow_offdiag=0.2219 sigreg_obj=0.666963 memory_barlow=0.000000 target_std=0.9758 pred_std=0.9420 decoded_loss=0.007501 decoded_dynamic=0.011912 presence_loss=0.165590 memory_norm=6.140818
epoch=1 step=2300 total_loss=0.362496 pred_loss=0.235289 pred_uniform=0.234792 rep=0.288979 barlow=1.042323 barlow_diag=0.0015 barlow_offdiag=0.2090 sigreg_obj=0.566601 memory_barlow=0.000000 target_std=0.9836 pred_std=0.9727 decoded_loss=0.010077 decoded_dynamic=0.013135 presence_loss=0.221234 memory_norm=7.339831
epoch=1 step=2310 total_loss=0.605445 pred_loss=0.385264 pred_uniform=0.380892 rep=0.446024 barlow=1.056133 barlow_diag=-0.0035 barlow_offdiag=0.2130 sigreg_obj=0.712571 memory_barlow=0.000000 target_std=0.9704 pred_std=0.9392 decoded_loss=0.008095 decoded_dynamic=0.012781 presence_loss=0.197600 memory_norm=6.798191
epoch=1 step=2320 total_loss=0.538671 pred_loss=0.345872 pred_uniform=0.343317 rep=0.413708 barlow=1.076500 barlow_diag=-0.0137 barlow_offdiag=0.2129 sigreg_obj=0.582504 memory_barlow=0.000000 target_std=0.9800 pred_std=0.9575 decoded_loss=0.008381 decoded_dynamic=0.012774 presence_loss=0.317482 memory_norm=7.304344
epoch=1 step=2330 total_loss=0.302963 pred_loss=0.195955 pred_uniform=0.196360 rep=0.259979 barlow=1.066975 barlow_diag=-0.0122 barlow_offdiag=0.2042 sigreg_obj=0.755929 memory_barlow=0.000000 target_std=0.9837 pred_std=0.9744 decoded_loss=0.009835 decoded_dynamic=0.016128 presence_loss=0.314770 memory_norm=9.172175
epoch=1 step=2340 total_loss=0.390792 pred_loss=0.248930 pred_uniform=0.247031 rep=0.311672 barlow=1.065542 barlow_diag=-0.0096 barlow_offdiag=0.2103 sigreg_obj=0.645424 memory_barlow=0.000000 target_std=0.9821 pred_std=0.9725 decoded_loss=0.008858 decoded_dynamic=0.013471 presence_loss=0.302649 memory_norm=7.743665
epoch=1 step=2350 total_loss=0.507646 pred_loss=0.323123 pred_uniform=0.319500 rep=0.380661 barlow=1.032212 barlow_diag=0.0081 barlow_offdiag=0.2126 sigreg_obj=0.609920 memory_barlow=0.000000 target_std=0.9756 pred_std=0.9558 decoded_loss=0.007392 decoded_dynamic=0.011329 presence_loss=0.185912 memory_norm=6.533509
epoch=1 step=2360 total_loss=0.424117 pred_loss=0.273568 pred_uniform=0.272270 rep=0.346200 barlow=1.050177 barlow_diag=-0.0026 barlow_offdiag=0.2063 sigreg_obj=0.625134 memory_barlow=0.000000 target_std=0.9836 pred_std=0.9680 decoded_loss=0.007419 decoded_dynamic=0.011691 presence_loss=0.222835 memory_norm=7.623324
epoch=1 step=2370 total_loss=0.408599 pred_loss=0.262570 pred_uniform=0.260998 rep=0.311171 barlow=1.062825 barlow_diag=-0.0093 barlow_offdiag=0.2051 sigreg_obj=0.599833 memory_barlow=0.000000 target_std=0.9830 pred_std=0.9706 decoded_loss=0.007293 decoded_dynamic=0.011497 presence_loss=0.239994 memory_norm=7.097812
epoch=1 step=2380 total_loss=0.371414 pred_loss=0.233927 pred_uniform=0.231232 rep=0.295414 barlow=1.060485 barlow_diag=-0.0086 barlow_offdiag=0.2045 sigreg_obj=0.563527 memory_barlow=0.000000 target_std=0.9854 pred_std=0.9755 decoded_loss=0.007082 decoded_dynamic=0.011678 presence_loss=0.331351 memory_norm=8.015520
epoch=1 step=2390 total_loss=0.344601 pred_loss=0.221287 pred_uniform=0.220363 rep=0.280196 barlow=1.038330 barlow_diag=0.0030 barlow_offdiag=0.2101 sigreg_obj=0.544339 memory_barlow=0.000000 target_std=0.9809 pred_std=0.9684 decoded_loss=0.010399 decoded_dynamic=0.015601 presence_loss=0.329137 memory_norm=6.893486
epoch=1 step=2400 total_loss=0.460060 pred_loss=0.296488 pred_uniform=0.294572 rep=0.355142 barlow=1.070480 barlow_diag=-0.0139 barlow_offdiag=0.2125 sigreg_obj=0.575529 memory_barlow=0.000000 target_std=0.9781 pred_std=0.9598 decoded_loss=0.008443 decoded_dynamic=0.012163 presence_loss=0.162748 memory_norm=6.751869
epoch=1 step=2410 total_loss=0.193445 pred_loss=0.123824 pred_uniform=0.124669 rep=0.190943 barlow=1.081374 barlow_diag=-0.0180 barlow_offdiag=0.2065 sigreg_obj=0.982355 memory_barlow=0.000000 target_std=0.9858 pred_std=0.9843 decoded_loss=0.008043 decoded_dynamic=0.013808 presence_loss=0.173681 memory_norm=9.641717
epoch=1 step=2420 total_loss=0.466628 pred_loss=0.300844 pred_uniform=0.298789 rep=0.352276 barlow=1.064557 barlow_diag=-0.0097 barlow_offdiag=0.2112 sigreg_obj=0.539031 memory_barlow=0.000000 target_std=0.9843 pred_std=0.9703 decoded_loss=0.007821 decoded_dynamic=0.011823 presence_loss=0.135091 memory_norm=6.987155
epoch=1 step=2430 total_loss=0.555761 pred_loss=0.353585 pred_uniform=0.349736 rep=0.409614 barlow=1.061563 barlow_diag=-0.0089 barlow_offdiag=0.2087 sigreg_obj=0.721681 memory_barlow=0.000000 target_std=0.9798 pred_std=0.9536 decoded_loss=0.008019 decoded_dynamic=0.012788 presence_loss=0.224778 memory_norm=7.100422
epoch=1 step=2440 total_loss=0.168129 pred_loss=0.108098 pred_uniform=0.108846 rep=0.172123 barlow=1.058991 barlow_diag=-0.0071 barlow_offdiag=0.2101 sigreg_obj=0.699699 memory_barlow=0.000000 target_std=0.9848 pred_std=0.9810 decoded_loss=0.008043 decoded_dynamic=0.013110 presence_loss=0.234445 memory_norm=7.263750
epoch=1 step=2450 total_loss=0.262516 pred_loss=0.164768 pred_uniform=0.163376 rep=0.232396 barlow=1.064729 barlow_diag=-0.0104 barlow_offdiag=0.2025 sigreg_obj=0.583237 memory_barlow=0.000000 target_std=0.9864 pred_std=0.9811 decoded_loss=0.010565 decoded_dynamic=0.017083 presence_loss=0.388355 memory_norm=7.963469
epoch=1 step=2460 total_loss=0.391922 pred_loss=0.251667 pred_uniform=0.249917 rep=0.321391 barlow=1.042463 barlow_diag=-0.0010 barlow_offdiag=0.2026 sigreg_obj=0.480564 memory_barlow=0.000000 target_std=0.9810 pred_std=0.9690 decoded_loss=0.007700 decoded_dynamic=0.011939 presence_loss=0.254246 memory_norm=7.677637
epoch=1 step=2470 total_loss=0.383020 pred_loss=0.250097 pred_uniform=0.249982 rep=0.312527 barlow=1.046754 barlow_diag=-0.0027 barlow_offdiag=0.2014 sigreg_obj=0.572100 memory_barlow=0.000000 target_std=0.9811 pred_std=0.9689 decoded_loss=0.009636 decoded_dynamic=0.015586 presence_loss=0.196766 memory_norm=7.865807
epoch=1 step=2480 total_loss=0.381168 pred_loss=0.241886 pred_uniform=0.239428 rep=0.298890 barlow=1.056693 barlow_diag=-0.0070 barlow_offdiag=0.2004 sigreg_obj=0.610709 memory_barlow=0.000000 target_std=0.9848 pred_std=0.9745 decoded_loss=0.007400 decoded_dynamic=0.012400 presence_loss=0.175266 memory_norm=6.827909
epoch=1 step=2490 total_loss=0.409724 pred_loss=0.263213 pred_uniform=0.261566 rep=0.316906 barlow=1.046958 barlow_diag=0.0010 barlow_offdiag=0.2126 sigreg_obj=0.573766 memory_barlow=0.000000 target_std=0.9803 pred_std=0.9687 decoded_loss=0.007452 decoded_dynamic=0.011488 presence_loss=0.210131 memory_norm=6.787599
saved_recovery_checkpoint epoch=1 step=2500 successful_updates=2500
epoch=1 step=2500 total_loss=0.645363 pred_loss=0.411894 pred_uniform=0.407133 rep=0.486376 barlow=1.044724 barlow_diag=0.0045 barlow_offdiag=0.2203 sigreg_obj=0.645251 memory_barlow=0.000000 target_std=0.9819 pred_std=0.9473 decoded_loss=0.005461 decoded_dynamic=0.008163 presence_loss=0.122358 memory_norm=5.581139
epoch=1 step=2510 total_loss=0.419196 pred_loss=0.266712 pred_uniform=0.264668 rep=0.343334 barlow=1.062552 barlow_diag=-0.0099 barlow_offdiag=0.2021 sigreg_obj=0.731921 memory_barlow=0.000000 target_std=0.9792 pred_std=0.9664 decoded_loss=0.007102 decoded_dynamic=0.011657 presence_loss=0.297844 memory_norm=8.196932
epoch=1 step=2520 total_loss=0.485271 pred_loss=0.316069 pred_uniform=0.315349 rep=0.379057 barlow=1.053919 barlow_diag=-0.0027 barlow_offdiag=0.2092 sigreg_obj=0.677026 memory_barlow=0.000000 target_std=0.9766 pred_std=0.9567 decoded_loss=0.005663 decoded_dynamic=0.009102 presence_loss=0.140579 memory_norm=7.303841
epoch=1 step=2530 total_loss=0.497619 pred_loss=0.321780 pred_uniform=0.320228 rep=0.386643 barlow=1.065328 barlow_diag=-0.0101 barlow_offdiag=0.2069 sigreg_obj=0.613489 memory_barlow=0.000000 target_std=0.9770 pred_std=0.9628 decoded_loss=0.008451 decoded_dynamic=0.012417 presence_loss=0.225999 memory_norm=7.160646
epoch=1 step=2540 total_loss=0.369076 pred_loss=0.234055 pred_uniform=0.231721 rep=0.295602 barlow=1.065687 barlow_diag=-0.0110 barlow_offdiag=0.2023 sigreg_obj=0.579625 memory_barlow=0.000000 target_std=0.9834 pred_std=0.9732 decoded_loss=0.006181 decoded_dynamic=0.010335 presence_loss=0.250875 memory_norm=7.588462
epoch=1 step=2550 total_loss=0.401311 pred_loss=0.256042 pred_uniform=0.253743 rep=0.312421 barlow=1.047917 barlow_diag=-0.0044 barlow_offdiag=0.1908 sigreg_obj=0.568232 memory_barlow=0.000000 target_std=0.9847 pred_std=0.9779 decoded_loss=0.008537 decoded_dynamic=0.013696 presence_loss=0.196793 memory_norm=7.911554
epoch=1 step=2560 total_loss=0.527795 pred_loss=0.340752 pred_uniform=0.338382 rep=0.394302 barlow=1.063261 barlow_diag=-0.0094 barlow_offdiag=0.2078 sigreg_obj=0.476696 memory_barlow=0.000000 target_std=0.9791 pred_std=0.9594 decoded_loss=0.006604 decoded_dynamic=0.009867 presence_loss=0.185736 memory_norm=6.081419
epoch=1 step=2570 total_loss=0.531602 pred_loss=0.341461 pred_uniform=0.338604 rep=0.385705 barlow=1.048257 barlow_diag=-0.0052 barlow_offdiag=0.1986 sigreg_obj=0.594983 memory_barlow=0.000000 target_std=0.9811 pred_std=0.9602 decoded_loss=0.006109 decoded_dynamic=0.010405 presence_loss=0.149506 memory_norm=7.376045
epoch=1 step=2580 total_loss=0.403823 pred_loss=0.258411 pred_uniform=0.256481 rep=0.321914 barlow=1.070605 barlow_diag=-0.0143 barlow_offdiag=0.2026 sigreg_obj=0.613491 memory_barlow=0.000000 target_std=0.9792 pred_std=0.9685 decoded_loss=0.007438 decoded_dynamic=0.011296 presence_loss=0.214665 memory_norm=7.519909
epoch=1 step=2590 total_loss=0.351431 pred_loss=0.226480 pred_uniform=0.225551 rep=0.289229 barlow=1.036679 barlow_diag=0.0037 barlow_offdiag=0.1991 sigreg_obj=0.592500 memory_barlow=0.000000 target_std=0.9865 pred_std=0.9807 decoded_loss=0.007427 decoded_dynamic=0.012152 presence_loss=0.182213 memory_norm=7.302601
epoch=1 step=2600 total_loss=0.373070 pred_loss=0.240831 pred_uniform=0.239830 rep=0.300057 barlow=1.056020 barlow_diag=-0.0086 barlow_offdiag=0.1956 sigreg_obj=0.595412 memory_barlow=0.000000 target_std=0.9842 pred_std=0.9712 decoded_loss=0.008581 decoded_dynamic=0.013817 presence_loss=0.206555 memory_norm=8.307203
epoch=1 step=2610 total_loss=0.477990 pred_loss=0.308693 pred_uniform=0.307504 rep=0.361952 barlow=1.039518 barlow_diag=-0.0007 barlow_offdiag=0.2020 sigreg_obj=0.769265 memory_barlow=0.000000 target_std=0.9771 pred_std=0.9525 decoded_loss=0.007586 decoded_dynamic=0.012153 presence_loss=0.240795 memory_norm=8.499260
epoch=1 step=2620 total_loss=0.574166 pred_loss=0.370689 pred_uniform=0.368182 rep=0.426811 barlow=1.037352 barlow_diag=0.0018 barlow_offdiag=0.1999 sigreg_obj=0.604450 memory_barlow=0.000000 target_std=0.9718 pred_std=0.9460 decoded_loss=0.005605 decoded_dynamic=0.009263 presence_loss=0.195661 memory_norm=6.766492
epoch=1 step=2630 total_loss=0.521124 pred_loss=0.335787 pred_uniform=0.333438 rep=0.413401 barlow=1.070529 barlow_diag=-0.0153 barlow_offdiag=0.2041 sigreg_obj=0.571176 memory_barlow=0.000000 target_std=0.9747 pred_std=0.9526 decoded_loss=0.008224 decoded_dynamic=0.011553 presence_loss=0.212585 memory_norm=6.935747
epoch=1 step=2640 total_loss=0.442396 pred_loss=0.283872 pred_uniform=0.281424 rep=0.371322 barlow=1.076383 barlow_diag=-0.0167 barlow_offdiag=0.2069 sigreg_obj=0.471387 memory_barlow=0.000000 target_std=0.9754 pred_std=0.9589 decoded_loss=0.005585 decoded_dynamic=0.009126 presence_loss=0.185978 memory_norm=6.939786
epoch=1 step=2650 total_loss=0.385157 pred_loss=0.248724 pred_uniform=0.247461 rep=0.326124 barlow=1.051657 barlow_diag=-0.0069 barlow_offdiag=0.1966 sigreg_obj=0.526655 memory_barlow=0.000000 target_std=0.9870 pred_std=0.9781 decoded_loss=0.008580 decoded_dynamic=0.012710 presence_loss=0.208364 memory_norm=7.534413
epoch=1 step=2660 total_loss=0.497678 pred_loss=0.318259 pred_uniform=0.315304 rep=0.375714 barlow=1.059564 barlow_diag=-0.0084 barlow_offdiag=0.1979 sigreg_obj=0.567863 memory_barlow=0.000000 target_std=0.9809 pred_std=0.9611 decoded_loss=0.006313 decoded_dynamic=0.010648 presence_loss=0.261268 memory_norm=7.819222
epoch=1 step=2670 total_loss=0.597336 pred_loss=0.386665 pred_uniform=0.384336 rep=0.435274 barlow=1.049072 barlow_diag=-0.0031 barlow_offdiag=0.1984 sigreg_obj=0.591544 memory_barlow=0.000000 target_std=0.9745 pred_std=0.9472 decoded_loss=0.006735 decoded_dynamic=0.010124 presence_loss=0.180269 memory_norm=6.721940
epoch=1 step=2680 total_loss=0.372649 pred_loss=0.240990 pred_uniform=0.239995 rep=0.307250 barlow=1.073364 barlow_diag=-0.0141 barlow_offdiag=0.1996 sigreg_obj=0.527695 memory_barlow=0.000000 target_std=0.9818 pred_std=0.9725 decoded_loss=0.006374 decoded_dynamic=0.010880 presence_loss=0.206501 memory_norm=7.403872
epoch=1 step=2690 total_loss=0.363615 pred_loss=0.233930 pred_uniform=0.232463 rep=0.299263 barlow=1.050600 barlow_diag=-0.0050 barlow_offdiag=0.1990 sigreg_obj=0.521394 memory_barlow=0.000000 target_std=0.9866 pred_std=0.9794 decoded_loss=0.006294 decoded_dynamic=0.010656 presence_loss=0.168080 memory_norm=7.274383
epoch=1 step=2700 total_loss=0.501278 pred_loss=0.319883 pred_uniform=0.316618 rep=0.384992 barlow=1.047661 barlow_diag=-0.0039 barlow_offdiag=0.1981 sigreg_obj=0.558435 memory_barlow=0.000000 target_std=0.9809 pred_std=0.9634 decoded_loss=0.006029 decoded_dynamic=0.009326 presence_loss=0.220319 memory_norm=7.760707
epoch=1 step=2710 total_loss=0.474763 pred_loss=0.304398 pred_uniform=0.301543 rep=0.365896 barlow=1.055386 barlow_diag=-0.0080 barlow_offdiag=0.1994 sigreg_obj=0.508246 memory_barlow=0.000000 target_std=0.9826 pred_std=0.9694 decoded_loss=0.006007 decoded_dynamic=0.009674 presence_loss=0.172814 memory_norm=7.071265
epoch=1 step=2720 total_loss=0.391998 pred_loss=0.253352 pred_uniform=0.252335 rep=0.321292 barlow=1.035477 barlow_diag=0.0008 barlow_offdiag=0.1995 sigreg_obj=0.638478 memory_barlow=0.000000 target_std=0.9794 pred_std=0.9695 decoded_loss=0.006510 decoded_dynamic=0.010524 presence_loss=0.181922 memory_norm=8.000648
epoch=1 step=2730 total_loss=0.372682 pred_loss=0.238358 pred_uniform=0.236394 rep=0.303304 barlow=1.032408 barlow_diag=0.0032 barlow_offdiag=0.1924 sigreg_obj=0.515474 memory_barlow=0.000000 target_std=0.9852 pred_std=0.9748 decoded_loss=0.006989 decoded_dynamic=0.011324 presence_loss=0.175434 memory_norm=7.963544
epoch=1 step=2740 total_loss=0.475522 pred_loss=0.303666 pred_uniform=0.300623 rep=0.359563 barlow=1.073185 barlow_diag=-0.0158 barlow_offdiag=0.2016 sigreg_obj=0.632968 memory_barlow=0.000000 target_std=0.9798 pred_std=0.9590 decoded_loss=0.006807 decoded_dynamic=0.009762 presence_loss=0.126047 memory_norm=6.725833
saved_recovery_checkpoint epoch=1 step=2750 successful_updates=2750
epoch=1 step=2750 total_loss=0.488923 pred_loss=0.318114 pred_uniform=0.316930 rep=0.382863 barlow=1.045784 barlow_diag=-0.0037 barlow_offdiag=0.1940 sigreg_obj=0.570613 memory_barlow=0.000000 target_std=0.9846 pred_std=0.9682 decoded_loss=0.006925 decoded_dynamic=0.010544 presence_loss=0.145303 memory_norm=7.917077
epoch=1 step=2760 total_loss=0.417400 pred_loss=0.270780 pred_uniform=0.269966 rep=0.336970 barlow=1.050255 barlow_diag=-0.0061 barlow_offdiag=0.1914 sigreg_obj=0.662475 memory_barlow=0.000000 target_std=0.9864 pred_std=0.9751 decoded_loss=0.006168 decoded_dynamic=0.010219 presence_loss=0.146395 memory_norm=8.300216
epoch=1 step=2770 total_loss=0.563034 pred_loss=0.364328 pred_uniform=0.362271 rep=0.438978 barlow=1.060641 barlow_diag=-0.0101 barlow_offdiag=0.1996 sigreg_obj=0.585439 memory_barlow=0.000000 target_std=0.9774 pred_std=0.9582 decoded_loss=0.006438 decoded_dynamic=0.009897 presence_loss=0.229184 memory_norm=7.043983
epoch=1 step=2780 total_loss=0.466527 pred_loss=0.296041 pred_uniform=0.291950 rep=0.357685 barlow=1.046076 barlow_diag=-0.0035 barlow_offdiag=0.1956 sigreg_obj=0.439268 memory_barlow=0.000000 target_std=0.9865 pred_std=0.9729 decoded_loss=0.005547 decoded_dynamic=0.008930 presence_loss=0.158784 memory_norm=6.199696
epoch=1 step=2790 total_loss=0.577987 pred_loss=0.370119 pred_uniform=0.366361 rep=0.431922 barlow=1.047092 barlow_diag=-0.0047 barlow_offdiag=0.1931 sigreg_obj=0.541894 memory_barlow=0.000000 target_std=0.9806 pred_std=0.9581 decoded_loss=0.006655 decoded_dynamic=0.009909 presence_loss=0.161196 memory_norm=6.412189
epoch=1 step=2800 total_loss=0.481237 pred_loss=0.312024 pred_uniform=0.310539 rep=0.374690 barlow=1.047064 barlow_diag=-0.0044 barlow_offdiag=0.1895 sigreg_obj=0.514381 memory_barlow=0.000000 target_std=0.9844 pred_std=0.9699 decoded_loss=0.008714 decoded_dynamic=0.013427 presence_loss=0.196191 memory_norm=8.085042
epoch=1 step=2810 total_loss=0.235076 pred_loss=0.156112 pred_uniform=0.157574 rep=0.228255 barlow=1.060612 barlow_diag=-0.0126 barlow_offdiag=0.1868 sigreg_obj=0.486090 memory_barlow=0.000000 target_std=0.9874 pred_std=0.9824 decoded_loss=0.007833 decoded_dynamic=0.012701 presence_loss=0.262157 memory_norm=8.271602
epoch=1 step=2820 total_loss=0.669259 pred_loss=0.427251 pred_uniform=0.422613 rep=0.491791 barlow=1.025517 barlow_diag=0.0116 barlow_offdiag=0.2108 sigreg_obj=0.750598 memory_barlow=0.000000 target_std=0.9754 pred_std=0.9424 decoded_loss=0.006072 decoded_dynamic=0.009329 presence_loss=0.148087 memory_norm=7.497922
epoch=1 step=2830 total_loss=0.465817 pred_loss=0.297457 pred_uniform=0.294461 rep=0.374615 barlow=1.022637 barlow_diag=0.0094 barlow_offdiag=0.2005 sigreg_obj=0.558096 memory_barlow=0.000000 target_std=0.9854 pred_std=0.9723 decoded_loss=0.005719 decoded_dynamic=0.009257 presence_loss=0.209908 memory_norm=7.363379
epoch=1 step=2840 total_loss=0.417380 pred_loss=0.267835 pred_uniform=0.265609 rep=0.326556 barlow=1.039705 barlow_diag=-0.0026 barlow_offdiag=0.1892 sigreg_obj=0.438242 memory_barlow=0.000000 target_std=0.9893 pred_std=0.9806 decoded_loss=0.006136 decoded_dynamic=0.010213 presence_loss=0.197957 memory_norm=7.134173
epoch=1 step=2850 total_loss=0.411024 pred_loss=0.268963 pred_uniform=0.269018 rep=0.339158 barlow=1.044213 barlow_diag=-0.0014 barlow_offdiag=0.1953 sigreg_obj=0.567356 memory_barlow=0.000000 target_std=0.9821 pred_std=0.9702 decoded_loss=0.007707 decoded_dynamic=0.011412 presence_loss=0.215736 memory_norm=7.253053
epoch=1 step=2860 total_loss=0.405215 pred_loss=0.262506 pred_uniform=0.261652 rep=0.321324 barlow=1.027468 barlow_diag=0.0034 barlow_offdiag=0.1879 sigreg_obj=0.510152 memory_barlow=0.000000 target_std=0.9847 pred_std=0.9752 decoded_loss=0.008036 decoded_dynamic=0.011541 presence_loss=0.267861 memory_norm=8.120658
epoch=1 step=2870 total_loss=0.576839 pred_loss=0.369828 pred_uniform=0.366036 rep=0.446192 barlow=1.064200 barlow_diag=-0.0114 barlow_offdiag=0.1966 sigreg_obj=0.557076 memory_barlow=0.000000 target_std=0.9821 pred_std=0.9571 decoded_loss=0.005547 decoded_dynamic=0.009215 presence_loss=0.156189 memory_norm=6.788402
epoch=1 step=2880 total_loss=0.548352 pred_loss=0.360535 pred_uniform=0.360462 rep=0.427414 barlow=1.042329 barlow_diag=-0.0027 barlow_offdiag=0.1921 sigreg_obj=0.577417 memory_barlow=0.000000 target_std=0.9722 pred_std=0.9441 decoded_loss=0.005506 decoded_dynamic=0.008847 presence_loss=0.159542 memory_norm=8.077805
epoch=1 step=2890 total_loss=0.478829 pred_loss=0.308045 pred_uniform=0.305580 rep=0.374096 barlow=1.036000 barlow_diag=0.0032 barlow_offdiag=0.2029 sigreg_obj=0.473644 memory_barlow=0.000000 target_std=0.9797 pred_std=0.9668 decoded_loss=0.005814 decoded_dynamic=0.008913 presence_loss=0.192672 memory_norm=6.223010
epoch=1 step=2900 total_loss=0.450176 pred_loss=0.288666 pred_uniform=0.286139 rep=0.355686 barlow=1.030909 barlow_diag=0.0040 barlow_offdiag=0.1928 sigreg_obj=0.558537 memory_barlow=0.000000 target_std=0.9804 pred_std=0.9641 decoded_loss=0.006143 decoded_dynamic=0.009071 presence_loss=0.151153 memory_norm=7.567029
epoch=1 step=2910 total_loss=0.463575 pred_loss=0.302650 pred_uniform=0.301947 rep=0.373192 barlow=1.031484 barlow_diag=0.0041 barlow_offdiag=0.1953 sigreg_obj=0.565352 memory_barlow=0.000000 target_std=0.9834 pred_std=0.9709 decoded_loss=0.005986 decoded_dynamic=0.009621 presence_loss=0.166880 memory_norm=8.699146
epoch=1 step=2920 total_loss=0.439303 pred_loss=0.286647 pred_uniform=0.286036 rep=0.359094 barlow=1.027673 barlow_diag=0.0052 barlow_offdiag=0.1971 sigreg_obj=0.537972 memory_barlow=0.000000 target_std=0.9762 pred_std=0.9593 decoded_loss=0.006370 decoded_dynamic=0.009120 presence_loss=0.165135 memory_norm=7.697759
epoch=1 step=2930 total_loss=0.487528 pred_loss=0.314344 pred_uniform=0.312023 rep=0.379444 barlow=1.030426 barlow_diag=0.0024 barlow_offdiag=0.1873 sigreg_obj=0.463551 memory_barlow=0.000000 target_std=0.9826 pred_std=0.9681 decoded_loss=0.006428 decoded_dynamic=0.010587 presence_loss=0.184694 memory_norm=6.700498
epoch=1 step=2940 total_loss=0.469926 pred_loss=0.307329 pred_uniform=0.307040 rep=0.382820 barlow=1.044653 barlow_diag=-0.0037 barlow_offdiag=0.2015 sigreg_obj=0.575152 memory_barlow=0.000000 target_std=0.9759 pred_std=0.9570 decoded_loss=0.006507 decoded_dynamic=0.009670 presence_loss=0.203922 memory_norm=7.903364
epoch=1 step=2950 total_loss=0.408732 pred_loss=0.261589 pred_uniform=0.259013 rep=0.329454 barlow=1.047745 barlow_diag=-0.0036 barlow_offdiag=0.1952 sigreg_obj=0.460947 memory_barlow=0.000000 target_std=0.9862 pred_std=0.9759 decoded_loss=0.005392 decoded_dynamic=0.008736 presence_loss=0.171478 memory_norm=6.787401
epoch=1 step=2960 total_loss=0.533853 pred_loss=0.343447 pred_uniform=0.340723 rep=0.407549 barlow=1.013617 barlow_diag=0.0163 barlow_offdiag=0.2066 sigreg_obj=0.605207 memory_barlow=0.000000 target_std=0.9848 pred_std=0.9649 decoded_loss=0.004948 decoded_dynamic=0.008134 presence_loss=0.134048 memory_norm=6.845359
epoch=1 step=2970 total_loss=0.483023 pred_loss=0.318095 pred_uniform=0.318157 rep=0.391052 barlow=1.048304 barlow_diag=-0.0020 barlow_offdiag=0.1977 sigreg_obj=0.502655 memory_barlow=0.000000 target_std=0.9738 pred_std=0.9513 decoded_loss=0.005705 decoded_dynamic=0.007788 presence_loss=0.152469 memory_norm=7.291288
epoch=1 step=2980 total_loss=0.422888 pred_loss=0.272621 pred_uniform=0.270940 rep=0.354932 barlow=1.014271 barlow_diag=0.0115 barlow_offdiag=0.1912 sigreg_obj=0.551692 memory_barlow=0.000000 target_std=0.9823 pred_std=0.9695 decoded_loss=0.007167 decoded_dynamic=0.011748 presence_loss=0.214440 memory_norm=6.947105
epoch=1 step=2990 total_loss=0.416781 pred_loss=0.270945 pred_uniform=0.270246 rep=0.343901 barlow=1.025959 barlow_diag=0.0055 barlow_offdiag=0.1898 sigreg_obj=0.571088 memory_barlow=0.000000 target_std=0.9778 pred_std=0.9619 decoded_loss=0.006986 decoded_dynamic=0.010662 presence_loss=0.246828 memory_norm=7.632561
saved_recovery_checkpoint epoch=1 step=3000 successful_updates=3000
epoch=1 step=3000 total_loss=0.508575 pred_loss=0.326795 pred_uniform=0.324095 rep=0.387861 barlow=1.043683 barlow_diag=-0.0019 barlow_offdiag=0.1990 sigreg_obj=0.545143 memory_barlow=0.000000 target_std=0.9838 pred_std=0.9669 decoded_loss=0.005539 decoded_dynamic=0.008937 presence_loss=0.204939 memory_norm=7.273508
epoch=1 step=3010 total_loss=0.398329 pred_loss=0.259539 pred_uniform=0.258953 rep=0.328986 barlow=1.027673 barlow_diag=0.0027 barlow_offdiag=0.1833 sigreg_obj=0.477867 memory_barlow=0.000000 target_std=0.9854 pred_std=0.9754 decoded_loss=0.008310 decoded_dynamic=0.010507 presence_loss=0.234403 memory_norm=8.141081
epoch=1 step=3020 total_loss=0.541198 pred_loss=0.348202 pred_uniform=0.345593 rep=0.421132 barlow=1.046581 barlow_diag=-0.0066 barlow_offdiag=0.1874 sigreg_obj=0.647775 memory_barlow=0.000000 target_std=0.9729 pred_std=0.9493 decoded_loss=0.006210 decoded_dynamic=0.009902 presence_loss=0.184880 memory_norm=8.448123
epoch=1 step=3030 total_loss=0.598176 pred_loss=0.386964 pred_uniform=0.384315 rep=0.458796 barlow=1.028706 barlow_diag=0.0017 barlow_offdiag=0.1853 sigreg_obj=0.539970 memory_barlow=0.000000 target_std=0.9729 pred_std=0.9492 decoded_loss=0.007266 decoded_dynamic=0.009913 presence_loss=0.195715 memory_norm=7.342610
epoch=1 step=3040 total_loss=0.713166 pred_loss=0.457112 pred_uniform=0.451777 rep=0.544265 barlow=1.030153 barlow_diag=0.0069 barlow_offdiag=0.2025 sigreg_obj=0.480075 memory_barlow=0.000000 target_std=0.9788 pred_std=0.9467 decoded_loss=0.005504 decoded_dynamic=0.007441 presence_loss=0.126782 memory_norm=5.952795
epoch=1 step=3050 total_loss=0.407134 pred_loss=0.263011 pred_uniform=0.261478 rep=0.337755 barlow=1.036359 barlow_diag=-0.0016 barlow_offdiag=0.1878 sigreg_obj=0.481313 memory_barlow=0.000000 target_std=0.9870 pred_std=0.9788 decoded_loss=0.007780 decoded_dynamic=0.012759 presence_loss=0.242244 memory_norm=7.390623
epoch=1 step=3060 total_loss=0.398522 pred_loss=0.259816 pred_uniform=0.259124 rep=0.343418 barlow=1.023551 barlow_diag=0.0053 barlow_offdiag=0.1809 sigreg_obj=0.457175 memory_barlow=0.000000 target_std=0.9870 pred_std=0.9767 decoded_loss=0.006065 decoded_dynamic=0.010212 presence_loss=0.201316 memory_norm=7.521308
epoch=1 step=3070 total_loss=0.383183 pred_loss=0.251818 pred_uniform=0.252134 rep=0.332024 barlow=1.050935 barlow_diag=-0.0084 barlow_offdiag=0.1803 sigreg_obj=0.569088 memory_barlow=0.000000 target_std=0.9880 pred_std=0.9786 decoded_loss=0.006448 decoded_dynamic=0.010399 presence_loss=0.204486 memory_norm=8.329116
epoch=1 step=3080 total_loss=0.329662 pred_loss=0.215785 pred_uniform=0.215925 rep=0.288675 barlow=1.032194 barlow_diag=0.0027 barlow_offdiag=0.1874 sigreg_obj=0.486765 memory_barlow=0.000000 target_std=0.9831 pred_std=0.9737 decoded_loss=0.008585 decoded_dynamic=0.013463 presence_loss=0.219537 memory_norm=7.076933
epoch=1 step=3090 total_loss=0.536454 pred_loss=0.352827 pred_uniform=0.353041 rep=0.408434 barlow=1.061323 barlow_diag=-0.0071 barlow_offdiag=0.2053 sigreg_obj=0.683425 memory_barlow=0.000000 target_std=0.9732 pred_std=0.9505 decoded_loss=0.005231 decoded_dynamic=0.007835 presence_loss=0.152489 memory_norm=7.490123
epoch=1 step=3100 total_loss=0.369613 pred_loss=0.240488 pred_uniform=0.239692 rep=0.323695 barlow=1.032710 barlow_diag=0.0001 barlow_offdiag=0.1868 sigreg_obj=0.479840 memory_barlow=0.000000 target_std=0.9870 pred_std=0.9792 decoded_loss=0.005476 decoded_dynamic=0.009214 presence_loss=0.178189 memory_norm=7.439916
epoch=1 step=3110 total_loss=0.473924 pred_loss=0.310082 pred_uniform=0.309505 rep=0.387624 barlow=1.053904 barlow_diag=-0.0069 barlow_offdiag=0.1908 sigreg_obj=0.512231 memory_barlow=0.000000 target_std=0.9789 pred_std=0.9646 decoded_loss=0.007300 decoded_dynamic=0.009799 presence_loss=0.188776 memory_norm=7.115735
epoch=1 step=3120 total_loss=0.533357 pred_loss=0.347304 pred_uniform=0.345757 rep=0.417848 barlow=1.037013 barlow_diag=-0.0013 barlow_offdiag=0.1854 sigreg_obj=0.479438 memory_barlow=0.000000 target_std=0.9795 pred_std=0.9612 decoded_loss=0.005922 decoded_dynamic=0.009448 presence_loss=0.176943 memory_norm=7.719965
epoch_summary epoch=1 step=3125 total_loss=0.585062 pred_loss=0.377351 pred_uniform=0.375004 rep=0.476164 barlow=1.061598 barlow_diag=0.0041 barlow_offdiag=0.2533 sigreg_obj=1.732362 memory_barlow=0.000000 target_std=0.9547 pred_std=0.8967 decoded_loss=0.023766 presence_loss=0.396089 memory_norm=7.185307
saved_checkpoint runs/rnn_seqmem_exp35_two_mask_simple_loss_5ep_20260707_100311/checkpoint_epoch_001.pt and runs/rnn_seqmem_exp35_two_mask_simple_loss_5ep_20260707_100311/checkpoint.pt
epoch_schedule epoch=2 active_sigreg_weight=0.010000
epoch=2 step=3130 total_loss=0.329682 pred_loss=0.219960 pred_uniform=0.221594 rep=0.295506 barlow=1.065457 barlow_diag=-0.0128 barlow_offdiag=0.1954 sigreg_obj=0.499665 memory_barlow=0.000000 target_std=0.9876 pred_std=0.9821 decoded_loss=0.007073 decoded_dynamic=0.011564 presence_loss=0.224774 memory_norm=6.833236
epoch=2 step=3140 total_loss=0.395613 pred_loss=0.254253 pred_uniform=0.252403 rep=0.331691 barlow=1.037983 barlow_diag=0.0032 barlow_offdiag=0.2003 sigreg_obj=0.538479 memory_barlow=0.000000 target_std=0.9816 pred_std=0.9703 decoded_loss=0.006940 decoded_dynamic=0.010853 presence_loss=0.221834 memory_norm=5.909901
epoch=2 step=3150 total_loss=0.291171 pred_loss=0.196182 pred_uniform=0.198641 rep=0.270683 barlow=1.025178 barlow_diag=0.0035 barlow_offdiag=0.1817 sigreg_obj=0.631277 memory_barlow=0.000000 target_std=0.9896 pred_std=0.9855 decoded_loss=0.008879 decoded_dynamic=0.015166 presence_loss=0.227557 memory_norm=8.254314
epoch=2 step=3160 total_loss=0.672581 pred_loss=0.432596 pred_uniform=0.428335 rep=0.506204 barlow=1.024815 barlow_diag=0.0059 barlow_offdiag=0.1884 sigreg_obj=0.419762 memory_barlow=0.000000 target_std=0.9807 pred_std=0.9551 decoded_loss=0.006389 decoded_dynamic=0.008956 presence_loss=0.190987 memory_norm=6.318996
epoch=2 step=3170 total_loss=0.465779 pred_loss=0.306233 pred_uniform=0.306480 rep=0.372300 barlow=1.040762 barlow_diag=-0.0030 barlow_offdiag=0.1869 sigreg_obj=0.516884 memory_barlow=0.000000 target_std=0.9832 pred_std=0.9715 decoded_loss=0.007526 decoded_dynamic=0.011267 presence_loss=0.295456 memory_norm=8.147295
epoch=2 step=3180 total_loss=0.494309 pred_loss=0.321868 pred_uniform=0.320673 rep=0.394116 barlow=1.013000 barlow_diag=0.0096 barlow_offdiag=0.1801 sigreg_obj=0.516915 memory_barlow=0.000000 target_std=0.9848 pred_std=0.9704 decoded_loss=0.007215 decoded_dynamic=0.011550 presence_loss=0.226288 memory_norm=7.880657
epoch=2 step=3190 total_loss=0.278505 pred_loss=0.186510 pred_uniform=0.188120 rep=0.263104 barlow=1.034617 barlow_diag=-0.0006 barlow_offdiag=0.1761 sigreg_obj=0.514208 memory_barlow=0.000000 target_std=0.9872 pred_std=0.9847 decoded_loss=0.007829 decoded_dynamic=0.012239 presence_loss=0.227554 memory_norm=7.579494
epoch=2 step=3200 total_loss=0.386778 pred_loss=0.257819 pred_uniform=0.259176 rep=0.324934 barlow=1.021619 barlow_diag=0.0064 barlow_offdiag=0.1835 sigreg_obj=0.449770 memory_barlow=0.000000 target_std=0.9818 pred_std=0.9691 decoded_loss=0.006140 decoded_dynamic=0.009911 presence_loss=0.191923 memory_norm=7.398832
epoch=2 step=3210 total_loss=0.355574 pred_loss=0.232538 pred_uniform=0.232385 rep=0.308514 barlow=1.031534 barlow_diag=0.0002 barlow_offdiag=0.1763 sigreg_obj=0.503367 memory_barlow=0.000000 target_std=0.9882 pred_std=0.9839 decoded_loss=0.007781 decoded_dynamic=0.012557 presence_loss=0.238272 memory_norm=8.399051
epoch=2 step=3220 total_loss=0.452532 pred_loss=0.291484 pred_uniform=0.289434 rep=0.356433 barlow=1.024118 barlow_diag=0.0053 barlow_offdiag=0.1832 sigreg_obj=0.569188 memory_barlow=0.000000 target_std=0.9857 pred_std=0.9691 decoded_loss=0.006093 decoded_dynamic=0.009183 presence_loss=0.176858 memory_norm=8.034698
epoch=2 step=3230 total_loss=0.509002 pred_loss=0.330420 pred_uniform=0.328446 rep=0.388082 barlow=1.035597 barlow_diag=0.0037 barlow_offdiag=0.1967 sigreg_obj=0.436339 memory_barlow=0.000000 target_std=0.9789 pred_std=0.9657 decoded_loss=0.005973 decoded_dynamic=0.008259 presence_loss=0.155260 memory_norm=5.386208
epoch=2 step=3240 total_loss=0.419664 pred_loss=0.274054 pred_uniform=0.273609 rep=0.343476 barlow=1.026281 barlow_diag=0.0034 barlow_offdiag=0.1810 sigreg_obj=0.555975 memory_barlow=0.000000 target_std=0.9866 pred_std=0.9754 decoded_loss=0.006641 decoded_dynamic=0.009861 presence_loss=0.185576 memory_norm=7.821949
saved_recovery_checkpoint epoch=2 step=3250 successful_updates=3250
epoch=2 step=3250 total_loss=0.509070 pred_loss=0.329567 pred_uniform=0.327141 rep=0.390846 barlow=1.007292 barlow_diag=0.0131 barlow_offdiag=0.1815 sigreg_obj=0.426297 memory_barlow=0.000000 target_std=0.9861 pred_std=0.9738 decoded_loss=0.005825 decoded_dynamic=0.009510 presence_loss=0.142126 memory_norm=6.936165
epoch=2 step=3260 total_loss=0.463916 pred_loss=0.305504 pred_uniform=0.305451 rep=0.371284 barlow=1.038017 barlow_diag=-0.0034 barlow_offdiag=0.1779 sigreg_obj=0.495086 memory_barlow=0.000000 target_std=0.9829 pred_std=0.9706 decoded_loss=0.006274 decoded_dynamic=0.010397 presence_loss=0.142121 memory_norm=8.383164
epoch=2 step=3270 total_loss=0.394273 pred_loss=0.260653 pred_uniform=0.261357 rep=0.327398 barlow=1.036037 barlow_diag=-0.0013 barlow_offdiag=0.1830 sigreg_obj=0.529549 memory_barlow=0.000000 target_std=0.9836 pred_std=0.9738 decoded_loss=0.006820 decoded_dynamic=0.011462 presence_loss=0.178823 memory_norm=8.506038
epoch=2 step=3280 total_loss=0.366011 pred_loss=0.239508 pred_uniform=0.239751 rep=0.304697 barlow=1.045166 barlow_diag=-0.0057 barlow_offdiag=0.1802 sigreg_obj=0.623789 memory_barlow=0.000000 target_std=0.9834 pred_std=0.9732 decoded_loss=0.007013 decoded_dynamic=0.010781 presence_loss=0.238632 memory_norm=8.732585
epoch=2 step=3290 total_loss=0.521320 pred_loss=0.341686 pred_uniform=0.340797 rep=0.432598 barlow=1.052737 barlow_diag=-0.0097 barlow_offdiag=0.1841 sigreg_obj=0.483213 memory_barlow=0.000000 target_std=0.9798 pred_std=0.9631 decoded_loss=0.006444 decoded_dynamic=0.010073 presence_loss=0.152979 memory_norm=7.352895
epoch=2 step=3300 total_loss=0.432597 pred_loss=0.278003 pred_uniform=0.275647 rep=0.356939 barlow=1.052737 barlow_diag=-0.0071 barlow_offdiag=0.1874 sigreg_obj=0.543769 memory_barlow=0.000000 target_std=0.9835 pred_std=0.9713 decoded_loss=0.005874 decoded_dynamic=0.009668 presence_loss=0.151484 memory_norm=6.488271
epoch=2 step=3310 total_loss=0.376983 pred_loss=0.248878 pred_uniform=0.249454 rep=0.322290 barlow=1.031405 barlow_diag=0.0007 barlow_offdiag=0.1766 sigreg_obj=0.484004 memory_barlow=0.000000 target_std=0.9876 pred_std=0.9793 decoded_loss=0.007463 decoded_dynamic=0.012143 presence_loss=0.283486 memory_norm=8.394701
epoch=2 step=3320 total_loss=0.661133 pred_loss=0.426619 pred_uniform=0.422889 rep=0.498665 barlow=1.019773 barlow_diag=0.0083 barlow_offdiag=0.1919 sigreg_obj=0.453449 memory_barlow=0.000000 target_std=0.9727 pred_std=0.9452 decoded_loss=0.004526 decoded_dynamic=0.005660 presence_loss=0.136785 memory_norm=5.778968
epoch=2 step=3330 total_loss=0.484302 pred_loss=0.313219 pred_uniform=0.311098 rep=0.394987 barlow=1.038527 barlow_diag=-0.0022 barlow_offdiag=0.1820 sigreg_obj=0.419122 memory_barlow=0.000000 target_std=0.9846 pred_std=0.9743 decoded_loss=0.006020 decoded_dynamic=0.010250 presence_loss=0.152378 memory_norm=6.673482
epoch=2 step=3340 total_loss=0.447624 pred_loss=0.289240 pred_uniform=0.287490 rep=0.382697 barlow=1.049093 barlow_diag=-0.0071 barlow_offdiag=0.1777 sigreg_obj=0.483324 memory_barlow=0.000000 target_std=0.9840 pred_std=0.9730 decoded_loss=0.006038 decoded_dynamic=0.009484 presence_loss=0.246419 memory_norm=8.128086
epoch=2 step=3350 total_loss=0.547285 pred_loss=0.356001 pred_uniform=0.354258 rep=0.429331 barlow=1.030762 barlow_diag=0.0015 barlow_offdiag=0.1815 sigreg_obj=0.509881 memory_barlow=0.000000 target_std=0.9835 pred_std=0.9633 decoded_loss=0.005202 decoded_dynamic=0.008802 presence_loss=0.189591 memory_norm=7.757261
epoch=2 step=3360 total_loss=0.569728 pred_loss=0.367692 pred_uniform=0.364724 rep=0.452551 barlow=1.034905 barlow_diag=0.0003 barlow_offdiag=0.1830 sigreg_obj=0.475818 memory_barlow=0.000000 target_std=0.9784 pred_std=0.9609 decoded_loss=0.006653 decoded_dynamic=0.009198 presence_loss=0.191762 memory_norm=7.155373
epoch=2 step=3370 total_loss=0.508042 pred_loss=0.333732 pred_uniform=0.333204 rep=0.385581 barlow=1.013276 barlow_diag=0.0095 barlow_offdiag=0.1794 sigreg_obj=0.476166 memory_barlow=0.000000 target_std=0.9848 pred_std=0.9700 decoded_loss=0.005608 decoded_dynamic=0.008890 presence_loss=0.167413 memory_norm=7.650032
epoch=2 step=3380 total_loss=0.468063 pred_loss=0.304942 pred_uniform=0.303775 rep=0.374816 barlow=1.033953 barlow_diag=-0.0030 barlow_offdiag=0.1725 sigreg_obj=0.483963 memory_barlow=0.000000 target_std=0.9821 pred_std=0.9700 decoded_loss=0.006110 decoded_dynamic=0.010388 presence_loss=0.205956 memory_norm=9.162967
epoch=2 step=3390 total_loss=0.574530 pred_loss=0.374937 pred_uniform=0.373687 rep=0.426841 barlow=1.033828 barlow_diag=0.0002 barlow_offdiag=0.1775 sigreg_obj=0.571364 memory_barlow=0.000000 target_std=0.9807 pred_std=0.9583 decoded_loss=0.006002 decoded_dynamic=0.009563 presence_loss=0.193675 memory_norm=7.328073
epoch=2 step=3400 total_loss=0.550868 pred_loss=0.355215 pred_uniform=0.352248 rep=0.445388 barlow=1.036347 barlow_diag=-0.0014 barlow_offdiag=0.1770 sigreg_obj=0.458991 memory_barlow=0.000000 target_std=0.9840 pred_std=0.9680 decoded_loss=0.005689 decoded_dynamic=0.009497 presence_loss=0.187922 memory_norm=6.507061
epoch=2 step=3410 total_loss=0.513354 pred_loss=0.338401 pred_uniform=0.338282 rep=0.410895 barlow=0.999611 barlow_diag=0.0158 barlow_offdiag=0.1764 sigreg_obj=0.462535 memory_barlow=0.000000 target_std=0.9834 pred_std=0.9674 decoded_loss=0.005798 decoded_dynamic=0.009951 presence_loss=0.154165 memory_norm=7.740821
epoch=2 step=3420 total_loss=0.439002 pred_loss=0.287402 pred_uniform=0.286950 rep=0.373400 barlow=1.047755 barlow_diag=-0.0078 barlow_offdiag=0.1745 sigreg_obj=0.549751 memory_barlow=0.000000 target_std=0.9865 pred_std=0.9769 decoded_loss=0.006279 decoded_dynamic=0.009686 presence_loss=0.203724 memory_norm=8.391281
epoch=2 step=3430 total_loss=0.414320 pred_loss=0.272378 pred_uniform=0.272197 rep=0.342144 barlow=1.039318 barlow_diag=-0.0046 barlow_offdiag=0.1712 sigreg_obj=0.494619 memory_barlow=0.000000 target_std=0.9890 pred_std=0.9800 decoded_loss=0.006994 decoded_dynamic=0.012112 presence_loss=0.169086 memory_norm=7.578258
epoch=2 step=3440 total_loss=0.417887 pred_loss=0.275174 pred_uniform=0.275282 rep=0.357277 barlow=1.050022 barlow_diag=-0.0088 barlow_offdiag=0.1750 sigreg_obj=0.503685 memory_barlow=0.000000 target_std=0.9863 pred_std=0.9778 decoded_loss=0.006036 decoded_dynamic=0.009547 presence_loss=0.194445 memory_norm=7.814274
epoch=2 step=3450 total_loss=0.634109 pred_loss=0.410194 pred_uniform=0.407371 rep=0.476767 barlow=1.061587 barlow_diag=-0.0135 barlow_offdiag=0.1849 sigreg_obj=0.625113 memory_barlow=0.000000 target_std=0.9717 pred_std=0.9454 decoded_loss=0.005396 decoded_dynamic=0.009052 presence_loss=0.165247 memory_norm=7.027891
epoch=2 step=3460 total_loss=0.512524 pred_loss=0.336693 pred_uniform=0.336129 rep=0.422807 barlow=1.028395 barlow_diag=0.0012 barlow_offdiag=0.1767 sigreg_obj=0.451419 memory_barlow=0.000000 target_std=0.9831 pred_std=0.9707 decoded_loss=0.005411 decoded_dynamic=0.008431 presence_loss=0.157943 memory_norm=7.436961
epoch=2 step=3470 total_loss=0.503729 pred_loss=0.330861 pred_uniform=0.330110 rep=0.411066 barlow=1.044020 barlow_diag=-0.0057 barlow_offdiag=0.1770 sigreg_obj=0.413714 memory_barlow=0.000000 target_std=0.9840 pred_std=0.9753 decoded_loss=0.006457 decoded_dynamic=0.010086 presence_loss=0.203040 memory_norm=7.342514
epoch=2 step=3480 total_loss=0.555731 pred_loss=0.363843 pred_uniform=0.362613 rep=0.421966 barlow=1.040114 barlow_diag=-0.0012 barlow_offdiag=0.1884 sigreg_obj=0.418392 memory_barlow=0.000000 target_std=0.9803 pred_std=0.9591 decoded_loss=0.005226 decoded_dynamic=0.007247 presence_loss=0.162680 memory_norm=6.007751
epoch=2 step=3490 total_loss=0.422481 pred_loss=0.276776 pred_uniform=0.276282 rep=0.347156 barlow=1.038204 barlow_diag=-0.0043 barlow_offdiag=0.1783 sigreg_obj=0.478085 memory_barlow=0.000000 target_std=0.9825 pred_std=0.9735 decoded_loss=0.006956 decoded_dynamic=0.011390 presence_loss=0.204429 memory_norm=7.710149
saved_recovery_checkpoint epoch=2 step=3500 successful_updates=3500
epoch=2 step=3500 total_loss=0.646337 pred_loss=0.412721 pred_uniform=0.407542 rep=0.477603 barlow=1.060319 barlow_diag=-0.0126 barlow_offdiag=0.1804 sigreg_obj=0.443115 memory_barlow=0.000000 target_std=0.9830 pred_std=0.9544 decoded_loss=0.005088 decoded_dynamic=0.007560 presence_loss=0.164102 memory_norm=6.603696
epoch=2 step=3510 total_loss=0.449773 pred_loss=0.300946 pred_uniform=0.302433 rep=0.373940 barlow=1.020212 barlow_diag=0.0053 barlow_offdiag=0.1746 sigreg_obj=0.423345 memory_barlow=0.000000 target_std=0.9870 pred_std=0.9775 decoded_loss=0.005658 decoded_dynamic=0.009327 presence_loss=0.171057 memory_norm=7.786078
epoch=2 step=3520 total_loss=0.414877 pred_loss=0.274760 pred_uniform=0.275339 rep=0.347300 barlow=1.025928 barlow_diag=0.0023 barlow_offdiag=0.1789 sigreg_obj=0.480924 memory_barlow=0.000000 target_std=0.9881 pred_std=0.9805 decoded_loss=0.005608 decoded_dynamic=0.009373 presence_loss=0.209718 memory_norm=7.736036
epoch=2 step=3530 total_loss=0.582261 pred_loss=0.378261 pred_uniform=0.376170 rep=0.436688 barlow=1.029102 barlow_diag=0.0066 barlow_offdiag=0.1980 sigreg_obj=0.555715 memory_barlow=0.000000 target_std=0.9810 pred_std=0.9656 decoded_loss=0.005473 decoded_dynamic=0.009152 presence_loss=0.149821 memory_norm=5.190806
epoch=2 step=3540 total_loss=0.623465 pred_loss=0.405867 pred_uniform=0.403670 rep=0.474306 barlow=1.032362 barlow_diag=-0.0013 barlow_offdiag=0.1750 sigreg_obj=0.436692 memory_barlow=0.000000 target_std=0.9821 pred_std=0.9590 decoded_loss=0.006046 decoded_dynamic=0.009671 presence_loss=0.190996 memory_norm=7.580909
epoch=2 step=3550 total_loss=0.594393 pred_loss=0.389469 pred_uniform=0.388481 rep=0.472300 barlow=1.051032 barlow_diag=-0.0099 barlow_offdiag=0.1804 sigreg_obj=0.503116 memory_barlow=0.000000 target_std=0.9772 pred_std=0.9583 decoded_loss=0.006602 decoded_dynamic=0.009924 presence_loss=0.205280 memory_norm=6.695554
epoch=2 step=3560 total_loss=0.484741 pred_loss=0.320386 pred_uniform=0.320648 rep=0.393301 barlow=1.031087 barlow_diag=-0.0001 barlow_offdiag=0.1710 sigreg_obj=0.499823 memory_barlow=0.000000 target_std=0.9889 pred_std=0.9787 decoded_loss=0.006054 decoded_dynamic=0.009717 presence_loss=0.169432 memory_norm=8.465668
epoch=2 step=3570 total_loss=0.523748 pred_loss=0.346841 pred_uniform=0.347456 rep=0.420029 barlow=1.037665 barlow_diag=-0.0033 barlow_offdiag=0.1734 sigreg_obj=0.458681 memory_barlow=0.000000 target_std=0.9843 pred_std=0.9701 decoded_loss=0.006708 decoded_dynamic=0.010405 presence_loss=0.244560 memory_norm=8.557100
epoch=2 step=3580 total_loss=0.447028 pred_loss=0.294090 pred_uniform=0.294159 rep=0.362376 barlow=1.054148 barlow_diag=-0.0095 barlow_offdiag=0.1832 sigreg_obj=0.478201 memory_barlow=0.000000 target_std=0.9797 pred_std=0.9632 decoded_loss=0.005038 decoded_dynamic=0.008543 presence_loss=0.220895 memory_norm=7.962148
epoch=2 step=3590 total_loss=0.643012 pred_loss=0.418328 pred_uniform=0.416011 rep=0.482214 barlow=1.010950 barlow_diag=0.0122 barlow_offdiag=0.1804 sigreg_obj=0.492895 memory_barlow=0.000000 target_std=0.9780 pred_std=0.9564 decoded_loss=0.005333 decoded_dynamic=0.007704 presence_loss=0.186233 memory_norm=6.518023
epoch=2 step=3600 total_loss=0.536327 pred_loss=0.349048 pred_uniform=0.347120 rep=0.421614 barlow=1.027274 barlow_diag=0.0042 barlow_offdiag=0.1844 sigreg_obj=0.387223 memory_barlow=0.000000 target_std=0.9808 pred_std=0.9658 decoded_loss=0.004983 decoded_dynamic=0.008169 presence_loss=0.163495 memory_norm=6.021373
epoch=2 step=3610 total_loss=0.711144 pred_loss=0.460358 pred_uniform=0.456710 rep=0.529986 barlow=1.022943 barlow_diag=0.0047 barlow_offdiag=0.1797 sigreg_obj=0.492035 memory_barlow=0.000000 target_std=0.9823 pred_std=0.9531 decoded_loss=0.005909 decoded_dynamic=0.009998 presence_loss=0.158382 memory_norm=6.148845
epoch=2 step=3620 total_loss=0.574477 pred_loss=0.374117 pred_uniform=0.372150 rep=0.439428 barlow=1.025850 barlow_diag=0.0016 barlow_offdiag=0.1746 sigreg_obj=0.462598 memory_barlow=0.000000 target_std=0.9838 pred_std=0.9679 decoded_loss=0.006069 decoded_dynamic=0.009679 presence_loss=0.210152 memory_norm=7.657842
epoch=2 step=3630 total_loss=0.459857 pred_loss=0.299339 pred_uniform=0.297874 rep=0.362239 barlow=1.039179 barlow_diag=-0.0046 barlow_offdiag=0.1650 sigreg_obj=0.447464 memory_barlow=0.000000 target_std=0.9856 pred_std=0.9763 decoded_loss=0.007233 decoded_dynamic=0.010646 presence_loss=0.233829 memory_norm=8.622481
epoch=2 step=3640 total_loss=0.612852 pred_loss=0.398825 pred_uniform=0.396963 rep=0.465812 barlow=1.052725 barlow_diag=-0.0093 barlow_offdiag=0.1785 sigreg_obj=0.508480 memory_barlow=0.000000 target_std=0.9774 pred_std=0.9550 decoded_loss=0.006674 decoded_dynamic=0.009718 presence_loss=0.239007 memory_norm=6.913822
epoch=2 step=3650 total_loss=0.546755 pred_loss=0.358728 pred_uniform=0.358185 rep=0.424896 barlow=1.023390 barlow_diag=0.0041 barlow_offdiag=0.1750 sigreg_obj=0.521480 memory_barlow=0.000000 target_std=0.9821 pred_std=0.9673 decoded_loss=0.005800 decoded_dynamic=0.009161 presence_loss=0.186010 memory_norm=7.546674
epoch=2 step=3660 total_loss=0.547293 pred_loss=0.357527 pred_uniform=0.356502 rep=0.437594 barlow=1.027617 barlow_diag=0.0022 barlow_offdiag=0.1723 sigreg_obj=0.448716 memory_barlow=0.000000 target_std=0.9807 pred_std=0.9603 decoded_loss=0.007031 decoded_dynamic=0.009403 presence_loss=0.278333 memory_norm=7.367777
epoch=2 step=3670 total_loss=0.469062 pred_loss=0.310606 pred_uniform=0.310992 rep=0.384353 barlow=1.029128 barlow_diag=-0.0003 barlow_offdiag=0.1680 sigreg_obj=0.462119 memory_barlow=0.000000 target_std=0.9860 pred_std=0.9788 decoded_loss=0.007620 decoded_dynamic=0.013141 presence_loss=0.185974 memory_norm=7.536497
epoch=2 step=3680 total_loss=0.448574 pred_loss=0.297272 pred_uniform=0.297886 rep=0.361070 barlow=1.043552 barlow_diag=-0.0053 barlow_offdiag=0.1774 sigreg_obj=0.454819 memory_barlow=0.000000 target_std=0.9821 pred_std=0.9723 decoded_loss=0.005731 decoded_dynamic=0.008664 presence_loss=0.151652 memory_norm=7.585111
epoch=2 step=3690 total_loss=0.460571 pred_loss=0.306291 pred_uniform=0.307058 rep=0.365648 barlow=1.030391 barlow_diag=0.0015 barlow_offdiag=0.1757 sigreg_obj=0.435173 memory_barlow=0.000000 target_std=0.9891 pred_std=0.9808 decoded_loss=0.006542 decoded_dynamic=0.010915 presence_loss=0.176916 memory_norm=7.137851
epoch=2 step=3700 total_loss=0.579193 pred_loss=0.378595 pred_uniform=0.376902 rep=0.433267 barlow=1.019464 barlow_diag=0.0082 barlow_offdiag=0.1761 sigreg_obj=0.375732 memory_barlow=0.000000 target_std=0.9870 pred_std=0.9690 decoded_loss=0.006047 decoded_dynamic=0.009598 presence_loss=0.165640 memory_norm=6.841306
epoch=2 step=3710 total_loss=0.583729 pred_loss=0.383213 pred_uniform=0.382339 rep=0.434276 barlow=1.031510 barlow_diag=0.0005 barlow_offdiag=0.1795 sigreg_obj=0.504784 memory_barlow=0.000000 target_std=0.9798 pred_std=0.9611 decoded_loss=0.005133 decoded_dynamic=0.008319 presence_loss=0.127157 memory_norm=8.243540
epoch=2 step=3720 total_loss=0.387847 pred_loss=0.258653 pred_uniform=0.259826 rep=0.326636 barlow=1.038062 barlow_diag=-0.0032 barlow_offdiag=0.1773 sigreg_obj=0.452999 memory_barlow=0.000000 target_std=0.9838 pred_std=0.9764 decoded_loss=0.005583 decoded_dynamic=0.009038 presence_loss=0.166579 memory_norm=6.291664
epoch=2 step=3730 total_loss=0.659911 pred_loss=0.431741 pred_uniform=0.429928 rep=0.499226 barlow=1.044310 barlow_diag=-0.0066 barlow_offdiag=0.1702 sigreg_obj=0.436209 memory_barlow=0.000000 target_std=0.9795 pred_std=0.9542 decoded_loss=0.005094 decoded_dynamic=0.008201 presence_loss=0.168341 memory_norm=7.598167
epoch=2 step=3740 total_loss=0.545836 pred_loss=0.356786 pred_uniform=0.355598 rep=0.426319 barlow=1.020079 barlow_diag=0.0065 barlow_offdiag=0.1770 sigreg_obj=0.497351 memory_barlow=0.000000 target_std=0.9822 pred_std=0.9640 decoded_loss=0.004884 decoded_dynamic=0.008124 presence_loss=0.140224 memory_norm=7.589619
saved_recovery_checkpoint epoch=2 step=3750 successful_updates=3750
epoch=2 step=3750 total_loss=0.626106 pred_loss=0.407455 pred_uniform=0.404929 rep=0.478575 barlow=1.043278 barlow_diag=-0.0054 barlow_offdiag=0.1713 sigreg_obj=0.405717 memory_barlow=0.000000 target_std=0.9799 pred_std=0.9582 decoded_loss=0.006009 decoded_dynamic=0.009517 presence_loss=0.174394 memory_norm=6.385117
epoch=2 step=3760 total_loss=0.503888 pred_loss=0.335509 pred_uniform=0.336429 rep=0.409689 barlow=1.034173 barlow_diag=-0.0001 barlow_offdiag=0.1730 sigreg_obj=0.434619 memory_barlow=0.000000 target_std=0.9857 pred_std=0.9743 decoded_loss=0.005761 decoded_dynamic=0.007873 presence_loss=0.131035 memory_norm=7.313846
epoch=2 step=3770 total_loss=0.711286 pred_loss=0.459220 pred_uniform=0.454805 rep=0.512796 barlow=1.030322 barlow_diag=0.0001 barlow_offdiag=0.1773 sigreg_obj=0.406309 memory_barlow=0.000000 target_std=0.9827 pred_std=0.9598 decoded_loss=0.005238 decoded_dynamic=0.007337 presence_loss=0.127075 memory_norm=6.666290
epoch=2 step=3780 total_loss=0.458179 pred_loss=0.301839 pred_uniform=0.301838 rep=0.378475 barlow=1.012380 barlow_diag=0.0086 barlow_offdiag=0.1732 sigreg_obj=0.398947 memory_barlow=0.000000 target_std=0.9838 pred_std=0.9710 decoded_loss=0.005571 decoded_dynamic=0.009231 presence_loss=0.224906 memory_norm=7.689445
epoch=2 step=3790 total_loss=0.446109 pred_loss=0.298812 pred_uniform=0.300257 rep=0.371364 barlow=1.020082 barlow_diag=0.0044 barlow_offdiag=0.1675 sigreg_obj=0.425328 memory_barlow=0.000000 target_std=0.9882 pred_std=0.9800 decoded_loss=0.006291 decoded_dynamic=0.010829 presence_loss=0.169700 memory_norm=7.619001
epoch=2 step=3800 total_loss=0.483655 pred_loss=0.321448 pred_uniform=0.322240 rep=0.378449 barlow=1.009415 barlow_diag=0.0109 barlow_offdiag=0.1710 sigreg_obj=0.424132 memory_barlow=0.000000 target_std=0.9852 pred_std=0.9739 decoded_loss=0.006235 decoded_dynamic=0.008974 presence_loss=0.157715 memory_norm=7.451918
epoch=2 step=3810 total_loss=0.383409 pred_loss=0.257810 pred_uniform=0.259825 rep=0.308244 barlow=1.001319 barlow_diag=0.0144 barlow_offdiag=0.1730 sigreg_obj=0.491843 memory_barlow=0.000000 target_std=0.9902 pred_std=0.9839 decoded_loss=0.007384 decoded_dynamic=0.011838 presence_loss=0.250228 memory_norm=7.703031
epoch=2 step=3820 total_loss=0.560277 pred_loss=0.361653 pred_uniform=0.358952 rep=0.430267 barlow=1.044531 barlow_diag=-0.0057 barlow_offdiag=0.1783 sigreg_obj=0.459111 memory_barlow=0.000000 target_std=0.9806 pred_std=0.9652 decoded_loss=0.006266 decoded_dynamic=0.009342 presence_loss=0.285634 memory_norm=7.342776
epoch=2 step=3830 total_loss=0.514276 pred_loss=0.335476 pred_uniform=0.334093 rep=0.393813 barlow=1.037481 barlow_diag=-0.0043 barlow_offdiag=0.1687 sigreg_obj=0.454093 memory_barlow=0.000000 target_std=0.9874 pred_std=0.9744 decoded_loss=0.006945 decoded_dynamic=0.010608 presence_loss=0.241206 memory_norm=7.491886
epoch=2 step=3840 total_loss=0.461456 pred_loss=0.305344 pred_uniform=0.305740 rep=0.375597 barlow=1.008003 barlow_diag=0.0098 barlow_offdiag=0.1655 sigreg_obj=0.394585 memory_barlow=0.000000 target_std=0.9905 pred_std=0.9844 decoded_loss=0.005353 decoded_dynamic=0.008601 presence_loss=0.225183 memory_norm=6.863374
epoch=2 step=3850 total_loss=0.557355 pred_loss=0.366820 pred_uniform=0.366473 rep=0.427680 barlow=1.030917 barlow_diag=0.0008 barlow_offdiag=0.1765 sigreg_obj=0.520725 memory_barlow=0.000000 target_std=0.9834 pred_std=0.9696 decoded_loss=0.006398 decoded_dynamic=0.010308 presence_loss=0.172433 memory_norm=7.032624
epoch=2 step=3860 total_loss=0.548656 pred_loss=0.364640 pred_uniform=0.365246 rep=0.425212 barlow=1.031782 barlow_diag=-0.0008 barlow_offdiag=0.1679 sigreg_obj=0.406141 memory_barlow=0.000000 target_std=0.9811 pred_std=0.9639 decoded_loss=0.006146 decoded_dynamic=0.009445 presence_loss=0.161375 memory_norm=7.419789
epoch=2 step=3870 total_loss=0.528091 pred_loss=0.346723 pred_uniform=0.346190 rep=0.412952 barlow=1.042669 barlow_diag=-0.0072 barlow_offdiag=0.1716 sigreg_obj=0.473834 memory_barlow=0.000000 target_std=0.9795 pred_std=0.9605 decoded_loss=0.006826 decoded_dynamic=0.010323 presence_loss=0.227283 memory_norm=7.938562
epoch=2 step=3880 total_loss=0.617506 pred_loss=0.402535 pred_uniform=0.400438 rep=0.456239 barlow=1.009169 barlow_diag=0.0083 barlow_offdiag=0.1629 sigreg_obj=0.429248 memory_barlow=0.000000 target_std=0.9836 pred_std=0.9651 decoded_loss=0.005931 decoded_dynamic=0.010084 presence_loss=0.209183 memory_norm=7.334184
epoch=2 step=3890 total_loss=0.519383 pred_loss=0.339561 pred_uniform=0.338697 rep=0.396804 barlow=1.025621 barlow_diag=0.0036 barlow_offdiag=0.1712 sigreg_obj=0.496727 memory_barlow=0.000000 target_std=0.9845 pred_std=0.9734 decoded_loss=0.005143 decoded_dynamic=0.008767 presence_loss=0.230584 memory_norm=7.071579
epoch=2 step=3900 total_loss=0.529926 pred_loss=0.345977 pred_uniform=0.344792 rep=0.408193 barlow=1.014906 barlow_diag=0.0080 barlow_offdiag=0.1661 sigreg_obj=0.561513 memory_barlow=0.000000 target_std=0.9850 pred_std=0.9708 decoded_loss=0.005703 decoded_dynamic=0.008487 presence_loss=0.213826 memory_norm=8.604950
epoch=2 step=3910 total_loss=0.625210 pred_loss=0.409509 pred_uniform=0.408455 rep=0.456090 barlow=1.037317 barlow_diag=-0.0010 barlow_offdiag=0.1848 sigreg_obj=0.556678 memory_barlow=0.000000 target_std=0.9767 pred_std=0.9505 decoded_loss=0.005404 decoded_dynamic=0.008516 presence_loss=0.189101 memory_norm=6.289320
epoch=2 step=3920 total_loss=0.529640 pred_loss=0.350925 pred_uniform=0.351447 rep=0.417975 barlow=1.023106 barlow_diag=0.0024 barlow_offdiag=0.1685 sigreg_obj=0.441820 memory_barlow=0.000000 target_std=0.9822 pred_std=0.9677 decoded_loss=0.006890 decoded_dynamic=0.011027 presence_loss=0.199080 memory_norm=7.815298
epoch=2 step=3930 total_loss=0.549427 pred_loss=0.360840 pred_uniform=0.360040 rep=0.414844 barlow=1.017881 barlow_diag=0.0048 barlow_offdiag=0.1665 sigreg_obj=0.453176 memory_barlow=0.000000 target_std=0.9864 pred_std=0.9715 decoded_loss=0.004749 decoded_dynamic=0.007567 presence_loss=0.167809 memory_norm=7.484319
epoch=2 step=3940 total_loss=0.564036 pred_loss=0.365972 pred_uniform=0.363578 rep=0.430178 barlow=1.030920 barlow_diag=-0.0001 barlow_offdiag=0.1726 sigreg_obj=0.403025 memory_barlow=0.000000 target_std=0.9886 pred_std=0.9776 decoded_loss=0.005157 decoded_dynamic=0.008491 presence_loss=0.159426 memory_norm=6.261369
epoch=2 step=3950 total_loss=0.665959 pred_loss=0.433162 pred_uniform=0.430826 rep=0.482902 barlow=1.009730 barlow_diag=0.0110 barlow_offdiag=0.1785 sigreg_obj=0.530251 memory_barlow=0.000000 target_std=0.9806 pred_std=0.9585 decoded_loss=0.004289 decoded_dynamic=0.007089 presence_loss=0.121094 memory_norm=6.393041
epoch=2 step=3960 total_loss=0.531142 pred_loss=0.351013 pred_uniform=0.351344 rep=0.441211 barlow=1.042838 barlow_diag=-0.0043 barlow_offdiag=0.1712 sigreg_obj=0.458836 memory_barlow=0.000000 target_std=0.9837 pred_std=0.9723 decoded_loss=0.007239 decoded_dynamic=0.010043 presence_loss=0.284543 memory_norm=6.954436
epoch=2 step=3970 total_loss=0.613494 pred_loss=0.405965 pred_uniform=0.405952 rep=0.481356 barlow=1.041150 barlow_diag=-0.0054 barlow_offdiag=0.1707 sigreg_obj=0.370860 memory_barlow=0.000000 target_std=0.9839 pred_std=0.9671 decoded_loss=0.005792 decoded_dynamic=0.009590 presence_loss=0.196180 memory_norm=6.695819
epoch=2 step=3980 total_loss=0.705595 pred_loss=0.454831 pred_uniform=0.450498 rep=0.534004 barlow=1.035170 barlow_diag=-0.0007 barlow_offdiag=0.1781 sigreg_obj=0.410262 memory_barlow=0.000000 target_std=0.9778 pred_std=0.9460 decoded_loss=0.004578 decoded_dynamic=0.007386 presence_loss=0.175545 memory_norm=5.606172
epoch=2 step=3990 total_loss=0.699432 pred_loss=0.450637 pred_uniform=0.446276 rep=0.524355 barlow=1.038078 barlow_diag=-0.0042 barlow_offdiag=0.1701 sigreg_obj=0.473509 memory_barlow=0.000000 target_std=0.9834 pred_std=0.9571 decoded_loss=0.004878 decoded_dynamic=0.008150 presence_loss=0.165094 memory_norm=6.930681
saved_recovery_checkpoint epoch=2 step=4000 successful_updates=4000
epoch=2 step=4000 total_loss=0.697480 pred_loss=0.455729 pred_uniform=0.453574 rep=0.530527 barlow=1.018162 barlow_diag=0.0097 barlow_offdiag=0.1836 sigreg_obj=0.401152 memory_barlow=0.000000 target_std=0.9764 pred_std=0.9419 decoded_loss=0.005220 decoded_dynamic=0.007298 presence_loss=0.159171 memory_norm=5.601254
epoch=2 step=4010 total_loss=0.522936 pred_loss=0.346034 pred_uniform=0.346224 rep=0.406815 barlow=1.041190 barlow_diag=-0.0060 barlow_offdiag=0.1654 sigreg_obj=0.412208 memory_barlow=0.000000 target_std=0.9841 pred_std=0.9687 decoded_loss=0.006565 decoded_dynamic=0.011472 presence_loss=0.205205 memory_norm=7.732001
epoch=2 step=4020 total_loss=0.528930 pred_loss=0.355422 pred_uniform=0.357513 rep=0.424504 barlow=1.032900 barlow_diag=-0.0009 barlow_offdiag=0.1713 sigreg_obj=0.472086 memory_barlow=0.000000 target_std=0.9842 pred_std=0.9679 decoded_loss=0.005701 decoded_dynamic=0.009200 presence_loss=0.118445 memory_norm=7.603348
epoch=2 step=4030 total_loss=0.650481 pred_loss=0.424025 pred_uniform=0.421970 rep=0.481391 barlow=1.036213 barlow_diag=-0.0054 barlow_offdiag=0.1635 sigreg_obj=0.500920 memory_barlow=0.000000 target_std=0.9814 pred_std=0.9650 decoded_loss=0.007413 decoded_dynamic=0.010243 presence_loss=0.238427 memory_norm=8.655087
epoch=2 step=4040 total_loss=0.546162 pred_loss=0.356439 pred_uniform=0.354739 rep=0.416470 barlow=1.051203 barlow_diag=-0.0105 barlow_offdiag=0.1668 sigreg_obj=0.416270 memory_barlow=0.000000 target_std=0.9873 pred_std=0.9776 decoded_loss=0.005758 decoded_dynamic=0.008721 presence_loss=0.155278 memory_norm=7.472799
epoch=2 step=4050 total_loss=0.363143 pred_loss=0.246134 pred_uniform=0.248590 rep=0.300159 barlow=1.011824 barlow_diag=0.0068 barlow_offdiag=0.1627 sigreg_obj=0.474924 memory_barlow=0.000000 target_std=0.9886 pred_std=0.9845 decoded_loss=0.007910 decoded_dynamic=0.012976 presence_loss=0.224987 memory_norm=7.982729
epoch=2 step=4060 total_loss=0.630949 pred_loss=0.411845 pred_uniform=0.410183 rep=0.465490 barlow=1.001114 barlow_diag=0.0172 barlow_offdiag=0.1847 sigreg_obj=0.506006 memory_barlow=0.000000 target_std=0.9768 pred_std=0.9550 decoded_loss=0.004414 decoded_dynamic=0.007229 presence_loss=0.169494 memory_norm=5.713820
epoch=2 step=4070 total_loss=0.568920 pred_loss=0.371517 pred_uniform=0.369913 rep=0.432032 barlow=1.020118 barlow_diag=0.0029 barlow_offdiag=0.1628 sigreg_obj=0.460134 memory_barlow=0.000000 target_std=0.9876 pred_std=0.9753 decoded_loss=0.006218 decoded_dynamic=0.010170 presence_loss=0.234101 memory_norm=8.008292
epoch=2 step=4080 total_loss=0.617825 pred_loss=0.406660 pred_uniform=0.406160 rep=0.462117 barlow=1.037424 barlow_diag=-0.0029 barlow_offdiag=0.1715 sigreg_obj=0.413817 memory_barlow=0.000000 target_std=0.9782 pred_std=0.9545 decoded_loss=0.004879 decoded_dynamic=0.007282 presence_loss=0.154936 memory_norm=7.296212
epoch=2 step=4090 total_loss=0.586068 pred_loss=0.389646 pred_uniform=0.390584 rep=0.439328 barlow=1.015582 barlow_diag=0.0087 barlow_offdiag=0.1735 sigreg_obj=0.487083 memory_barlow=0.000000 target_std=0.9846 pred_std=0.9695 decoded_loss=0.006829 decoded_dynamic=0.010448 presence_loss=0.162580 memory_norm=6.522380
epoch=2 step=4100 total_loss=0.687084 pred_loss=0.446280 pred_uniform=0.443469 rep=0.499319 barlow=1.009273 barlow_diag=0.0115 barlow_offdiag=0.1743 sigreg_obj=0.483839 memory_barlow=0.000000 target_std=0.9786 pred_std=0.9498 decoded_loss=0.004702 decoded_dynamic=0.006451 presence_loss=0.153276 memory_norm=6.175885
epoch=2 step=4110 total_loss=0.648892 pred_loss=0.424350 pred_uniform=0.422637 rep=0.509685 barlow=1.065803 barlow_diag=-0.0172 barlow_offdiag=0.1693 sigreg_obj=0.462158 memory_barlow=0.000000 target_std=0.9843 pred_std=0.9603 decoded_loss=0.005762 decoded_dynamic=0.008685 presence_loss=0.159144 memory_norm=6.433105
epoch=2 step=4120 total_loss=0.714656 pred_loss=0.463663 pred_uniform=0.460471 rep=0.526690 barlow=1.052259 barlow_diag=-0.0093 barlow_offdiag=0.1741 sigreg_obj=0.492808 memory_barlow=0.000000 target_std=0.9799 pred_std=0.9513 decoded_loss=0.004593 decoded_dynamic=0.007057 presence_loss=0.172338 memory_norm=7.303974
epoch=2 step=4130 total_loss=0.564237 pred_loss=0.374154 pred_uniform=0.374739 rep=0.451946 barlow=1.029002 barlow_diag=0.0019 barlow_offdiag=0.1726 sigreg_obj=0.492149 memory_barlow=0.000000 target_std=0.9839 pred_std=0.9734 decoded_loss=0.005428 decoded_dynamic=0.008271 presence_loss=0.161174 memory_norm=7.021608
epoch=2 step=4140 total_loss=0.521709 pred_loss=0.346593 pred_uniform=0.347102 rep=0.420259 barlow=1.019911 barlow_diag=0.0046 barlow_offdiag=0.1675 sigreg_obj=0.372217 memory_barlow=0.000000 target_std=0.9869 pred_std=0.9742 decoded_loss=0.006393 decoded_dynamic=0.010870 presence_loss=0.165657 memory_norm=7.004758
epoch=2 step=4150 total_loss=0.512771 pred_loss=0.338278 pred_uniform=0.338237 rep=0.397220 barlow=1.014735 barlow_diag=0.0076 barlow_offdiag=0.1647 sigreg_obj=0.500696 memory_barlow=0.000000 target_std=0.9874 pred_std=0.9761 decoded_loss=0.004662 decoded_dynamic=0.007495 presence_loss=0.115623 memory_norm=7.806634
epoch=2 step=4160 total_loss=0.544534 pred_loss=0.352521 pred_uniform=0.349983 rep=0.413717 barlow=1.025390 barlow_diag=0.0005 barlow_offdiag=0.1676 sigreg_obj=0.438959 memory_barlow=0.000000 target_std=0.9843 pred_std=0.9716 decoded_loss=0.006292 decoded_dynamic=0.010287 presence_loss=0.250264 memory_norm=7.664114
epoch=2 step=4170 total_loss=0.641095 pred_loss=0.413748 pred_uniform=0.410379 rep=0.500578 barlow=1.034414 barlow_diag=-0.0016 barlow_offdiag=0.1717 sigreg_obj=0.510381 memory_barlow=0.000000 target_std=0.9809 pred_std=0.9608 decoded_loss=0.006074 decoded_dynamic=0.009629 presence_loss=0.216187 memory_norm=7.479683
epoch=2 step=4180 total_loss=0.621953 pred_loss=0.404123 pred_uniform=0.401449 rep=0.452034 barlow=1.034832 barlow_diag=-0.0040 barlow_offdiag=0.1649 sigreg_obj=0.369808 memory_barlow=0.000000 target_std=0.9851 pred_std=0.9658 decoded_loss=0.005240 decoded_dynamic=0.008573 presence_loss=0.210875 memory_norm=7.040473
epoch=2 step=4190 total_loss=0.557804 pred_loss=0.371943 pred_uniform=0.373048 rep=0.418679 barlow=1.035528 barlow_diag=-0.0021 barlow_offdiag=0.1729 sigreg_obj=0.484520 memory_barlow=0.000000 target_std=0.9876 pred_std=0.9787 decoded_loss=0.005920 decoded_dynamic=0.010015 presence_loss=0.180873 memory_norm=6.135030
epoch=2 step=4200 total_loss=0.542778 pred_loss=0.360997 pred_uniform=0.361861 rep=0.412673 barlow=1.031889 barlow_diag=-0.0013 barlow_offdiag=0.1658 sigreg_obj=0.478384 memory_barlow=0.000000 target_std=0.9884 pred_std=0.9765 decoded_loss=0.006631 decoded_dynamic=0.011021 presence_loss=0.259046 memory_norm=8.399019
epoch=2 step=4210 total_loss=0.389517 pred_loss=0.262548 pred_uniform=0.264809 rep=0.313630 barlow=1.026603 barlow_diag=-0.0002 barlow_offdiag=0.1576 sigreg_obj=0.587006 memory_barlow=0.000000 target_std=0.9915 pred_std=0.9871 decoded_loss=0.006481 decoded_dynamic=0.011226 presence_loss=0.174491 memory_norm=8.312171
epoch=2 step=4220 total_loss=0.451304 pred_loss=0.301861 pred_uniform=0.303271 rep=0.354574 barlow=1.032832 barlow_diag=-0.0029 barlow_offdiag=0.1577 sigreg_obj=0.449699 memory_barlow=0.000000 target_std=0.9879 pred_std=0.9806 decoded_loss=0.005435 decoded_dynamic=0.009117 presence_loss=0.216724 memory_norm=9.385836
epoch=2 step=4230 total_loss=0.701433 pred_loss=0.458121 pred_uniform=0.456011 rep=0.522457 barlow=1.048455 barlow_diag=-0.0072 barlow_offdiag=0.1688 sigreg_obj=0.558768 memory_barlow=0.000000 target_std=0.9836 pred_std=0.9658 decoded_loss=0.004414 decoded_dynamic=0.007146 presence_loss=0.146216 memory_norm=6.748971
epoch=2 step=4240 total_loss=0.412582 pred_loss=0.273566 pred_uniform=0.274113 rep=0.332284 barlow=1.015167 barlow_diag=0.0052 barlow_offdiag=0.1570 sigreg_obj=0.392883 memory_barlow=0.000000 target_std=0.9899 pred_std=0.9846 decoded_loss=0.005309 decoded_dynamic=0.008399 presence_loss=0.212254 memory_norm=8.052744
saved_recovery_checkpoint epoch=2 step=4250 successful_updates=4250
epoch=2 step=4250 total_loss=0.649191 pred_loss=0.426163 pred_uniform=0.424823 rep=0.454298 barlow=1.021219 barlow_diag=0.0041 barlow_offdiag=0.1705 sigreg_obj=0.447954 memory_barlow=0.000000 target_std=0.9846 pred_std=0.9636 decoded_loss=0.005205 decoded_dynamic=0.008323 presence_loss=0.164499 memory_norm=8.087817
epoch=2 step=4260 total_loss=0.582566 pred_loss=0.382155 pred_uniform=0.381096 rep=0.444398 barlow=1.049189 barlow_diag=-0.0058 barlow_offdiag=0.1795 sigreg_obj=0.439465 memory_barlow=0.000000 target_std=0.9804 pred_std=0.9619 decoded_loss=0.004132 decoded_dynamic=0.007113 presence_loss=0.120050 memory_norm=6.493242
epoch=2 step=4270 total_loss=0.556896 pred_loss=0.367876 pred_uniform=0.367723 rep=0.406535 barlow=1.038099 barlow_diag=-0.0055 barlow_offdiag=0.1663 sigreg_obj=0.431045 memory_barlow=0.000000 target_std=0.9865 pred_std=0.9747 decoded_loss=0.007137 decoded_dynamic=0.011972 presence_loss=0.210373 memory_norm=6.920066
epoch=2 step=4280 total_loss=0.420910 pred_loss=0.285451 pred_uniform=0.288097 rep=0.331687 barlow=1.023731 barlow_diag=0.0008 barlow_offdiag=0.1602 sigreg_obj=0.380543 memory_barlow=0.000000 target_std=0.9905 pred_std=0.9860 decoded_loss=0.006903 decoded_dynamic=0.011991 presence_loss=0.236421 memory_norm=8.262485
epoch=2 step=4290 total_loss=0.639686 pred_loss=0.415582 pred_uniform=0.413100 rep=0.467841 barlow=1.029660 barlow_diag=0.0003 barlow_offdiag=0.1692 sigreg_obj=0.513580 memory_barlow=0.000000 target_std=0.9825 pred_std=0.9611 decoded_loss=0.005551 decoded_dynamic=0.008464 presence_loss=0.199058 memory_norm=7.839120
epoch=2 step=4300 total_loss=0.712822 pred_loss=0.461876 pred_uniform=0.458323 rep=0.536943 barlow=1.012859 barlow_diag=0.0076 barlow_offdiag=0.1670 sigreg_obj=0.404198 memory_barlow=0.000000 target_std=0.9780 pred_std=0.9536 decoded_loss=0.005750 decoded_dynamic=0.007734 presence_loss=0.162517 memory_norm=5.985217
epoch=2 step=4310 total_loss=0.562812 pred_loss=0.369530 pred_uniform=0.368950 rep=0.418675 barlow=1.034889 barlow_diag=-0.0033 barlow_offdiag=0.1689 sigreg_obj=0.495358 memory_barlow=0.000000 target_std=0.9858 pred_std=0.9771 decoded_loss=0.005324 decoded_dynamic=0.008833 presence_loss=0.240419 memory_norm=7.616040
epoch=2 step=4320 total_loss=0.555789 pred_loss=0.366226 pred_uniform=0.366302 rep=0.412367 barlow=1.032670 barlow_diag=-0.0019 barlow_offdiag=0.1691 sigreg_obj=0.557414 memory_barlow=0.000000 target_std=0.9835 pred_std=0.9660 decoded_loss=0.006733 decoded_dynamic=0.010353 presence_loss=0.228628 memory_norm=8.267185
epoch=2 step=4330 total_loss=0.623949 pred_loss=0.409417 pred_uniform=0.408077 rep=0.447439 barlow=1.041207 barlow_diag=-0.0059 barlow_offdiag=0.1727 sigreg_obj=0.421613 memory_barlow=0.000000 target_std=0.9849 pred_std=0.9628 decoded_loss=0.004492 decoded_dynamic=0.007714 presence_loss=0.169918 memory_norm=7.489647
epoch=2 step=4340 total_loss=0.547743 pred_loss=0.359798 pred_uniform=0.358919 rep=0.411448 barlow=1.016365 barlow_diag=0.0050 barlow_offdiag=0.1599 sigreg_obj=0.421569 memory_barlow=0.000000 target_std=0.9872 pred_std=0.9750 decoded_loss=0.005741 decoded_dynamic=0.009565 presence_loss=0.200692 memory_norm=8.207348
epoch=2 step=4350 total_loss=0.488478 pred_loss=0.324373 pred_uniform=0.325038 rep=0.369715 barlow=1.043998 barlow_diag=-0.0076 barlow_offdiag=0.1633 sigreg_obj=0.478696 memory_barlow=0.000000 target_std=0.9885 pred_std=0.9818 decoded_loss=0.006997 decoded_dynamic=0.010621 presence_loss=0.221017 memory_norm=8.122890
epoch=2 step=4360 total_loss=0.629375 pred_loss=0.407491 pred_uniform=0.404387 rep=0.448042 barlow=1.026434 barlow_diag=0.0010 barlow_offdiag=0.1683 sigreg_obj=0.428442 memory_barlow=0.000000 target_std=0.9805 pred_std=0.9594 decoded_loss=0.004794 decoded_dynamic=0.007071 presence_loss=0.150167 memory_norm=7.164192
epoch=2 step=4370 total_loss=0.509105 pred_loss=0.334227 pred_uniform=0.333431 rep=0.378151 barlow=1.042069 barlow_diag=-0.0054 barlow_offdiag=0.1703 sigreg_obj=0.451832 memory_barlow=0.000000 target_std=0.9880 pred_std=0.9766 decoded_loss=0.004670 decoded_dynamic=0.007478 presence_loss=0.120133 memory_norm=7.174461
epoch=2 step=4380 total_loss=0.568576 pred_loss=0.378642 pred_uniform=0.379292 rep=0.440477 barlow=1.019353 barlow_diag=0.0039 barlow_offdiag=0.1631 sigreg_obj=0.345733 memory_barlow=0.000000 target_std=0.9833 pred_std=0.9679 decoded_loss=0.005811 decoded_dynamic=0.010073 presence_loss=0.203583 memory_norm=6.612112
epoch=2 step=4390 total_loss=0.697241 pred_loss=0.450417 pred_uniform=0.446248 rep=0.509284 barlow=1.043801 barlow_diag=-0.0083 barlow_offdiag=0.1611 sigreg_obj=0.369230 memory_barlow=0.000000 target_std=0.9814 pred_std=0.9592 decoded_loss=0.005778 decoded_dynamic=0.009866 presence_loss=0.210646 memory_norm=6.516801
epoch=2 step=4400 total_loss=0.448036 pred_loss=0.300050 pred_uniform=0.301947 rep=0.356729 barlow=1.043610 barlow_diag=-0.0089 barlow_offdiag=0.1639 sigreg_obj=0.580881 memory_barlow=0.000000 target_std=0.9883 pred_std=0.9801 decoded_loss=0.005472 decoded_dynamic=0.009370 presence_loss=0.179499 memory_norm=9.454855
epoch=2 step=4410 total_loss=0.832161 pred_loss=0.540956 pred_uniform=0.537139 rep=0.582734 barlow=1.009504 barlow_diag=0.0112 barlow_offdiag=0.1769 sigreg_obj=0.398830 memory_barlow=0.000000 target_std=0.9813 pred_std=0.9518 decoded_loss=0.004991 decoded_dynamic=0.007074 presence_loss=0.147266 memory_norm=5.607059
epoch=2 step=4420 total_loss=0.567637 pred_loss=0.374229 pred_uniform=0.373852 rep=0.431651 barlow=1.024315 barlow_diag=0.0012 barlow_offdiag=0.1577 sigreg_obj=0.396388 memory_barlow=0.000000 target_std=0.9846 pred_std=0.9727 decoded_loss=0.005252 decoded_dynamic=0.008479 presence_loss=0.200902 memory_norm=8.103495
epoch=2 step=4430 total_loss=0.627075 pred_loss=0.411220 pred_uniform=0.410126 rep=0.454385 barlow=1.034703 barlow_diag=-0.0022 barlow_offdiag=0.1659 sigreg_obj=0.437876 memory_barlow=0.000000 target_std=0.9865 pred_std=0.9713 decoded_loss=0.005281 decoded_dynamic=0.008879 presence_loss=0.214025 memory_norm=7.580675
epoch=2 step=4440 total_loss=0.526950 pred_loss=0.351603 pred_uniform=0.352604 rep=0.398772 barlow=1.057085 barlow_diag=-0.0144 barlow_offdiag=0.1646 sigreg_obj=0.397254 memory_barlow=0.000000 target_std=0.9867 pred_std=0.9737 decoded_loss=0.005339 decoded_dynamic=0.008634 presence_loss=0.183441 memory_norm=7.601899
epoch=2 step=4450 total_loss=0.774216 pred_loss=0.505427 pred_uniform=0.503006 rep=0.540842 barlow=1.052221 barlow_diag=-0.0093 barlow_offdiag=0.1734 sigreg_obj=0.512189 memory_barlow=0.000000 target_std=0.9757 pred_std=0.9399 decoded_loss=0.004219 decoded_dynamic=0.006507 presence_loss=0.132772 memory_norm=5.946651
epoch=2 step=4460 total_loss=0.595382 pred_loss=0.389809 pred_uniform=0.388342 rep=0.459152 barlow=1.049356 barlow_diag=-0.0091 barlow_offdiag=0.1714 sigreg_obj=0.396868 memory_barlow=0.000000 target_std=0.9815 pred_std=0.9665 decoded_loss=0.004174 decoded_dynamic=0.006648 presence_loss=0.168782 memory_norm=6.336061
epoch=2 step=4470 total_loss=0.500361 pred_loss=0.332452 pred_uniform=0.333281 rep=0.390471 barlow=1.006489 barlow_diag=0.0136 barlow_offdiag=0.1777 sigreg_obj=0.483496 memory_barlow=0.000000 target_std=0.9823 pred_std=0.9664 decoded_loss=0.004838 decoded_dynamic=0.007903 presence_loss=0.150008 memory_norm=6.816265
epoch=2 step=4480 total_loss=0.600741 pred_loss=0.392061 pred_uniform=0.390064 rep=0.455173 barlow=1.025496 barlow_diag=0.0014 barlow_offdiag=0.1608 sigreg_obj=0.361036 memory_barlow=0.000000 target_std=0.9835 pred_std=0.9714 decoded_loss=0.005117 decoded_dynamic=0.007979 presence_loss=0.144518 memory_norm=6.184204
epoch=2 step=4490 total_loss=0.558489 pred_loss=0.368124 pred_uniform=0.367644 rep=0.417535 barlow=1.024202 barlow_diag=0.0022 barlow_offdiag=0.1652 sigreg_obj=0.374466 memory_barlow=0.000000 target_std=0.9855 pred_std=0.9772 decoded_loss=0.006198 decoded_dynamic=0.008314 presence_loss=0.232140 memory_norm=6.121739
saved_recovery_checkpoint epoch=2 step=4500 successful_updates=4500
epoch=2 step=4500 total_loss=0.632117 pred_loss=0.406670 pred_uniform=0.402820 rep=0.454040 barlow=1.022373 barlow_diag=0.0070 barlow_offdiag=0.1787 sigreg_obj=0.349651 memory_barlow=0.000000 target_std=0.9841 pred_std=0.9690 decoded_loss=0.007198 decoded_dynamic=0.011050 presence_loss=0.300224 memory_norm=5.564229
epoch=2 step=4510 total_loss=0.539515 pred_loss=0.357653 pred_uniform=0.358442 rep=0.406229 barlow=1.031632 barlow_diag=-0.0037 barlow_offdiag=0.1582 sigreg_obj=0.607518 memory_barlow=0.000000 target_std=0.9898 pred_std=0.9806 decoded_loss=0.006408 decoded_dynamic=0.010218 presence_loss=0.257967 memory_norm=9.672543
epoch=2 step=4520 total_loss=0.446921 pred_loss=0.301045 pred_uniform=0.303416 rep=0.347487 barlow=1.019085 barlow_diag=0.0047 barlow_offdiag=0.1615 sigreg_obj=0.477706 memory_barlow=0.000000 target_std=0.9847 pred_std=0.9737 decoded_loss=0.005093 decoded_dynamic=0.008462 presence_loss=0.175258 memory_norm=8.165207
epoch=2 step=4530 total_loss=0.491318 pred_loss=0.326870 pred_uniform=0.327732 rep=0.366852 barlow=1.039740 barlow_diag=-0.0041 barlow_offdiag=0.1704 sigreg_obj=0.484381 memory_barlow=0.000000 target_std=0.9872 pred_std=0.9782 decoded_loss=0.005074 decoded_dynamic=0.008838 presence_loss=0.164410 memory_norm=8.407675
epoch=2 step=4540 total_loss=0.466854 pred_loss=0.313750 pred_uniform=0.315685 rep=0.365359 barlow=1.020914 barlow_diag=0.0032 barlow_offdiag=0.1576 sigreg_obj=0.435653 memory_barlow=0.000000 target_std=0.9878 pred_std=0.9792 decoded_loss=0.006309 decoded_dynamic=0.009895 presence_loss=0.182149 memory_norm=8.343412
epoch=2 step=4550 total_loss=0.489096 pred_loss=0.324382 pred_uniform=0.324734 rep=0.371169 barlow=1.025495 barlow_diag=0.0013 barlow_offdiag=0.1646 sigreg_obj=0.363287 memory_barlow=0.000000 target_std=0.9888 pred_std=0.9804 decoded_loss=0.005301 decoded_dynamic=0.007699 presence_loss=0.175153 memory_norm=6.397018
epoch=2 step=4560 total_loss=0.635667 pred_loss=0.417548 pred_uniform=0.416236 rep=0.462876 barlow=1.033368 barlow_diag=-0.0009 barlow_offdiag=0.1651 sigreg_obj=0.342860 memory_barlow=0.000000 target_std=0.9859 pred_std=0.9659 decoded_loss=0.004833 decoded_dynamic=0.007476 presence_loss=0.189642 memory_norm=6.234111
epoch=2 step=4570 total_loss=0.627407 pred_loss=0.416734 pred_uniform=0.417217 rep=0.454140 barlow=1.019154 barlow_diag=0.0045 barlow_offdiag=0.1637 sigreg_obj=0.372531 memory_barlow=0.000000 target_std=0.9873 pred_std=0.9744 decoded_loss=0.005959 decoded_dynamic=0.009833 presence_loss=0.256058 memory_norm=6.985977
epoch=2 step=4580 total_loss=0.601042 pred_loss=0.392248 pred_uniform=0.390728 rep=0.436833 barlow=1.033124 barlow_diag=-0.0027 barlow_offdiag=0.1635 sigreg_obj=0.449830 memory_barlow=0.000000 target_std=0.9814 pred_std=0.9634 decoded_loss=0.004986 decoded_dynamic=0.008038 presence_loss=0.243191 memory_norm=7.748904
epoch=2 step=4590 total_loss=0.607639 pred_loss=0.404143 pred_uniform=0.405160 rep=0.460759 barlow=1.030870 barlow_diag=-0.0024 barlow_offdiag=0.1598 sigreg_obj=0.418265 memory_barlow=0.000000 target_std=0.9858 pred_std=0.9735 decoded_loss=0.006565 decoded_dynamic=0.010369 presence_loss=0.259566 memory_norm=7.444128
epoch=2 step=4600 total_loss=0.523924 pred_loss=0.341978 pred_uniform=0.340503 rep=0.388796 barlow=1.037531 barlow_diag=-0.0046 barlow_offdiag=0.1649 sigreg_obj=0.442055 memory_barlow=0.000000 target_std=0.9857 pred_std=0.9737 decoded_loss=0.005003 decoded_dynamic=0.008403 presence_loss=0.231643 memory_norm=7.819028
epoch=2 step=4610 total_loss=0.495834 pred_loss=0.334641 pred_uniform=0.337211 rep=0.379760 barlow=1.025748 barlow_diag=0.0008 barlow_offdiag=0.1570 sigreg_obj=0.418396 memory_barlow=0.000000 target_std=0.9860 pred_std=0.9792 decoded_loss=0.006542 decoded_dynamic=0.011340 presence_loss=0.237986 memory_norm=8.166893
epoch=2 step=4620 total_loss=0.447523 pred_loss=0.293746 pred_uniform=0.293346 rep=0.348760 barlow=1.053485 barlow_diag=-0.0128 barlow_offdiag=0.1622 sigreg_obj=0.527907 memory_barlow=0.000000 target_std=0.9834 pred_std=0.9742 decoded_loss=0.005365 decoded_dynamic=0.009439 presence_loss=0.214518 memory_norm=7.573308
epoch=2 step=4630 total_loss=0.449151 pred_loss=0.297279 pred_uniform=0.298088 rep=0.333312 barlow=1.014985 barlow_diag=0.0055 barlow_offdiag=0.1601 sigreg_obj=0.589252 memory_barlow=0.000000 target_std=0.9897 pred_std=0.9850 decoded_loss=0.006565 decoded_dynamic=0.010643 presence_loss=0.306707 memory_norm=8.547222
epoch=2 step=4640 total_loss=0.534248 pred_loss=0.356475 pred_uniform=0.357562 rep=0.416987 barlow=1.011052 barlow_diag=0.0092 barlow_offdiag=0.1673 sigreg_obj=0.374855 memory_barlow=0.000000 target_std=0.9868 pred_std=0.9736 decoded_loss=0.005827 decoded_dynamic=0.008460 presence_loss=0.177602 memory_norm=7.296724
epoch=2 step=4650 total_loss=0.474026 pred_loss=0.315161 pred_uniform=0.316148 rep=0.363447 barlow=1.034249 barlow_diag=-0.0051 barlow_offdiag=0.1582 sigreg_obj=0.462984 memory_barlow=0.000000 target_std=0.9874 pred_std=0.9793 decoded_loss=0.007327 decoded_dynamic=0.010691 presence_loss=0.269223 memory_norm=7.868982
epoch=2 step=4660 total_loss=0.648550 pred_loss=0.421784 pred_uniform=0.419683 rep=0.481461 barlow=1.048365 barlow_diag=-0.0076 barlow_offdiag=0.1635 sigreg_obj=0.526261 memory_barlow=0.000000 target_std=0.9757 pred_std=0.9551 decoded_loss=0.006307 decoded_dynamic=0.009069 presence_loss=0.310101 memory_norm=7.156251
epoch=2 step=4670 total_loss=0.618755 pred_loss=0.407979 pred_uniform=0.407572 rep=0.457138 barlow=1.018851 barlow_diag=0.0056 barlow_offdiag=0.1608 sigreg_obj=0.395850 memory_barlow=0.000000 target_std=0.9852 pred_std=0.9710 decoded_loss=0.007355 decoded_dynamic=0.011218 presence_loss=0.262026 memory_norm=7.583425
epoch=2 step=4680 total_loss=0.648632 pred_loss=0.418753 pred_uniform=0.414991 rep=0.468066 barlow=1.010392 barlow_diag=0.0091 barlow_offdiag=0.1647 sigreg_obj=0.414481 memory_barlow=0.000000 target_std=0.9856 pred_std=0.9669 decoded_loss=0.004668 decoded_dynamic=0.006892 presence_loss=0.196506 memory_norm=6.971384
epoch=2 step=4690 total_loss=0.577840 pred_loss=0.382689 pred_uniform=0.383015 rep=0.434324 barlow=1.038755 barlow_diag=-0.0055 barlow_offdiag=0.1609 sigreg_obj=0.448579 memory_barlow=0.000000 target_std=0.9840 pred_std=0.9706 decoded_loss=0.005512 decoded_dynamic=0.008168 presence_loss=0.197775 memory_norm=7.406768
epoch=2 step=4700 total_loss=0.457613 pred_loss=0.308989 pred_uniform=0.311267 rep=0.356792 barlow=1.025822 barlow_diag=-0.0009 barlow_offdiag=0.1574 sigreg_obj=0.401248 memory_barlow=0.000000 target_std=0.9916 pred_std=0.9864 decoded_loss=0.005633 decoded_dynamic=0.009556 presence_loss=0.166090 memory_norm=7.648535
epoch=2 step=4710 total_loss=0.601668 pred_loss=0.391422 pred_uniform=0.389282 rep=0.434588 barlow=1.037534 barlow_diag=-0.0026 barlow_offdiag=0.1677 sigreg_obj=0.448092 memory_barlow=0.000000 target_std=0.9835 pred_std=0.9698 decoded_loss=0.005153 decoded_dynamic=0.008294 presence_loss=0.214963 memory_norm=6.764156
epoch=2 step=4720 total_loss=0.443678 pred_loss=0.296715 pred_uniform=0.298159 rep=0.338754 barlow=1.038626 barlow_diag=-0.0049 barlow_offdiag=0.1545 sigreg_obj=0.454091 memory_barlow=0.000000 target_std=0.9897 pred_std=0.9823 decoded_loss=0.005594 decoded_dynamic=0.009117 presence_loss=0.243094 memory_norm=7.759224
epoch=2 step=4730 total_loss=0.602459 pred_loss=0.400222 pred_uniform=0.400971 rep=0.438910 barlow=1.018500 barlow_diag=0.0031 barlow_offdiag=0.1563 sigreg_obj=0.421984 memory_barlow=0.000000 target_std=0.9874 pred_std=0.9748 decoded_loss=0.006038 decoded_dynamic=0.010038 presence_loss=0.225521 memory_norm=6.957725
epoch=2 step=4740 total_loss=0.662730 pred_loss=0.429974 pred_uniform=0.426779 rep=0.455637 barlow=1.008318 barlow_diag=0.0088 barlow_offdiag=0.1609 sigreg_obj=0.427958 memory_barlow=0.000000 target_std=0.9832 pred_std=0.9654 decoded_loss=0.004943 decoded_dynamic=0.008035 presence_loss=0.147872 memory_norm=6.937621
saved_recovery_checkpoint epoch=2 step=4750 successful_updates=4750
epoch=2 step=4750 total_loss=0.602787 pred_loss=0.396485 pred_uniform=0.395726 rep=0.429685 barlow=1.022039 barlow_diag=0.0010 barlow_offdiag=0.1584 sigreg_obj=0.451069 memory_barlow=0.000000 target_std=0.9828 pred_std=0.9644 decoded_loss=0.005414 decoded_dynamic=0.008868 presence_loss=0.212905 memory_norm=8.386866
epoch=2 step=4760 total_loss=0.438811 pred_loss=0.292612 pred_uniform=0.293795 rep=0.339655 barlow=1.027842 barlow_diag=0.0004 barlow_offdiag=0.1563 sigreg_obj=0.381761 memory_barlow=0.000000 target_std=0.9874 pred_std=0.9800 decoded_loss=0.006266 decoded_dynamic=0.009779 presence_loss=0.288608 memory_norm=8.743555
epoch=2 step=4770 total_loss=0.651934 pred_loss=0.429608 pred_uniform=0.429067 rep=0.474798 barlow=1.042526 barlow_diag=-0.0035 barlow_offdiag=0.1725 sigreg_obj=0.430760 memory_barlow=0.000000 target_std=0.9776 pred_std=0.9543 decoded_loss=0.005084 decoded_dynamic=0.008179 presence_loss=0.178349 memory_norm=6.239143
epoch=2 step=4780 total_loss=0.477649 pred_loss=0.321320 pred_uniform=0.323508 rep=0.374058 barlow=1.020998 barlow_diag=0.0020 barlow_offdiag=0.1577 sigreg_obj=0.527036 memory_barlow=0.000000 target_std=0.9902 pred_std=0.9820 decoded_loss=0.005542 decoded_dynamic=0.009419 presence_loss=0.167470 memory_norm=8.704527
epoch=2 step=4790 total_loss=0.547030 pred_loss=0.362169 pred_uniform=0.362659 rep=0.407818 barlow=1.032020 barlow_diag=-0.0018 barlow_offdiag=0.1648 sigreg_obj=0.489939 memory_barlow=0.000000 target_std=0.9832 pred_std=0.9767 decoded_loss=0.005286 decoded_dynamic=0.008400 presence_loss=0.232253 memory_norm=7.998561
epoch=2 step=4800 total_loss=0.612745 pred_loss=0.401701 pred_uniform=0.400481 rep=0.440048 barlow=1.049703 barlow_diag=-0.0083 barlow_offdiag=0.1695 sigreg_obj=0.413687 memory_barlow=0.000000 target_std=0.9815 pred_std=0.9596 decoded_loss=0.004318 decoded_dynamic=0.007418 presence_loss=0.195287 memory_norm=6.697238
epoch=2 step=4810 total_loss=0.521785 pred_loss=0.346721 pred_uniform=0.347256 rep=0.376983 barlow=1.031071 barlow_diag=-0.0041 barlow_offdiag=0.1545 sigreg_obj=0.423625 memory_barlow=0.000000 target_std=0.9894 pred_std=0.9826 decoded_loss=0.006218 decoded_dynamic=0.009832 presence_loss=0.201678 memory_norm=8.771945
epoch=2 step=4820 total_loss=0.568097 pred_loss=0.374102 pred_uniform=0.373766 rep=0.413661 barlow=1.017629 barlow_diag=0.0067 barlow_offdiag=0.1645 sigreg_obj=0.411559 memory_barlow=0.000000 target_std=0.9788 pred_std=0.9635 decoded_loss=0.005656 decoded_dynamic=0.008285 presence_loss=0.197486 memory_norm=7.255313
epoch=2 step=4830 total_loss=0.570682 pred_loss=0.378035 pred_uniform=0.378038 rep=0.421613 barlow=1.028935 barlow_diag=-0.0017 barlow_offdiag=0.1566 sigreg_obj=0.351584 memory_barlow=0.000000 target_std=0.9809 pred_std=0.9679 decoded_loss=0.005097 decoded_dynamic=0.008238 presence_loss=0.184461 memory_norm=7.082403
epoch=2 step=4840 total_loss=0.688702 pred_loss=0.444322 pred_uniform=0.440513 rep=0.469724 barlow=1.032548 barlow_diag=-0.0020 barlow_offdiag=0.1675 sigreg_obj=0.540547 memory_barlow=0.000000 target_std=0.9756 pred_std=0.9513 decoded_loss=0.004296 decoded_dynamic=0.006970 presence_loss=0.168059 memory_norm=6.960452
epoch=2 step=4850 total_loss=0.587529 pred_loss=0.385956 pred_uniform=0.385021 rep=0.414928 barlow=1.031292 barlow_diag=-0.0011 barlow_offdiag=0.1624 sigreg_obj=0.445348 memory_barlow=0.000000 target_std=0.9837 pred_std=0.9715 decoded_loss=0.004670 decoded_dynamic=0.007434 presence_loss=0.174248 memory_norm=7.057367
epoch=2 step=4860 total_loss=0.584506 pred_loss=0.386021 pred_uniform=0.385820 rep=0.436732 barlow=1.016415 barlow_diag=0.0031 barlow_offdiag=0.1527 sigreg_obj=0.417710 memory_barlow=0.000000 target_std=0.9850 pred_std=0.9693 decoded_loss=0.005990 decoded_dynamic=0.009254 presence_loss=0.186296 memory_norm=8.988071
epoch=2 step=4870 total_loss=0.625904 pred_loss=0.409356 pred_uniform=0.407806 rep=0.451711 barlow=1.027935 barlow_diag=0.0003 barlow_offdiag=0.1613 sigreg_obj=0.476266 memory_barlow=0.000000 target_std=0.9818 pred_std=0.9637 decoded_loss=0.005787 decoded_dynamic=0.009858 presence_loss=0.193516 memory_norm=7.301118
epoch=2 step=4880 total_loss=0.530648 pred_loss=0.353234 pred_uniform=0.354007 rep=0.397746 barlow=1.037076 barlow_diag=-0.0036 barlow_offdiag=0.1633 sigreg_obj=0.415210 memory_barlow=0.000000 target_std=0.9858 pred_std=0.9744 decoded_loss=0.004375 decoded_dynamic=0.007394 presence_loss=0.157226 memory_norm=7.461710
epoch=2 step=4890 total_loss=0.487385 pred_loss=0.330027 pred_uniform=0.332628 rep=0.382112 barlow=1.034345 barlow_diag=-0.0039 barlow_offdiag=0.1562 sigreg_obj=0.421739 memory_barlow=0.000000 target_std=0.9902 pred_std=0.9859 decoded_loss=0.007356 decoded_dynamic=0.010683 presence_loss=0.179396 memory_norm=6.866736
epoch=2 step=4900 total_loss=0.475615 pred_loss=0.318269 pred_uniform=0.319991 rep=0.363600 barlow=1.059811 barlow_diag=-0.0140 barlow_offdiag=0.1673 sigreg_obj=0.472223 memory_barlow=0.000000 target_std=0.9836 pred_std=0.9764 decoded_loss=0.006461 decoded_dynamic=0.011130 presence_loss=0.208056 memory_norm=7.048414
epoch=2 step=4910 total_loss=0.607292 pred_loss=0.394984 pred_uniform=0.392488 rep=0.437706 barlow=1.024644 barlow_diag=0.0007 barlow_offdiag=0.1565 sigreg_obj=0.421998 memory_barlow=0.000000 target_std=0.9882 pred_std=0.9804 decoded_loss=0.005366 decoded_dynamic=0.009002 presence_loss=0.192493 memory_norm=7.122256
epoch=2 step=4920 total_loss=0.609695 pred_loss=0.400862 pred_uniform=0.399962 rep=0.459395 barlow=1.017350 barlow_diag=0.0044 barlow_offdiag=0.1596 sigreg_obj=0.391962 memory_barlow=0.000000 target_std=0.9812 pred_std=0.9616 decoded_loss=0.005101 decoded_dynamic=0.008528 presence_loss=0.189364 memory_norm=6.420227
epoch=2 step=4930 total_loss=0.645046 pred_loss=0.418980 pred_uniform=0.416504 rep=0.454536 barlow=1.040396 barlow_diag=-0.0065 barlow_offdiag=0.1589 sigreg_obj=0.500886 memory_barlow=0.000000 target_std=0.9807 pred_std=0.9595 decoded_loss=0.006692 decoded_dynamic=0.010108 presence_loss=0.224007 memory_norm=6.865453
epoch=2 step=4940 total_loss=0.679860 pred_loss=0.441969 pred_uniform=0.439244 rep=0.530704 barlow=1.039218 barlow_diag=-0.0056 barlow_offdiag=0.1621 sigreg_obj=0.425276 memory_barlow=0.000000 target_std=0.9801 pred_std=0.9579 decoded_loss=0.004502 decoded_dynamic=0.007532 presence_loss=0.190708 memory_norm=6.693037
epoch=2 step=4950 total_loss=0.548054 pred_loss=0.367681 pred_uniform=0.369940 rep=0.421071 barlow=1.014559 barlow_diag=0.0066 barlow_offdiag=0.1621 sigreg_obj=0.543238 memory_barlow=0.000000 target_std=0.9856 pred_std=0.9719 decoded_loss=0.005701 decoded_dynamic=0.009463 presence_loss=0.279516 memory_norm=8.078209
epoch=2 step=4960 total_loss=0.535207 pred_loss=0.357980 pred_uniform=0.359945 rep=0.416402 barlow=1.031360 barlow_diag=-0.0017 barlow_offdiag=0.1603 sigreg_obj=0.531787 memory_barlow=0.000000 target_std=0.9799 pred_std=0.9607 decoded_loss=0.005540 decoded_dynamic=0.008495 presence_loss=0.264613 memory_norm=8.956753
epoch=2 step=4970 total_loss=0.653620 pred_loss=0.433592 pred_uniform=0.434055 rep=0.474787 barlow=1.006451 barlow_diag=0.0132 barlow_offdiag=0.1711 sigreg_obj=0.542206 memory_barlow=0.000000 target_std=0.9816 pred_std=0.9638 decoded_loss=0.005013 decoded_dynamic=0.007877 presence_loss=0.143903 memory_norm=6.463002
epoch=2 step=4980 total_loss=0.469100 pred_loss=0.310466 pred_uniform=0.310626 rep=0.343931 barlow=1.025734 barlow_diag=-0.0010 barlow_offdiag=0.1548 sigreg_obj=0.349422 memory_barlow=0.000000 target_std=0.9904 pred_std=0.9815 decoded_loss=0.006018 decoded_dynamic=0.009537 presence_loss=0.219358 memory_norm=7.794368
epoch=2 step=4990 total_loss=0.543658 pred_loss=0.362477 pred_uniform=0.363443 rep=0.397250 barlow=1.028478 barlow_diag=-0.0013 barlow_offdiag=0.1590 sigreg_obj=0.425413 memory_barlow=0.000000 target_std=0.9867 pred_std=0.9738 decoded_loss=0.005879 decoded_dynamic=0.009068 presence_loss=0.149971 memory_norm=7.698028
saved_recovery_checkpoint epoch=2 step=5000 successful_updates=5000
epoch=2 step=5000 total_loss=0.555406 pred_loss=0.366770 pred_uniform=0.366790 rep=0.405610 barlow=1.026853 barlow_diag=0.0023 barlow_offdiag=0.1662 sigreg_obj=0.491397 memory_barlow=0.000000 target_std=0.9819 pred_std=0.9646 decoded_loss=0.004585 decoded_dynamic=0.006538 presence_loss=0.151653 memory_norm=7.770875
epoch=2 step=5010 total_loss=0.735447 pred_loss=0.475776 pred_uniform=0.472023 rep=0.516404 barlow=1.038254 barlow_diag=-0.0049 barlow_offdiag=0.1584 sigreg_obj=0.555837 memory_barlow=0.000000 target_std=0.9767 pred_std=0.9471 decoded_loss=0.006328 decoded_dynamic=0.007952 presence_loss=0.223536 memory_norm=6.835107
epoch=2 step=5020 total_loss=0.443668 pred_loss=0.293381 pred_uniform=0.293800 rep=0.356622 barlow=1.023158 barlow_diag=0.0020 barlow_offdiag=0.1585 sigreg_obj=0.445596 memory_barlow=0.000000 target_std=0.9858 pred_std=0.9788 decoded_loss=0.004974 decoded_dynamic=0.006751 presence_loss=0.209809 memory_norm=8.262178
epoch=2 step=5030 total_loss=0.566361 pred_loss=0.373854 pred_uniform=0.373872 rep=0.420314 barlow=1.034340 barlow_diag=-0.0043 barlow_offdiag=0.1598 sigreg_obj=0.552693 memory_barlow=0.000000 target_std=0.9837 pred_std=0.9645 decoded_loss=0.005122 decoded_dynamic=0.008791 presence_loss=0.151588 memory_norm=7.698659
epoch=2 step=5040 total_loss=0.382999 pred_loss=0.258883 pred_uniform=0.261093 rep=0.304996 barlow=1.021959 barlow_diag=0.0028 barlow_offdiag=0.1607 sigreg_obj=0.407590 memory_barlow=0.000000 target_std=0.9883 pred_std=0.9812 decoded_loss=0.005082 decoded_dynamic=0.008627 presence_loss=0.188656 memory_norm=6.542833
epoch=2 step=5050 total_loss=0.491652 pred_loss=0.329037 pred_uniform=0.330411 rep=0.358914 barlow=1.038029 barlow_diag=-0.0039 barlow_offdiag=0.1599 sigreg_obj=0.372630 memory_barlow=0.000000 target_std=0.9884 pred_std=0.9789 decoded_loss=0.005138 decoded_dynamic=0.008687 presence_loss=0.193792 memory_norm=6.943520
epoch=2 step=5060 total_loss=0.609720 pred_loss=0.399884 pred_uniform=0.398933 rep=0.439283 barlow=1.036187 barlow_diag=-0.0035 barlow_offdiag=0.1627 sigreg_obj=0.497628 memory_barlow=0.000000 target_std=0.9750 pred_std=0.9550 decoded_loss=0.005688 decoded_dynamic=0.008874 presence_loss=0.233000 memory_norm=7.629699
epoch=2 step=5070 total_loss=0.440900 pred_loss=0.298337 pred_uniform=0.301030 rep=0.340863 barlow=1.033425 barlow_diag=-0.0026 barlow_offdiag=0.1606 sigreg_obj=0.411462 memory_barlow=0.000000 target_std=0.9863 pred_std=0.9791 decoded_loss=0.006990 decoded_dynamic=0.011344 presence_loss=0.301669 memory_norm=7.081964
epoch=2 step=5080 total_loss=0.638275 pred_loss=0.417990 pred_uniform=0.416443 rep=0.464414 barlow=1.034007 barlow_diag=-0.0039 barlow_offdiag=0.1561 sigreg_obj=0.402149 memory_barlow=0.000000 target_std=0.9820 pred_std=0.9628 decoded_loss=0.004984 decoded_dynamic=0.008517 presence_loss=0.195262 memory_norm=6.936377
epoch=2 step=5090 total_loss=0.522134 pred_loss=0.351570 pred_uniform=0.353828 rep=0.381646 barlow=1.021347 barlow_diag=0.0015 barlow_offdiag=0.1540 sigreg_obj=0.484879 memory_barlow=0.000000 target_std=0.9897 pred_std=0.9799 decoded_loss=0.006544 decoded_dynamic=0.011239 presence_loss=0.190188 memory_norm=8.931585
epoch=2 step=5100 total_loss=0.608104 pred_loss=0.398413 pred_uniform=0.396941 rep=0.436816 barlow=1.010124 barlow_diag=0.0090 barlow_offdiag=0.1604 sigreg_obj=0.383847 memory_barlow=0.000000 target_std=0.9862 pred_std=0.9723 decoded_loss=0.004757 decoded_dynamic=0.006701 presence_loss=0.146229 memory_norm=6.965314
epoch=2 step=5110 total_loss=0.614286 pred_loss=0.401481 pred_uniform=0.399816 rep=0.452940 barlow=1.058816 barlow_diag=-0.0151 barlow_offdiag=0.1604 sigreg_obj=0.438590 memory_barlow=0.000000 target_std=0.9822 pred_std=0.9669 decoded_loss=0.005271 decoded_dynamic=0.007453 presence_loss=0.184663 memory_norm=6.882635
epoch=2 step=5120 total_loss=0.581762 pred_loss=0.379897 pred_uniform=0.378066 rep=0.424206 barlow=1.031929 barlow_diag=-0.0023 barlow_offdiag=0.1638 sigreg_obj=0.370014 memory_barlow=0.000000 target_std=0.9834 pred_std=0.9691 decoded_loss=0.005564 decoded_dynamic=0.008987 presence_loss=0.165857 memory_norm=6.700582
epoch=2 step=5130 total_loss=0.734488 pred_loss=0.478043 pred_uniform=0.475089 rep=0.508393 barlow=1.018840 barlow_diag=0.0045 barlow_offdiag=0.1646 sigreg_obj=0.476249 memory_barlow=0.000000 target_std=0.9755 pred_std=0.9519 decoded_loss=0.004761 decoded_dynamic=0.006897 presence_loss=0.113674 memory_norm=6.205534
epoch=2 step=5140 total_loss=0.496880 pred_loss=0.332502 pred_uniform=0.334037 rep=0.376490 barlow=1.032215 barlow_diag=-0.0036 barlow_offdiag=0.1559 sigreg_obj=0.529170 memory_barlow=0.000000 target_std=0.9905 pred_std=0.9811 decoded_loss=0.005762 decoded_dynamic=0.010013 presence_loss=0.186422 memory_norm=8.289326
epoch=2 step=5150 total_loss=0.442002 pred_loss=0.294997 pred_uniform=0.296100 rep=0.321054 barlow=1.009986 barlow_diag=0.0094 barlow_offdiag=0.1583 sigreg_obj=0.362215 memory_barlow=0.000000 target_std=0.9895 pred_std=0.9831 decoded_loss=0.005792 decoded_dynamic=0.009018 presence_loss=0.225855 memory_norm=7.144687
epoch=2 step=5160 total_loss=0.495341 pred_loss=0.329722 pred_uniform=0.330642 rep=0.375430 barlow=1.007451 barlow_diag=0.0089 barlow_offdiag=0.1593 sigreg_obj=0.394060 memory_barlow=0.000000 target_std=0.9831 pred_std=0.9729 decoded_loss=0.006036 decoded_dynamic=0.008541 presence_loss=0.210844 memory_norm=7.664520
epoch=2 step=5170 total_loss=0.518189 pred_loss=0.341397 pred_uniform=0.341132 rep=0.371269 barlow=1.033523 barlow_diag=-0.0034 barlow_offdiag=0.1571 sigreg_obj=0.470537 memory_barlow=0.000000 target_std=0.9901 pred_std=0.9814 decoded_loss=0.006077 decoded_dynamic=0.009304 presence_loss=0.147783 memory_norm=7.285545
epoch=2 step=5180 total_loss=0.684641 pred_loss=0.443513 pred_uniform=0.440023 rep=0.463538 barlow=1.010816 barlow_diag=0.0084 barlow_offdiag=0.1636 sigreg_obj=0.355005 memory_barlow=0.000000 target_std=0.9784 pred_std=0.9577 decoded_loss=0.004970 decoded_dynamic=0.007481 presence_loss=0.188618 memory_norm=5.976247
epoch=2 step=5190 total_loss=0.595345 pred_loss=0.393810 pred_uniform=0.393630 rep=0.432138 barlow=1.051548 barlow_diag=-0.0129 barlow_offdiag=0.1554 sigreg_obj=0.464583 memory_barlow=0.000000 target_std=0.9833 pred_std=0.9681 decoded_loss=0.005877 decoded_dynamic=0.009365 presence_loss=0.183831 memory_norm=7.651638
epoch=2 step=5200 total_loss=0.475348 pred_loss=0.320180 pred_uniform=0.322529 rep=0.356042 barlow=1.032448 barlow_diag=-0.0029 barlow_offdiag=0.1575 sigreg_obj=0.518233 memory_barlow=0.000000 target_std=0.9888 pred_std=0.9798 decoded_loss=0.005381 decoded_dynamic=0.008829 presence_loss=0.208415 memory_norm=8.864075
epoch=2 step=5210 total_loss=0.620843 pred_loss=0.407664 pred_uniform=0.406314 rep=0.446946 barlow=1.046686 barlow_diag=-0.0112 barlow_offdiag=0.1540 sigreg_obj=0.408825 memory_barlow=0.000000 target_std=0.9873 pred_std=0.9694 decoded_loss=0.005935 decoded_dynamic=0.009691 presence_loss=0.177298 memory_norm=7.254106
epoch=2 step=5220 total_loss=0.625307 pred_loss=0.408151 pred_uniform=0.406365 rep=0.448657 barlow=1.036662 barlow_diag=-0.0052 barlow_offdiag=0.1602 sigreg_obj=0.469213 memory_barlow=0.000000 target_std=0.9796 pred_std=0.9615 decoded_loss=0.006843 decoded_dynamic=0.010006 presence_loss=0.251448 memory_norm=7.333907
epoch=2 step=5230 total_loss=0.510749 pred_loss=0.343472 pred_uniform=0.345942 rep=0.382957 barlow=1.043723 barlow_diag=-0.0081 barlow_offdiag=0.1581 sigreg_obj=0.538995 memory_barlow=0.000000 target_std=0.9897 pred_std=0.9803 decoded_loss=0.005244 decoded_dynamic=0.008817 presence_loss=0.204669 memory_norm=6.913327
epoch=2 step=5240 total_loss=0.574650 pred_loss=0.375060 pred_uniform=0.373260 rep=0.401254 barlow=1.031598 barlow_diag=-0.0035 barlow_offdiag=0.1584 sigreg_obj=0.435489 memory_barlow=0.000000 target_std=0.9821 pred_std=0.9613 decoded_loss=0.004381 decoded_dynamic=0.007048 presence_loss=0.183203 memory_norm=7.645198
saved_recovery_checkpoint epoch=2 step=5250 successful_updates=5250
epoch=2 step=5250 total_loss=0.518347 pred_loss=0.344644 pred_uniform=0.345504 rep=0.389483 barlow=1.025848 barlow_diag=0.0018 barlow_offdiag=0.1582 sigreg_obj=0.476254 memory_barlow=0.000000 target_std=0.9854 pred_std=0.9780 decoded_loss=0.005446 decoded_dynamic=0.008788 presence_loss=0.196946 memory_norm=6.789248
epoch=2 step=5260 total_loss=0.603288 pred_loss=0.394441 pred_uniform=0.392695 rep=0.433079 barlow=1.027709 barlow_diag=0.0021 barlow_offdiag=0.1684 sigreg_obj=0.324427 memory_barlow=0.000000 target_std=0.9814 pred_std=0.9644 decoded_loss=0.004319 decoded_dynamic=0.007338 presence_loss=0.162300 memory_norm=5.849378
epoch=2 step=5270 total_loss=0.696764 pred_loss=0.458599 pred_uniform=0.457457 rep=0.483358 barlow=1.020455 barlow_diag=0.0055 barlow_offdiag=0.1627 sigreg_obj=0.468217 memory_barlow=0.000000 target_std=0.9837 pred_std=0.9568 decoded_loss=0.004434 decoded_dynamic=0.007600 presence_loss=0.088998 memory_norm=6.624640
epoch=2 step=5280 total_loss=0.535696 pred_loss=0.356119 pred_uniform=0.356805 rep=0.404368 barlow=1.023461 barlow_diag=0.0010 barlow_offdiag=0.1545 sigreg_obj=0.377834 memory_barlow=0.000000 target_std=0.9863 pred_std=0.9719 decoded_loss=0.004813 decoded_dynamic=0.008070 presence_loss=0.136434 memory_norm=7.514758
epoch=2 step=5290 total_loss=0.505065 pred_loss=0.333870 pred_uniform=0.333995 rep=0.376038 barlow=1.042316 barlow_diag=-0.0086 barlow_offdiag=0.1543 sigreg_obj=0.365720 memory_barlow=0.000000 target_std=0.9882 pred_std=0.9799 decoded_loss=0.005591 decoded_dynamic=0.009039 presence_loss=0.241972 memory_norm=7.422513
epoch=2 step=5300 total_loss=0.709741 pred_loss=0.461236 pred_uniform=0.457988 rep=0.495182 barlow=1.015011 barlow_diag=0.0043 barlow_offdiag=0.1572 sigreg_obj=0.382502 memory_barlow=0.000000 target_std=0.9793 pred_std=0.9480 decoded_loss=0.004556 decoded_dynamic=0.007628 presence_loss=0.165830 memory_norm=6.322471
epoch=2 step=5310 total_loss=0.582849 pred_loss=0.386926 pred_uniform=0.387266 rep=0.415581 barlow=1.028218 barlow_diag=-0.0002 barlow_offdiag=0.1592 sigreg_obj=0.348939 memory_barlow=0.000000 target_std=0.9849 pred_std=0.9718 decoded_loss=0.004967 decoded_dynamic=0.008132 presence_loss=0.175987 memory_norm=6.462883
epoch=2 step=5320 total_loss=0.651236 pred_loss=0.428280 pred_uniform=0.427356 rep=0.459814 barlow=1.050280 barlow_diag=-0.0119 barlow_offdiag=0.1573 sigreg_obj=0.450184 memory_barlow=0.000000 target_std=0.9818 pred_std=0.9551 decoded_loss=0.005222 decoded_dynamic=0.008179 presence_loss=0.170313 memory_norm=7.320192
epoch=2 step=5330 total_loss=0.686279 pred_loss=0.448920 pred_uniform=0.446800 rep=0.493174 barlow=1.015938 barlow_diag=0.0035 barlow_offdiag=0.1517 sigreg_obj=0.386201 memory_barlow=0.000000 target_std=0.9793 pred_std=0.9575 decoded_loss=0.006193 decoded_dynamic=0.009522 presence_loss=0.171042 memory_norm=7.098859
epoch=2 step=5340 total_loss=0.321361 pred_loss=0.221993 pred_uniform=0.226062 rep=0.265161 barlow=1.022848 barlow_diag=0.0004 barlow_offdiag=0.1543 sigreg_obj=0.552768 memory_barlow=0.000000 target_std=0.9898 pred_std=0.9861 decoded_loss=0.005704 decoded_dynamic=0.010177 presence_loss=0.240014 memory_norm=8.211631
epoch=2 step=5350 total_loss=0.532301 pred_loss=0.352293 pred_uniform=0.352211 rep=0.381101 barlow=1.034311 barlow_diag=-0.0032 barlow_offdiag=0.1569 sigreg_obj=0.384573 memory_barlow=0.000000 target_std=0.9878 pred_std=0.9733 decoded_loss=0.004101 decoded_dynamic=0.007120 presence_loss=0.128411 memory_norm=7.039470
epoch=2 step=5360 total_loss=0.748339 pred_loss=0.488708 pred_uniform=0.486288 rep=0.521966 barlow=1.031953 barlow_diag=-0.0014 barlow_offdiag=0.1645 sigreg_obj=0.466040 memory_barlow=0.000000 target_std=0.9674 pred_std=0.9262 decoded_loss=0.003863 decoded_dynamic=0.005348 presence_loss=0.122448 memory_norm=6.291733
epoch=2 step=5370 total_loss=0.778951 pred_loss=0.503651 pred_uniform=0.499227 rep=0.537101 barlow=1.026034 barlow_diag=0.0028 barlow_offdiag=0.1615 sigreg_obj=0.472868 memory_barlow=0.000000 target_std=0.9783 pred_std=0.9556 decoded_loss=0.005032 decoded_dynamic=0.008165 presence_loss=0.152396 memory_norm=6.016682
epoch=2 step=5380 total_loss=0.736432 pred_loss=0.474527 pred_uniform=0.469932 rep=0.530154 barlow=1.028485 barlow_diag=0.0008 barlow_offdiag=0.1680 sigreg_obj=0.456794 memory_barlow=0.000000 target_std=0.9759 pred_std=0.9489 decoded_loss=0.004100 decoded_dynamic=0.006528 presence_loss=0.145395 memory_norm=6.657439
epoch=2 step=5390 total_loss=0.609624 pred_loss=0.407286 pred_uniform=0.408664 rep=0.437560 barlow=1.028928 barlow_diag=-0.0018 barlow_offdiag=0.1562 sigreg_obj=0.483771 memory_barlow=0.000000 target_std=0.9882 pred_std=0.9723 decoded_loss=0.005866 decoded_dynamic=0.009358 presence_loss=0.175184 memory_norm=8.136727
epoch=2 step=5400 total_loss=0.490962 pred_loss=0.328325 pred_uniform=0.329886 rep=0.370841 barlow=1.078861 barlow_diag=-0.0228 barlow_offdiag=0.1643 sigreg_obj=0.494632 memory_barlow=0.000000 target_std=0.9817 pred_std=0.9705 decoded_loss=0.005095 decoded_dynamic=0.008753 presence_loss=0.186650 memory_norm=8.101571
epoch=2 step=5410 total_loss=0.628439 pred_loss=0.409916 pred_uniform=0.407817 rep=0.447192 barlow=1.036678 barlow_diag=-0.0047 barlow_offdiag=0.1600 sigreg_obj=0.421039 memory_barlow=0.000000 target_std=0.9856 pred_std=0.9668 decoded_loss=0.004864 decoded_dynamic=0.007958 presence_loss=0.159008 memory_norm=6.747478
epoch=2 step=5420 total_loss=0.672834 pred_loss=0.441963 pred_uniform=0.440643 rep=0.466379 barlow=1.040752 barlow_diag=-0.0060 barlow_offdiag=0.1616 sigreg_obj=0.398364 memory_barlow=0.000000 target_std=0.9818 pred_std=0.9608 decoded_loss=0.006385 decoded_dynamic=0.007525 presence_loss=0.142084 memory_norm=6.413280
epoch=2 step=5430 total_loss=0.674000 pred_loss=0.441095 pred_uniform=0.439126 rep=0.481940 barlow=1.025564 barlow_diag=0.0010 barlow_offdiag=0.1629 sigreg_obj=0.390900 memory_barlow=0.000000 target_std=0.9808 pred_std=0.9621 decoded_loss=0.005003 decoded_dynamic=0.007639 presence_loss=0.171121 memory_norm=6.412638
epoch=2 step=5440 total_loss=0.561871 pred_loss=0.368604 pred_uniform=0.367626 rep=0.430690 barlow=1.052898 barlow_diag=-0.0123 barlow_offdiag=0.1603 sigreg_obj=0.431451 memory_barlow=0.000000 target_std=0.9841 pred_std=0.9655 decoded_loss=0.005519 decoded_dynamic=0.009424 presence_loss=0.240102 memory_norm=6.877324
epoch=2 step=5450 total_loss=0.552684 pred_loss=0.368910 pred_uniform=0.370448 rep=0.418677 barlow=1.047272 barlow_diag=-0.0120 barlow_offdiag=0.1534 sigreg_obj=0.457301 memory_barlow=0.000000 target_std=0.9822 pred_std=0.9709 decoded_loss=0.005740 decoded_dynamic=0.009918 presence_loss=0.261549 memory_norm=7.093420
epoch=2 step=5460 total_loss=0.696351 pred_loss=0.454865 pred_uniform=0.452525 rep=0.492993 barlow=1.042722 barlow_diag=-0.0062 barlow_offdiag=0.1636 sigreg_obj=0.386881 memory_barlow=0.000000 target_std=0.9763 pred_std=0.9507 decoded_loss=0.003434 decoded_dynamic=0.005717 presence_loss=0.121611 memory_norm=6.328648
epoch=2 step=5470 total_loss=0.559539 pred_loss=0.367741 pred_uniform=0.367025 rep=0.410749 barlow=1.016534 barlow_diag=0.0058 barlow_offdiag=0.1588 sigreg_obj=0.444168 memory_barlow=0.000000 target_std=0.9864 pred_std=0.9700 decoded_loss=0.004912 decoded_dynamic=0.008490 presence_loss=0.177573 memory_norm=6.856119
epoch=2 step=5480 total_loss=0.673513 pred_loss=0.436272 pred_uniform=0.432905 rep=0.488510 barlow=1.026998 barlow_diag=-0.0002 barlow_offdiag=0.1583 sigreg_obj=0.423876 memory_barlow=0.000000 target_std=0.9813 pred_std=0.9583 decoded_loss=0.005012 decoded_dynamic=0.008600 presence_loss=0.193423 memory_norm=7.228752
epoch=2 step=5490 total_loss=0.573446 pred_loss=0.382054 pred_uniform=0.382919 rep=0.431914 barlow=1.030645 barlow_diag=-0.0021 barlow_offdiag=0.1579 sigreg_obj=0.432050 memory_barlow=0.000000 target_std=0.9854 pred_std=0.9702 decoded_loss=0.005553 decoded_dynamic=0.009297 presence_loss=0.190020 memory_norm=7.481851
saved_recovery_checkpoint epoch=2 step=5500 successful_updates=5500
epoch=2 step=5500 total_loss=0.491906 pred_loss=0.325937 pred_uniform=0.326234 rep=0.368336 barlow=1.039361 barlow_diag=-0.0074 barlow_offdiag=0.1542 sigreg_obj=0.382344 memory_barlow=0.000000 target_std=0.9863 pred_std=0.9775 decoded_loss=0.004920 decoded_dynamic=0.007817 presence_loss=0.192034 memory_norm=7.616914
epoch=2 step=5510 total_loss=0.529439 pred_loss=0.354425 pred_uniform=0.355739 rep=0.380896 barlow=1.036134 barlow_diag=-0.0071 barlow_offdiag=0.1477 sigreg_obj=0.381248 memory_barlow=0.000000 target_std=0.9885 pred_std=0.9774 decoded_loss=0.004907 decoded_dynamic=0.008582 presence_loss=0.205882 memory_norm=8.238024
epoch=2 step=5520 total_loss=0.575732 pred_loss=0.379435 pred_uniform=0.378891 rep=0.422730 barlow=1.013247 barlow_diag=0.0054 barlow_offdiag=0.1553 sigreg_obj=0.403624 memory_barlow=0.000000 target_std=0.9834 pred_std=0.9649 decoded_loss=0.004861 decoded_dynamic=0.007033 presence_loss=0.158682 memory_norm=7.949688
epoch=2 step=5530 total_loss=0.623433 pred_loss=0.414524 pred_uniform=0.415316 rep=0.448475 barlow=1.024622 barlow_diag=0.0025 barlow_offdiag=0.1594 sigreg_obj=0.380474 memory_barlow=0.000000 target_std=0.9797 pred_std=0.9554 decoded_loss=0.005667 decoded_dynamic=0.007950 presence_loss=0.182455 memory_norm=6.603521
epoch=2 step=5540 total_loss=0.629844 pred_loss=0.414482 pred_uniform=0.413562 rep=0.447600 barlow=1.020860 barlow_diag=0.0018 barlow_offdiag=0.1568 sigreg_obj=0.382139 memory_barlow=0.000000 target_std=0.9833 pred_std=0.9679 decoded_loss=0.004904 decoded_dynamic=0.006820 presence_loss=0.160067 memory_norm=7.021682
epoch=2 step=5550 total_loss=0.664014 pred_loss=0.438536 pred_uniform=0.438024 rep=0.476079 barlow=1.033479 barlow_diag=-0.0029 barlow_offdiag=0.1598 sigreg_obj=0.386859 memory_barlow=0.000000 target_std=0.9795 pred_std=0.9586 decoded_loss=0.004486 decoded_dynamic=0.007234 presence_loss=0.141309 memory_norm=6.268722
epoch=2 step=5560 total_loss=0.503870 pred_loss=0.336435 pred_uniform=0.337790 rep=0.384749 barlow=1.037370 barlow_diag=-0.0071 barlow_offdiag=0.1508 sigreg_obj=0.459490 memory_barlow=0.000000 target_std=0.9834 pred_std=0.9739 decoded_loss=0.006540 decoded_dynamic=0.010341 presence_loss=0.248776 memory_norm=8.550953
epoch=2 step=5570 total_loss=0.719448 pred_loss=0.473534 pred_uniform=0.472678 rep=0.495967 barlow=1.033278 barlow_diag=-0.0045 barlow_offdiag=0.1553 sigreg_obj=0.400115 memory_barlow=0.000000 target_std=0.9839 pred_std=0.9647 decoded_loss=0.005392 decoded_dynamic=0.007665 presence_loss=0.205206 memory_norm=6.535580
epoch=2 step=5580 total_loss=0.577122 pred_loss=0.387000 pred_uniform=0.388711 rep=0.416514 barlow=1.028329 barlow_diag=-0.0019 barlow_offdiag=0.1565 sigreg_obj=0.409849 memory_barlow=0.000000 target_std=0.9841 pred_std=0.9711 decoded_loss=0.004738 decoded_dynamic=0.007974 presence_loss=0.159044 memory_norm=7.950412
epoch=2 step=5590 total_loss=0.496890 pred_loss=0.337358 pred_uniform=0.340353 rep=0.378540 barlow=1.031022 barlow_diag=-0.0044 barlow_offdiag=0.1488 sigreg_obj=0.429060 memory_barlow=0.000000 target_std=0.9888 pred_std=0.9786 decoded_loss=0.005557 decoded_dynamic=0.009214 presence_loss=0.195778 memory_norm=8.579874
epoch=2 step=5600 total_loss=0.560258 pred_loss=0.372036 pred_uniform=0.372630 rep=0.413005 barlow=1.033220 barlow_diag=-0.0053 barlow_offdiag=0.1495 sigreg_obj=0.402843 memory_barlow=0.000000 target_std=0.9839 pred_std=0.9687 decoded_loss=0.005911 decoded_dynamic=0.009319 presence_loss=0.193951 memory_norm=7.461716
epoch=2 step=5610 total_loss=0.605425 pred_loss=0.402924 pred_uniform=0.403761 rep=0.447332 barlow=1.040261 barlow_diag=-0.0058 barlow_offdiag=0.1539 sigreg_obj=0.363454 memory_barlow=0.000000 target_std=0.9830 pred_std=0.9671 decoded_loss=0.006003 decoded_dynamic=0.009383 presence_loss=0.242955 memory_norm=7.708360
epoch=2 step=5620 total_loss=0.631609 pred_loss=0.412039 pred_uniform=0.410136 rep=0.456577 barlow=1.055142 barlow_diag=-0.0158 barlow_offdiag=0.1516 sigreg_obj=0.379034 memory_barlow=0.000000 target_std=0.9788 pred_std=0.9598 decoded_loss=0.006499 decoded_dynamic=0.009839 presence_loss=0.256332 memory_norm=7.387050
epoch=2 step=5630 total_loss=0.618232 pred_loss=0.410854 pred_uniform=0.411333 rep=0.462291 barlow=1.035627 barlow_diag=-0.0052 barlow_offdiag=0.1611 sigreg_obj=0.427181 memory_barlow=0.000000 target_std=0.9790 pred_std=0.9613 decoded_loss=0.005398 decoded_dynamic=0.008268 presence_loss=0.164461 memory_norm=6.630601
epoch=2 step=5640 total_loss=0.593610 pred_loss=0.392653 pred_uniform=0.392645 rep=0.427530 barlow=1.032896 barlow_diag=-0.0043 barlow_offdiag=0.1580 sigreg_obj=0.420559 memory_barlow=0.000000 target_std=0.9839 pred_std=0.9650 decoded_loss=0.005112 decoded_dynamic=0.008010 presence_loss=0.219006 memory_norm=7.572576
epoch=2 step=5650 total_loss=0.502051 pred_loss=0.339411 pred_uniform=0.342356 rep=0.385887 barlow=1.027006 barlow_diag=0.0002 barlow_offdiag=0.1607 sigreg_obj=0.656745 memory_barlow=0.000000 target_std=0.9843 pred_std=0.9731 decoded_loss=0.004268 decoded_dynamic=0.006501 presence_loss=0.106926 memory_norm=8.500639
epoch=2 step=5660 total_loss=0.459401 pred_loss=0.304404 pred_uniform=0.304722 rep=0.350019 barlow=1.038200 barlow_diag=-0.0075 barlow_offdiag=0.1523 sigreg_obj=0.297554 memory_barlow=0.000000 target_std=0.9894 pred_std=0.9840 decoded_loss=0.005177 decoded_dynamic=0.008860 presence_loss=0.289907 memory_norm=6.870792
epoch=2 step=5670 total_loss=0.481688 pred_loss=0.324379 pred_uniform=0.326810 rep=0.346130 barlow=1.026950 barlow_diag=-0.0011 barlow_offdiag=0.1496 sigreg_obj=0.517736 memory_barlow=0.000000 target_std=0.9893 pred_std=0.9862 decoded_loss=0.005271 decoded_dynamic=0.009071 presence_loss=0.195810 memory_norm=9.082249
epoch=2 step=5680 total_loss=0.478883 pred_loss=0.324989 pred_uniform=0.328212 rep=0.356992 barlow=1.019249 barlow_diag=0.0018 barlow_offdiag=0.1514 sigreg_obj=0.421419 memory_barlow=0.000000 target_std=0.9858 pred_std=0.9750 decoded_loss=0.005254 decoded_dynamic=0.009198 presence_loss=0.207575 memory_norm=8.544775
epoch=2 step=5690 total_loss=0.517196 pred_loss=0.348329 pred_uniform=0.350481 rep=0.371749 barlow=1.026720 barlow_diag=-0.0006 barlow_offdiag=0.1513 sigreg_obj=0.511993 memory_barlow=0.000000 target_std=0.9895 pred_std=0.9781 decoded_loss=0.005781 decoded_dynamic=0.009607 presence_loss=0.195680 memory_norm=8.043681
epoch=2 step=5700 total_loss=0.432892 pred_loss=0.292426 pred_uniform=0.294657 rep=0.322756 barlow=1.038179 barlow_diag=-0.0082 barlow_offdiag=0.1500 sigreg_obj=0.361245 memory_barlow=0.000000 target_std=0.9884 pred_std=0.9814 decoded_loss=0.006827 decoded_dynamic=0.010826 presence_loss=0.265881 memory_norm=8.359709
epoch=2 step=5710 total_loss=0.519966 pred_loss=0.349655 pred_uniform=0.351521 rep=0.376927 barlow=1.050239 barlow_diag=-0.0138 barlow_offdiag=0.1470 sigreg_obj=0.410318 memory_barlow=0.000000 target_std=0.9898 pred_std=0.9796 decoded_loss=0.005644 decoded_dynamic=0.009555 presence_loss=0.210944 memory_norm=8.231340
epoch=2 step=5720 total_loss=0.638303 pred_loss=0.414456 pred_uniform=0.411553 rep=0.439004 barlow=1.026302 barlow_diag=0.0003 barlow_offdiag=0.1601 sigreg_obj=0.406308 memory_barlow=0.000000 target_std=0.9783 pred_std=0.9547 decoded_loss=0.005260 decoded_dynamic=0.008184 presence_loss=0.166375 memory_norm=6.351852
epoch=2 step=5730 total_loss=0.592658 pred_loss=0.392249 pred_uniform=0.392109 rep=0.414994 barlow=1.017643 barlow_diag=0.0041 barlow_offdiag=0.1511 sigreg_obj=0.340986 memory_barlow=0.000000 target_std=0.9867 pred_std=0.9754 decoded_loss=0.006118 decoded_dynamic=0.009554 presence_loss=0.206533 memory_norm=7.236866
epoch=2 step=5740 total_loss=0.427258 pred_loss=0.291318 pred_uniform=0.294708 rep=0.314727 barlow=1.045072 barlow_diag=-0.0081 barlow_offdiag=0.1609 sigreg_obj=0.445916 memory_barlow=0.000000 target_std=0.9898 pred_std=0.9821 decoded_loss=0.005268 decoded_dynamic=0.008613 presence_loss=0.148575 memory_norm=6.720747
saved_recovery_checkpoint epoch=2 step=5750 successful_updates=5750
epoch=2 step=5750 total_loss=0.620376 pred_loss=0.411415 pred_uniform=0.411582 rep=0.449240 barlow=1.032914 barlow_diag=-0.0037 barlow_offdiag=0.1592 sigreg_obj=0.420632 memory_barlow=0.000000 target_std=0.9843 pred_std=0.9682 decoded_loss=0.005562 decoded_dynamic=0.009465 presence_loss=0.171813 memory_norm=6.662319
epoch=2 step=5760 total_loss=0.456622 pred_loss=0.307625 pred_uniform=0.309637 rep=0.340557 barlow=1.045887 barlow_diag=-0.0101 barlow_offdiag=0.1525 sigreg_obj=0.344413 memory_barlow=0.000000 target_std=0.9898 pred_std=0.9806 decoded_loss=0.005302 decoded_dynamic=0.008365 presence_loss=0.224243 memory_norm=7.149840
epoch=2 step=5770 total_loss=0.553989 pred_loss=0.365287 pred_uniform=0.364915 rep=0.410600 barlow=1.010363 barlow_diag=0.0069 barlow_offdiag=0.1503 sigreg_obj=0.457889 memory_barlow=0.000000 target_std=0.9874 pred_std=0.9801 decoded_loss=0.004734 decoded_dynamic=0.007847 presence_loss=0.216018 memory_norm=7.580002
epoch=2 step=5780 total_loss=0.472265 pred_loss=0.316047 pred_uniform=0.317422 rep=0.359368 barlow=1.029044 barlow_diag=-0.0017 barlow_offdiag=0.1512 sigreg_obj=0.364443 memory_barlow=0.000000 target_std=0.9892 pred_std=0.9821 decoded_loss=0.005261 decoded_dynamic=0.009305 presence_loss=0.190684 memory_norm=7.797897
epoch=2 step=5790 total_loss=0.481953 pred_loss=0.328567 pred_uniform=0.331708 rep=0.358838 barlow=1.039340 barlow_diag=-0.0086 barlow_offdiag=0.1500 sigreg_obj=0.325765 memory_barlow=0.000000 target_std=0.9880 pred_std=0.9811 decoded_loss=0.006116 decoded_dynamic=0.010229 presence_loss=0.184847 memory_norm=7.562353
epoch=2 step=5800 total_loss=0.545081 pred_loss=0.363431 pred_uniform=0.364494 rep=0.407977 barlow=1.034840 barlow_diag=-0.0049 barlow_offdiag=0.1562 sigreg_obj=0.441912 memory_barlow=0.000000 target_std=0.9848 pred_std=0.9710 decoded_loss=0.004847 decoded_dynamic=0.007279 presence_loss=0.166762 memory_norm=8.563216
epoch=2 step=5810 total_loss=0.688542 pred_loss=0.453341 pred_uniform=0.452045 rep=0.480515 barlow=1.025671 barlow_diag=0.0013 barlow_offdiag=0.1626 sigreg_obj=0.381852 memory_barlow=0.000000 target_std=0.9839 pred_std=0.9588 decoded_loss=0.004544 decoded_dynamic=0.006551 presence_loss=0.117013 memory_norm=6.067340
epoch=2 step=5820 total_loss=0.371912 pred_loss=0.252606 pred_uniform=0.255012 rep=0.286012 barlow=1.027648 barlow_diag=-0.0026 barlow_offdiag=0.1487 sigreg_obj=0.364283 memory_barlow=0.000000 target_std=0.9912 pred_std=0.9865 decoded_loss=0.005581 decoded_dynamic=0.009881 presence_loss=0.193230 memory_norm=7.360901
epoch=2 step=5830 total_loss=0.553633 pred_loss=0.367748 pred_uniform=0.368395 rep=0.392321 barlow=1.042501 barlow_diag=-0.0097 barlow_offdiag=0.1525 sigreg_obj=0.424730 memory_barlow=0.000000 target_std=0.9879 pred_std=0.9779 decoded_loss=0.005509 decoded_dynamic=0.009450 presence_loss=0.208554 memory_norm=8.283890
epoch=2 step=5840 total_loss=0.487665 pred_loss=0.330596 pred_uniform=0.333339 rep=0.375878 barlow=1.064157 barlow_diag=-0.0196 barlow_offdiag=0.1547 sigreg_obj=0.378299 memory_barlow=0.000000 target_std=0.9828 pred_std=0.9702 decoded_loss=0.006131 decoded_dynamic=0.009402 presence_loss=0.183077 memory_norm=7.497722
epoch=2 step=5850 total_loss=0.553422 pred_loss=0.372214 pred_uniform=0.374320 rep=0.391106 barlow=1.036300 barlow_diag=-0.0066 barlow_offdiag=0.1442 sigreg_obj=0.398579 memory_barlow=0.000000 target_std=0.9875 pred_std=0.9748 decoded_loss=0.006788 decoded_dynamic=0.010246 presence_loss=0.222297 memory_norm=9.085420
epoch=2 step=5860 total_loss=0.395969 pred_loss=0.265278 pred_uniform=0.266700 rep=0.296126 barlow=1.031254 barlow_diag=-0.0032 barlow_offdiag=0.1554 sigreg_obj=0.366734 memory_barlow=0.000000 target_std=0.9889 pred_std=0.9833 decoded_loss=0.006468 decoded_dynamic=0.009642 presence_loss=0.219632 memory_norm=7.251689
epoch=2 step=5870 total_loss=0.537655 pred_loss=0.352045 pred_uniform=0.350769 rep=0.388716 barlow=1.049034 barlow_diag=-0.0109 barlow_offdiag=0.1566 sigreg_obj=0.386072 memory_barlow=0.000000 target_std=0.9830 pred_std=0.9716 decoded_loss=0.005584 decoded_dynamic=0.008744 presence_loss=0.226591 memory_norm=7.775190
epoch=2 step=5880 total_loss=0.602220 pred_loss=0.398427 pred_uniform=0.398452 rep=0.433312 barlow=1.030710 barlow_diag=-0.0032 barlow_offdiag=0.1570 sigreg_obj=0.417412 memory_barlow=0.000000 target_std=0.9795 pred_std=0.9582 decoded_loss=0.005100 decoded_dynamic=0.008257 presence_loss=0.183509 memory_norm=7.993042
epoch=2 step=5890 total_loss=0.545348 pred_loss=0.361884 pred_uniform=0.362506 rep=0.417194 barlow=1.021085 barlow_diag=0.0017 barlow_offdiag=0.1557 sigreg_obj=0.423636 memory_barlow=0.000000 target_std=0.9837 pred_std=0.9675 decoded_loss=0.004564 decoded_dynamic=0.007288 presence_loss=0.200083 memory_norm=7.088520
epoch=2 step=5900 total_loss=0.539221 pred_loss=0.358809 pred_uniform=0.359713 rep=0.400765 barlow=1.038728 barlow_diag=-0.0081 barlow_offdiag=0.1533 sigreg_obj=0.393278 memory_barlow=0.000000 target_std=0.9871 pred_std=0.9752 decoded_loss=0.004674 decoded_dynamic=0.007726 presence_loss=0.203872 memory_norm=8.326728
epoch=2 step=5910 total_loss=0.590050 pred_loss=0.394354 pred_uniform=0.395765 rep=0.414767 barlow=1.028927 barlow_diag=-0.0028 barlow_offdiag=0.1490 sigreg_obj=0.411373 memory_barlow=0.000000 target_std=0.9867 pred_std=0.9721 decoded_loss=0.006273 decoded_dynamic=0.008696 presence_loss=0.195679 memory_norm=8.643683
epoch=2 step=5920 total_loss=0.492296 pred_loss=0.328806 pred_uniform=0.329968 rep=0.358297 barlow=1.024544 barlow_diag=-0.0003 barlow_offdiag=0.1528 sigreg_obj=0.454198 memory_barlow=0.000000 target_std=0.9892 pred_std=0.9816 decoded_loss=0.005137 decoded_dynamic=0.007803 presence_loss=0.146863 memory_norm=7.244918
epoch=2 step=5930 total_loss=0.576908 pred_loss=0.382658 pred_uniform=0.383016 rep=0.415848 barlow=1.033730 barlow_diag=-0.0051 barlow_offdiag=0.1503 sigreg_obj=0.395536 memory_barlow=0.000000 target_std=0.9823 pred_std=0.9709 decoded_loss=0.006296 decoded_dynamic=0.009171 presence_loss=0.199265 memory_norm=7.934134
epoch=2 step=5940 total_loss=0.715425 pred_loss=0.467837 pred_uniform=0.465588 rep=0.542608 barlow=1.037015 barlow_diag=-0.0044 barlow_offdiag=0.1595 sigreg_obj=0.409317 memory_barlow=0.000000 target_std=0.9760 pred_std=0.9435 decoded_loss=0.004501 decoded_dynamic=0.006654 presence_loss=0.181534 memory_norm=6.995552
epoch=2 step=5950 total_loss=0.431164 pred_loss=0.296736 pred_uniform=0.300898 rep=0.316398 barlow=1.025568 barlow_diag=-0.0017 barlow_offdiag=0.1463 sigreg_obj=0.388178 memory_barlow=0.000000 target_std=0.9916 pred_std=0.9870 decoded_loss=0.005506 decoded_dynamic=0.009397 presence_loss=0.221798 memory_norm=8.792443
epoch=2 step=5960 total_loss=0.512882 pred_loss=0.342984 pred_uniform=0.344405 rep=0.372030 barlow=1.014316 barlow_diag=0.0031 barlow_offdiag=0.1463 sigreg_obj=0.418784 memory_barlow=0.000000 target_std=0.9856 pred_std=0.9699 decoded_loss=0.004013 decoded_dynamic=0.006732 presence_loss=0.162187 memory_norm=7.967697
epoch=2 step=5970 total_loss=0.562199 pred_loss=0.379929 pred_uniform=0.382805 rep=0.403071 barlow=1.042758 barlow_diag=-0.0092 barlow_offdiag=0.1523 sigreg_obj=0.452399 memory_barlow=0.000000 target_std=0.9898 pred_std=0.9789 decoded_loss=0.005290 decoded_dynamic=0.009011 presence_loss=0.166673 memory_norm=7.775272
epoch=2 step=5980 total_loss=0.583180 pred_loss=0.382965 pred_uniform=0.381795 rep=0.413759 barlow=1.026096 barlow_diag=-0.0025 barlow_offdiag=0.1513 sigreg_obj=0.414824 memory_barlow=0.000000 target_std=0.9845 pred_std=0.9708 decoded_loss=0.004487 decoded_dynamic=0.007241 presence_loss=0.138097 memory_norm=7.909040
epoch=2 step=5990 total_loss=0.545968 pred_loss=0.366686 pred_uniform=0.369078 rep=0.398378 barlow=1.037681 barlow_diag=-0.0072 barlow_offdiag=0.1535 sigreg_obj=0.494021 memory_barlow=0.000000 target_std=0.9853 pred_std=0.9739 decoded_loss=0.005466 decoded_dynamic=0.008410 presence_loss=0.208239 memory_norm=8.641388
saved_recovery_checkpoint epoch=2 step=6000 successful_updates=6000
epoch=2 step=6000 total_loss=0.520555 pred_loss=0.343798 pred_uniform=0.343631 rep=0.390914 barlow=1.018948 barlow_diag=0.0032 barlow_offdiag=0.1585 sigreg_obj=0.418757 memory_barlow=0.000000 target_std=0.9825 pred_std=0.9680 decoded_loss=0.004658 decoded_dynamic=0.006859 presence_loss=0.153349 memory_norm=7.758230
epoch=2 step=6010 total_loss=0.612789 pred_loss=0.407319 pred_uniform=0.407719 rep=0.467679 barlow=1.034470 barlow_diag=-0.0042 barlow_offdiag=0.1629 sigreg_obj=0.346309 memory_barlow=0.000000 target_std=0.9801 pred_std=0.9589 decoded_loss=0.003872 decoded_dynamic=0.005973 presence_loss=0.119204 memory_norm=6.492273
epoch=2 step=6020 total_loss=0.474562 pred_loss=0.319765 pred_uniform=0.322053 rep=0.358076 barlow=1.027721 barlow_diag=-0.0031 barlow_offdiag=0.1524 sigreg_obj=0.429070 memory_barlow=0.000000 target_std=0.9862 pred_std=0.9775 decoded_loss=0.006488 decoded_dynamic=0.009834 presence_loss=0.197216 memory_norm=7.295087
epoch=2 step=6030 total_loss=0.593987 pred_loss=0.392249 pred_uniform=0.391885 rep=0.410713 barlow=1.024666 barlow_diag=-0.0005 barlow_offdiag=0.1511 sigreg_obj=0.407771 memory_barlow=0.000000 target_std=0.9866 pred_std=0.9666 decoded_loss=0.004666 decoded_dynamic=0.007899 presence_loss=0.147079 memory_norm=7.782495
epoch=2 step=6040 total_loss=0.595561 pred_loss=0.387675 pred_uniform=0.385758 rep=0.429038 barlow=1.036192 barlow_diag=-0.0050 barlow_offdiag=0.1580 sigreg_obj=0.452777 memory_barlow=0.000000 target_std=0.9786 pred_std=0.9624 decoded_loss=0.003851 decoded_dynamic=0.006430 presence_loss=0.185538 memory_norm=7.649177
epoch=2 step=6050 total_loss=0.433002 pred_loss=0.300325 pred_uniform=0.305458 rep=0.335472 barlow=1.037088 barlow_diag=-0.0087 barlow_offdiag=0.1450 sigreg_obj=0.407217 memory_barlow=0.000000 target_std=0.9873 pred_std=0.9827 decoded_loss=0.006438 decoded_dynamic=0.009904 presence_loss=0.235307 memory_norm=7.907781
epoch=2 step=6060 total_loss=0.647274 pred_loss=0.422394 pred_uniform=0.420168 rep=0.453671 barlow=1.034416 barlow_diag=-0.0049 barlow_offdiag=0.1533 sigreg_obj=0.402765 memory_barlow=0.000000 target_std=0.9747 pred_std=0.9486 decoded_loss=0.004504 decoded_dynamic=0.006942 presence_loss=0.164095 memory_norm=6.907660
epoch=2 step=6070 total_loss=0.534161 pred_loss=0.353126 pred_uniform=0.352905 rep=0.383204 barlow=1.022045 barlow_diag=0.0001 barlow_offdiag=0.1491 sigreg_obj=0.381602 memory_barlow=0.000000 target_std=0.9850 pred_std=0.9734 decoded_loss=0.006712 decoded_dynamic=0.009630 presence_loss=0.202222 memory_norm=7.735877
epoch=2 step=6080 total_loss=0.539275 pred_loss=0.355804 pred_uniform=0.355328 rep=0.381336 barlow=1.061010 barlow_diag=-0.0178 barlow_offdiag=0.1586 sigreg_obj=0.365252 memory_barlow=0.000000 target_std=0.9824 pred_std=0.9685 decoded_loss=0.005089 decoded_dynamic=0.008184 presence_loss=0.164590 memory_norm=6.292052
epoch=2 step=6090 total_loss=0.488299 pred_loss=0.330305 pred_uniform=0.332810 rep=0.354748 barlow=1.032208 barlow_diag=-0.0040 barlow_offdiag=0.1488 sigreg_obj=0.450252 memory_barlow=0.000000 target_std=0.9897 pred_std=0.9799 decoded_loss=0.004635 decoded_dynamic=0.007669 presence_loss=0.176011 memory_norm=7.478246
epoch=2 step=6100 total_loss=0.439859 pred_loss=0.297921 pred_uniform=0.300516 rep=0.334193 barlow=1.048931 barlow_diag=-0.0115 barlow_offdiag=0.1487 sigreg_obj=0.393585 memory_barlow=0.000000 target_std=0.9887 pred_std=0.9821 decoded_loss=0.005012 decoded_dynamic=0.007779 presence_loss=0.178297 memory_norm=8.614920
epoch=2 step=6110 total_loss=0.682313 pred_loss=0.447028 pred_uniform=0.445203 rep=0.479513 barlow=1.043350 barlow_diag=-0.0091 barlow_offdiag=0.1522 sigreg_obj=0.410577 memory_barlow=0.000000 target_std=0.9821 pred_std=0.9593 decoded_loss=0.004862 decoded_dynamic=0.008023 presence_loss=0.168559 memory_norm=6.448595
epoch=2 step=6120 total_loss=0.472907 pred_loss=0.319709 pred_uniform=0.322430 rep=0.361284 barlow=1.057510 barlow_diag=-0.0164 barlow_offdiag=0.1540 sigreg_obj=0.445462 memory_barlow=0.000000 target_std=0.9827 pred_std=0.9671 decoded_loss=0.005657 decoded_dynamic=0.009024 presence_loss=0.184755 memory_norm=7.301154
epoch=2 step=6130 total_loss=0.466664 pred_loss=0.319607 pred_uniform=0.323484 rep=0.349508 barlow=1.015989 barlow_diag=0.0035 barlow_offdiag=0.1476 sigreg_obj=0.357723 memory_barlow=0.000000 target_std=0.9885 pred_std=0.9829 decoded_loss=0.005353 decoded_dynamic=0.009313 presence_loss=0.198001 memory_norm=8.226768
epoch=2 step=6140 total_loss=0.421103 pred_loss=0.282906 pred_uniform=0.284782 rep=0.313639 barlow=1.021938 barlow_diag=0.0012 barlow_offdiag=0.1548 sigreg_obj=0.435722 memory_barlow=0.000000 target_std=0.9890 pred_std=0.9830 decoded_loss=0.005769 decoded_dynamic=0.008614 presence_loss=0.200369 memory_norm=7.876731
epoch=2 step=6150 total_loss=0.504733 pred_loss=0.337876 pred_uniform=0.339756 rep=0.366421 barlow=1.031873 barlow_diag=-0.0051 barlow_offdiag=0.1539 sigreg_obj=0.599081 memory_barlow=0.000000 target_std=0.9863 pred_std=0.9753 decoded_loss=0.004959 decoded_dynamic=0.008619 presence_loss=0.179605 memory_norm=8.767837
epoch=2 step=6160 total_loss=0.548884 pred_loss=0.360692 pred_uniform=0.359756 rep=0.396911 barlow=1.036831 barlow_diag=-0.0048 barlow_offdiag=0.1610 sigreg_obj=0.350929 memory_barlow=0.000000 target_std=0.9851 pred_std=0.9713 decoded_loss=0.003913 decoded_dynamic=0.005642 presence_loss=0.119396 memory_norm=6.184270
epoch=2 step=6170 total_loss=0.688475 pred_loss=0.451314 pred_uniform=0.449867 rep=0.507528 barlow=1.074315 barlow_diag=-0.0217 barlow_offdiag=0.1630 sigreg_obj=0.545505 memory_barlow=0.000000 target_std=0.9858 pred_std=0.9683 decoded_loss=0.004113 decoded_dynamic=0.006929 presence_loss=0.091387 memory_norm=7.013401
epoch=2 step=6180 total_loss=0.678580 pred_loss=0.447856 pred_uniform=0.447518 rep=0.503139 barlow=1.043652 barlow_diag=-0.0093 barlow_offdiag=0.1567 sigreg_obj=0.426228 memory_barlow=0.000000 target_std=0.9742 pred_std=0.9513 decoded_loss=0.004214 decoded_dynamic=0.006325 presence_loss=0.156390 memory_norm=6.991233
epoch=2 step=6190 total_loss=0.496161 pred_loss=0.335760 pred_uniform=0.338516 rep=0.366138 barlow=1.052489 barlow_diag=-0.0139 barlow_offdiag=0.1572 sigreg_obj=0.383937 memory_barlow=0.000000 target_std=0.9826 pred_std=0.9707 decoded_loss=0.005806 decoded_dynamic=0.009228 presence_loss=0.180890 memory_norm=7.043767
epoch=2 step=6200 total_loss=0.582915 pred_loss=0.383146 pred_uniform=0.382180 rep=0.418672 barlow=1.044725 barlow_diag=-0.0107 barlow_offdiag=0.1519 sigreg_obj=0.414344 memory_barlow=0.000000 target_std=0.9842 pred_std=0.9674 decoded_loss=0.004906 decoded_dynamic=0.008320 presence_loss=0.170655 memory_norm=8.688770
epoch=2 step=6210 total_loss=0.474525 pred_loss=0.323276 pred_uniform=0.326719 rep=0.354039 barlow=1.014730 barlow_diag=0.0066 barlow_offdiag=0.1530 sigreg_obj=0.393437 memory_barlow=0.000000 target_std=0.9885 pred_std=0.9788 decoded_loss=0.005172 decoded_dynamic=0.008910 presence_loss=0.190237 memory_norm=7.299786
epoch=2 step=6220 total_loss=0.472669 pred_loss=0.320731 pred_uniform=0.323725 rep=0.362805 barlow=1.026697 barlow_diag=-0.0014 barlow_offdiag=0.1537 sigreg_obj=0.397554 memory_barlow=0.000000 target_std=0.9873 pred_std=0.9787 decoded_loss=0.005162 decoded_dynamic=0.008477 presence_loss=0.185207 memory_norm=7.136169
epoch=2 step=6230 total_loss=0.584395 pred_loss=0.385379 pred_uniform=0.384893 rep=0.404616 barlow=1.051776 barlow_diag=-0.0114 barlow_offdiag=0.1649 sigreg_obj=0.445702 memory_barlow=0.000000 target_std=0.9822 pred_std=0.9665 decoded_loss=0.004258 decoded_dynamic=0.007411 presence_loss=0.164323 memory_norm=6.559260
epoch=2 step=6240 total_loss=0.462516 pred_loss=0.309426 pred_uniform=0.311209 rep=0.343586 barlow=1.026909 barlow_diag=-0.0018 barlow_offdiag=0.1483 sigreg_obj=0.597325 memory_barlow=0.000000 target_std=0.9895 pred_std=0.9844 decoded_loss=0.006037 decoded_dynamic=0.009149 presence_loss=0.250802 memory_norm=9.060110
saved_recovery_checkpoint epoch=2 step=6250 successful_updates=6250
epoch=2 step=6250 total_loss=0.623696 pred_loss=0.412391 pred_uniform=0.412234 rep=0.431866 barlow=1.015788 barlow_diag=0.0043 barlow_offdiag=0.1528 sigreg_obj=0.402092 memory_barlow=0.000000 target_std=0.9830 pred_std=0.9687 decoded_loss=0.005379 decoded_dynamic=0.007470 presence_loss=0.168896 memory_norm=7.043203
epoch_summary epoch=2 step=6250 total_loss=0.543544 pred_loss=0.358097 pred_uniform=0.357749 rep=0.409421 barlow=1.031550 barlow_diag=-0.0014 barlow_offdiag=0.1650 sigreg_obj=0.441755 memory_barlow=0.000000 target_std=0.9841 pred_std=0.9696 decoded_loss=0.005546 presence_loss=0.190550 memory_norm=7.371005
saved_checkpoint runs/rnn_seqmem_exp35_two_mask_simple_loss_5ep_20260707_100311/checkpoint_epoch_002.pt and runs/rnn_seqmem_exp35_two_mask_simple_loss_5ep_20260707_100311/checkpoint.pt
epoch_schedule epoch=3 active_sigreg_weight=0.010000
epoch=3 step=6260 total_loss=0.570038 pred_loss=0.375968 pred_uniform=0.375734 rep=0.412096 barlow=1.027717 barlow_diag=-0.0003 barlow_offdiag=0.1572 sigreg_obj=0.442197 memory_barlow=0.000000 target_std=0.9858 pred_std=0.9746 decoded_loss=0.005434 decoded_dynamic=0.008851 presence_loss=0.217253 memory_norm=6.977777
epoch=3 step=6270 total_loss=0.496347 pred_loss=0.335479 pred_uniform=0.337899 rep=0.372673 barlow=1.038053 barlow_diag=-0.0079 barlow_offdiag=0.1466 sigreg_obj=0.335083 memory_barlow=0.000000 target_std=0.9888 pred_std=0.9775 decoded_loss=0.005017 decoded_dynamic=0.007838 presence_loss=0.169623 memory_norm=8.667469
epoch=3 step=6280 total_loss=0.661437 pred_loss=0.439146 pred_uniform=0.439367 rep=0.472807 barlow=1.035286 barlow_diag=-0.0056 barlow_offdiag=0.1537 sigreg_obj=0.388577 memory_barlow=0.000000 target_std=0.9854 pred_std=0.9646 decoded_loss=0.005008 decoded_dynamic=0.008705 presence_loss=0.126148 memory_norm=6.986005
epoch=3 step=6290 total_loss=0.435162 pred_loss=0.291800 pred_uniform=0.293448 rep=0.334103 barlow=1.053898 barlow_diag=-0.0134 barlow_offdiag=0.1533 sigreg_obj=0.490750 memory_barlow=0.000000 target_std=0.9889 pred_std=0.9820 decoded_loss=0.005343 decoded_dynamic=0.008650 presence_loss=0.219234 memory_norm=8.246211
epoch=3 step=6300 total_loss=0.545545 pred_loss=0.361346 pred_uniform=0.361374 rep=0.382352 barlow=1.060150 barlow_diag=-0.0167 barlow_offdiag=0.1527 sigreg_obj=0.393312 memory_barlow=0.000000 target_std=0.9882 pred_std=0.9714 decoded_loss=0.004760 decoded_dynamic=0.007852 presence_loss=0.174566 memory_norm=6.871795
epoch=3 step=6310 total_loss=0.425796 pred_loss=0.283549 pred_uniform=0.284651 rep=0.331508 barlow=1.041289 barlow_diag=-0.0085 barlow_offdiag=0.1494 sigreg_obj=0.406822 memory_barlow=0.000000 target_std=0.9879 pred_std=0.9811 decoded_loss=0.005869 decoded_dynamic=0.008996 presence_loss=0.259206 memory_norm=8.005892
epoch=3 step=6320 total_loss=0.649848 pred_loss=0.428289 pred_uniform=0.427526 rep=0.449125 barlow=1.039083 barlow_diag=-0.0067 barlow_offdiag=0.1556 sigreg_obj=0.447988 memory_barlow=0.000000 target_std=0.9800 pred_std=0.9535 decoded_loss=0.005058 decoded_dynamic=0.007065 presence_loss=0.157931 memory_norm=7.159346
epoch=3 step=6330 total_loss=0.509873 pred_loss=0.339232 pred_uniform=0.340003 rep=0.370760 barlow=1.013503 barlow_diag=0.0050 barlow_offdiag=0.1524 sigreg_obj=0.352610 memory_barlow=0.000000 target_std=0.9851 pred_std=0.9736 decoded_loss=0.005075 decoded_dynamic=0.007707 presence_loss=0.244348 memory_norm=7.974576
epoch=3 step=6340 total_loss=0.529238 pred_loss=0.351166 pred_uniform=0.351429 rep=0.373884 barlow=1.028613 barlow_diag=-0.0032 barlow_offdiag=0.1475 sigreg_obj=0.387818 memory_barlow=0.000000 target_std=0.9872 pred_std=0.9760 decoded_loss=0.005635 decoded_dynamic=0.009047 presence_loss=0.188793 memory_norm=8.053409
epoch=3 step=6350 total_loss=0.508698 pred_loss=0.332211 pred_uniform=0.330761 rep=0.358222 barlow=1.047285 barlow_diag=-0.0118 barlow_offdiag=0.1476 sigreg_obj=0.315188 memory_barlow=0.000000 target_std=0.9872 pred_std=0.9760 decoded_loss=0.004881 decoded_dynamic=0.007908 presence_loss=0.197681 memory_norm=7.155355
epoch=3 step=6360 total_loss=0.487941 pred_loss=0.327338 pred_uniform=0.329019 rep=0.355470 barlow=1.048309 barlow_diag=-0.0118 barlow_offdiag=0.1530 sigreg_obj=0.413300 memory_barlow=0.000000 target_std=0.9877 pred_std=0.9775 decoded_loss=0.005050 decoded_dynamic=0.008719 presence_loss=0.188339 memory_norm=6.281059
epoch=3 step=6370 total_loss=0.480509 pred_loss=0.322478 pred_uniform=0.324219 rep=0.354520 barlow=1.035495 barlow_diag=-0.0062 barlow_offdiag=0.1468 sigreg_obj=0.335600 memory_barlow=0.000000 target_std=0.9869 pred_std=0.9779 decoded_loss=0.007060 decoded_dynamic=0.010176 presence_loss=0.208775 memory_norm=7.678014
epoch=3 step=6380 total_loss=0.510802 pred_loss=0.343107 pred_uniform=0.344950 rep=0.373059 barlow=1.001313 barlow_diag=0.0097 barlow_offdiag=0.1505 sigreg_obj=0.417705 memory_barlow=0.000000 target_std=0.9862 pred_std=0.9766 decoded_loss=0.005108 decoded_dynamic=0.007479 presence_loss=0.140878 memory_norm=8.284426
epoch=3 step=6390 total_loss=0.449241 pred_loss=0.305710 pred_uniform=0.308727 rep=0.331611 barlow=1.032711 barlow_diag=-0.0055 barlow_offdiag=0.1459 sigreg_obj=0.345478 memory_barlow=0.000000 target_std=0.9896 pred_std=0.9809 decoded_loss=0.005012 decoded_dynamic=0.008325 presence_loss=0.170753 memory_norm=8.541527
epoch=3 step=6400 total_loss=0.623698 pred_loss=0.407181 pred_uniform=0.405508 rep=0.420640 barlow=1.011019 barlow_diag=0.0064 barlow_offdiag=0.1520 sigreg_obj=0.468025 memory_barlow=0.000000 target_std=0.9794 pred_std=0.9583 decoded_loss=0.005250 decoded_dynamic=0.008607 presence_loss=0.192262 memory_norm=7.084606
epoch=3 step=6410 total_loss=0.469594 pred_loss=0.311961 pred_uniform=0.312991 rep=0.364143 barlow=1.020842 barlow_diag=0.0005 barlow_offdiag=0.1491 sigreg_obj=0.483582 memory_barlow=0.000000 target_std=0.9801 pred_std=0.9665 decoded_loss=0.007103 decoded_dynamic=0.011069 presence_loss=0.244457 memory_norm=7.976577
epoch=3 step=6420 total_loss=0.678737 pred_loss=0.442046 pred_uniform=0.439551 rep=0.509766 barlow=1.043497 barlow_diag=-0.0057 barlow_offdiag=0.1642 sigreg_obj=0.501766 memory_barlow=0.000000 target_std=0.9798 pred_std=0.9536 decoded_loss=0.003659 decoded_dynamic=0.006011 presence_loss=0.109765 memory_norm=5.989210
epoch=3 step=6430 total_loss=0.476489 pred_loss=0.309500 pred_uniform=0.307657 rep=0.354815 barlow=1.059652 barlow_diag=-0.0149 barlow_offdiag=0.1608 sigreg_obj=0.366928 memory_barlow=0.000000 target_std=0.9872 pred_std=0.9779 decoded_loss=0.003562 decoded_dynamic=0.005773 presence_loss=0.117318 memory_norm=6.386201
epoch=3 step=6440 total_loss=0.674825 pred_loss=0.443317 pred_uniform=0.442040 rep=0.473860 barlow=1.041618 barlow_diag=-0.0085 barlow_offdiag=0.1581 sigreg_obj=0.406455 memory_barlow=0.000000 target_std=0.9750 pred_std=0.9523 decoded_loss=0.003696 decoded_dynamic=0.006093 presence_loss=0.145085 memory_norm=6.612458
epoch=3 step=6450 total_loss=0.564419 pred_loss=0.376058 pred_uniform=0.377021 rep=0.431394 barlow=1.047883 barlow_diag=-0.0118 barlow_offdiag=0.1546 sigreg_obj=0.404763 memory_barlow=0.000000 target_std=0.9858 pred_std=0.9691 decoded_loss=0.004276 decoded_dynamic=0.006595 presence_loss=0.110358 memory_norm=6.628585
epoch=3 step=6460 total_loss=0.709600 pred_loss=0.460570 pred_uniform=0.457300 rep=0.480925 barlow=1.040831 barlow_diag=-0.0067 barlow_offdiag=0.1582 sigreg_obj=0.458893 memory_barlow=0.000000 target_std=0.9722 pred_std=0.9437 decoded_loss=0.003991 decoded_dynamic=0.006595 presence_loss=0.134934 memory_norm=6.044291
epoch=3 step=6470 total_loss=0.487961 pred_loss=0.330617 pred_uniform=0.333399 rep=0.372848 barlow=1.017693 barlow_diag=0.0025 barlow_offdiag=0.1521 sigreg_obj=0.409880 memory_barlow=0.000000 target_std=0.9872 pred_std=0.9762 decoded_loss=0.005222 decoded_dynamic=0.008936 presence_loss=0.176977 memory_norm=7.544282
epoch=3 step=6480 total_loss=0.509908 pred_loss=0.346030 pred_uniform=0.349115 rep=0.390006 barlow=1.029939 barlow_diag=-0.0026 barlow_offdiag=0.1530 sigreg_obj=0.324682 memory_barlow=0.000000 target_std=0.9837 pred_std=0.9721 decoded_loss=0.004637 decoded_dynamic=0.008020 presence_loss=0.164493 memory_norm=6.951130
epoch=3 step=6490 total_loss=0.431295 pred_loss=0.287652 pred_uniform=0.288620 rep=0.335242 barlow=1.042176 barlow_diag=-0.0089 barlow_offdiag=0.1512 sigreg_obj=0.351624 memory_barlow=0.000000 target_std=0.9874 pred_std=0.9797 decoded_loss=0.004121 decoded_dynamic=0.007074 presence_loss=0.158709 memory_norm=7.426939
saved_recovery_checkpoint epoch=3 step=6500 successful_updates=6500
epoch=3 step=6500 total_loss=0.582806 pred_loss=0.386911 pred_uniform=0.387424 rep=0.418022 barlow=1.052940 barlow_diag=-0.0136 barlow_offdiag=0.1569 sigreg_obj=0.429472 memory_barlow=0.000000 target_std=0.9806 pred_std=0.9599 decoded_loss=0.003789 decoded_dynamic=0.006147 presence_loss=0.146596 memory_norm=7.075162
epoch=3 step=6510 total_loss=0.401459 pred_loss=0.268671 pred_uniform=0.270112 rep=0.302810 barlow=1.035902 barlow_diag=-0.0074 barlow_offdiag=0.1448 sigreg_obj=0.383281 memory_barlow=0.000000 target_std=0.9897 pred_std=0.9847 decoded_loss=0.005085 decoded_dynamic=0.008880 presence_loss=0.225413 memory_norm=8.047186
epoch=3 step=6520 total_loss=0.612950 pred_loss=0.406680 pred_uniform=0.406911 rep=0.423166 barlow=1.062226 barlow_diag=-0.0180 barlow_offdiag=0.1537 sigreg_obj=0.340205 memory_barlow=0.000000 target_std=0.9799 pred_std=0.9592 decoded_loss=0.004237 decoded_dynamic=0.007311 presence_loss=0.178256 memory_norm=6.968922
epoch=3 step=6530 total_loss=0.390975 pred_loss=0.269995 pred_uniform=0.274320 rep=0.302688 barlow=1.039125 barlow_diag=-0.0085 barlow_offdiag=0.1437 sigreg_obj=0.496165 memory_barlow=0.000000 target_std=0.9910 pred_std=0.9871 decoded_loss=0.005679 decoded_dynamic=0.008920 presence_loss=0.202761 memory_norm=9.157069
epoch=3 step=6540 total_loss=0.603997 pred_loss=0.395394 pred_uniform=0.393738 rep=0.425762 barlow=1.057645 barlow_diag=-0.0153 barlow_offdiag=0.1635 sigreg_obj=0.384108 memory_barlow=0.000000 target_std=0.9773 pred_std=0.9562 decoded_loss=0.004865 decoded_dynamic=0.007154 presence_loss=0.157155 memory_norm=5.888326
epoch=3 step=6550 total_loss=0.652409 pred_loss=0.425840 pred_uniform=0.424080 rep=0.468878 barlow=1.046234 barlow_diag=-0.0108 barlow_offdiag=0.1585 sigreg_obj=0.558011 memory_barlow=0.000000 target_std=0.9768 pred_std=0.9479 decoded_loss=0.004237 decoded_dynamic=0.007071 presence_loss=0.161625 memory_norm=8.059665
epoch=3 step=6560 total_loss=0.591560 pred_loss=0.387831 pred_uniform=0.386554 rep=0.425749 barlow=1.046768 barlow_diag=-0.0111 barlow_offdiag=0.1548 sigreg_obj=0.376734 memory_barlow=0.000000 target_std=0.9821 pred_std=0.9667 decoded_loss=0.004483 decoded_dynamic=0.007427 presence_loss=0.196720 memory_norm=6.973806
epoch=3 step=6570 total_loss=0.518056 pred_loss=0.341703 pred_uniform=0.341350 rep=0.385161 barlow=1.037637 barlow_diag=-0.0067 barlow_offdiag=0.1494 sigreg_obj=0.391555 memory_barlow=0.000000 target_std=0.9836 pred_std=0.9675 decoded_loss=0.005146 decoded_dynamic=0.008237 presence_loss=0.220304 memory_norm=8.407674
epoch=3 step=6580 total_loss=0.582376 pred_loss=0.382956 pred_uniform=0.382041 rep=0.420715 barlow=1.022482 barlow_diag=0.0006 barlow_offdiag=0.1510 sigreg_obj=0.313951 memory_barlow=0.000000 target_std=0.9817 pred_std=0.9655 decoded_loss=0.005341 decoded_dynamic=0.007600 presence_loss=0.199384 memory_norm=6.868687
epoch=3 step=6590 total_loss=0.578082 pred_loss=0.379767 pred_uniform=0.378786 rep=0.423557 barlow=1.042458 barlow_diag=-0.0088 barlow_offdiag=0.1557 sigreg_obj=0.437044 memory_barlow=0.000000 target_std=0.9846 pred_std=0.9657 decoded_loss=0.004020 decoded_dynamic=0.006635 presence_loss=0.130356 memory_norm=7.613673
epoch=3 step=6600 total_loss=0.532792 pred_loss=0.351807 pred_uniform=0.351970 rep=0.375192 barlow=1.048163 barlow_diag=-0.0122 barlow_offdiag=0.1514 sigreg_obj=0.412600 memory_barlow=0.000000 target_std=0.9835 pred_std=0.9756 decoded_loss=0.005479 decoded_dynamic=0.008602 presence_loss=0.243757 memory_norm=7.439906
epoch=3 step=6610 total_loss=0.585176 pred_loss=0.386708 pred_uniform=0.386582 rep=0.420817 barlow=1.029061 barlow_diag=-0.0012 barlow_offdiag=0.1549 sigreg_obj=0.406025 memory_barlow=0.000000 target_std=0.9791 pred_std=0.9636 decoded_loss=0.003655 decoded_dynamic=0.005776 presence_loss=0.119584 memory_norm=6.461784
epoch=3 step=6620 total_loss=0.409484 pred_loss=0.282549 pred_uniform=0.286760 rep=0.315943 barlow=1.044506 barlow_diag=-0.0115 barlow_offdiag=0.1430 sigreg_obj=0.422205 memory_barlow=0.000000 target_std=0.9914 pred_std=0.9842 decoded_loss=0.005408 decoded_dynamic=0.009442 presence_loss=0.186973 memory_norm=8.183069
epoch=3 step=6630 total_loss=0.430841 pred_loss=0.289822 pred_uniform=0.291868 rep=0.325354 barlow=1.044717 barlow_diag=-0.0103 barlow_offdiag=0.1506 sigreg_obj=0.369131 memory_barlow=0.000000 target_std=0.9877 pred_std=0.9799 decoded_loss=0.004628 decoded_dynamic=0.007804 presence_loss=0.162092 memory_norm=7.552423
epoch=3 step=6640 total_loss=0.585363 pred_loss=0.383306 pred_uniform=0.382069 rep=0.412401 barlow=1.045681 barlow_diag=-0.0103 barlow_offdiag=0.1542 sigreg_obj=0.436321 memory_barlow=0.000000 target_std=0.9843 pred_std=0.9711 decoded_loss=0.005378 decoded_dynamic=0.008818 presence_loss=0.210341 memory_norm=7.834814
epoch=3 step=6650 total_loss=0.497860 pred_loss=0.332424 pred_uniform=0.333567 rep=0.363911 barlow=1.036211 barlow_diag=-0.0068 barlow_offdiag=0.1493 sigreg_obj=0.335720 memory_barlow=0.000000 target_std=0.9875 pred_std=0.9791 decoded_loss=0.004402 decoded_dynamic=0.007548 presence_loss=0.180309 memory_norm=7.915887
epoch=3 step=6660 total_loss=0.681845 pred_loss=0.444067 pred_uniform=0.442017 rep=0.508645 barlow=1.046481 barlow_diag=-0.0107 barlow_offdiag=0.1579 sigreg_obj=0.682929 memory_barlow=0.000000 target_std=0.9809 pred_std=0.9621 decoded_loss=0.005508 decoded_dynamic=0.007439 presence_loss=0.165115 memory_norm=6.614928
epoch=3 step=6670 total_loss=0.507803 pred_loss=0.331708 pred_uniform=0.330691 rep=0.362252 barlow=1.046640 barlow_diag=-0.0106 barlow_offdiag=0.1619 sigreg_obj=0.512328 memory_barlow=0.000000 target_std=0.9840 pred_std=0.9730 decoded_loss=0.004498 decoded_dynamic=0.006825 presence_loss=0.169868 memory_norm=7.550084
epoch=3 step=6680 total_loss=0.620628 pred_loss=0.418571 pred_uniform=0.421187 rep=0.462944 barlow=1.016052 barlow_diag=0.0022 barlow_offdiag=0.1437 sigreg_obj=0.427348 memory_barlow=0.000000 target_std=0.9858 pred_std=0.9670 decoded_loss=0.006408 decoded_dynamic=0.009339 presence_loss=0.230215 memory_norm=8.218361
epoch=3 step=6690 total_loss=0.556715 pred_loss=0.369486 pred_uniform=0.369866 rep=0.402510 barlow=1.038137 barlow_diag=-0.0071 barlow_offdiag=0.1498 sigreg_obj=0.380993 memory_barlow=0.000000 target_std=0.9835 pred_std=0.9680 decoded_loss=0.005287 decoded_dynamic=0.008349 presence_loss=0.175234 memory_norm=7.836954
epoch=3 step=6700 total_loss=0.607546 pred_loss=0.403307 pred_uniform=0.403774 rep=0.439273 barlow=1.032050 barlow_diag=-0.0052 barlow_offdiag=0.1496 sigreg_obj=0.384931 memory_barlow=0.000000 target_std=0.9861 pred_std=0.9724 decoded_loss=0.005175 decoded_dynamic=0.006812 presence_loss=0.152633 memory_norm=8.054523
epoch=3 step=6710 total_loss=0.485283 pred_loss=0.324185 pred_uniform=0.325270 rep=0.357726 barlow=1.041556 barlow_diag=-0.0097 barlow_offdiag=0.1491 sigreg_obj=0.353510 memory_barlow=0.000000 target_std=0.9869 pred_std=0.9765 decoded_loss=0.003829 decoded_dynamic=0.006659 presence_loss=0.149807 memory_norm=7.712541
epoch=3 step=6720 total_loss=0.513384 pred_loss=0.339786 pred_uniform=0.339890 rep=0.374829 barlow=1.027625 barlow_diag=-0.0033 barlow_offdiag=0.1475 sigreg_obj=0.410401 memory_barlow=0.000000 target_std=0.9847 pred_std=0.9719 decoded_loss=0.004592 decoded_dynamic=0.008066 presence_loss=0.166263 memory_norm=7.621305
epoch=3 step=6730 total_loss=0.512431 pred_loss=0.343607 pred_uniform=0.345318 rep=0.378876 barlow=1.017836 barlow_diag=0.0026 barlow_offdiag=0.1481 sigreg_obj=0.378462 memory_barlow=0.000000 target_std=0.9867 pred_std=0.9757 decoded_loss=0.004249 decoded_dynamic=0.006329 presence_loss=0.139795 memory_norm=7.579680
epoch=3 step=6740 total_loss=0.530069 pred_loss=0.358647 pred_uniform=0.361487 rep=0.385660 barlow=1.036817 barlow_diag=-0.0069 barlow_offdiag=0.1461 sigreg_obj=0.418594 memory_barlow=0.000000 target_std=0.9855 pred_std=0.9742 decoded_loss=0.005756 decoded_dynamic=0.009123 presence_loss=0.216292 memory_norm=7.755317
saved_recovery_checkpoint epoch=3 step=6750 successful_updates=6750
epoch=3 step=6750 total_loss=0.436370 pred_loss=0.291735 pred_uniform=0.293253 rep=0.326804 barlow=1.045532 barlow_diag=-0.0113 barlow_offdiag=0.1477 sigreg_obj=0.453318 memory_barlow=0.000000 target_std=0.9890 pred_std=0.9809 decoded_loss=0.004906 decoded_dynamic=0.007978 presence_loss=0.229533 memory_norm=7.754191
epoch=3 step=6760 total_loss=0.401164 pred_loss=0.275956 pred_uniform=0.280183 rep=0.294134 barlow=1.026006 barlow_diag=-0.0034 barlow_offdiag=0.1408 sigreg_obj=0.541672 memory_barlow=0.000000 target_std=0.9912 pred_std=0.9852 decoded_loss=0.006848 decoded_dynamic=0.010416 presence_loss=0.175359 memory_norm=10.304162
epoch=3 step=6770 total_loss=0.478159 pred_loss=0.321216 pred_uniform=0.322937 rep=0.349932 barlow=1.033426 barlow_diag=-0.0050 barlow_offdiag=0.1447 sigreg_obj=0.388869 memory_barlow=0.000000 target_std=0.9883 pred_std=0.9776 decoded_loss=0.005188 decoded_dynamic=0.008095 presence_loss=0.203401 memory_norm=8.085524
epoch=3 step=6780 total_loss=0.695459 pred_loss=0.453520 pred_uniform=0.450992 rep=0.504705 barlow=1.025565 barlow_diag=0.0003 barlow_offdiag=0.1571 sigreg_obj=0.430813 memory_barlow=0.000000 target_std=0.9800 pred_std=0.9516 decoded_loss=0.004568 decoded_dynamic=0.007021 presence_loss=0.138941 memory_norm=6.966887
epoch=3 step=6790 total_loss=0.365801 pred_loss=0.248073 pred_uniform=0.250345 rep=0.288580 barlow=1.037788 barlow_diag=-0.0061 barlow_offdiag=0.1515 sigreg_obj=0.339886 memory_barlow=0.000000 target_std=0.9878 pred_std=0.9827 decoded_loss=0.005753 decoded_dynamic=0.009036 presence_loss=0.239905 memory_norm=7.117297
epoch=3 step=6800 total_loss=0.590964 pred_loss=0.391118 pred_uniform=0.391273 rep=0.419304 barlow=1.054881 barlow_diag=-0.0153 barlow_offdiag=0.1494 sigreg_obj=0.515694 memory_barlow=0.000000 target_std=0.9846 pred_std=0.9716 decoded_loss=0.004310 decoded_dynamic=0.007429 presence_loss=0.142335 memory_norm=7.989318
epoch=3 step=6810 total_loss=0.464421 pred_loss=0.306611 pred_uniform=0.307028 rep=0.338963 barlow=1.025354 barlow_diag=0.0003 barlow_offdiag=0.1507 sigreg_obj=0.526130 memory_barlow=0.000000 target_std=0.9891 pred_std=0.9830 decoded_loss=0.003744 decoded_dynamic=0.006377 presence_loss=0.194440 memory_norm=6.914903
epoch=3 step=6820 total_loss=0.507886 pred_loss=0.341173 pred_uniform=0.343094 rep=0.372164 barlow=1.042143 barlow_diag=-0.0084 barlow_offdiag=0.1485 sigreg_obj=0.430086 memory_barlow=0.000000 target_std=0.9852 pred_std=0.9747 decoded_loss=0.005378 decoded_dynamic=0.008139 presence_loss=0.164157 memory_norm=7.862554
epoch=3 step=6830 total_loss=0.476972 pred_loss=0.315000 pred_uniform=0.315064 rep=0.366745 barlow=1.048126 barlow_diag=-0.0118 barlow_offdiag=0.1600 sigreg_obj=0.374577 memory_barlow=0.000000 target_std=0.9824 pred_std=0.9716 decoded_loss=0.004193 decoded_dynamic=0.007153 presence_loss=0.200535 memory_norm=6.828667
epoch=3 step=6840 total_loss=0.608966 pred_loss=0.399913 pred_uniform=0.399207 rep=0.424227 barlow=1.045814 barlow_diag=-0.0108 barlow_offdiag=0.1533 sigreg_obj=0.489502 memory_barlow=0.000000 target_std=0.9742 pred_std=0.9487 decoded_loss=0.005745 decoded_dynamic=0.009031 presence_loss=0.241981 memory_norm=6.841773
epoch=3 step=6850 total_loss=0.751358 pred_loss=0.481283 pred_uniform=0.475555 rep=0.525118 barlow=1.042912 barlow_diag=-0.0060 barlow_offdiag=0.1712 sigreg_obj=0.459305 memory_barlow=0.000000 target_std=0.9765 pred_std=0.9456 decoded_loss=0.003818 decoded_dynamic=0.006028 presence_loss=0.148530 memory_norm=6.787206
epoch=3 step=6860 total_loss=0.569690 pred_loss=0.376214 pred_uniform=0.376007 rep=0.409225 barlow=1.043624 barlow_diag=-0.0100 barlow_offdiag=0.1526 sigreg_obj=0.378959 memory_barlow=0.000000 target_std=0.9787 pred_std=0.9599 decoded_loss=0.004681 decoded_dynamic=0.007592 presence_loss=0.177408 memory_norm=7.427016
epoch=3 step=6870 total_loss=0.584376 pred_loss=0.386486 pred_uniform=0.386313 rep=0.426473 barlow=1.031380 barlow_diag=-0.0040 barlow_offdiag=0.1544 sigreg_obj=0.337223 memory_barlow=0.000000 target_std=0.9811 pred_std=0.9653 decoded_loss=0.003928 decoded_dynamic=0.006251 presence_loss=0.151070 memory_norm=6.338964
epoch=3 step=6880 total_loss=0.615351 pred_loss=0.406472 pred_uniform=0.406089 rep=0.451618 barlow=1.015081 barlow_diag=0.0036 barlow_offdiag=0.1510 sigreg_obj=0.429149 memory_barlow=0.000000 target_std=0.9808 pred_std=0.9609 decoded_loss=0.005027 decoded_dynamic=0.008265 presence_loss=0.163878 memory_norm=8.121314
epoch=3 step=6890 total_loss=0.543253 pred_loss=0.362951 pred_uniform=0.364059 rep=0.398366 barlow=1.013759 barlow_diag=0.0039 barlow_offdiag=0.1484 sigreg_obj=0.325247 memory_barlow=0.000000 target_std=0.9838 pred_std=0.9680 decoded_loss=0.004399 decoded_dynamic=0.007411 presence_loss=0.150299 memory_norm=7.362274
epoch=3 step=6900 total_loss=0.589085 pred_loss=0.391466 pred_uniform=0.391999 rep=0.429182 barlow=1.039528 barlow_diag=-0.0059 barlow_offdiag=0.1562 sigreg_obj=0.397567 memory_barlow=0.000000 target_std=0.9783 pred_std=0.9600 decoded_loss=0.004149 decoded_dynamic=0.006704 presence_loss=0.180743 memory_norm=6.670721
epoch=3 step=6910 total_loss=0.534775 pred_loss=0.356731 pred_uniform=0.357687 rep=0.399952 barlow=1.022672 barlow_diag=-0.0002 barlow_offdiag=0.1484 sigreg_obj=0.359838 memory_barlow=0.000000 target_std=0.9849 pred_std=0.9711 decoded_loss=0.005373 decoded_dynamic=0.008678 presence_loss=0.179948 memory_norm=6.779773
epoch=3 step=6920 total_loss=0.565223 pred_loss=0.376597 pred_uniform=0.377473 rep=0.403454 barlow=1.037668 barlow_diag=-0.0067 barlow_offdiag=0.1475 sigreg_obj=0.456625 memory_barlow=0.000000 target_std=0.9890 pred_std=0.9778 decoded_loss=0.005278 decoded_dynamic=0.008195 presence_loss=0.187013 memory_norm=7.344325
epoch=3 step=6930 total_loss=0.586184 pred_loss=0.387246 pred_uniform=0.386843 rep=0.414022 barlow=1.066080 barlow_diag=-0.0197 barlow_offdiag=0.1608 sigreg_obj=0.349555 memory_barlow=0.000000 target_std=0.9777 pred_std=0.9544 decoded_loss=0.003624 decoded_dynamic=0.005647 presence_loss=0.103610 memory_norm=6.009684
epoch=3 step=6940 total_loss=0.568449 pred_loss=0.380422 pred_uniform=0.381889 rep=0.387914 barlow=1.045962 barlow_diag=-0.0104 barlow_offdiag=0.1454 sigreg_obj=0.438615 memory_barlow=0.000000 target_std=0.9856 pred_std=0.9717 decoded_loss=0.005951 decoded_dynamic=0.008370 presence_loss=0.154510 memory_norm=7.807325
epoch=3 step=6950 total_loss=0.445515 pred_loss=0.303027 pred_uniform=0.306256 rep=0.340447 barlow=1.029498 barlow_diag=-0.0042 barlow_offdiag=0.1417 sigreg_obj=0.473070 memory_barlow=0.000000 target_std=0.9885 pred_std=0.9792 decoded_loss=0.004931 decoded_dynamic=0.007817 presence_loss=0.171389 memory_norm=8.735514
epoch=3 step=6960 total_loss=0.639830 pred_loss=0.423285 pred_uniform=0.423211 rep=0.461029 barlow=1.037636 barlow_diag=-0.0062 barlow_offdiag=0.1549 sigreg_obj=0.401412 memory_barlow=0.000000 target_std=0.9783 pred_std=0.9503 decoded_loss=0.004860 decoded_dynamic=0.007665 presence_loss=0.157832 memory_norm=6.884129
epoch=3 step=6970 total_loss=0.553898 pred_loss=0.367601 pred_uniform=0.367895 rep=0.397213 barlow=1.056022 barlow_diag=-0.0168 barlow_offdiag=0.1471 sigreg_obj=0.320204 memory_barlow=0.000000 target_std=0.9828 pred_std=0.9658 decoded_loss=0.004418 decoded_dynamic=0.006956 presence_loss=0.145133 memory_norm=7.228630
epoch=3 step=6980 total_loss=0.522139 pred_loss=0.354042 pred_uniform=0.357087 rep=0.393394 barlow=1.048568 barlow_diag=-0.0142 barlow_offdiag=0.1460 sigreg_obj=0.358725 memory_barlow=0.000000 target_std=0.9840 pred_std=0.9753 decoded_loss=0.007791 decoded_dynamic=0.011255 presence_loss=0.258254 memory_norm=8.216931
epoch=3 step=6990 total_loss=0.552792 pred_loss=0.368016 pred_uniform=0.368976 rep=0.413071 barlow=1.063336 barlow_diag=-0.0205 barlow_offdiag=0.1456 sigreg_obj=0.370984 memory_barlow=0.000000 target_std=0.9881 pred_std=0.9762 decoded_loss=0.005063 decoded_dynamic=0.008426 presence_loss=0.202483 memory_norm=8.342543
saved_recovery_checkpoint epoch=3 step=7000 successful_updates=7000
epoch=3 step=7000 total_loss=0.563271 pred_loss=0.378024 pred_uniform=0.379740 rep=0.405846 barlow=1.034342 barlow_diag=-0.0051 barlow_offdiag=0.1513 sigreg_obj=0.362470 memory_barlow=0.000000 target_std=0.9866 pred_std=0.9708 decoded_loss=0.003950 decoded_dynamic=0.006623 presence_loss=0.141214 memory_norm=6.956777
epoch=3 step=7010 total_loss=0.422108 pred_loss=0.286832 pred_uniform=0.289822 rep=0.315174 barlow=1.013865 barlow_diag=0.0047 barlow_offdiag=0.1478 sigreg_obj=0.488185 memory_barlow=0.000000 target_std=0.9884 pred_std=0.9809 decoded_loss=0.005200 decoded_dynamic=0.009157 presence_loss=0.172337 memory_norm=8.717916
epoch=3 step=7020 total_loss=0.734561 pred_loss=0.481510 pred_uniform=0.479555 rep=0.521312 barlow=1.029303 barlow_diag=-0.0015 barlow_offdiag=0.1546 sigreg_obj=0.367063 memory_barlow=0.000000 target_std=0.9736 pred_std=0.9425 decoded_loss=0.004344 decoded_dynamic=0.006511 presence_loss=0.129611 memory_norm=6.719987
epoch=3 step=7030 total_loss=0.628310 pred_loss=0.411183 pred_uniform=0.409353 rep=0.442878 barlow=1.051637 barlow_diag=-0.0126 barlow_offdiag=0.1511 sigreg_obj=0.370844 memory_barlow=0.000000 target_std=0.9785 pred_std=0.9565 decoded_loss=0.003924 decoded_dynamic=0.006550 presence_loss=0.198512 memory_norm=7.486137
epoch=3 step=7040 total_loss=0.573875 pred_loss=0.384952 pred_uniform=0.386654 rep=0.400890 barlow=1.038639 barlow_diag=-0.0080 barlow_offdiag=0.1464 sigreg_obj=0.360303 memory_barlow=0.000000 target_std=0.9870 pred_std=0.9729 decoded_loss=0.005006 decoded_dynamic=0.006752 presence_loss=0.128284 memory_norm=6.995824
epoch=3 step=7050 total_loss=0.596838 pred_loss=0.390634 pred_uniform=0.389098 rep=0.420719 barlow=1.032115 barlow_diag=-0.0041 barlow_offdiag=0.1558 sigreg_obj=0.359047 memory_barlow=0.000000 target_std=0.9754 pred_std=0.9522 decoded_loss=0.004410 decoded_dynamic=0.006852 presence_loss=0.162217 memory_norm=6.354782
epoch=3 step=7060 total_loss=0.533494 pred_loss=0.356795 pred_uniform=0.358205 rep=0.392441 barlow=1.044072 barlow_diag=-0.0121 barlow_offdiag=0.1414 sigreg_obj=0.399461 memory_barlow=0.000000 target_std=0.9898 pred_std=0.9814 decoded_loss=0.005070 decoded_dynamic=0.008194 presence_loss=0.219808 memory_norm=8.366660
epoch=3 step=7070 total_loss=0.330424 pred_loss=0.226473 pred_uniform=0.229929 rep=0.263859 barlow=1.020697 barlow_diag=0.0009 barlow_offdiag=0.1470 sigreg_obj=0.438862 memory_barlow=0.000000 target_std=0.9885 pred_std=0.9868 decoded_loss=0.004635 decoded_dynamic=0.007684 presence_loss=0.292955 memory_norm=7.517771
epoch=3 step=7080 total_loss=0.627990 pred_loss=0.412124 pred_uniform=0.410930 rep=0.441350 barlow=1.054436 barlow_diag=-0.0152 barlow_offdiag=0.1475 sigreg_obj=0.473911 memory_barlow=0.000000 target_std=0.9802 pred_std=0.9620 decoded_loss=0.005623 decoded_dynamic=0.009366 presence_loss=0.215102 memory_norm=7.397835
epoch=3 step=7090 total_loss=0.477280 pred_loss=0.316055 pred_uniform=0.316452 rep=0.357831 barlow=1.036123 barlow_diag=-0.0068 barlow_offdiag=0.1451 sigreg_obj=0.362576 memory_barlow=0.000000 target_std=0.9829 pred_std=0.9715 decoded_loss=0.005279 decoded_dynamic=0.008183 presence_loss=0.269034 memory_norm=8.169422
epoch=3 step=7100 total_loss=0.644368 pred_loss=0.420076 pred_uniform=0.417726 rep=0.475228 barlow=1.050954 barlow_diag=-0.0114 barlow_offdiag=0.1623 sigreg_obj=0.366884 memory_barlow=0.000000 target_std=0.9754 pred_std=0.9471 decoded_loss=0.003989 decoded_dynamic=0.006364 presence_loss=0.179440 memory_norm=5.903343
epoch=3 step=7110 total_loss=0.525624 pred_loss=0.350986 pred_uniform=0.352135 rep=0.394488 barlow=1.030076 barlow_diag=-0.0044 barlow_offdiag=0.1482 sigreg_obj=0.350180 memory_barlow=0.000000 target_std=0.9844 pred_std=0.9735 decoded_loss=0.005749 decoded_dynamic=0.008423 presence_loss=0.204009 memory_norm=7.770507
epoch=3 step=7120 total_loss=0.712338 pred_loss=0.464768 pred_uniform=0.462308 rep=0.491063 barlow=1.041153 barlow_diag=-0.0073 barlow_offdiag=0.1649 sigreg_obj=0.471842 memory_barlow=0.000000 target_std=0.9712 pred_std=0.9447 decoded_loss=0.004058 decoded_dynamic=0.005484 presence_loss=0.108111 memory_norm=6.027706
epoch=3 step=7130 total_loss=0.461664 pred_loss=0.314459 pred_uniform=0.318125 rep=0.356482 barlow=1.042011 barlow_diag=-0.0099 barlow_offdiag=0.1453 sigreg_obj=0.529465 memory_barlow=0.000000 target_std=0.9886 pred_std=0.9787 decoded_loss=0.005021 decoded_dynamic=0.008557 presence_loss=0.157834 memory_norm=8.972454
epoch=3 step=7140 total_loss=0.583203 pred_loss=0.383945 pred_uniform=0.383387 rep=0.412109 barlow=1.049754 barlow_diag=-0.0133 barlow_offdiag=0.1456 sigreg_obj=0.412556 memory_barlow=0.000000 target_std=0.9840 pred_std=0.9706 decoded_loss=0.005845 decoded_dynamic=0.009788 presence_loss=0.222759 memory_norm=7.907175
epoch=3 step=7150 total_loss=0.568329 pred_loss=0.375068 pred_uniform=0.374564 rep=0.408448 barlow=1.044763 barlow_diag=-0.0107 barlow_offdiag=0.1477 sigreg_obj=0.311435 memory_barlow=0.000000 target_std=0.9831 pred_std=0.9659 decoded_loss=0.004061 decoded_dynamic=0.007081 presence_loss=0.152694 memory_norm=6.990608
epoch=3 step=7160 total_loss=0.577686 pred_loss=0.375397 pred_uniform=0.373041 rep=0.406395 barlow=1.038807 barlow_diag=-0.0057 barlow_offdiag=0.1580 sigreg_obj=0.396730 memory_barlow=0.000000 target_std=0.9823 pred_std=0.9678 decoded_loss=0.004192 decoded_dynamic=0.007296 presence_loss=0.207457 memory_norm=6.799907
epoch=3 step=7170 total_loss=0.545554 pred_loss=0.360707 pred_uniform=0.360694 rep=0.391466 barlow=1.028698 barlow_diag=-0.0023 barlow_offdiag=0.1567 sigreg_obj=0.389810 memory_barlow=0.000000 target_std=0.9846 pred_std=0.9670 decoded_loss=0.003664 decoded_dynamic=0.006038 presence_loss=0.132634 memory_norm=6.694776
epoch=3 step=7180 total_loss=0.718448 pred_loss=0.463050 pred_uniform=0.458703 rep=0.492832 barlow=1.066772 barlow_diag=-0.0198 barlow_offdiag=0.1601 sigreg_obj=0.507448 memory_barlow=0.000000 target_std=0.9752 pred_std=0.9492 decoded_loss=0.004025 decoded_dynamic=0.006725 presence_loss=0.161797 memory_norm=6.352599
epoch=3 step=7190 total_loss=0.425519 pred_loss=0.289275 pred_uniform=0.292427 rep=0.321231 barlow=1.024110 barlow_diag=-0.0009 barlow_offdiag=0.1454 sigreg_obj=0.512522 memory_barlow=0.000000 target_std=0.9882 pred_std=0.9827 decoded_loss=0.005770 decoded_dynamic=0.009064 presence_loss=0.169924 memory_norm=8.655216
epoch=3 step=7200 total_loss=0.567468 pred_loss=0.379643 pred_uniform=0.381072 rep=0.402424 barlow=1.028666 barlow_diag=-0.0019 barlow_offdiag=0.1509 sigreg_obj=0.398465 memory_barlow=0.000000 target_std=0.9789 pred_std=0.9636 decoded_loss=0.004126 decoded_dynamic=0.005603 presence_loss=0.132170 memory_norm=7.305807
epoch=3 step=7210 total_loss=0.530324 pred_loss=0.350110 pred_uniform=0.349957 rep=0.389354 barlow=1.035755 barlow_diag=-0.0067 barlow_offdiag=0.1483 sigreg_obj=0.370166 memory_barlow=0.000000 target_std=0.9829 pred_std=0.9692 decoded_loss=0.005010 decoded_dynamic=0.007991 presence_loss=0.253549 memory_norm=8.200087
epoch=3 step=7220 total_loss=0.523990 pred_loss=0.354704 pred_uniform=0.357743 rep=0.366512 barlow=1.032693 barlow_diag=-0.0051 barlow_offdiag=0.1444 sigreg_obj=0.504538 memory_barlow=0.000000 target_std=0.9895 pred_std=0.9830 decoded_loss=0.004769 decoded_dynamic=0.008194 presence_loss=0.156756 memory_norm=8.797178
epoch=3 step=7230 total_loss=0.750953 pred_loss=0.483377 pred_uniform=0.478429 rep=0.547582 barlow=1.040824 barlow_diag=-0.0071 barlow_offdiag=0.1567 sigreg_obj=0.474611 memory_barlow=0.000000 target_std=0.9727 pred_std=0.9359 decoded_loss=0.003805 decoded_dynamic=0.005604 presence_loss=0.136047 memory_norm=6.294841
epoch=3 step=7240 total_loss=0.486811 pred_loss=0.333423 pred_uniform=0.337368 rep=0.355126 barlow=1.028285 barlow_diag=-0.0015 barlow_offdiag=0.1451 sigreg_obj=0.405508 memory_barlow=0.000000 target_std=0.9874 pred_std=0.9810 decoded_loss=0.006768 decoded_dynamic=0.010791 presence_loss=0.202049 memory_norm=7.085171
saved_recovery_checkpoint epoch=3 step=7250 successful_updates=7250
epoch=3 step=7250 total_loss=0.537426 pred_loss=0.360647 pred_uniform=0.362509 rep=0.411341 barlow=1.051345 barlow_diag=-0.0125 barlow_offdiag=0.1550 sigreg_obj=0.308758 memory_barlow=0.000000 target_std=0.9828 pred_std=0.9656 decoded_loss=0.004064 decoded_dynamic=0.006480 presence_loss=0.172084 memory_norm=6.671588
epoch=3 step=7260 total_loss=0.556480 pred_loss=0.368763 pred_uniform=0.368957 rep=0.418465 barlow=1.027196 barlow_diag=-0.0025 barlow_offdiag=0.1480 sigreg_obj=0.362830 memory_barlow=0.000000 target_std=0.9858 pred_std=0.9740 decoded_loss=0.004621 decoded_dynamic=0.007392 presence_loss=0.145820 memory_norm=6.908706
epoch=3 step=7270 total_loss=0.749890 pred_loss=0.484048 pred_uniform=0.479746 rep=0.534287 barlow=1.062882 barlow_diag=-0.0178 barlow_offdiag=0.1621 sigreg_obj=0.415007 memory_barlow=0.000000 target_std=0.9759 pred_std=0.9422 decoded_loss=0.004475 decoded_dynamic=0.006434 presence_loss=0.123785 memory_norm=5.521807
epoch=3 step=7280 total_loss=0.437953 pred_loss=0.300798 pred_uniform=0.304620 rep=0.319400 barlow=1.040549 barlow_diag=-0.0091 barlow_offdiag=0.1444 sigreg_obj=0.380784 memory_barlow=0.000000 target_std=0.9904 pred_std=0.9842 decoded_loss=0.005471 decoded_dynamic=0.009493 presence_loss=0.198318 memory_norm=7.363866
epoch=3 step=7290 total_loss=0.702807 pred_loss=0.457745 pred_uniform=0.454911 rep=0.503961 barlow=1.067579 barlow_diag=-0.0186 barlow_offdiag=0.1680 sigreg_obj=0.383674 memory_barlow=0.000000 target_std=0.9742 pred_std=0.9385 decoded_loss=0.002432 decoded_dynamic=0.003841 presence_loss=0.096149 memory_norm=5.353244
epoch=3 step=7300 total_loss=0.526617 pred_loss=0.358081 pred_uniform=0.361487 rep=0.383804 barlow=1.021637 barlow_diag=-0.0003 barlow_offdiag=0.1414 sigreg_obj=0.385915 memory_barlow=0.000000 target_std=0.9914 pred_std=0.9834 decoded_loss=0.006057 decoded_dynamic=0.010645 presence_loss=0.195331 memory_norm=7.961636
epoch=3 step=7310 total_loss=0.462660 pred_loss=0.312573 pred_uniform=0.314772 rep=0.342301 barlow=1.016489 barlow_diag=0.0024 barlow_offdiag=0.1460 sigreg_obj=0.401394 memory_barlow=0.000000 target_std=0.9885 pred_std=0.9812 decoded_loss=0.004420 decoded_dynamic=0.007485 presence_loss=0.147822 memory_norm=7.718638
epoch=3 step=7320 total_loss=0.665223 pred_loss=0.440217 pred_uniform=0.439953 rep=0.458862 barlow=1.030459 barlow_diag=-0.0034 barlow_offdiag=0.1467 sigreg_obj=0.360994 memory_barlow=0.000000 target_std=0.9853 pred_std=0.9697 decoded_loss=0.004454 decoded_dynamic=0.007013 presence_loss=0.160573 memory_norm=7.665519
epoch=3 step=7330 total_loss=0.581192 pred_loss=0.379075 pred_uniform=0.377425 rep=0.413393 barlow=1.043281 barlow_diag=-0.0112 barlow_offdiag=0.1452 sigreg_obj=0.401579 memory_barlow=0.000000 target_std=0.9814 pred_std=0.9647 decoded_loss=0.005117 decoded_dynamic=0.008091 presence_loss=0.247976 memory_norm=7.710350
epoch=3 step=7340 total_loss=0.426919 pred_loss=0.293710 pred_uniform=0.297723 rep=0.322837 barlow=1.049424 barlow_diag=-0.0141 barlow_offdiag=0.1450 sigreg_obj=0.348689 memory_barlow=0.000000 target_std=0.9906 pred_std=0.9876 decoded_loss=0.006202 decoded_dynamic=0.010428 presence_loss=0.242231 memory_norm=6.929216
epoch=3 step=7350 total_loss=0.533114 pred_loss=0.353057 pred_uniform=0.353134 rep=0.375798 barlow=1.031172 barlow_diag=-0.0053 barlow_offdiag=0.1429 sigreg_obj=0.325320 memory_barlow=0.000000 target_std=0.9869 pred_std=0.9756 decoded_loss=0.004124 decoded_dynamic=0.006073 presence_loss=0.171201 memory_norm=7.262904
epoch=3 step=7360 total_loss=0.528846 pred_loss=0.351434 pred_uniform=0.352425 rep=0.397419 barlow=1.017262 barlow_diag=0.0038 barlow_offdiag=0.1467 sigreg_obj=0.579395 memory_barlow=0.000000 target_std=0.9861 pred_std=0.9753 decoded_loss=0.005167 decoded_dynamic=0.007641 presence_loss=0.198069 memory_norm=8.151383
epoch=3 step=7370 total_loss=0.530017 pred_loss=0.350654 pred_uniform=0.350683 rep=0.377179 barlow=1.024677 barlow_diag=-0.0010 barlow_offdiag=0.1493 sigreg_obj=0.389504 memory_barlow=0.000000 target_std=0.9853 pred_std=0.9748 decoded_loss=0.004706 decoded_dynamic=0.007252 presence_loss=0.156013 memory_norm=7.684959
epoch=3 step=7380 total_loss=0.584205 pred_loss=0.390509 pred_uniform=0.391889 rep=0.419942 barlow=1.047569 barlow_diag=-0.0107 barlow_offdiag=0.1539 sigreg_obj=0.439892 memory_barlow=0.000000 target_std=0.9819 pred_std=0.9697 decoded_loss=0.003943 decoded_dynamic=0.006506 presence_loss=0.156820 memory_norm=7.110466
epoch=3 step=7390 total_loss=0.564064 pred_loss=0.372178 pred_uniform=0.371692 rep=0.418878 barlow=1.037337 barlow_diag=-0.0057 barlow_offdiag=0.1535 sigreg_obj=0.351039 memory_barlow=0.000000 target_std=0.9836 pred_std=0.9663 decoded_loss=0.003978 decoded_dynamic=0.006509 presence_loss=0.157866 memory_norm=6.954085
epoch=3 step=7400 total_loss=0.570152 pred_loss=0.376484 pred_uniform=0.376342 rep=0.398876 barlow=1.043273 barlow_diag=-0.0103 barlow_offdiag=0.1443 sigreg_obj=0.424547 memory_barlow=0.000000 target_std=0.9858 pred_std=0.9767 decoded_loss=0.005757 decoded_dynamic=0.009408 presence_loss=0.212899 memory_norm=8.604597
epoch=3 step=7410 total_loss=0.506148 pred_loss=0.339859 pred_uniform=0.341484 rep=0.363367 barlow=1.060144 barlow_diag=-0.0158 barlow_offdiag=0.1521 sigreg_obj=0.334378 memory_barlow=0.000000 target_std=0.9840 pred_std=0.9710 decoded_loss=0.004637 decoded_dynamic=0.007498 presence_loss=0.162441 memory_norm=6.809295
epoch=3 step=7420 total_loss=0.555159 pred_loss=0.372053 pred_uniform=0.373810 rep=0.409337 barlow=1.018349 barlow_diag=0.0016 barlow_offdiag=0.1427 sigreg_obj=0.434261 memory_barlow=0.000000 target_std=0.9855 pred_std=0.9767 decoded_loss=0.005531 decoded_dynamic=0.008703 presence_loss=0.253914 memory_norm=7.870333
epoch=3 step=7430 total_loss=0.457734 pred_loss=0.308687 pred_uniform=0.310738 rep=0.338410 barlow=1.053221 barlow_diag=-0.0167 barlow_offdiag=0.1394 sigreg_obj=0.327689 memory_barlow=0.000000 target_std=0.9894 pred_std=0.9831 decoded_loss=0.004867 decoded_dynamic=0.008253 presence_loss=0.247709 memory_norm=8.254560
epoch=3 step=7440 total_loss=0.541636 pred_loss=0.361202 pred_uniform=0.362146 rep=0.393532 barlow=1.053828 barlow_diag=-0.0145 barlow_offdiag=0.1484 sigreg_obj=0.364960 memory_barlow=0.000000 target_std=0.9860 pred_std=0.9733 decoded_loss=0.005098 decoded_dynamic=0.007731 presence_loss=0.155694 memory_norm=7.505254
epoch=3 step=7450 total_loss=0.589948 pred_loss=0.386988 pred_uniform=0.385574 rep=0.426507 barlow=1.026805 barlow_diag=-0.0022 barlow_offdiag=0.1521 sigreg_obj=0.345088 memory_barlow=0.000000 target_std=0.9806 pred_std=0.9601 decoded_loss=0.003898 decoded_dynamic=0.006600 presence_loss=0.161294 memory_norm=6.997030
epoch=3 step=7460 total_loss=0.685838 pred_loss=0.445562 pred_uniform=0.442577 rep=0.465253 barlow=1.066156 barlow_diag=-0.0209 barlow_offdiag=0.1503 sigreg_obj=0.435161 memory_barlow=0.000000 target_std=0.9807 pred_std=0.9602 decoded_loss=0.004270 decoded_dynamic=0.006954 presence_loss=0.182800 memory_norm=6.767536
epoch=3 step=7470 total_loss=0.391149 pred_loss=0.269711 pred_uniform=0.273829 rep=0.300858 barlow=1.036243 barlow_diag=-0.0071 barlow_offdiag=0.1421 sigreg_obj=0.430313 memory_barlow=0.000000 target_std=0.9896 pred_std=0.9832 decoded_loss=0.004947 decoded_dynamic=0.008069 presence_loss=0.181744 memory_norm=8.461227
epoch=3 step=7480 total_loss=0.730768 pred_loss=0.475159 pred_uniform=0.472020 rep=0.493975 barlow=1.053669 barlow_diag=-0.0133 barlow_offdiag=0.1576 sigreg_obj=0.501287 memory_barlow=0.000000 target_std=0.9761 pred_std=0.9448 decoded_loss=0.005271 decoded_dynamic=0.007729 presence_loss=0.139024 memory_norm=6.149772
epoch=3 step=7490 total_loss=0.418459 pred_loss=0.283397 pred_uniform=0.286065 rep=0.319408 barlow=1.058972 barlow_diag=-0.0191 barlow_offdiag=0.1422 sigreg_obj=0.379839 memory_barlow=0.000000 target_std=0.9887 pred_std=0.9834 decoded_loss=0.005409 decoded_dynamic=0.009150 presence_loss=0.277020 memory_norm=8.491844
saved_recovery_checkpoint epoch=3 step=7500 successful_updates=7500
epoch=3 step=7500 total_loss=0.585601 pred_loss=0.385612 pred_uniform=0.384762 rep=0.417632 barlow=1.038992 barlow_diag=-0.0080 barlow_offdiag=0.1462 sigreg_obj=0.316871 memory_barlow=0.000000 target_std=0.9859 pred_std=0.9709 decoded_loss=0.004085 decoded_dynamic=0.006438 presence_loss=0.136382 memory_norm=6.854742
epoch=3 step=7510 total_loss=0.545236 pred_loss=0.364058 pred_uniform=0.365128 rep=0.403260 barlow=1.023040 barlow_diag=0.0009 barlow_offdiag=0.1472 sigreg_obj=0.376230 memory_barlow=0.000000 target_std=0.9822 pred_std=0.9678 decoded_loss=0.004637 decoded_dynamic=0.007699 presence_loss=0.177959 memory_norm=7.746368
epoch=3 step=7520 total_loss=0.524512 pred_loss=0.355036 pred_uniform=0.358055 rep=0.390412 barlow=1.023871 barlow_diag=-0.0006 barlow_offdiag=0.1447 sigreg_obj=0.476899 memory_barlow=0.000000 target_std=0.9862 pred_std=0.9752 decoded_loss=0.005633 decoded_dynamic=0.009440 presence_loss=0.202348 memory_norm=8.388540
epoch=3 step=7530 total_loss=0.516902 pred_loss=0.342047 pred_uniform=0.342417 rep=0.369677 barlow=1.049901 barlow_diag=-0.0134 barlow_offdiag=0.1578 sigreg_obj=0.500241 memory_barlow=0.000000 target_std=0.9823 pred_std=0.9701 decoded_loss=0.005109 decoded_dynamic=0.007792 presence_loss=0.179111 memory_norm=8.488917
epoch=3 step=7540 total_loss=0.468283 pred_loss=0.315143 pred_uniform=0.317024 rep=0.342854 barlow=1.040659 barlow_diag=-0.0104 barlow_offdiag=0.1411 sigreg_obj=0.403560 memory_barlow=0.000000 target_std=0.9875 pred_std=0.9797 decoded_loss=0.005783 decoded_dynamic=0.009418 presence_loss=0.212436 memory_norm=8.517550
epoch=3 step=7550 total_loss=0.583539 pred_loss=0.382006 pred_uniform=0.380355 rep=0.412467 barlow=1.047382 barlow_diag=-0.0115 barlow_offdiag=0.1506 sigreg_obj=0.314578 memory_barlow=0.000000 target_std=0.9860 pred_std=0.9718 decoded_loss=0.004555 decoded_dynamic=0.006698 presence_loss=0.147069 memory_norm=6.993183
epoch=3 step=7560 total_loss=0.564951 pred_loss=0.381368 pred_uniform=0.383826 rep=0.402608 barlow=1.031428 barlow_diag=-0.0054 barlow_offdiag=0.1409 sigreg_obj=0.345132 memory_barlow=0.000000 target_std=0.9902 pred_std=0.9791 decoded_loss=0.004973 decoded_dynamic=0.007485 presence_loss=0.159411 memory_norm=7.802246
epoch=3 step=7570 total_loss=0.548614 pred_loss=0.363570 pred_uniform=0.363725 rep=0.395642 barlow=1.045855 barlow_diag=-0.0093 barlow_offdiag=0.1569 sigreg_obj=0.401869 memory_barlow=0.000000 target_std=0.9851 pred_std=0.9704 decoded_loss=0.004316 decoded_dynamic=0.007363 presence_loss=0.134244 memory_norm=6.362781
epoch=3 step=7580 total_loss=0.600448 pred_loss=0.396914 pred_uniform=0.396620 rep=0.436685 barlow=1.042755 barlow_diag=-0.0091 barlow_offdiag=0.1470 sigreg_obj=0.386114 memory_barlow=0.000000 target_std=0.9858 pred_std=0.9650 decoded_loss=0.004385 decoded_dynamic=0.007042 presence_loss=0.138064 memory_norm=7.584334
epoch=3 step=7590 total_loss=0.595841 pred_loss=0.389583 pred_uniform=0.387983 rep=0.439495 barlow=1.037848 barlow_diag=-0.0090 barlow_offdiag=0.1493 sigreg_obj=0.356752 memory_barlow=0.000000 target_std=0.9782 pred_std=0.9571 decoded_loss=0.004709 decoded_dynamic=0.006638 presence_loss=0.194334 memory_norm=7.368721
epoch=3 step=7600 total_loss=0.752721 pred_loss=0.494599 pred_uniform=0.493259 rep=0.518019 barlow=1.059325 barlow_diag=-0.0143 barlow_offdiag=0.1650 sigreg_obj=0.505088 memory_barlow=0.000000 target_std=0.9683 pred_std=0.9329 decoded_loss=0.003479 decoded_dynamic=0.005116 presence_loss=0.088908 memory_norm=6.748453
epoch=3 step=7610 total_loss=0.455799 pred_loss=0.304677 pred_uniform=0.305930 rep=0.335179 barlow=1.034735 barlow_diag=-0.0058 barlow_offdiag=0.1459 sigreg_obj=0.371114 memory_barlow=0.000000 target_std=0.9894 pred_std=0.9814 decoded_loss=0.005686 decoded_dynamic=0.009237 presence_loss=0.179898 memory_norm=7.244021
epoch=3 step=7620 total_loss=0.496008 pred_loss=0.328154 pred_uniform=0.328309 rep=0.339270 barlow=1.052810 barlow_diag=-0.0148 barlow_offdiag=0.1478 sigreg_obj=0.428576 memory_barlow=0.000000 target_std=0.9893 pred_std=0.9813 decoded_loss=0.005008 decoded_dynamic=0.008515 presence_loss=0.193628 memory_norm=8.066315
epoch=3 step=7630 total_loss=0.561941 pred_loss=0.376393 pred_uniform=0.377805 rep=0.410400 barlow=1.058026 barlow_diag=-0.0191 barlow_offdiag=0.1430 sigreg_obj=0.309214 memory_barlow=0.000000 target_std=0.9887 pred_std=0.9759 decoded_loss=0.005136 decoded_dynamic=0.008402 presence_loss=0.179604 memory_norm=7.405775
epoch=3 step=7640 total_loss=0.551090 pred_loss=0.367298 pred_uniform=0.368058 rep=0.390897 barlow=1.053111 barlow_diag=-0.0162 barlow_offdiag=0.1414 sigreg_obj=0.358779 memory_barlow=0.000000 target_std=0.9911 pred_std=0.9825 decoded_loss=0.004585 decoded_dynamic=0.008031 presence_loss=0.181161 memory_norm=7.418602
epoch=3 step=7650 total_loss=0.543135 pred_loss=0.359066 pred_uniform=0.358964 rep=0.382412 barlow=1.060942 barlow_diag=-0.0153 barlow_offdiag=0.1648 sigreg_obj=0.352606 memory_barlow=0.000000 target_std=0.9802 pred_std=0.9643 decoded_loss=0.003555 decoded_dynamic=0.005764 presence_loss=0.142499 memory_norm=6.649478
epoch=3 step=7660 total_loss=0.569657 pred_loss=0.377905 pred_uniform=0.378315 rep=0.394848 barlow=1.034837 barlow_diag=-0.0047 barlow_offdiag=0.1500 sigreg_obj=0.347515 memory_barlow=0.000000 target_std=0.9838 pred_std=0.9678 decoded_loss=0.005295 decoded_dynamic=0.007298 presence_loss=0.194992 memory_norm=6.936748
epoch=3 step=7670 total_loss=0.551263 pred_loss=0.361232 pred_uniform=0.360110 rep=0.380348 barlow=1.005835 barlow_diag=0.0098 barlow_offdiag=0.1581 sigreg_obj=0.390518 memory_barlow=0.000000 target_std=0.9819 pred_std=0.9640 decoded_loss=0.004262 decoded_dynamic=0.005477 presence_loss=0.188400 memory_norm=6.754575
epoch=3 step=7680 total_loss=0.659113 pred_loss=0.434105 pred_uniform=0.432939 rep=0.486702 barlow=1.030739 barlow_diag=-0.0040 barlow_offdiag=0.1480 sigreg_obj=0.322831 memory_barlow=0.000000 target_std=0.9796 pred_std=0.9576 decoded_loss=0.004071 decoded_dynamic=0.006081 presence_loss=0.128603 memory_norm=6.519525
epoch=3 step=7690 total_loss=0.468689 pred_loss=0.317849 pred_uniform=0.320559 rep=0.354195 barlow=1.036057 barlow_diag=-0.0058 barlow_offdiag=0.1475 sigreg_obj=0.321178 memory_barlow=0.000000 target_std=0.9832 pred_std=0.9716 decoded_loss=0.005480 decoded_dynamic=0.009290 presence_loss=0.232767 memory_norm=7.475578
epoch=3 step=7700 total_loss=0.490060 pred_loss=0.330601 pred_uniform=0.332984 rep=0.353076 barlow=1.036052 barlow_diag=-0.0091 barlow_offdiag=0.1389 sigreg_obj=0.454860 memory_barlow=0.000000 target_std=0.9899 pred_std=0.9823 decoded_loss=0.005015 decoded_dynamic=0.008873 presence_loss=0.167500 memory_norm=8.793788
epoch=3 step=7710 total_loss=0.593024 pred_loss=0.390547 pred_uniform=0.390022 rep=0.421642 barlow=1.064507 barlow_diag=-0.0208 barlow_offdiag=0.1519 sigreg_obj=0.410696 memory_barlow=0.000000 target_std=0.9790 pred_std=0.9579 decoded_loss=0.005298 decoded_dynamic=0.007591 presence_loss=0.180417 memory_norm=7.827456
epoch=3 step=7720 total_loss=0.469022 pred_loss=0.313420 pred_uniform=0.314786 rep=0.341895 barlow=1.031553 barlow_diag=-0.0045 barlow_offdiag=0.1478 sigreg_obj=0.387170 memory_barlow=0.000000 target_std=0.9850 pred_std=0.9755 decoded_loss=0.004950 decoded_dynamic=0.007645 presence_loss=0.188502 memory_norm=7.379632
epoch=3 step=7730 total_loss=0.535842 pred_loss=0.354767 pred_uniform=0.354802 rep=0.382496 barlow=1.047346 barlow_diag=-0.0112 barlow_offdiag=0.1482 sigreg_obj=0.320668 memory_barlow=0.000000 target_std=0.9812 pred_std=0.9634 decoded_loss=0.005169 decoded_dynamic=0.007090 presence_loss=0.177979 memory_norm=6.807222
epoch=3 step=7740 total_loss=0.636553 pred_loss=0.416892 pred_uniform=0.414911 rep=0.435549 barlow=1.022069 barlow_diag=0.0001 barlow_offdiag=0.1549 sigreg_obj=0.342193 memory_barlow=0.000000 target_std=0.9825 pred_std=0.9642 decoded_loss=0.003788 decoded_dynamic=0.006335 presence_loss=0.122359 memory_norm=5.861522
saved_recovery_checkpoint epoch=3 step=7750 successful_updates=7750
epoch=3 step=7750 total_loss=0.556259 pred_loss=0.366910 pred_uniform=0.366387 rep=0.398342 barlow=1.048107 barlow_diag=-0.0118 barlow_offdiag=0.1557 sigreg_obj=0.342222 memory_barlow=0.000000 target_std=0.9838 pred_std=0.9671 decoded_loss=0.003745 decoded_dynamic=0.005737 presence_loss=0.109143 memory_norm=6.119564
epoch=3 step=7760 total_loss=0.600566 pred_loss=0.404562 pred_uniform=0.406691 rep=0.412769 barlow=1.028270 barlow_diag=-0.0016 barlow_offdiag=0.1502 sigreg_obj=0.390005 memory_barlow=0.000000 target_std=0.9823 pred_std=0.9626 decoded_loss=0.005506 decoded_dynamic=0.007420 presence_loss=0.120599 memory_norm=5.958190
epoch=3 step=7770 total_loss=0.566515 pred_loss=0.373714 pred_uniform=0.373136 rep=0.408098 barlow=1.061927 barlow_diag=-0.0192 barlow_offdiag=0.1490 sigreg_obj=0.318554 memory_barlow=0.000000 target_std=0.9881 pred_std=0.9738 decoded_loss=0.003977 decoded_dynamic=0.005781 presence_loss=0.108615 memory_norm=6.801913
epoch=3 step=7780 total_loss=0.659001 pred_loss=0.433592 pred_uniform=0.432980 rep=0.444173 barlow=1.050880 barlow_diag=-0.0108 barlow_offdiag=0.1638 sigreg_obj=0.578827 memory_barlow=0.000000 target_std=0.9731 pred_std=0.9430 decoded_loss=0.004035 decoded_dynamic=0.006675 presence_loss=0.104677 memory_norm=6.342594
epoch=3 step=7790 total_loss=0.618440 pred_loss=0.404004 pred_uniform=0.402121 rep=0.471747 barlow=1.053894 barlow_diag=-0.0162 barlow_offdiag=0.1500 sigreg_obj=0.426521 memory_barlow=0.000000 target_std=0.9786 pred_std=0.9509 decoded_loss=0.004475 decoded_dynamic=0.006979 presence_loss=0.223515 memory_norm=7.682145
epoch=3 step=7800 total_loss=0.522209 pred_loss=0.353111 pred_uniform=0.355770 rep=0.374804 barlow=1.058197 barlow_diag=-0.0163 barlow_offdiag=0.1502 sigreg_obj=0.377038 memory_barlow=0.000000 target_std=0.9817 pred_std=0.9656 decoded_loss=0.004370 decoded_dynamic=0.007650 presence_loss=0.159575 memory_norm=6.788761
epoch=3 step=7810 total_loss=0.418604 pred_loss=0.281772 pred_uniform=0.283881 rep=0.308975 barlow=1.033181 barlow_diag=-0.0059 barlow_offdiag=0.1462 sigreg_obj=0.445616 memory_barlow=0.000000 target_std=0.9893 pred_std=0.9821 decoded_loss=0.004739 decoded_dynamic=0.008427 presence_loss=0.189813 memory_norm=7.842180
epoch=3 step=7820 total_loss=0.429539 pred_loss=0.294714 pred_uniform=0.298716 rep=0.322589 barlow=1.000212 barlow_diag=0.0106 barlow_offdiag=0.1439 sigreg_obj=0.486394 memory_barlow=0.000000 target_std=0.9904 pred_std=0.9837 decoded_loss=0.005358 decoded_dynamic=0.008858 presence_loss=0.196522 memory_norm=7.877071
epoch=3 step=7830 total_loss=0.597119 pred_loss=0.395209 pred_uniform=0.395134 rep=0.408842 barlow=1.047434 barlow_diag=-0.0095 barlow_offdiag=0.1584 sigreg_obj=0.368980 memory_barlow=0.000000 target_std=0.9831 pred_std=0.9637 decoded_loss=0.003475 decoded_dynamic=0.005818 presence_loss=0.123562 memory_norm=6.010564
epoch=3 step=7840 total_loss=0.621144 pred_loss=0.412640 pred_uniform=0.412886 rep=0.446354 barlow=1.042738 barlow_diag=-0.0086 barlow_offdiag=0.1507 sigreg_obj=0.328191 memory_barlow=0.000000 target_std=0.9840 pred_std=0.9663 decoded_loss=0.004923 decoded_dynamic=0.007782 presence_loss=0.140660 memory_norm=6.279155
epoch=3 step=7850 total_loss=0.470171 pred_loss=0.318351 pred_uniform=0.320797 rep=0.350402 barlow=1.031872 barlow_diag=-0.0044 barlow_offdiag=0.1416 sigreg_obj=0.302077 memory_barlow=0.000000 target_std=0.9903 pred_std=0.9829 decoded_loss=0.004580 decoded_dynamic=0.007555 presence_loss=0.129734 memory_norm=7.408080
epoch=3 step=7860 total_loss=0.467311 pred_loss=0.317453 pred_uniform=0.320588 rep=0.332272 barlow=1.048566 barlow_diag=-0.0137 barlow_offdiag=0.1434 sigreg_obj=0.451104 memory_barlow=0.000000 target_std=0.9883 pred_std=0.9814 decoded_loss=0.004691 decoded_dynamic=0.007875 presence_loss=0.141169 memory_norm=8.469963
epoch=3 step=7870 total_loss=0.525659 pred_loss=0.344186 pred_uniform=0.343043 rep=0.375442 barlow=1.076729 barlow_diag=-0.0244 barlow_offdiag=0.1611 sigreg_obj=0.354179 memory_barlow=0.000000 target_std=0.9833 pred_std=0.9680 decoded_loss=0.004452 decoded_dynamic=0.007298 presence_loss=0.195767 memory_norm=5.472816
epoch=3 step=7880 total_loss=0.439826 pred_loss=0.302105 pred_uniform=0.306350 rep=0.317537 barlow=1.034231 barlow_diag=-0.0073 barlow_offdiag=0.1340 sigreg_obj=0.584423 memory_barlow=0.000000 target_std=0.9916 pred_std=0.9874 decoded_loss=0.006194 decoded_dynamic=0.010747 presence_loss=0.204123 memory_norm=10.189425
epoch=3 step=7890 total_loss=0.495078 pred_loss=0.329309 pred_uniform=0.330120 rep=0.357850 barlow=1.055503 barlow_diag=-0.0155 barlow_offdiag=0.1523 sigreg_obj=0.410253 memory_barlow=0.000000 target_std=0.9827 pred_std=0.9689 decoded_loss=0.005211 decoded_dynamic=0.007822 presence_loss=0.157281 memory_norm=7.286912
epoch=3 step=7900 total_loss=0.570959 pred_loss=0.380402 pred_uniform=0.381358 rep=0.419916 barlow=1.060365 barlow_diag=-0.0169 barlow_offdiag=0.1486 sigreg_obj=0.335375 memory_barlow=0.000000 target_std=0.9780 pred_std=0.9603 decoded_loss=0.005586 decoded_dynamic=0.007471 presence_loss=0.176530 memory_norm=7.009786
epoch=3 step=7910 total_loss=0.516488 pred_loss=0.343394 pred_uniform=0.343920 rep=0.367543 barlow=1.018826 barlow_diag=0.0003 barlow_offdiag=0.1464 sigreg_obj=0.405428 memory_barlow=0.000000 target_std=0.9857 pred_std=0.9734 decoded_loss=0.004646 decoded_dynamic=0.007046 presence_loss=0.144929 memory_norm=8.533190
epoch=3 step=7920 total_loss=0.510284 pred_loss=0.343378 pred_uniform=0.345633 rep=0.363116 barlow=1.028573 barlow_diag=-0.0027 barlow_offdiag=0.1462 sigreg_obj=0.454157 memory_barlow=0.000000 target_std=0.9861 pred_std=0.9764 decoded_loss=0.005372 decoded_dynamic=0.009416 presence_loss=0.221181 memory_norm=8.248755
epoch=3 step=7930 total_loss=0.502534 pred_loss=0.338942 pred_uniform=0.341144 rep=0.361760 barlow=1.007110 barlow_diag=0.0089 barlow_offdiag=0.1499 sigreg_obj=0.369335 memory_barlow=0.000000 target_std=0.9839 pred_std=0.9692 decoded_loss=0.003666 decoded_dynamic=0.006099 presence_loss=0.121621 memory_norm=7.520724
epoch=3 step=7940 total_loss=0.493049 pred_loss=0.333691 pred_uniform=0.336635 rep=0.348350 barlow=1.032027 barlow_diag=-0.0051 barlow_offdiag=0.1445 sigreg_obj=0.512980 memory_barlow=0.000000 target_std=0.9837 pred_std=0.9682 decoded_loss=0.005021 decoded_dynamic=0.008429 presence_loss=0.141835 memory_norm=8.608352
epoch=3 step=7950 total_loss=0.478863 pred_loss=0.322045 pred_uniform=0.324068 rep=0.355774 barlow=1.066921 barlow_diag=-0.0217 barlow_offdiag=0.1534 sigreg_obj=0.387596 memory_barlow=0.000000 target_std=0.9831 pred_std=0.9688 decoded_loss=0.003591 decoded_dynamic=0.006305 presence_loss=0.135303 memory_norm=7.227973
epoch=3 step=7960 total_loss=0.507049 pred_loss=0.342076 pred_uniform=0.344559 rep=0.362108 barlow=1.054193 barlow_diag=-0.0174 barlow_offdiag=0.1435 sigreg_obj=0.455966 memory_barlow=0.000000 target_std=0.9869 pred_std=0.9750 decoded_loss=0.006542 decoded_dynamic=0.009383 presence_loss=0.203697 memory_norm=9.096226
epoch=3 step=7970 total_loss=0.566857 pred_loss=0.371345 pred_uniform=0.370106 rep=0.403725 barlow=1.028649 barlow_diag=-0.0039 barlow_offdiag=0.1499 sigreg_obj=0.480863 memory_barlow=0.000000 target_std=0.9844 pred_std=0.9637 decoded_loss=0.003838 decoded_dynamic=0.006487 presence_loss=0.155314 memory_norm=8.251131
epoch=3 step=7980 total_loss=0.635532 pred_loss=0.414739 pred_uniform=0.412517 rep=0.447736 barlow=1.040652 barlow_diag=-0.0091 barlow_offdiag=0.1469 sigreg_obj=0.371842 memory_barlow=0.000000 target_std=0.9806 pred_std=0.9618 decoded_loss=0.004128 decoded_dynamic=0.006834 presence_loss=0.143539 memory_norm=7.709234
epoch=3 step=7990 total_loss=0.426918 pred_loss=0.287399 pred_uniform=0.289393 rep=0.320811 barlow=1.028774 barlow_diag=-0.0036 barlow_offdiag=0.1457 sigreg_obj=0.414738 memory_barlow=0.000000 target_std=0.9894 pred_std=0.9818 decoded_loss=0.004256 decoded_dynamic=0.007363 presence_loss=0.164722 memory_norm=7.344108
saved_recovery_checkpoint epoch=3 step=8000 successful_updates=8000
epoch=3 step=8000 total_loss=0.578711 pred_loss=0.383644 pred_uniform=0.383923 rep=0.398965 barlow=1.051265 barlow_diag=-0.0133 barlow_offdiag=0.1545 sigreg_obj=0.409918 memory_barlow=0.000000 target_std=0.9824 pred_std=0.9588 decoded_loss=0.004005 decoded_dynamic=0.006958 presence_loss=0.163332 memory_norm=7.217270
epoch=3 step=8010 total_loss=0.532835 pred_loss=0.349673 pred_uniform=0.348766 rep=0.378089 barlow=1.061356 barlow_diag=-0.0189 barlow_offdiag=0.1470 sigreg_obj=0.376828 memory_barlow=0.000000 target_std=0.9836 pred_std=0.9691 decoded_loss=0.004764 decoded_dynamic=0.007683 presence_loss=0.199095 memory_norm=7.308401
epoch=3 step=8020 total_loss=0.583675 pred_loss=0.391606 pred_uniform=0.393449 rep=0.405054 barlow=1.018338 barlow_diag=0.0038 barlow_offdiag=0.1579 sigreg_obj=0.426236 memory_barlow=0.000000 target_std=0.9839 pred_std=0.9677 decoded_loss=0.004059 decoded_dynamic=0.006644 presence_loss=0.131394 memory_norm=6.613765
epoch=3 step=8030 total_loss=0.464057 pred_loss=0.312143 pred_uniform=0.314103 rep=0.341841 barlow=1.064633 barlow_diag=-0.0206 barlow_offdiag=0.1493 sigreg_obj=0.353433 memory_barlow=0.000000 target_std=0.9826 pred_std=0.9699 decoded_loss=0.004663 decoded_dynamic=0.007433 presence_loss=0.191291 memory_norm=7.591163
epoch=3 step=8040 total_loss=0.564152 pred_loss=0.371819 pred_uniform=0.371191 rep=0.389728 barlow=1.049706 barlow_diag=-0.0137 barlow_offdiag=0.1441 sigreg_obj=0.360199 memory_barlow=0.000000 target_std=0.9802 pred_std=0.9634 decoded_loss=0.005129 decoded_dynamic=0.007328 presence_loss=0.154489 memory_norm=7.836647
epoch=3 step=8050 total_loss=0.576834 pred_loss=0.380123 pred_uniform=0.379484 rep=0.425323 barlow=1.036799 barlow_diag=-0.0067 barlow_offdiag=0.1468 sigreg_obj=0.348937 memory_barlow=0.000000 target_std=0.9826 pred_std=0.9623 decoded_loss=0.004054 decoded_dynamic=0.006594 presence_loss=0.203051 memory_norm=7.664079
epoch=3 step=8060 total_loss=0.761399 pred_loss=0.491803 pred_uniform=0.487151 rep=0.524360 barlow=1.056561 barlow_diag=-0.0148 barlow_offdiag=0.1585 sigreg_obj=0.373884 memory_barlow=0.000000 target_std=0.9740 pred_std=0.9368 decoded_loss=0.003233 decoded_dynamic=0.005258 presence_loss=0.120906 memory_norm=5.907073
epoch=3 step=8070 total_loss=0.396191 pred_loss=0.269655 pred_uniform=0.272820 rep=0.298397 barlow=1.037908 barlow_diag=-0.0084 barlow_offdiag=0.1453 sigreg_obj=0.462362 memory_barlow=0.000000 target_std=0.9907 pred_std=0.9857 decoded_loss=0.005248 decoded_dynamic=0.008739 presence_loss=0.190243 memory_norm=7.556816
epoch=3 step=8080 total_loss=0.604776 pred_loss=0.399246 pred_uniform=0.398871 rep=0.411474 barlow=1.053229 barlow_diag=-0.0154 barlow_offdiag=0.1494 sigreg_obj=0.437444 memory_barlow=0.000000 target_std=0.9804 pred_std=0.9576 decoded_loss=0.004179 decoded_dynamic=0.006896 presence_loss=0.158744 memory_norm=7.253022
epoch=3 step=8090 total_loss=0.535754 pred_loss=0.356228 pred_uniform=0.356908 rep=0.395429 barlow=1.040035 barlow_diag=-0.0085 barlow_offdiag=0.1456 sigreg_obj=0.386425 memory_barlow=0.000000 target_std=0.9845 pred_std=0.9705 decoded_loss=0.003982 decoded_dynamic=0.005919 presence_loss=0.123806 memory_norm=7.284701
epoch=3 step=8100 total_loss=0.513112 pred_loss=0.345247 pred_uniform=0.347245 rep=0.364894 barlow=1.038376 barlow_diag=-0.0078 barlow_offdiag=0.1457 sigreg_obj=0.317316 memory_barlow=0.000000 target_std=0.9878 pred_std=0.9801 decoded_loss=0.004431 decoded_dynamic=0.007587 presence_loss=0.193979 memory_norm=6.875321
epoch=3 step=8110 total_loss=0.467721 pred_loss=0.314657 pred_uniform=0.316448 rep=0.334368 barlow=1.040774 barlow_diag=-0.0101 barlow_offdiag=0.1401 sigreg_obj=0.387623 memory_barlow=0.000000 target_std=0.9890 pred_std=0.9794 decoded_loss=0.005162 decoded_dynamic=0.008016 presence_loss=0.192939 memory_norm=8.238580
epoch=3 step=8120 total_loss=0.588741 pred_loss=0.393587 pred_uniform=0.394733 rep=0.412520 barlow=1.021284 barlow_diag=0.0011 barlow_offdiag=0.1508 sigreg_obj=0.370438 memory_barlow=0.000000 target_std=0.9784 pred_std=0.9599 decoded_loss=0.004186 decoded_dynamic=0.006966 presence_loss=0.133237 memory_norm=6.950565
epoch=3 step=8130 total_loss=0.540366 pred_loss=0.352716 pred_uniform=0.351076 rep=0.392144 barlow=1.045481 barlow_diag=-0.0094 barlow_offdiag=0.1579 sigreg_obj=0.404929 memory_barlow=0.000000 target_std=0.9813 pred_std=0.9654 decoded_loss=0.004051 decoded_dynamic=0.007094 presence_loss=0.171118 memory_norm=6.192884
epoch=3 step=8140 total_loss=0.551660 pred_loss=0.361378 pred_uniform=0.360313 rep=0.393316 barlow=1.038204 barlow_diag=-0.0054 barlow_offdiag=0.1560 sigreg_obj=0.420905 memory_barlow=0.000000 target_std=0.9818 pred_std=0.9631 decoded_loss=0.004764 decoded_dynamic=0.007661 presence_loss=0.199417 memory_norm=7.588729
epoch=3 step=8150 total_loss=0.619125 pred_loss=0.402700 pred_uniform=0.400180 rep=0.436416 barlow=1.054745 barlow_diag=-0.0140 barlow_offdiag=0.1597 sigreg_obj=0.354007 memory_barlow=0.000000 target_std=0.9794 pred_std=0.9574 decoded_loss=0.004315 decoded_dynamic=0.007352 presence_loss=0.151504 memory_norm=6.020971
epoch=3 step=8160 total_loss=0.572384 pred_loss=0.380287 pred_uniform=0.380965 rep=0.411927 barlow=1.049218 barlow_diag=-0.0133 barlow_offdiag=0.1407 sigreg_obj=0.476540 memory_barlow=0.000000 target_std=0.9862 pred_std=0.9715 decoded_loss=0.004186 decoded_dynamic=0.006989 presence_loss=0.157780 memory_norm=8.207962
epoch=3 step=8170 total_loss=0.491024 pred_loss=0.328629 pred_uniform=0.330016 rep=0.361805 barlow=1.061609 barlow_diag=-0.0191 barlow_offdiag=0.1456 sigreg_obj=0.388942 memory_barlow=0.000000 target_std=0.9860 pred_std=0.9750 decoded_loss=0.003905 decoded_dynamic=0.006475 presence_loss=0.145704 memory_norm=7.093778
epoch=3 step=8180 total_loss=0.597376 pred_loss=0.393047 pred_uniform=0.391908 rep=0.423283 barlow=1.041150 barlow_diag=-0.0094 barlow_offdiag=0.1422 sigreg_obj=0.386735 memory_barlow=0.000000 target_std=0.9863 pred_std=0.9700 decoded_loss=0.005434 decoded_dynamic=0.008850 presence_loss=0.156969 memory_norm=7.392990
epoch=3 step=8190 total_loss=0.447493 pred_loss=0.299480 pred_uniform=0.300792 rep=0.335324 barlow=1.020878 barlow_diag=0.0014 barlow_offdiag=0.1453 sigreg_obj=0.377116 memory_barlow=0.000000 target_std=0.9871 pred_std=0.9764 decoded_loss=0.003909 decoded_dynamic=0.006213 presence_loss=0.134452 memory_norm=7.605685
epoch=3 step=8200 total_loss=0.795539 pred_loss=0.516727 pred_uniform=0.512951 rep=0.526132 barlow=1.067663 barlow_diag=-0.0189 barlow_offdiag=0.1600 sigreg_obj=0.451528 memory_barlow=0.000000 target_std=0.9755 pred_std=0.9394 decoded_loss=0.003310 decoded_dynamic=0.005207 presence_loss=0.114770 memory_norm=6.505542
epoch=3 step=8210 total_loss=0.487436 pred_loss=0.324026 pred_uniform=0.324815 rep=0.354312 barlow=1.040115 barlow_diag=-0.0094 barlow_offdiag=0.1495 sigreg_obj=0.338036 memory_barlow=0.000000 target_std=0.9885 pred_std=0.9807 decoded_loss=0.004647 decoded_dynamic=0.007621 presence_loss=0.230741 memory_norm=7.205874
epoch=3 step=8220 total_loss=0.595372 pred_loss=0.396136 pred_uniform=0.396800 rep=0.412347 barlow=1.042440 barlow_diag=-0.0106 barlow_offdiag=0.1436 sigreg_obj=0.392382 memory_barlow=0.000000 target_std=0.9845 pred_std=0.9670 decoded_loss=0.004794 decoded_dynamic=0.007891 presence_loss=0.161281 memory_norm=8.060568
epoch=3 step=8230 total_loss=0.629403 pred_loss=0.411340 pred_uniform=0.409340 rep=0.456516 barlow=1.047275 barlow_diag=-0.0118 barlow_offdiag=0.1482 sigreg_obj=0.334704 memory_barlow=0.000000 target_std=0.9794 pred_std=0.9564 decoded_loss=0.004935 decoded_dynamic=0.007087 presence_loss=0.174194 memory_norm=6.982901
epoch=3 step=8240 total_loss=0.615748 pred_loss=0.407041 pred_uniform=0.406817 rep=0.431324 barlow=1.053702 barlow_diag=-0.0159 barlow_offdiag=0.1446 sigreg_obj=0.433852 memory_barlow=0.000000 target_std=0.9805 pred_std=0.9612 decoded_loss=0.006144 decoded_dynamic=0.009842 presence_loss=0.187804 memory_norm=7.260572
saved_recovery_checkpoint epoch=3 step=8250 successful_updates=8250
epoch=3 step=8250 total_loss=0.536488 pred_loss=0.351648 pred_uniform=0.350568 rep=0.390401 barlow=1.041640 barlow_diag=-0.0086 barlow_offdiag=0.1488 sigreg_obj=0.406792 memory_barlow=0.000000 target_std=0.9859 pred_std=0.9723 decoded_loss=0.004673 decoded_dynamic=0.007415 presence_loss=0.160509 memory_norm=7.796368
epoch=3 step=8260 total_loss=0.527677 pred_loss=0.348497 pred_uniform=0.348309 rep=0.376465 barlow=1.029227 barlow_diag=-0.0029 barlow_offdiag=0.1457 sigreg_obj=0.349677 memory_barlow=0.000000 target_std=0.9864 pred_std=0.9766 decoded_loss=0.003960 decoded_dynamic=0.006872 presence_loss=0.204705 memory_norm=6.890823
epoch=3 step=8270 total_loss=0.504833 pred_loss=0.335994 pred_uniform=0.336644 rep=0.355456 barlow=1.034581 barlow_diag=-0.0058 barlow_offdiag=0.1448 sigreg_obj=0.352858 memory_barlow=0.000000 target_std=0.9845 pred_std=0.9755 decoded_loss=0.005036 decoded_dynamic=0.007278 presence_loss=0.170224 memory_norm=7.189863
epoch=3 step=8280 total_loss=0.609860 pred_loss=0.403098 pred_uniform=0.402751 rep=0.432020 barlow=1.049440 barlow_diag=-0.0134 barlow_offdiag=0.1455 sigreg_obj=0.416259 memory_barlow=0.000000 target_std=0.9836 pred_std=0.9636 decoded_loss=0.004194 decoded_dynamic=0.007250 presence_loss=0.161610 memory_norm=7.713977
epoch=3 step=8290 total_loss=0.437033 pred_loss=0.293266 pred_uniform=0.294856 rep=0.322178 barlow=1.055898 barlow_diag=-0.0165 barlow_offdiag=0.1449 sigreg_obj=0.335473 memory_barlow=0.000000 target_std=0.9891 pred_std=0.9822 decoded_loss=0.004064 decoded_dynamic=0.006904 presence_loss=0.142516 memory_norm=6.794490
epoch=3 step=8300 total_loss=0.526711 pred_loss=0.352691 pred_uniform=0.354266 rep=0.372088 barlow=1.045544 barlow_diag=-0.0105 barlow_offdiag=0.1560 sigreg_obj=0.402103 memory_barlow=0.000000 target_std=0.9850 pred_std=0.9727 decoded_loss=0.005189 decoded_dynamic=0.008824 presence_loss=0.216584 memory_norm=7.443785
epoch=3 step=8310 total_loss=0.503747 pred_loss=0.333260 pred_uniform=0.333325 rep=0.372282 barlow=1.046535 barlow_diag=-0.0127 barlow_offdiag=0.1466 sigreg_obj=0.328008 memory_barlow=0.000000 target_std=0.9811 pred_std=0.9615 decoded_loss=0.005190 decoded_dynamic=0.007988 presence_loss=0.192200 memory_norm=6.881843
epoch=3 step=8320 total_loss=0.614893 pred_loss=0.407013 pred_uniform=0.406704 rep=0.431780 barlow=1.071615 barlow_diag=-0.0228 barlow_offdiag=0.1479 sigreg_obj=0.300388 memory_barlow=0.000000 target_std=0.9786 pred_std=0.9609 decoded_loss=0.005045 decoded_dynamic=0.008516 presence_loss=0.165901 memory_norm=6.058346
epoch=3 step=8330 total_loss=0.572915 pred_loss=0.377490 pred_uniform=0.376966 rep=0.412007 barlow=1.049234 barlow_diag=-0.0118 barlow_offdiag=0.1558 sigreg_obj=0.347843 memory_barlow=0.000000 target_std=0.9769 pred_std=0.9574 decoded_loss=0.004291 decoded_dynamic=0.006140 presence_loss=0.176753 memory_norm=6.558426
epoch=3 step=8340 total_loss=0.528017 pred_loss=0.358701 pred_uniform=0.362186 rep=0.385202 barlow=1.042101 barlow_diag=-0.0110 barlow_offdiag=0.1434 sigreg_obj=0.386683 memory_barlow=0.000000 target_std=0.9878 pred_std=0.9791 decoded_loss=0.007363 decoded_dynamic=0.010731 presence_loss=0.280542 memory_norm=7.909441
epoch=3 step=8350 total_loss=0.584099 pred_loss=0.383321 pred_uniform=0.382159 rep=0.443749 barlow=1.050652 barlow_diag=-0.0139 barlow_offdiag=0.1492 sigreg_obj=0.334880 memory_barlow=0.000000 target_std=0.9748 pred_std=0.9514 decoded_loss=0.004889 decoded_dynamic=0.007498 presence_loss=0.207886 memory_norm=6.358318
epoch=3 step=8360 total_loss=0.410001 pred_loss=0.282781 pred_uniform=0.286923 rep=0.304206 barlow=1.037423 barlow_diag=-0.0100 barlow_offdiag=0.1330 sigreg_obj=0.355645 memory_barlow=0.000000 target_std=0.9916 pred_std=0.9874 decoded_loss=0.005686 decoded_dynamic=0.009667 presence_loss=0.231475 memory_norm=9.012424
epoch=3 step=8370 total_loss=0.559354 pred_loss=0.371392 pred_uniform=0.371761 rep=0.407919 barlow=1.050242 barlow_diag=-0.0134 barlow_offdiag=0.1497 sigreg_obj=0.364774 memory_barlow=0.000000 target_std=0.9826 pred_std=0.9628 decoded_loss=0.004140 decoded_dynamic=0.006301 presence_loss=0.128389 memory_norm=7.314274
epoch=3 step=8380 total_loss=0.658701 pred_loss=0.432260 pred_uniform=0.431018 rep=0.461111 barlow=1.062302 barlow_diag=-0.0175 barlow_offdiag=0.1544 sigreg_obj=0.395581 memory_barlow=0.000000 target_std=0.9803 pred_std=0.9579 decoded_loss=0.004614 decoded_dynamic=0.006081 presence_loss=0.147855 memory_norm=6.543759
epoch=3 step=8390 total_loss=0.528444 pred_loss=0.352976 pred_uniform=0.354161 rep=0.384804 barlow=1.029680 barlow_diag=-0.0029 barlow_offdiag=0.1510 sigreg_obj=0.315237 memory_barlow=0.000000 target_std=0.9845 pred_std=0.9694 decoded_loss=0.004172 decoded_dynamic=0.006523 presence_loss=0.162037 memory_norm=6.663854
epoch=3 step=8400 total_loss=0.415417 pred_loss=0.285913 pred_uniform=0.290286 rep=0.312124 barlow=1.049648 barlow_diag=-0.0139 barlow_offdiag=0.1432 sigreg_obj=0.437851 memory_barlow=0.000000 target_std=0.9875 pred_std=0.9848 decoded_loss=0.006683 decoded_dynamic=0.011541 presence_loss=0.293539 memory_norm=7.817552
epoch=3 step=8410 total_loss=0.589004 pred_loss=0.388666 pred_uniform=0.388261 rep=0.427878 barlow=1.059392 barlow_diag=-0.0157 barlow_offdiag=0.1578 sigreg_obj=0.391662 memory_barlow=0.000000 target_std=0.9786 pred_std=0.9574 decoded_loss=0.003931 decoded_dynamic=0.005954 presence_loss=0.138883 memory_norm=7.781856
epoch=3 step=8420 total_loss=0.583908 pred_loss=0.387173 pred_uniform=0.387471 rep=0.413566 barlow=1.073768 barlow_diag=-0.0252 barlow_offdiag=0.1486 sigreg_obj=0.372559 memory_barlow=0.000000 target_std=0.9830 pred_std=0.9720 decoded_loss=0.004597 decoded_dynamic=0.006914 presence_loss=0.172308 memory_norm=7.280949
epoch=3 step=8430 total_loss=0.487611 pred_loss=0.330045 pred_uniform=0.332524 rep=0.364179 barlow=1.061883 barlow_diag=-0.0206 barlow_offdiag=0.1435 sigreg_obj=0.323186 memory_barlow=0.000000 target_std=0.9841 pred_std=0.9718 decoded_loss=0.004188 decoded_dynamic=0.007159 presence_loss=0.181719 memory_norm=7.598444
epoch=3 step=8440 total_loss=0.517799 pred_loss=0.351248 pred_uniform=0.354331 rep=0.370886 barlow=1.021925 barlow_diag=0.0001 barlow_offdiag=0.1478 sigreg_obj=0.452895 memory_barlow=0.000000 target_std=0.9875 pred_std=0.9747 decoded_loss=0.004309 decoded_dynamic=0.007421 presence_loss=0.165563 memory_norm=8.938438
epoch=3 step=8450 total_loss=0.658730 pred_loss=0.425628 pred_uniform=0.421801 rep=0.482086 barlow=1.071365 barlow_diag=-0.0229 barlow_offdiag=0.1546 sigreg_obj=0.362324 memory_barlow=0.000000 target_std=0.9762 pred_std=0.9447 decoded_loss=0.003968 decoded_dynamic=0.005590 presence_loss=0.149932 memory_norm=6.312034
epoch=3 step=8460 total_loss=0.425336 pred_loss=0.287440 pred_uniform=0.289730 rep=0.309714 barlow=1.052339 barlow_diag=-0.0138 barlow_offdiag=0.1460 sigreg_obj=0.403333 memory_barlow=0.000000 target_std=0.9906 pred_std=0.9866 decoded_loss=0.004657 decoded_dynamic=0.008107 presence_loss=0.248572 memory_norm=7.214363
epoch=3 step=8470 total_loss=0.486976 pred_loss=0.327721 pred_uniform=0.329655 rep=0.353174 barlow=1.041070 barlow_diag=-0.0096 barlow_offdiag=0.1457 sigreg_obj=0.347936 memory_barlow=0.000000 target_std=0.9886 pred_std=0.9785 decoded_loss=0.003945 decoded_dynamic=0.006686 presence_loss=0.161724 memory_norm=6.599462
epoch=3 step=8480 total_loss=0.571886 pred_loss=0.376009 pred_uniform=0.375215 rep=0.397495 barlow=1.052898 barlow_diag=-0.0153 barlow_offdiag=0.1496 sigreg_obj=0.334929 memory_barlow=0.000000 target_std=0.9821 pred_std=0.9685 decoded_loss=0.004613 decoded_dynamic=0.007413 presence_loss=0.274415 memory_norm=6.404932
epoch=3 step=8490 total_loss=0.464303 pred_loss=0.309673 pred_uniform=0.311290 rep=0.354861 barlow=1.038368 barlow_diag=-0.0088 barlow_offdiag=0.1442 sigreg_obj=0.561033 memory_barlow=0.000000 target_std=0.9901 pred_std=0.9814 decoded_loss=0.004995 decoded_dynamic=0.007947 presence_loss=0.282426 memory_norm=7.931404
saved_recovery_checkpoint epoch=3 step=8500 successful_updates=8500
epoch=3 step=8500 total_loss=0.515605 pred_loss=0.343576 pred_uniform=0.344694 rep=0.375743 barlow=1.051557 barlow_diag=-0.0142 barlow_offdiag=0.1450 sigreg_obj=0.382231 memory_barlow=0.000000 target_std=0.9827 pred_std=0.9712 decoded_loss=0.004805 decoded_dynamic=0.007323 presence_loss=0.215316 memory_norm=7.400528
epoch=3 step=8510 total_loss=0.526090 pred_loss=0.347411 pred_uniform=0.347382 rep=0.394812 barlow=1.063595 barlow_diag=-0.0183 barlow_offdiag=0.1578 sigreg_obj=0.357792 memory_barlow=0.000000 target_std=0.9859 pred_std=0.9716 decoded_loss=0.004370 decoded_dynamic=0.006500 presence_loss=0.174202 memory_norm=5.772470
epoch=3 step=8520 total_loss=0.696909 pred_loss=0.453159 pred_uniform=0.449873 rep=0.485295 barlow=1.029901 barlow_diag=-0.0010 barlow_offdiag=0.1542 sigreg_obj=0.390001 memory_barlow=0.000000 target_std=0.9816 pred_std=0.9566 decoded_loss=0.003090 decoded_dynamic=0.005073 presence_loss=0.101597 memory_norm=6.612813
epoch=3 step=8530 total_loss=0.537259 pred_loss=0.357489 pred_uniform=0.358196 rep=0.393006 barlow=1.042424 barlow_diag=-0.0088 barlow_offdiag=0.1535 sigreg_obj=0.392970 memory_barlow=0.000000 target_std=0.9840 pred_std=0.9725 decoded_loss=0.004249 decoded_dynamic=0.007191 presence_loss=0.150842 memory_norm=6.809560
epoch=3 step=8540 total_loss=0.678550 pred_loss=0.448070 pred_uniform=0.447531 rep=0.456164 barlow=1.055345 barlow_diag=-0.0161 barlow_offdiag=0.1500 sigreg_obj=0.429364 memory_barlow=0.000000 target_std=0.9782 pred_std=0.9509 decoded_loss=0.003862 decoded_dynamic=0.006064 presence_loss=0.117422 memory_norm=6.146350
epoch=3 step=8550 total_loss=0.463706 pred_loss=0.311216 pred_uniform=0.312992 rep=0.349970 barlow=1.038146 barlow_diag=-0.0083 barlow_offdiag=0.1478 sigreg_obj=0.439067 memory_barlow=0.000000 target_std=0.9852 pred_std=0.9744 decoded_loss=0.005703 decoded_dynamic=0.007267 presence_loss=0.169331 memory_norm=7.359486
epoch=3 step=8560 total_loss=0.686317 pred_loss=0.448663 pred_uniform=0.446483 rep=0.484654 barlow=1.042439 barlow_diag=-0.0099 barlow_offdiag=0.1501 sigreg_obj=0.404447 memory_barlow=0.000000 target_std=0.9731 pred_std=0.9441 decoded_loss=0.003956 decoded_dynamic=0.006283 presence_loss=0.125148 memory_norm=6.791097
epoch=3 step=8570 total_loss=0.594798 pred_loss=0.390110 pred_uniform=0.388841 rep=0.431004 barlow=1.039337 barlow_diag=-0.0073 barlow_offdiag=0.1463 sigreg_obj=0.348167 memory_barlow=0.000000 target_std=0.9806 pred_std=0.9608 decoded_loss=0.004160 decoded_dynamic=0.005849 presence_loss=0.181658 memory_norm=7.330384
epoch=3 step=8580 total_loss=0.465327 pred_loss=0.321729 pred_uniform=0.326791 rep=0.347393 barlow=1.039427 barlow_diag=-0.0101 barlow_offdiag=0.1351 sigreg_obj=0.419590 memory_barlow=0.000000 target_std=0.9882 pred_std=0.9805 decoded_loss=0.005098 decoded_dynamic=0.008474 presence_loss=0.227992 memory_norm=9.179455
epoch=3 step=8590 total_loss=0.502199 pred_loss=0.333645 pred_uniform=0.334397 rep=0.369066 barlow=1.034859 barlow_diag=-0.0076 barlow_offdiag=0.1446 sigreg_obj=0.308063 memory_barlow=0.000000 target_std=0.9851 pred_std=0.9747 decoded_loss=0.005168 decoded_dynamic=0.008041 presence_loss=0.338799 memory_norm=7.743688
epoch=3 step=8600 total_loss=0.596104 pred_loss=0.391807 pred_uniform=0.390882 rep=0.434716 barlow=1.031372 barlow_diag=-0.0038 barlow_offdiag=0.1496 sigreg_obj=0.411117 memory_barlow=0.000000 target_std=0.9765 pred_std=0.9547 decoded_loss=0.004230 decoded_dynamic=0.006572 presence_loss=0.186807 memory_norm=6.502487
epoch=3 step=8610 total_loss=0.524529 pred_loss=0.349678 pred_uniform=0.350742 rep=0.399209 barlow=1.045043 barlow_diag=-0.0119 barlow_offdiag=0.1458 sigreg_obj=0.383490 memory_barlow=0.000000 target_std=0.9873 pred_std=0.9734 decoded_loss=0.004094 decoded_dynamic=0.007007 presence_loss=0.163556 memory_norm=7.650889
epoch=3 step=8620 total_loss=0.530432 pred_loss=0.352690 pred_uniform=0.353412 rep=0.374987 barlow=1.062589 barlow_diag=-0.0202 barlow_offdiag=0.1480 sigreg_obj=0.388515 memory_barlow=0.000000 target_std=0.9858 pred_std=0.9728 decoded_loss=0.003765 decoded_dynamic=0.005944 presence_loss=0.195638 memory_norm=7.079977
epoch=3 step=8630 total_loss=0.503240 pred_loss=0.330706 pred_uniform=0.330014 rep=0.353112 barlow=1.057456 barlow_diag=-0.0190 barlow_offdiag=0.1394 sigreg_obj=0.336606 memory_barlow=0.000000 target_std=0.9878 pred_std=0.9770 decoded_loss=0.003730 decoded_dynamic=0.006313 presence_loss=0.229220 memory_norm=8.010491
epoch=3 step=8640 total_loss=0.484315 pred_loss=0.325316 pred_uniform=0.327278 rep=0.341652 barlow=1.076694 barlow_diag=-0.0280 barlow_offdiag=0.1461 sigreg_obj=0.333511 memory_barlow=0.000000 target_std=0.9848 pred_std=0.9763 decoded_loss=0.005956 decoded_dynamic=0.008498 presence_loss=0.266299 memory_norm=6.901134
epoch=3 step=8650 total_loss=0.555950 pred_loss=0.370039 pred_uniform=0.370820 rep=0.411544 barlow=1.082196 barlow_diag=-0.0280 barlow_offdiag=0.1504 sigreg_obj=0.414894 memory_barlow=0.000000 target_std=0.9821 pred_std=0.9671 decoded_loss=0.004697 decoded_dynamic=0.006786 presence_loss=0.157812 memory_norm=6.740623
epoch=3 step=8660 total_loss=0.344691 pred_loss=0.241527 pred_uniform=0.247476 rep=0.254414 barlow=1.036842 barlow_diag=-0.0075 barlow_offdiag=0.1422 sigreg_obj=0.733058 memory_barlow=0.000000 target_std=0.9893 pred_std=0.9858 decoded_loss=0.004648 decoded_dynamic=0.008049 presence_loss=0.231458 memory_norm=9.622946
epoch=3 step=8670 total_loss=0.564826 pred_loss=0.373371 pred_uniform=0.373024 rep=0.400772 barlow=1.051942 barlow_diag=-0.0132 barlow_offdiag=0.1483 sigreg_obj=0.350406 memory_barlow=0.000000 target_std=0.9905 pred_std=0.9772 decoded_loss=0.004859 decoded_dynamic=0.007311 presence_loss=0.137075 memory_norm=6.956895
epoch=3 step=8680 total_loss=0.643150 pred_loss=0.419477 pred_uniform=0.417274 rep=0.441171 barlow=1.059399 barlow_diag=-0.0171 barlow_offdiag=0.1577 sigreg_obj=0.451155 memory_barlow=0.000000 target_std=0.9817 pred_std=0.9633 decoded_loss=0.003993 decoded_dynamic=0.006389 presence_loss=0.170890 memory_norm=7.082916
epoch=3 step=8690 total_loss=0.319418 pred_loss=0.225517 pred_uniform=0.230992 rep=0.256812 barlow=1.051731 barlow_diag=-0.0151 barlow_offdiag=0.1454 sigreg_obj=0.448040 memory_barlow=0.000000 target_std=0.9894 pred_std=0.9876 decoded_loss=0.004391 decoded_dynamic=0.007712 presence_loss=0.219728 memory_norm=7.228710
epoch=3 step=8700 total_loss=0.453143 pred_loss=0.306017 pred_uniform=0.308381 rep=0.326782 barlow=1.058725 barlow_diag=-0.0187 barlow_offdiag=0.1390 sigreg_obj=0.380506 memory_barlow=0.000000 target_std=0.9903 pred_std=0.9856 decoded_loss=0.005363 decoded_dynamic=0.009173 presence_loss=0.314670 memory_norm=7.955077
epoch=3 step=8710 total_loss=0.522921 pred_loss=0.347625 pred_uniform=0.348224 rep=0.376847 barlow=1.048832 barlow_diag=-0.0141 barlow_offdiag=0.1446 sigreg_obj=0.302832 memory_barlow=0.000000 target_std=0.9866 pred_std=0.9741 decoded_loss=0.003982 decoded_dynamic=0.006654 presence_loss=0.185465 memory_norm=7.635263
epoch=3 step=8720 total_loss=0.502139 pred_loss=0.341024 pred_uniform=0.344165 rep=0.371878 barlow=1.059275 barlow_diag=-0.0191 barlow_offdiag=0.1448 sigreg_obj=0.391657 memory_barlow=0.000000 target_std=0.9868 pred_std=0.9766 decoded_loss=0.005359 decoded_dynamic=0.008702 presence_loss=0.157406 memory_norm=7.846115
epoch=3 step=8730 total_loss=0.516334 pred_loss=0.344227 pred_uniform=0.344928 rep=0.383781 barlow=1.037117 barlow_diag=-0.0089 barlow_offdiag=0.1404 sigreg_obj=0.336852 memory_barlow=0.000000 target_std=0.9885 pred_std=0.9803 decoded_loss=0.004115 decoded_dynamic=0.006768 presence_loss=0.144116 memory_norm=6.806194
epoch=3 step=8740 total_loss=0.534826 pred_loss=0.356935 pred_uniform=0.358043 rep=0.372904 barlow=1.045111 barlow_diag=-0.0111 barlow_offdiag=0.1487 sigreg_obj=0.344089 memory_barlow=0.000000 target_std=0.9823 pred_std=0.9691 decoded_loss=0.004121 decoded_dynamic=0.006524 presence_loss=0.182350 memory_norm=6.755626
saved_recovery_checkpoint epoch=3 step=8750 successful_updates=8750
epoch=3 step=8750 total_loss=0.680609 pred_loss=0.439698 pred_uniform=0.435514 rep=0.516383 barlow=1.057283 barlow_diag=-0.0156 barlow_offdiag=0.1583 sigreg_obj=0.350451 memory_barlow=0.000000 target_std=0.9801 pred_std=0.9458 decoded_loss=0.002962 decoded_dynamic=0.004336 presence_loss=0.090465 memory_norm=5.526855
epoch=3 step=8760 total_loss=0.515153 pred_loss=0.341617 pred_uniform=0.342105 rep=0.376293 barlow=1.041245 barlow_diag=-0.0095 barlow_offdiag=0.1448 sigreg_obj=0.464515 memory_barlow=0.000000 target_std=0.9841 pred_std=0.9707 decoded_loss=0.003840 decoded_dynamic=0.006650 presence_loss=0.182673 memory_norm=8.191802
epoch=3 step=8770 total_loss=0.517315 pred_loss=0.344381 pred_uniform=0.345127 rep=0.380141 barlow=1.061391 barlow_diag=-0.0192 barlow_offdiag=0.1490 sigreg_obj=0.351981 memory_barlow=0.000000 target_std=0.9811 pred_std=0.9633 decoded_loss=0.003295 decoded_dynamic=0.005411 presence_loss=0.114450 memory_norm=7.275867
epoch=3 step=8780 total_loss=0.599642 pred_loss=0.399144 pred_uniform=0.400040 rep=0.436834 barlow=1.054139 barlow_diag=-0.0159 barlow_offdiag=0.1454 sigreg_obj=0.376414 memory_barlow=0.000000 target_std=0.9805 pred_std=0.9594 decoded_loss=0.005114 decoded_dynamic=0.007631 presence_loss=0.190754 memory_norm=7.139913
epoch=3 step=8790 total_loss=0.470068 pred_loss=0.312945 pred_uniform=0.313735 rep=0.336680 barlow=1.025528 barlow_diag=-0.0011 barlow_offdiag=0.1447 sigreg_obj=0.322104 memory_barlow=0.000000 target_std=0.9850 pred_std=0.9733 decoded_loss=0.003923 decoded_dynamic=0.006823 presence_loss=0.198494 memory_norm=7.542615
epoch=3 step=8800 total_loss=0.530985 pred_loss=0.355394 pred_uniform=0.356708 rep=0.364692 barlow=1.028737 barlow_diag=-0.0045 barlow_offdiag=0.1396 sigreg_obj=0.371998 memory_barlow=0.000000 target_std=0.9893 pred_std=0.9776 decoded_loss=0.005258 decoded_dynamic=0.008825 presence_loss=0.163927 memory_norm=7.877194
epoch=3 step=8810 total_loss=0.604896 pred_loss=0.397645 pred_uniform=0.396716 rep=0.425502 barlow=1.050575 barlow_diag=-0.0137 barlow_offdiag=0.1554 sigreg_obj=0.399898 memory_barlow=0.000000 target_std=0.9752 pred_std=0.9522 decoded_loss=0.003992 decoded_dynamic=0.005866 presence_loss=0.140597 memory_norm=6.045337
epoch=3 step=8820 total_loss=0.615264 pred_loss=0.408447 pred_uniform=0.408588 rep=0.425691 barlow=1.061248 barlow_diag=-0.0202 barlow_offdiag=0.1427 sigreg_obj=0.360490 memory_barlow=0.000000 target_std=0.9851 pred_std=0.9691 decoded_loss=0.003802 decoded_dynamic=0.006560 presence_loss=0.145455 memory_norm=7.351245
epoch=3 step=8830 total_loss=0.494857 pred_loss=0.329677 pred_uniform=0.330468 rep=0.357774 barlow=1.063801 barlow_diag=-0.0214 barlow_offdiag=0.1454 sigreg_obj=0.342449 memory_barlow=0.000000 target_std=0.9838 pred_std=0.9716 decoded_loss=0.004888 decoded_dynamic=0.007538 presence_loss=0.164756 memory_norm=7.509677
epoch=3 step=8840 total_loss=0.475439 pred_loss=0.321159 pred_uniform=0.323648 rep=0.340687 barlow=1.052695 barlow_diag=-0.0169 barlow_offdiag=0.1414 sigreg_obj=0.354597 memory_barlow=0.000000 target_std=0.9896 pred_std=0.9822 decoded_loss=0.004481 decoded_dynamic=0.007794 presence_loss=0.183467 memory_norm=7.267005
epoch=3 step=8850 total_loss=0.513789 pred_loss=0.347050 pred_uniform=0.349621 rep=0.377640 barlow=1.021929 barlow_diag=-0.0008 barlow_offdiag=0.1377 sigreg_obj=0.415817 memory_barlow=0.000000 target_std=0.9910 pred_std=0.9817 decoded_loss=0.004833 decoded_dynamic=0.008367 presence_loss=0.171769 memory_norm=8.294020
epoch=3 step=8860 total_loss=0.600547 pred_loss=0.400838 pred_uniform=0.401976 rep=0.419450 barlow=1.045550 barlow_diag=-0.0125 barlow_offdiag=0.1432 sigreg_obj=0.427231 memory_barlow=0.000000 target_std=0.9839 pred_std=0.9693 decoded_loss=0.004435 decoded_dynamic=0.007369 presence_loss=0.172520 memory_norm=8.481575
epoch=3 step=8870 total_loss=0.634560 pred_loss=0.416909 pred_uniform=0.415903 rep=0.459089 barlow=1.045166 barlow_diag=-0.0094 barlow_offdiag=0.1503 sigreg_obj=0.419382 memory_barlow=0.000000 target_std=0.9758 pred_std=0.9491 decoded_loss=0.003279 decoded_dynamic=0.005630 presence_loss=0.135143 memory_norm=6.727004
epoch=3 step=8880 total_loss=0.628611 pred_loss=0.414668 pred_uniform=0.414042 rep=0.438936 barlow=1.041675 barlow_diag=-0.0070 barlow_offdiag=0.1541 sigreg_obj=0.340303 memory_barlow=0.000000 target_std=0.9817 pred_std=0.9607 decoded_loss=0.005108 decoded_dynamic=0.007395 presence_loss=0.187588 memory_norm=6.894454
epoch=3 step=8890 total_loss=0.539346 pred_loss=0.356671 pred_uniform=0.356436 rep=0.388144 barlow=1.062381 barlow_diag=-0.0193 barlow_offdiag=0.1535 sigreg_obj=0.340182 memory_barlow=0.000000 target_std=0.9806 pred_std=0.9629 decoded_loss=0.003795 decoded_dynamic=0.006258 presence_loss=0.152445 memory_norm=6.901539
epoch=3 step=8900 total_loss=0.505159 pred_loss=0.337738 pred_uniform=0.338966 rep=0.354728 barlow=1.054627 barlow_diag=-0.0178 barlow_offdiag=0.1432 sigreg_obj=0.350272 memory_barlow=0.000000 target_std=0.9890 pred_std=0.9801 decoded_loss=0.005229 decoded_dynamic=0.007365 presence_loss=0.187461 memory_norm=7.505036
epoch=3 step=8910 total_loss=0.599401 pred_loss=0.394733 pred_uniform=0.393762 rep=0.408073 barlow=1.040779 barlow_diag=-0.0098 barlow_offdiag=0.1426 sigreg_obj=0.387887 memory_barlow=0.000000 target_std=0.9845 pred_std=0.9684 decoded_loss=0.004185 decoded_dynamic=0.007237 presence_loss=0.185839 memory_norm=7.764736
epoch=3 step=8920 total_loss=0.656806 pred_loss=0.431644 pred_uniform=0.430465 rep=0.454741 barlow=1.041427 barlow_diag=-0.0082 barlow_offdiag=0.1489 sigreg_obj=0.425830 memory_barlow=0.000000 target_std=0.9740 pred_std=0.9434 decoded_loss=0.003930 decoded_dynamic=0.005942 presence_loss=0.126386 memory_norm=6.666233
epoch=3 step=8930 total_loss=0.476701 pred_loss=0.319655 pred_uniform=0.321325 rep=0.355662 barlow=1.049875 barlow_diag=-0.0131 barlow_offdiag=0.1482 sigreg_obj=0.362409 memory_barlow=0.000000 target_std=0.9810 pred_std=0.9675 decoded_loss=0.004006 decoded_dynamic=0.006954 presence_loss=0.187135 memory_norm=7.350400
epoch=3 step=8940 total_loss=0.483878 pred_loss=0.325412 pred_uniform=0.327314 rep=0.351282 barlow=1.058905 barlow_diag=-0.0174 barlow_offdiag=0.1434 sigreg_obj=0.409203 memory_barlow=0.000000 target_std=0.9880 pred_std=0.9788 decoded_loss=0.004100 decoded_dynamic=0.007130 presence_loss=0.141185 memory_norm=7.229276
epoch=3 step=8950 total_loss=0.580933 pred_loss=0.381478 pred_uniform=0.380585 rep=0.399133 barlow=1.037480 barlow_diag=-0.0075 barlow_offdiag=0.1418 sigreg_obj=0.409228 memory_barlow=0.000000 target_std=0.9825 pred_std=0.9662 decoded_loss=0.004425 decoded_dynamic=0.007061 presence_loss=0.194099 memory_norm=7.710287
epoch=3 step=8960 total_loss=0.550562 pred_loss=0.361994 pred_uniform=0.361190 rep=0.399423 barlow=1.065094 barlow_diag=-0.0214 barlow_offdiag=0.1494 sigreg_obj=0.384229 memory_barlow=0.000000 target_std=0.9799 pred_std=0.9598 decoded_loss=0.003552 decoded_dynamic=0.005661 presence_loss=0.151060 memory_norm=7.032756
epoch=3 step=8970 total_loss=0.465197 pred_loss=0.313646 pred_uniform=0.315776 rep=0.352502 barlow=1.054605 barlow_diag=-0.0161 barlow_offdiag=0.1415 sigreg_obj=0.410362 memory_barlow=0.000000 target_std=0.9862 pred_std=0.9764 decoded_loss=0.004308 decoded_dynamic=0.006986 presence_loss=0.168642 memory_norm=7.959901
epoch=3 step=8980 total_loss=0.506006 pred_loss=0.340430 pred_uniform=0.342505 rep=0.356362 barlow=1.037564 barlow_diag=-0.0075 barlow_offdiag=0.1411 sigreg_obj=0.400345 memory_barlow=0.000000 target_std=0.9904 pred_std=0.9834 decoded_loss=0.004584 decoded_dynamic=0.007567 presence_loss=0.181471 memory_norm=7.896292
epoch=3 step=8990 total_loss=0.568190 pred_loss=0.373107 pred_uniform=0.371957 rep=0.383705 barlow=1.030535 barlow_diag=-0.0040 barlow_offdiag=0.1446 sigreg_obj=0.392702 memory_barlow=0.000000 target_std=0.9887 pred_std=0.9747 decoded_loss=0.004536 decoded_dynamic=0.006231 presence_loss=0.105642 memory_norm=6.685518
saved_recovery_checkpoint epoch=3 step=9000 successful_updates=9000
epoch=3 step=9000 total_loss=0.568549 pred_loss=0.380502 pred_uniform=0.381781 rep=0.397889 barlow=1.054736 barlow_diag=-0.0162 barlow_offdiag=0.1411 sigreg_obj=0.334352 memory_barlow=0.000000 target_std=0.9850 pred_std=0.9702 decoded_loss=0.004362 decoded_dynamic=0.006696 presence_loss=0.137853 memory_norm=7.842609
epoch=3 step=9010 total_loss=0.461138 pred_loss=0.307078 pred_uniform=0.307868 rep=0.332407 barlow=1.060150 barlow_diag=-0.0195 barlow_offdiag=0.1389 sigreg_obj=0.418084 memory_barlow=0.000000 target_std=0.9900 pred_std=0.9808 decoded_loss=0.003780 decoded_dynamic=0.006309 presence_loss=0.133695 memory_norm=8.224205
epoch=3 step=9020 total_loss=0.597294 pred_loss=0.392257 pred_uniform=0.391011 rep=0.436923 barlow=1.074360 barlow_diag=-0.0263 barlow_offdiag=0.1496 sigreg_obj=0.374885 memory_barlow=0.000000 target_std=0.9799 pred_std=0.9561 decoded_loss=0.003846 decoded_dynamic=0.006046 presence_loss=0.166682 memory_norm=6.993448
epoch=3 step=9030 total_loss=0.557006 pred_loss=0.364458 pred_uniform=0.362910 rep=0.386532 barlow=1.049912 barlow_diag=-0.0136 barlow_offdiag=0.1449 sigreg_obj=0.401151 memory_barlow=0.000000 target_std=0.9879 pred_std=0.9784 decoded_loss=0.003550 decoded_dynamic=0.006039 presence_loss=0.107761 memory_norm=6.140749
epoch=3 step=9040 total_loss=0.643172 pred_loss=0.420810 pred_uniform=0.418694 rep=0.445134 barlow=1.058074 barlow_diag=-0.0177 barlow_offdiag=0.1440 sigreg_obj=0.353589 memory_barlow=0.000000 target_std=0.9785 pred_std=0.9549 decoded_loss=0.004586 decoded_dynamic=0.006919 presence_loss=0.136672 memory_norm=6.333599
epoch=3 step=9050 total_loss=0.566515 pred_loss=0.378155 pred_uniform=0.379215 rep=0.413863 barlow=1.052808 barlow_diag=-0.0153 barlow_offdiag=0.1397 sigreg_obj=0.379727 memory_barlow=0.000000 target_std=0.9877 pred_std=0.9756 decoded_loss=0.005215 decoded_dynamic=0.008281 presence_loss=0.185594 memory_norm=8.034573
epoch=3 step=9060 total_loss=0.412646 pred_loss=0.289547 pred_uniform=0.295801 rep=0.312504 barlow=1.044167 barlow_diag=-0.0133 barlow_offdiag=0.1356 sigreg_obj=0.400860 memory_barlow=0.000000 target_std=0.9892 pred_std=0.9857 decoded_loss=0.005979 decoded_dynamic=0.009926 presence_loss=0.254717 memory_norm=8.206215
epoch=3 step=9070 total_loss=0.695560 pred_loss=0.451201 pred_uniform=0.447861 rep=0.511686 barlow=1.039550 barlow_diag=-0.0041 barlow_offdiag=0.1600 sigreg_obj=0.453304 memory_barlow=0.000000 target_std=0.9762 pred_std=0.9446 decoded_loss=0.003432 decoded_dynamic=0.004996 presence_loss=0.116067 memory_norm=7.417660
epoch=3 step=9080 total_loss=0.546037 pred_loss=0.356946 pred_uniform=0.355385 rep=0.368453 barlow=1.031556 barlow_diag=-0.0040 barlow_offdiag=0.1467 sigreg_obj=0.374814 memory_barlow=0.000000 target_std=0.9876 pred_std=0.9744 decoded_loss=0.003321 decoded_dynamic=0.005611 presence_loss=0.163582 memory_norm=7.281413
epoch=3 step=9090 total_loss=0.531094 pred_loss=0.351086 pred_uniform=0.350957 rep=0.369551 barlow=1.023828 barlow_diag=-0.0019 barlow_offdiag=0.1393 sigreg_obj=0.333042 memory_barlow=0.000000 target_std=0.9912 pred_std=0.9818 decoded_loss=0.003925 decoded_dynamic=0.006735 presence_loss=0.192259 memory_norm=7.066463
epoch=3 step=9100 total_loss=0.515270 pred_loss=0.350639 pred_uniform=0.353881 rep=0.360871 barlow=1.045379 barlow_diag=-0.0111 barlow_offdiag=0.1423 sigreg_obj=0.370909 memory_barlow=0.000000 target_std=0.9807 pred_std=0.9683 decoded_loss=0.005078 decoded_dynamic=0.007567 presence_loss=0.201234 memory_norm=7.165869
epoch=3 step=9110 total_loss=0.502449 pred_loss=0.337013 pred_uniform=0.338770 rep=0.358530 barlow=1.040527 barlow_diag=-0.0100 barlow_offdiag=0.1388 sigreg_obj=0.382861 memory_barlow=0.000000 target_std=0.9843 pred_std=0.9723 decoded_loss=0.005626 decoded_dynamic=0.007841 presence_loss=0.206644 memory_norm=8.083128
epoch=3 step=9120 total_loss=0.635530 pred_loss=0.416496 pred_uniform=0.414773 rep=0.443812 barlow=1.056172 barlow_diag=-0.0161 barlow_offdiag=0.1477 sigreg_obj=0.390535 memory_barlow=0.000000 target_std=0.9836 pred_std=0.9632 decoded_loss=0.003482 decoded_dynamic=0.005973 presence_loss=0.110271 memory_norm=6.718526
epoch=3 step=9130 total_loss=0.578017 pred_loss=0.385054 pred_uniform=0.385871 rep=0.427333 barlow=1.022598 barlow_diag=-0.0011 barlow_offdiag=0.1454 sigreg_obj=0.348638 memory_barlow=0.000000 target_std=0.9764 pred_std=0.9534 decoded_loss=0.003295 decoded_dynamic=0.005190 presence_loss=0.134463 memory_norm=8.013348
epoch=3 step=9140 total_loss=0.569598 pred_loss=0.378164 pred_uniform=0.378487 rep=0.423621 barlow=1.038852 barlow_diag=-0.0061 barlow_offdiag=0.1587 sigreg_obj=0.362369 memory_barlow=0.000000 target_std=0.9785 pred_std=0.9652 decoded_loss=0.004174 decoded_dynamic=0.006446 presence_loss=0.154112 memory_norm=6.147377
epoch=3 step=9150 total_loss=0.533354 pred_loss=0.353182 pred_uniform=0.353140 rep=0.381829 barlow=1.040027 barlow_diag=-0.0093 barlow_offdiag=0.1434 sigreg_obj=0.375504 memory_barlow=0.000000 target_std=0.9861 pred_std=0.9722 decoded_loss=0.004271 decoded_dynamic=0.006517 presence_loss=0.118317 memory_norm=7.497770
epoch=3 step=9160 total_loss=0.577379 pred_loss=0.388274 pred_uniform=0.390313 rep=0.401805 barlow=1.031535 barlow_diag=-0.0053 barlow_offdiag=0.1405 sigreg_obj=0.425534 memory_barlow=0.000000 target_std=0.9866 pred_std=0.9742 decoded_loss=0.004139 decoded_dynamic=0.006907 presence_loss=0.143487 memory_norm=8.604946
epoch=3 step=9170 total_loss=0.544621 pred_loss=0.365429 pred_uniform=0.367185 rep=0.404590 barlow=1.022075 barlow_diag=-0.0002 barlow_offdiag=0.1470 sigreg_obj=0.360836 memory_barlow=0.000000 target_std=0.9792 pred_std=0.9603 decoded_loss=0.004539 decoded_dynamic=0.006508 presence_loss=0.128383 memory_norm=7.624204
epoch=3 step=9180 total_loss=0.590501 pred_loss=0.392522 pred_uniform=0.392768 rep=0.413616 barlow=1.047972 barlow_diag=-0.0138 barlow_offdiag=0.1428 sigreg_obj=0.361834 memory_barlow=0.000000 target_std=0.9854 pred_std=0.9678 decoded_loss=0.004570 decoded_dynamic=0.007662 presence_loss=0.151944 memory_norm=6.636066
epoch=3 step=9190 total_loss=0.545748 pred_loss=0.364948 pred_uniform=0.366465 rep=0.421288 barlow=1.066903 barlow_diag=-0.0232 barlow_offdiag=0.1467 sigreg_obj=0.383478 memory_barlow=0.000000 target_std=0.9811 pred_std=0.9593 decoded_loss=0.004270 decoded_dynamic=0.005999 presence_loss=0.158804 memory_norm=7.862449
epoch=3 step=9200 total_loss=0.513367 pred_loss=0.338629 pred_uniform=0.338056 rep=0.361892 barlow=1.028420 barlow_diag=-0.0020 barlow_offdiag=0.1454 sigreg_obj=0.356577 memory_barlow=0.000000 target_std=0.9876 pred_std=0.9786 decoded_loss=0.003829 decoded_dynamic=0.006229 presence_loss=0.155748 memory_norm=6.706764
epoch=3 step=9210 total_loss=0.608566 pred_loss=0.397452 pred_uniform=0.395771 rep=0.440342 barlow=1.041988 barlow_diag=-0.0074 barlow_offdiag=0.1595 sigreg_obj=0.400351 memory_barlow=0.000000 target_std=0.9831 pred_std=0.9653 decoded_loss=0.003052 decoded_dynamic=0.005181 presence_loss=0.204962 memory_norm=6.756680
epoch=3 step=9220 total_loss=0.574774 pred_loss=0.385461 pred_uniform=0.387346 rep=0.417822 barlow=1.037287 barlow_diag=-0.0077 barlow_offdiag=0.1508 sigreg_obj=0.431229 memory_barlow=0.000000 target_std=0.9768 pred_std=0.9588 decoded_loss=0.003982 decoded_dynamic=0.005367 presence_loss=0.137060 memory_norm=7.203413
epoch=3 step=9230 total_loss=0.518851 pred_loss=0.345066 pred_uniform=0.345706 rep=0.367171 barlow=1.038800 barlow_diag=-0.0091 barlow_offdiag=0.1433 sigreg_obj=0.338831 memory_barlow=0.000000 target_std=0.9863 pred_std=0.9740 decoded_loss=0.005055 decoded_dynamic=0.008501 presence_loss=0.210705 memory_norm=6.889888
epoch=3 step=9240 total_loss=0.477075 pred_loss=0.319638 pred_uniform=0.321237 rep=0.343188 barlow=1.064395 barlow_diag=-0.0216 barlow_offdiag=0.1438 sigreg_obj=0.394554 memory_barlow=0.000000 target_std=0.9788 pred_std=0.9645 decoded_loss=0.005268 decoded_dynamic=0.008144 presence_loss=0.233465 memory_norm=7.536811
saved_recovery_checkpoint epoch=3 step=9250 successful_updates=9250
epoch=3 step=9250 total_loss=0.556697 pred_loss=0.366623 pred_uniform=0.365968 rep=0.406558 barlow=1.040821 barlow_diag=-0.0089 barlow_offdiag=0.1498 sigreg_obj=0.418578 memory_barlow=0.000000 target_std=0.9834 pred_std=0.9685 decoded_loss=0.004110 decoded_dynamic=0.006562 presence_loss=0.156317 memory_norm=7.220984
epoch=3 step=9260 total_loss=0.487852 pred_loss=0.329162 pred_uniform=0.331480 rep=0.351420 barlow=1.042877 barlow_diag=-0.0115 barlow_offdiag=0.1376 sigreg_obj=0.377016 memory_barlow=0.000000 target_std=0.9880 pred_std=0.9813 decoded_loss=0.006459 decoded_dynamic=0.007589 presence_loss=0.177521 memory_norm=8.079271
epoch=3 step=9270 total_loss=0.614246 pred_loss=0.405588 pred_uniform=0.405146 rep=0.432003 barlow=1.035154 barlow_diag=-0.0057 barlow_offdiag=0.1411 sigreg_obj=0.401394 memory_barlow=0.000000 target_std=0.9806 pred_std=0.9597 decoded_loss=0.004119 decoded_dynamic=0.006592 presence_loss=0.159776 memory_norm=8.358313
epoch=3 step=9280 total_loss=0.649966 pred_loss=0.427506 pred_uniform=0.426573 rep=0.460376 barlow=1.041314 barlow_diag=-0.0074 barlow_offdiag=0.1503 sigreg_obj=0.468776 memory_barlow=0.000000 target_std=0.9719 pred_std=0.9393 decoded_loss=0.004850 decoded_dynamic=0.006260 presence_loss=0.145819 memory_norm=7.252380
epoch=3 step=9290 total_loss=0.717080 pred_loss=0.461909 pred_uniform=0.457255 rep=0.529252 barlow=1.072463 barlow_diag=-0.0225 barlow_offdiag=0.1537 sigreg_obj=0.416599 memory_barlow=0.000000 target_std=0.9778 pred_std=0.9479 decoded_loss=0.004042 decoded_dynamic=0.005315 presence_loss=0.112872 memory_norm=5.859097
epoch=3 step=9300 total_loss=0.517292 pred_loss=0.348833 pred_uniform=0.350977 rep=0.369443 barlow=1.056222 barlow_diag=-0.0164 barlow_offdiag=0.1411 sigreg_obj=0.322887 memory_barlow=0.000000 target_std=0.9896 pred_std=0.9813 decoded_loss=0.005287 decoded_dynamic=0.008767 presence_loss=0.219356 memory_norm=7.332071
epoch=3 step=9310 total_loss=0.463068 pred_loss=0.310657 pred_uniform=0.312302 rep=0.354727 barlow=1.038836 barlow_diag=-0.0098 barlow_offdiag=0.1433 sigreg_obj=0.384170 memory_barlow=0.000000 target_std=0.9869 pred_std=0.9768 decoded_loss=0.003847 decoded_dynamic=0.006697 presence_loss=0.162818 memory_norm=7.455422
epoch=3 step=9320 total_loss=0.422221 pred_loss=0.288839 pred_uniform=0.292202 rep=0.318135 barlow=1.042008 barlow_diag=-0.0120 barlow_offdiag=0.1353 sigreg_obj=0.359395 memory_barlow=0.000000 target_std=0.9890 pred_std=0.9834 decoded_loss=0.004866 decoded_dynamic=0.007849 presence_loss=0.193650 memory_norm=8.234151
epoch=3 step=9330 total_loss=0.420475 pred_loss=0.286897 pred_uniform=0.290052 rep=0.321171 barlow=1.053721 barlow_diag=-0.0164 barlow_offdiag=0.1432 sigreg_obj=0.308162 memory_barlow=0.000000 target_std=0.9856 pred_std=0.9786 decoded_loss=0.006312 decoded_dynamic=0.009757 presence_loss=0.192089 memory_norm=7.007393
epoch=3 step=9340 total_loss=0.588197 pred_loss=0.392772 pred_uniform=0.394213 rep=0.426969 barlow=1.042669 barlow_diag=-0.0084 barlow_offdiag=0.1602 sigreg_obj=0.487896 memory_barlow=0.000000 target_std=0.9671 pred_std=0.9409 decoded_loss=0.003784 decoded_dynamic=0.005748 presence_loss=0.129060 memory_norm=7.437093
epoch=3 step=9350 total_loss=0.451165 pred_loss=0.302387 pred_uniform=0.303610 rep=0.329373 barlow=1.053144 barlow_diag=-0.0169 barlow_offdiag=0.1424 sigreg_obj=0.328110 memory_barlow=0.000000 target_std=0.9890 pred_std=0.9819 decoded_loss=0.003612 decoded_dynamic=0.006128 presence_loss=0.144361 memory_norm=7.363869
epoch=3 step=9360 total_loss=0.568626 pred_loss=0.377400 pred_uniform=0.377826 rep=0.395336 barlow=1.030084 barlow_diag=-0.0032 barlow_offdiag=0.1542 sigreg_obj=0.371911 memory_barlow=0.000000 target_std=0.9815 pred_std=0.9686 decoded_loss=0.004751 decoded_dynamic=0.006276 presence_loss=0.194227 memory_norm=7.031017
epoch=3 step=9370 total_loss=0.597549 pred_loss=0.397332 pred_uniform=0.397780 rep=0.416453 barlow=1.049134 barlow_diag=-0.0135 barlow_offdiag=0.1405 sigreg_obj=0.337232 memory_barlow=0.000000 target_std=0.9832 pred_std=0.9684 decoded_loss=0.004114 decoded_dynamic=0.006712 presence_loss=0.165367 memory_norm=7.622900
epoch_summary epoch=3 step=9375 total_loss=0.554645 pred_loss=0.368577 pred_uniform=0.369139 rep=0.398406 barlow=1.042256 barlow_diag=-0.0095 barlow_offdiag=0.1488 sigreg_obj=0.398819 memory_barlow=0.000000 target_std=0.9840 pred_std=0.9690 decoded_loss=0.004709 presence_loss=0.173733 memory_norm=7.319366
saved_checkpoint runs/rnn_seqmem_exp35_two_mask_simple_loss_5ep_20260707_100311/checkpoint_epoch_003.pt and runs/rnn_seqmem_exp35_two_mask_simple_loss_5ep_20260707_100311/checkpoint.pt
epoch_schedule epoch=4 active_sigreg_weight=0.010000
epoch=4 step=9380 total_loss=0.446176 pred_loss=0.309006 pred_uniform=0.313818 rep=0.332979 barlow=1.054219 barlow_diag=-0.0136 barlow_offdiag=0.1488 sigreg_obj=0.364089 memory_barlow=0.000000 target_std=0.9891 pred_std=0.9824 decoded_loss=0.004747 decoded_dynamic=0.007991 presence_loss=0.159198 memory_norm=6.773613
epoch=4 step=9390 total_loss=0.460447 pred_loss=0.305882 pred_uniform=0.306426 rep=0.324035 barlow=1.052094 barlow_diag=-0.0130 barlow_offdiag=0.1578 sigreg_obj=0.359686 memory_barlow=0.000000 target_std=0.9826 pred_std=0.9714 decoded_loss=0.004476 decoded_dynamic=0.007176 presence_loss=0.176040 memory_norm=5.846836
epoch=4 step=9400 total_loss=0.401379 pred_loss=0.280497 pred_uniform=0.286199 rep=0.293996 barlow=1.037102 barlow_diag=-0.0092 barlow_offdiag=0.1376 sigreg_obj=0.483098 memory_barlow=0.000000 target_std=0.9904 pred_std=0.9882 decoded_loss=0.005777 decoded_dynamic=0.010097 presence_loss=0.234115 memory_norm=8.183052
epoch=4 step=9410 total_loss=0.716722 pred_loss=0.470104 pred_uniform=0.468357 rep=0.498375 barlow=1.049341 barlow_diag=-0.0125 barlow_offdiag=0.1510 sigreg_obj=0.369772 memory_barlow=0.000000 target_std=0.9815 pred_std=0.9565 decoded_loss=0.004675 decoded_dynamic=0.006379 presence_loss=0.158924 memory_norm=6.242065
epoch=4 step=9420 total_loss=0.564112 pred_loss=0.380941 pred_uniform=0.383638 rep=0.396052 barlow=1.042840 barlow_diag=-0.0113 barlow_offdiag=0.1401 sigreg_obj=0.361643 memory_barlow=0.000000 target_std=0.9859 pred_std=0.9753 decoded_loss=0.005133 decoded_dynamic=0.007833 presence_loss=0.203970 memory_norm=8.082333
epoch=4 step=9430 total_loss=0.561084 pred_loss=0.374461 pred_uniform=0.375386 rep=0.395474 barlow=1.046204 barlow_diag=-0.0124 barlow_offdiag=0.1399 sigreg_obj=0.390074 memory_barlow=0.000000 target_std=0.9884 pred_std=0.9776 decoded_loss=0.005021 decoded_dynamic=0.008206 presence_loss=0.188700 memory_norm=7.803483
epoch=4 step=9440 total_loss=0.394992 pred_loss=0.279409 pred_uniform=0.285696 rep=0.288278 barlow=1.048458 barlow_diag=-0.0149 barlow_offdiag=0.1352 sigreg_obj=0.358728 memory_barlow=0.000000 target_std=0.9879 pred_std=0.9831 decoded_loss=0.006070 decoded_dynamic=0.009743 presence_loss=0.243581 memory_norm=7.480105
epoch=4 step=9450 total_loss=0.463271 pred_loss=0.318741 pred_uniform=0.323025 rep=0.351326 barlow=1.046613 barlow_diag=-0.0112 barlow_offdiag=0.1451 sigreg_obj=0.360147 memory_barlow=0.000000 target_std=0.9846 pred_std=0.9728 decoded_loss=0.004300 decoded_dynamic=0.007171 presence_loss=0.156527 memory_norm=7.318097
epoch=4 step=9460 total_loss=0.453571 pred_loss=0.309120 pred_uniform=0.312161 rep=0.322849 barlow=1.039419 barlow_diag=-0.0097 barlow_offdiag=0.1370 sigreg_obj=0.341943 memory_barlow=0.000000 target_std=0.9903 pred_std=0.9854 decoded_loss=0.005484 decoded_dynamic=0.008980 presence_loss=0.206180 memory_norm=8.288824
epoch=4 step=9470 total_loss=0.503542 pred_loss=0.331988 pred_uniform=0.331683 rep=0.351629 barlow=1.039774 barlow_diag=-0.0093 barlow_offdiag=0.1473 sigreg_obj=0.395635 memory_barlow=0.000000 target_std=0.9882 pred_std=0.9778 decoded_loss=0.004257 decoded_dynamic=0.006870 presence_loss=0.165157 memory_norm=7.948013
epoch=4 step=9480 total_loss=0.565006 pred_loss=0.373131 pred_uniform=0.372621 rep=0.408987 barlow=1.050453 barlow_diag=-0.0108 barlow_offdiag=0.1570 sigreg_obj=0.342833 memory_barlow=0.000000 target_std=0.9783 pred_std=0.9593 decoded_loss=0.004146 decoded_dynamic=0.005271 presence_loss=0.129625 memory_norm=5.314116
epoch=4 step=9490 total_loss=0.472468 pred_loss=0.317290 pred_uniform=0.318991 rep=0.339079 barlow=1.050213 barlow_diag=-0.0127 barlow_offdiag=0.1468 sigreg_obj=0.357850 memory_barlow=0.000000 target_std=0.9885 pred_std=0.9778 decoded_loss=0.004948 decoded_dynamic=0.007255 presence_loss=0.164479 memory_norm=7.741013
saved_recovery_checkpoint epoch=4 step=9500 successful_updates=9500
epoch=4 step=9500 total_loss=0.547074 pred_loss=0.363723 pred_uniform=0.364211 rep=0.378086 barlow=1.047339 barlow_diag=-0.0129 barlow_offdiag=0.1471 sigreg_obj=0.355550 memory_barlow=0.000000 target_std=0.9872 pred_std=0.9748 decoded_loss=0.003944 decoded_dynamic=0.006511 presence_loss=0.123005 memory_norm=6.863376
epoch=4 step=9510 total_loss=0.504084 pred_loss=0.338242 pred_uniform=0.339952 rep=0.360230 barlow=1.042850 barlow_diag=-0.0115 barlow_offdiag=0.1409 sigreg_obj=0.414215 memory_barlow=0.000000 target_std=0.9839 pred_std=0.9714 decoded_loss=0.004665 decoded_dynamic=0.007843 presence_loss=0.135948 memory_norm=8.275683
epoch=4 step=9520 total_loss=0.474660 pred_loss=0.324946 pred_uniform=0.328705 rep=0.338861 barlow=1.052784 barlow_diag=-0.0161 barlow_offdiag=0.1389 sigreg_obj=0.382336 memory_barlow=0.000000 target_std=0.9891 pred_std=0.9821 decoded_loss=0.004730 decoded_dynamic=0.007869 presence_loss=0.166278 memory_norm=8.430069
epoch=4 step=9530 total_loss=0.439074 pred_loss=0.299256 pred_uniform=0.302838 rep=0.329051 barlow=1.036422 barlow_diag=-0.0078 barlow_offdiag=0.1444 sigreg_obj=0.521996 memory_barlow=0.000000 target_std=0.9887 pred_std=0.9816 decoded_loss=0.005318 decoded_dynamic=0.008241 presence_loss=0.224620 memory_norm=8.654308
epoch=4 step=9540 total_loss=0.559695 pred_loss=0.376257 pred_uniform=0.378208 rep=0.407718 barlow=1.048458 barlow_diag=-0.0130 barlow_offdiag=0.1460 sigreg_obj=0.381601 memory_barlow=0.000000 target_std=0.9792 pred_std=0.9685 decoded_loss=0.004835 decoded_dynamic=0.007449 presence_loss=0.152853 memory_norm=7.277598
epoch=4 step=9550 total_loss=0.486512 pred_loss=0.322361 pred_uniform=0.322556 rep=0.350230 barlow=1.049084 barlow_diag=-0.0133 barlow_offdiag=0.1518 sigreg_obj=0.394110 memory_barlow=0.000000 target_std=0.9857 pred_std=0.9741 decoded_loss=0.003961 decoded_dynamic=0.006486 presence_loss=0.129432 memory_norm=6.404524
epoch=4 step=9560 total_loss=0.450966 pred_loss=0.307535 pred_uniform=0.310812 rep=0.321959 barlow=1.036818 barlow_diag=-0.0091 barlow_offdiag=0.1375 sigreg_obj=0.350093 memory_barlow=0.000000 target_std=0.9873 pred_std=0.9795 decoded_loss=0.005174 decoded_dynamic=0.008396 presence_loss=0.233020 memory_norm=8.273484
epoch=4 step=9570 total_loss=0.664064 pred_loss=0.431716 pred_uniform=0.428817 rep=0.517799 barlow=1.054974 barlow_diag=-0.0150 barlow_offdiag=0.1585 sigreg_obj=0.355815 memory_barlow=0.000000 target_std=0.9636 pred_std=0.9339 decoded_loss=0.003510 decoded_dynamic=0.004203 presence_loss=0.122294 memory_norm=5.686536
epoch=4 step=9580 total_loss=0.557711 pred_loss=0.372126 pred_uniform=0.373028 rep=0.407186 barlow=1.045588 barlow_diag=-0.0114 barlow_offdiag=0.1442 sigreg_obj=0.355074 memory_barlow=0.000000 target_std=0.9846 pred_std=0.9683 decoded_loss=0.004731 decoded_dynamic=0.008223 presence_loss=0.133803 memory_norm=6.577638
epoch=4 step=9590 total_loss=0.500996 pred_loss=0.332318 pred_uniform=0.332744 rep=0.370267 barlow=1.051714 barlow_diag=-0.0143 barlow_offdiag=0.1446 sigreg_obj=0.353989 memory_barlow=0.000000 target_std=0.9821 pred_std=0.9709 decoded_loss=0.004334 decoded_dynamic=0.007016 presence_loss=0.227655 memory_norm=8.033585
epoch=4 step=9600 total_loss=0.565884 pred_loss=0.376340 pred_uniform=0.376968 rep=0.403979 barlow=1.019811 barlow_diag=0.0007 barlow_offdiag=0.1453 sigreg_obj=0.378384 memory_barlow=0.000000 target_std=0.9855 pred_std=0.9744 decoded_loss=0.003267 decoded_dynamic=0.005659 presence_loss=0.173636 memory_norm=7.644259
epoch=4 step=9610 total_loss=0.604412 pred_loss=0.399397 pred_uniform=0.399124 rep=0.434709 barlow=1.045988 barlow_diag=-0.0112 barlow_offdiag=0.1446 sigreg_obj=0.355525 memory_barlow=0.000000 target_std=0.9789 pred_std=0.9604 decoded_loss=0.004898 decoded_dynamic=0.006778 presence_loss=0.184164 memory_norm=7.051052
epoch=4 step=9620 total_loss=0.546059 pred_loss=0.365510 pred_uniform=0.366753 rep=0.384091 barlow=1.032144 barlow_diag=-0.0064 barlow_offdiag=0.1413 sigreg_obj=0.357197 memory_barlow=0.000000 target_std=0.9873 pred_std=0.9757 decoded_loss=0.003610 decoded_dynamic=0.005908 presence_loss=0.128542 memory_norm=7.552860
epoch=4 step=9630 total_loss=0.518170 pred_loss=0.346577 pred_uniform=0.347881 rep=0.375576 barlow=1.026359 barlow_diag=-0.0039 barlow_offdiag=0.1372 sigreg_obj=0.372859 memory_barlow=0.000000 target_std=0.9864 pred_std=0.9769 decoded_loss=0.004554 decoded_dynamic=0.007973 presence_loss=0.187374 memory_norm=9.025476
epoch=4 step=9640 total_loss=0.600217 pred_loss=0.393519 pred_uniform=0.392679 rep=0.405492 barlow=1.035233 barlow_diag=-0.0065 barlow_offdiag=0.1456 sigreg_obj=0.587483 memory_barlow=0.000000 target_std=0.9776 pred_std=0.9566 decoded_loss=0.004080 decoded_dynamic=0.006413 presence_loss=0.185455 memory_norm=7.217165
epoch=4 step=9650 total_loss=0.573130 pred_loss=0.373569 pred_uniform=0.371859 rep=0.430488 barlow=1.049669 barlow_diag=-0.0118 barlow_offdiag=0.1532 sigreg_obj=0.461744 memory_barlow=0.000000 target_std=0.9817 pred_std=0.9664 decoded_loss=0.003537 decoded_dynamic=0.005872 presence_loss=0.171579 memory_norm=6.423074
epoch=4 step=9660 total_loss=0.538992 pred_loss=0.362568 pred_uniform=0.364595 rep=0.372555 barlow=1.051229 barlow_diag=-0.0143 barlow_offdiag=0.1449 sigreg_obj=0.383939 memory_barlow=0.000000 target_std=0.9843 pred_std=0.9697 decoded_loss=0.003901 decoded_dynamic=0.006862 presence_loss=0.121794 memory_norm=7.633999
epoch=4 step=9670 total_loss=0.497895 pred_loss=0.336272 pred_uniform=0.338946 rep=0.369522 barlow=1.028317 barlow_diag=-0.0052 barlow_offdiag=0.1364 sigreg_obj=0.479030 memory_barlow=0.000000 target_std=0.9884 pred_std=0.9760 decoded_loss=0.004326 decoded_dynamic=0.006940 presence_loss=0.169260 memory_norm=8.288773
epoch=4 step=9680 total_loss=0.508596 pred_loss=0.344606 pred_uniform=0.347495 rep=0.356974 barlow=1.037276 barlow_diag=-0.0085 barlow_offdiag=0.1360 sigreg_obj=0.471684 memory_barlow=0.000000 target_std=0.9923 pred_std=0.9857 decoded_loss=0.004979 decoded_dynamic=0.008747 presence_loss=0.147081 memory_norm=7.492024
epoch=4 step=9690 total_loss=0.452166 pred_loss=0.306819 pred_uniform=0.309521 rep=0.329660 barlow=1.047042 barlow_diag=-0.0123 barlow_offdiag=0.1390 sigreg_obj=0.310459 memory_barlow=0.000000 target_std=0.9881 pred_std=0.9803 decoded_loss=0.004630 decoded_dynamic=0.007565 presence_loss=0.185899 memory_norm=7.689338
epoch=4 step=9700 total_loss=0.645401 pred_loss=0.424258 pred_uniform=0.423031 rep=0.457182 barlow=1.069743 barlow_diag=-0.0222 barlow_offdiag=0.1509 sigreg_obj=0.407196 memory_barlow=0.000000 target_std=0.9724 pred_std=0.9457 decoded_loss=0.004182 decoded_dynamic=0.007251 presence_loss=0.140892 memory_norm=6.922582
epoch=4 step=9710 total_loss=0.547042 pred_loss=0.364096 pred_uniform=0.364664 rep=0.408209 barlow=1.057059 barlow_diag=-0.0175 barlow_offdiag=0.1431 sigreg_obj=0.378092 memory_barlow=0.000000 target_std=0.9828 pred_std=0.9661 decoded_loss=0.003926 decoded_dynamic=0.006218 presence_loss=0.111934 memory_norm=7.337400
epoch=4 step=9720 total_loss=0.520402 pred_loss=0.348197 pred_uniform=0.349558 rep=0.371197 barlow=1.062596 barlow_diag=-0.0207 barlow_offdiag=0.1408 sigreg_obj=0.416239 memory_barlow=0.000000 target_std=0.9852 pred_std=0.9719 decoded_loss=0.004644 decoded_dynamic=0.007554 presence_loss=0.158211 memory_norm=7.221427
epoch=4 step=9730 total_loss=0.591373 pred_loss=0.391656 pred_uniform=0.391486 rep=0.432185 barlow=1.057569 barlow_diag=-0.0176 barlow_offdiag=0.1547 sigreg_obj=0.341667 memory_barlow=0.000000 target_std=0.9784 pred_std=0.9586 decoded_loss=0.003591 decoded_dynamic=0.004894 presence_loss=0.127252 memory_norm=5.918239
epoch=4 step=9740 total_loss=0.491119 pred_loss=0.329162 pred_uniform=0.330908 rep=0.367913 barlow=1.037063 barlow_diag=-0.0093 barlow_offdiag=0.1406 sigreg_obj=0.466339 memory_barlow=0.000000 target_std=0.9856 pred_std=0.9751 decoded_loss=0.005144 decoded_dynamic=0.008571 presence_loss=0.205517 memory_norm=7.601593
saved_recovery_checkpoint epoch=4 step=9750 successful_updates=9750
epoch=4 step=9750 total_loss=0.715738 pred_loss=0.464474 pred_uniform=0.461079 rep=0.470937 barlow=1.042465 barlow_diag=-0.0105 barlow_offdiag=0.1465 sigreg_obj=0.422525 memory_barlow=0.000000 target_std=0.9814 pred_std=0.9541 decoded_loss=0.003734 decoded_dynamic=0.005335 presence_loss=0.205242 memory_norm=6.486010
epoch=4 step=9760 total_loss=0.489651 pred_loss=0.334416 pred_uniform=0.338343 rep=0.353121 barlow=1.036871 barlow_diag=-0.0093 barlow_offdiag=0.1405 sigreg_obj=0.389036 memory_barlow=0.000000 target_std=0.9872 pred_std=0.9755 decoded_loss=0.004089 decoded_dynamic=0.006972 presence_loss=0.158431 memory_norm=7.710670
epoch=4 step=9770 total_loss=0.480677 pred_loss=0.328814 pred_uniform=0.332494 rep=0.358011 barlow=1.043627 barlow_diag=-0.0115 barlow_offdiag=0.1411 sigreg_obj=0.361167 memory_barlow=0.000000 target_std=0.9885 pred_std=0.9803 decoded_loss=0.004469 decoded_dynamic=0.007655 presence_loss=0.175029 memory_norm=7.637657
epoch=4 step=9780 total_loss=0.580720 pred_loss=0.380613 pred_uniform=0.379406 rep=0.416745 barlow=1.059835 barlow_diag=-0.0140 barlow_offdiag=0.1675 sigreg_obj=0.455007 memory_barlow=0.000000 target_std=0.9822 pred_std=0.9642 decoded_loss=0.003594 decoded_dynamic=0.005965 presence_loss=0.117884 memory_norm=5.120948
epoch=4 step=9790 total_loss=0.643984 pred_loss=0.425332 pred_uniform=0.424761 rep=0.440922 barlow=1.040470 barlow_diag=-0.0100 barlow_offdiag=0.1418 sigreg_obj=0.400165 memory_barlow=0.000000 target_std=0.9837 pred_std=0.9622 decoded_loss=0.004213 decoded_dynamic=0.006701 presence_loss=0.159344 memory_norm=7.474566
epoch=4 step=9800 total_loss=0.607025 pred_loss=0.404949 pred_uniform=0.405989 rep=0.429306 barlow=1.054517 barlow_diag=-0.0153 barlow_offdiag=0.1456 sigreg_obj=0.376050 memory_barlow=0.000000 target_std=0.9790 pred_std=0.9613 decoded_loss=0.004459 decoded_dynamic=0.007036 presence_loss=0.163973 memory_norm=6.612310
epoch=4 step=9810 total_loss=0.506276 pred_loss=0.341614 pred_uniform=0.344013 rep=0.355391 barlow=1.049613 barlow_diag=-0.0147 barlow_offdiag=0.1379 sigreg_obj=0.412190 memory_barlow=0.000000 target_std=0.9909 pred_std=0.9825 decoded_loss=0.004524 decoded_dynamic=0.007338 presence_loss=0.154694 memory_norm=8.387023
epoch=4 step=9820 total_loss=0.553990 pred_loss=0.374449 pred_uniform=0.376970 rep=0.391223 barlow=1.047459 barlow_diag=-0.0134 barlow_offdiag=0.1380 sigreg_obj=0.356898 memory_barlow=0.000000 target_std=0.9854 pred_std=0.9704 decoded_loss=0.004717 decoded_dynamic=0.007427 presence_loss=0.170434 memory_norm=8.454132
epoch=4 step=9830 total_loss=0.485592 pred_loss=0.326395 pred_uniform=0.328243 rep=0.362616 barlow=1.035806 barlow_diag=-0.0070 barlow_offdiag=0.1441 sigreg_obj=0.363414 memory_barlow=0.000000 target_std=0.9839 pred_std=0.9722 decoded_loss=0.003811 decoded_dynamic=0.006578 presence_loss=0.198498 memory_norm=7.873572
epoch=4 step=9840 total_loss=0.658927 pred_loss=0.432724 pred_uniform=0.431444 rep=0.467409 barlow=1.052814 barlow_diag=-0.0134 barlow_offdiag=0.1517 sigreg_obj=0.464175 memory_barlow=0.000000 target_std=0.9730 pred_std=0.9420 decoded_loss=0.003856 decoded_dynamic=0.005570 presence_loss=0.123067 memory_norm=6.421962
epoch=4 step=9850 total_loss=0.580080 pred_loss=0.382762 pred_uniform=0.382082 rep=0.418536 barlow=1.061532 barlow_diag=-0.0189 barlow_offdiag=0.1540 sigreg_obj=0.317732 memory_barlow=0.000000 target_std=0.9777 pred_std=0.9562 decoded_loss=0.003492 decoded_dynamic=0.005656 presence_loss=0.131360 memory_norm=5.932622
epoch=4 step=9860 total_loss=0.727543 pred_loss=0.474153 pred_uniform=0.471209 rep=0.486306 barlow=1.070658 barlow_diag=-0.0233 barlow_offdiag=0.1554 sigreg_obj=0.446981 memory_barlow=0.000000 target_std=0.9800 pred_std=0.9419 decoded_loss=0.004034 decoded_dynamic=0.006975 presence_loss=0.113341 memory_norm=6.047184
epoch=4 step=9870 total_loss=0.584457 pred_loss=0.386351 pred_uniform=0.386117 rep=0.432314 barlow=1.036878 barlow_diag=-0.0080 barlow_offdiag=0.1435 sigreg_obj=0.364049 memory_barlow=0.000000 target_std=0.9824 pred_std=0.9645 decoded_loss=0.004629 decoded_dynamic=0.007406 presence_loss=0.190750 memory_norm=7.553360
epoch=4 step=9880 total_loss=0.495349 pred_loss=0.334460 pred_uniform=0.336864 rep=0.354709 barlow=1.052518 barlow_diag=-0.0149 barlow_offdiag=0.1383 sigreg_obj=0.408034 memory_barlow=0.000000 target_std=0.9867 pred_std=0.9793 decoded_loss=0.005455 decoded_dynamic=0.008213 presence_loss=0.227643 memory_norm=8.503145
epoch=4 step=9890 total_loss=0.650364 pred_loss=0.426228 pred_uniform=0.424901 rep=0.448863 barlow=1.050586 barlow_diag=-0.0140 barlow_offdiag=0.1502 sigreg_obj=0.469731 memory_barlow=0.000000 target_std=0.9751 pred_std=0.9547 decoded_loss=0.004879 decoded_dynamic=0.007321 presence_loss=0.227574 memory_norm=6.819180
epoch=4 step=9900 total_loss=0.564487 pred_loss=0.375098 pred_uniform=0.375770 rep=0.405226 barlow=1.027088 barlow_diag=-0.0039 barlow_offdiag=0.1422 sigreg_obj=0.394639 memory_barlow=0.000000 target_std=0.9788 pred_std=0.9615 decoded_loss=0.004001 decoded_dynamic=0.006361 presence_loss=0.301519 memory_norm=7.432668
epoch=4 step=9910 total_loss=0.607606 pred_loss=0.403665 pred_uniform=0.404143 rep=0.438790 barlow=1.027241 barlow_diag=-0.0033 barlow_offdiag=0.1453 sigreg_obj=0.314922 memory_barlow=0.000000 target_std=0.9794 pred_std=0.9585 decoded_loss=0.004954 decoded_dynamic=0.006454 presence_loss=0.186353 memory_norm=7.268563
epoch=4 step=9920 total_loss=0.520952 pred_loss=0.349779 pred_uniform=0.351458 rep=0.367291 barlow=1.053434 barlow_diag=-0.0167 barlow_offdiag=0.1396 sigreg_obj=0.393014 memory_barlow=0.000000 target_std=0.9892 pred_std=0.9801 decoded_loss=0.005009 decoded_dynamic=0.008792 presence_loss=0.167704 memory_norm=7.447807
epoch=4 step=9930 total_loss=0.466100 pred_loss=0.315879 pred_uniform=0.318530 rep=0.342931 barlow=1.037982 barlow_diag=-0.0099 barlow_offdiag=0.1455 sigreg_obj=0.366986 memory_barlow=0.000000 target_std=0.9804 pred_std=0.9693 decoded_loss=0.004023 decoded_dynamic=0.005903 presence_loss=0.143066 memory_norm=7.487440
epoch=4 step=9940 total_loss=0.518908 pred_loss=0.352570 pred_uniform=0.355779 rep=0.363264 barlow=1.031021 barlow_diag=-0.0046 barlow_offdiag=0.1456 sigreg_obj=0.400193 memory_barlow=0.000000 target_std=0.9891 pred_std=0.9811 decoded_loss=0.004637 decoded_dynamic=0.007830 presence_loss=0.181484 memory_norm=7.054804
epoch=4 step=9950 total_loss=0.579429 pred_loss=0.383149 pred_uniform=0.382664 rep=0.405752 barlow=1.042860 barlow_diag=-0.0095 barlow_offdiag=0.1447 sigreg_obj=0.289028 memory_barlow=0.000000 target_std=0.9869 pred_std=0.9702 decoded_loss=0.003997 decoded_dynamic=0.006090 presence_loss=0.142736 memory_norm=6.730773
epoch=4 step=9960 total_loss=0.596274 pred_loss=0.396640 pred_uniform=0.397292 rep=0.417607 barlow=1.032201 barlow_diag=-0.0048 barlow_offdiag=0.1464 sigreg_obj=0.419251 memory_barlow=0.000000 target_std=0.9781 pred_std=0.9628 decoded_loss=0.003761 decoded_dynamic=0.006267 presence_loss=0.119115 memory_norm=8.136457
epoch=4 step=9970 total_loss=0.413756 pred_loss=0.281922 pred_uniform=0.285160 rep=0.325591 barlow=1.040748 barlow_diag=-0.0094 barlow_offdiag=0.1463 sigreg_obj=0.408248 memory_barlow=0.000000 target_std=0.9874 pred_std=0.9798 decoded_loss=0.004143 decoded_dynamic=0.006704 presence_loss=0.162183 memory_norm=6.205907
epoch=4 step=9980 total_loss=0.655905 pred_loss=0.434672 pred_uniform=0.434585 rep=0.452008 barlow=1.050216 barlow_diag=-0.0133 barlow_offdiag=0.1433 sigreg_obj=0.353243 memory_barlow=0.000000 target_std=0.9797 pred_std=0.9555 decoded_loss=0.003645 decoded_dynamic=0.005982 presence_loss=0.163530 memory_norm=7.495007
epoch=4 step=9990 total_loss=0.585081 pred_loss=0.386337 pred_uniform=0.386178 rep=0.421021 barlow=1.028808 barlow_diag=-0.0033 barlow_offdiag=0.1458 sigreg_obj=0.458219 memory_barlow=0.000000 target_std=0.9852 pred_std=0.9692 decoded_loss=0.003440 decoded_dynamic=0.005721 presence_loss=0.097207 memory_norm=7.489630
saved_recovery_checkpoint epoch=4 step=10000 successful_updates=10000
epoch=4 step=10000 total_loss=0.632102 pred_loss=0.417397 pred_uniform=0.416682 rep=0.446608 barlow=1.065631 barlow_diag=-0.0215 barlow_offdiag=0.1440 sigreg_obj=0.299583 memory_barlow=0.000000 target_std=0.9815 pred_std=0.9612 decoded_loss=0.004101 decoded_dynamic=0.006246 presence_loss=0.149528 memory_norm=6.293996
epoch=4 step=10010 total_loss=0.540059 pred_loss=0.365101 pred_uniform=0.367863 rep=0.391968 barlow=1.026756 barlow_diag=-0.0036 barlow_offdiag=0.1442 sigreg_obj=0.368910 memory_barlow=0.000000 target_std=0.9849 pred_std=0.9716 decoded_loss=0.004615 decoded_dynamic=0.006281 presence_loss=0.140318 memory_norm=7.215362
epoch=4 step=10020 total_loss=0.736372 pred_loss=0.479561 pred_uniform=0.476351 rep=0.510897 barlow=1.041222 barlow_diag=-0.0093 barlow_offdiag=0.1469 sigreg_obj=0.366387 memory_barlow=0.000000 target_std=0.9817 pred_std=0.9584 decoded_loss=0.003700 decoded_dynamic=0.004947 presence_loss=0.104579 memory_norm=6.571664
epoch=4 step=10030 total_loss=0.481423 pred_loss=0.322927 pred_uniform=0.324570 rep=0.357601 barlow=1.048369 barlow_diag=-0.0139 barlow_offdiag=0.1422 sigreg_obj=0.397093 memory_barlow=0.000000 target_std=0.9820 pred_std=0.9708 decoded_loss=0.004044 decoded_dynamic=0.006795 presence_loss=0.156422 memory_norm=7.588663
epoch=4 step=10040 total_loss=0.456268 pred_loss=0.313372 pred_uniform=0.317267 rep=0.329300 barlow=1.021818 barlow_diag=-0.0020 barlow_offdiag=0.1354 sigreg_obj=0.343087 memory_barlow=0.000000 target_std=0.9892 pred_std=0.9825 decoded_loss=0.004725 decoded_dynamic=0.008397 presence_loss=0.158875 memory_norm=7.512890
epoch=4 step=10050 total_loss=0.491409 pred_loss=0.332461 pred_uniform=0.334952 rep=0.345268 barlow=1.038433 barlow_diag=-0.0083 barlow_offdiag=0.1425 sigreg_obj=0.336029 memory_barlow=0.000000 target_std=0.9860 pred_std=0.9748 decoded_loss=0.004288 decoded_dynamic=0.006322 presence_loss=0.136490 memory_norm=7.336435
epoch=4 step=10060 total_loss=0.436036 pred_loss=0.299945 pred_uniform=0.304350 rep=0.309954 barlow=1.024577 barlow_diag=-0.0003 barlow_offdiag=0.1420 sigreg_obj=0.558285 memory_barlow=0.000000 target_std=0.9922 pred_std=0.9870 decoded_loss=0.005541 decoded_dynamic=0.009018 presence_loss=0.200986 memory_norm=7.613031
epoch=4 step=10070 total_loss=0.575750 pred_loss=0.373705 pred_uniform=0.371254 rep=0.398639 barlow=1.060312 barlow_diag=-0.0180 barlow_offdiag=0.1529 sigreg_obj=0.418135 memory_barlow=0.000000 target_std=0.9798 pred_std=0.9589 decoded_loss=0.004254 decoded_dynamic=0.006197 presence_loss=0.195091 memory_norm=7.235773
epoch=4 step=10080 total_loss=0.518349 pred_loss=0.345145 pred_uniform=0.346003 rep=0.365407 barlow=1.049910 barlow_diag=-0.0142 barlow_offdiag=0.1405 sigreg_obj=0.356591 memory_barlow=0.000000 target_std=0.9850 pred_std=0.9750 decoded_loss=0.005266 decoded_dynamic=0.008176 presence_loss=0.222051 memory_norm=7.375923
epoch=4 step=10090 total_loss=0.483133 pred_loss=0.326032 pred_uniform=0.328479 rep=0.360805 barlow=1.031629 barlow_diag=-0.0060 barlow_offdiag=0.1386 sigreg_obj=0.445950 memory_barlow=0.000000 target_std=0.9915 pred_std=0.9857 decoded_loss=0.004138 decoded_dynamic=0.006721 presence_loss=0.159029 memory_norm=6.783993
epoch=4 step=10100 total_loss=0.592738 pred_loss=0.394806 pred_uniform=0.395393 rep=0.410603 barlow=1.038912 barlow_diag=-0.0065 barlow_offdiag=0.1462 sigreg_obj=0.350660 memory_barlow=0.000000 target_std=0.9870 pred_std=0.9733 decoded_loss=0.004875 decoded_dynamic=0.007984 presence_loss=0.123114 memory_norm=6.935951
epoch=4 step=10110 total_loss=0.562518 pred_loss=0.376887 pred_uniform=0.378423 rep=0.404868 barlow=1.065432 barlow_diag=-0.0215 barlow_offdiag=0.1436 sigreg_obj=0.377431 memory_barlow=0.000000 target_std=0.9804 pred_std=0.9590 decoded_loss=0.004674 decoded_dynamic=0.007090 presence_loss=0.122035 memory_norm=7.315939
epoch=4 step=10120 total_loss=0.566766 pred_loss=0.377213 pred_uniform=0.377870 rep=0.387953 barlow=1.059355 barlow_diag=-0.0196 barlow_offdiag=0.1427 sigreg_obj=0.388282 memory_barlow=0.000000 target_std=0.9799 pred_std=0.9659 decoded_loss=0.005283 decoded_dynamic=0.008221 presence_loss=0.217457 memory_norm=7.824768
epoch=4 step=10130 total_loss=0.634327 pred_loss=0.418811 pred_uniform=0.418141 rep=0.454104 barlow=1.063318 barlow_diag=-0.0216 barlow_offdiag=0.1420 sigreg_obj=0.363179 memory_barlow=0.000000 target_std=0.9863 pred_std=0.9666 decoded_loss=0.004307 decoded_dynamic=0.007438 presence_loss=0.140371 memory_norm=7.250696
epoch=4 step=10140 total_loss=0.509109 pred_loss=0.336325 pred_uniform=0.336241 rep=0.360322 barlow=1.027841 barlow_diag=-0.0026 barlow_offdiag=0.1493 sigreg_obj=0.355118 memory_barlow=0.000000 target_std=0.9830 pred_std=0.9696 decoded_loss=0.003454 decoded_dynamic=0.005909 presence_loss=0.169994 memory_norm=6.969504
epoch=4 step=10150 total_loss=0.556557 pred_loss=0.370261 pred_uniform=0.371070 rep=0.409373 barlow=1.024248 barlow_diag=-0.0028 barlow_offdiag=0.1392 sigreg_obj=0.499735 memory_barlow=0.000000 target_std=0.9856 pred_std=0.9714 decoded_loss=0.004466 decoded_dynamic=0.006764 presence_loss=0.170582 memory_norm=8.489260
epoch=4 step=10160 total_loss=0.613068 pred_loss=0.405007 pred_uniform=0.404690 rep=0.428584 barlow=1.059604 barlow_diag=-0.0171 barlow_offdiag=0.1511 sigreg_obj=0.409142 memory_barlow=0.000000 target_std=0.9756 pred_std=0.9557 decoded_loss=0.003674 decoded_dynamic=0.005829 presence_loss=0.148831 memory_norm=6.195461
epoch=4 step=10170 total_loss=0.535986 pred_loss=0.360144 pred_uniform=0.362028 rep=0.397358 barlow=1.045765 barlow_diag=-0.0120 barlow_offdiag=0.1451 sigreg_obj=0.411248 memory_barlow=0.000000 target_std=0.9816 pred_std=0.9614 decoded_loss=0.004863 decoded_dynamic=0.007578 presence_loss=0.152347 memory_norm=7.705611
epoch=4 step=10180 total_loss=0.583475 pred_loss=0.386943 pred_uniform=0.387291 rep=0.427364 barlow=1.030931 barlow_diag=-0.0049 barlow_offdiag=0.1412 sigreg_obj=0.493172 memory_barlow=0.000000 target_std=0.9840 pred_std=0.9681 decoded_loss=0.003398 decoded_dynamic=0.005369 presence_loss=0.121599 memory_norm=7.376196
epoch=4 step=10190 total_loss=0.585913 pred_loss=0.386556 pred_uniform=0.385954 rep=0.412207 barlow=1.032173 barlow_diag=-0.0052 barlow_offdiag=0.1443 sigreg_obj=0.323169 memory_barlow=0.000000 target_std=0.9868 pred_std=0.9738 decoded_loss=0.003846 decoded_dynamic=0.006409 presence_loss=0.131401 memory_norm=6.172691
epoch=4 step=10200 total_loss=0.660006 pred_loss=0.432695 pred_uniform=0.431477 rep=0.453159 barlow=1.039244 barlow_diag=-0.0071 barlow_offdiag=0.1584 sigreg_obj=0.555367 memory_barlow=0.000000 target_std=0.9782 pred_std=0.9584 decoded_loss=0.002800 decoded_dynamic=0.004716 presence_loss=0.099122 memory_norm=6.298223
epoch=4 step=10210 total_loss=0.547709 pred_loss=0.364133 pred_uniform=0.364752 rep=0.419530 barlow=1.036898 barlow_diag=-0.0062 barlow_offdiag=0.1460 sigreg_obj=0.414170 memory_barlow=0.000000 target_std=0.9854 pred_std=0.9727 decoded_loss=0.005049 decoded_dynamic=0.006737 presence_loss=0.166449 memory_norm=6.869783
epoch=4 step=10220 total_loss=0.580001 pred_loss=0.386506 pred_uniform=0.387290 rep=0.413491 barlow=1.062662 barlow_diag=-0.0201 barlow_offdiag=0.1508 sigreg_obj=0.322816 memory_barlow=0.000000 target_std=0.9820 pred_std=0.9660 decoded_loss=0.003838 decoded_dynamic=0.006344 presence_loss=0.165316 memory_norm=6.601287
epoch=4 step=10230 total_loss=0.704892 pred_loss=0.457336 pred_uniform=0.453787 rep=0.509310 barlow=1.072381 barlow_diag=-0.0231 barlow_offdiag=0.1557 sigreg_obj=0.360154 memory_barlow=0.000000 target_std=0.9741 pred_std=0.9430 decoded_loss=0.003350 decoded_dynamic=0.005561 presence_loss=0.123115 memory_norm=5.513528
epoch=4 step=10240 total_loss=0.714752 pred_loss=0.463435 pred_uniform=0.459613 rep=0.484671 barlow=1.038148 barlow_diag=-0.0084 barlow_offdiag=0.1464 sigreg_obj=0.386206 memory_barlow=0.000000 target_std=0.9842 pred_std=0.9579 decoded_loss=0.003539 decoded_dynamic=0.005930 presence_loss=0.139070 memory_norm=6.829700
saved_recovery_checkpoint epoch=4 step=10250 successful_updates=10250
epoch=4 step=10250 total_loss=0.701730 pred_loss=0.461356 pred_uniform=0.459929 rep=0.518818 barlow=1.041113 barlow_diag=-0.0068 barlow_offdiag=0.1571 sigreg_obj=0.319127 memory_barlow=0.000000 target_std=0.9710 pred_std=0.9358 decoded_loss=0.003701 decoded_dynamic=0.004895 presence_loss=0.125413 memory_norm=5.522221
epoch=4 step=10260 total_loss=0.539887 pred_loss=0.363717 pred_uniform=0.365798 rep=0.379223 barlow=1.026795 barlow_diag=-0.0038 barlow_offdiag=0.1415 sigreg_obj=0.334080 memory_barlow=0.000000 target_std=0.9861 pred_std=0.9762 decoded_loss=0.004491 decoded_dynamic=0.007818 presence_loss=0.172686 memory_norm=7.638960
epoch=4 step=10270 total_loss=0.523188 pred_loss=0.356310 pred_uniform=0.359678 rep=0.393306 barlow=1.037149 barlow_diag=-0.0088 barlow_offdiag=0.1456 sigreg_obj=0.362526 memory_barlow=0.000000 target_std=0.9814 pred_std=0.9629 decoded_loss=0.003939 decoded_dynamic=0.006344 presence_loss=0.076640 memory_norm=7.504444
epoch=4 step=10280 total_loss=0.673216 pred_loss=0.443270 pred_uniform=0.442275 rep=0.462530 barlow=1.025021 barlow_diag=-0.0028 barlow_offdiag=0.1363 sigreg_obj=0.386291 memory_barlow=0.000000 target_std=0.9849 pred_std=0.9662 decoded_loss=0.005385 decoded_dynamic=0.006962 presence_loss=0.184081 memory_norm=8.553787
epoch=4 step=10290 total_loss=0.576256 pred_loss=0.382012 pred_uniform=0.381977 rep=0.404588 barlow=1.059278 barlow_diag=-0.0177 barlow_offdiag=0.1411 sigreg_obj=0.322022 memory_barlow=0.000000 target_std=0.9873 pred_std=0.9731 decoded_loss=0.004050 decoded_dynamic=0.005971 presence_loss=0.132812 memory_norm=7.376060
epoch=4 step=10300 total_loss=0.382055 pred_loss=0.262853 pred_uniform=0.266715 rep=0.275867 barlow=1.033528 barlow_diag=-0.0079 barlow_offdiag=0.1360 sigreg_obj=0.408788 memory_barlow=0.000000 target_std=0.9898 pred_std=0.9874 decoded_loss=0.005605 decoded_dynamic=0.009179 presence_loss=0.199746 memory_norm=7.891150
epoch=4 step=10310 total_loss=0.605610 pred_loss=0.397907 pred_uniform=0.396858 rep=0.422685 barlow=1.039450 barlow_diag=-0.0048 barlow_offdiag=0.1672 sigreg_obj=0.408478 memory_barlow=0.000000 target_std=0.9712 pred_std=0.9480 decoded_loss=0.003019 decoded_dynamic=0.004908 presence_loss=0.115583 memory_norm=5.630212
epoch=4 step=10320 total_loss=0.585154 pred_loss=0.385326 pred_uniform=0.384560 rep=0.417329 barlow=1.041469 barlow_diag=-0.0106 barlow_offdiag=0.1381 sigreg_obj=0.420909 memory_barlow=0.000000 target_std=0.9864 pred_std=0.9725 decoded_loss=0.004506 decoded_dynamic=0.007401 presence_loss=0.167009 memory_norm=7.898191
epoch=4 step=10330 total_loss=0.611546 pred_loss=0.406202 pred_uniform=0.406745 rep=0.446533 barlow=1.047382 barlow_diag=-0.0113 barlow_offdiag=0.1482 sigreg_obj=0.376905 memory_barlow=0.000000 target_std=0.9769 pred_std=0.9529 decoded_loss=0.003506 decoded_dynamic=0.004984 presence_loss=0.132377 memory_norm=7.186626
epoch=4 step=10340 total_loss=0.598348 pred_loss=0.402186 pred_uniform=0.404267 rep=0.418210 barlow=1.020311 barlow_diag=0.0007 barlow_offdiag=0.1462 sigreg_obj=0.376239 memory_barlow=0.000000 target_std=0.9829 pred_std=0.9652 decoded_loss=0.004601 decoded_dynamic=0.006936 presence_loss=0.110177 memory_norm=6.430090
epoch=4 step=10350 total_loss=0.700617 pred_loss=0.457068 pred_uniform=0.454627 rep=0.470433 barlow=1.036521 barlow_diag=-0.0058 barlow_offdiag=0.1559 sigreg_obj=0.428588 memory_barlow=0.000000 target_std=0.9768 pred_std=0.9494 decoded_loss=0.003386 decoded_dynamic=0.004492 presence_loss=0.129046 memory_norm=6.065502
epoch=4 step=10360 total_loss=0.666401 pred_loss=0.437343 pred_uniform=0.435989 rep=0.501426 barlow=1.045657 barlow_diag=-0.0102 barlow_offdiag=0.1517 sigreg_obj=0.463824 memory_barlow=0.000000 target_std=0.9830 pred_std=0.9610 decoded_loss=0.004556 decoded_dynamic=0.006784 presence_loss=0.145967 memory_norm=6.341935
epoch=4 step=10370 total_loss=0.704191 pred_loss=0.458477 pred_uniform=0.455672 rep=0.481644 barlow=1.064026 barlow_diag=-0.0200 barlow_offdiag=0.1527 sigreg_obj=0.438509 memory_barlow=0.000000 target_std=0.9777 pred_std=0.9485 decoded_loss=0.003500 decoded_dynamic=0.005510 presence_loss=0.140272 memory_norm=7.185701
epoch=4 step=10380 total_loss=0.577306 pred_loss=0.386869 pred_uniform=0.388511 rep=0.425315 barlow=1.042075 barlow_diag=-0.0087 barlow_offdiag=0.1491 sigreg_obj=0.422698 memory_barlow=0.000000 target_std=0.9773 pred_std=0.9572 decoded_loss=0.003591 decoded_dynamic=0.005517 presence_loss=0.142808 memory_norm=6.909628
epoch=4 step=10390 total_loss=0.537646 pred_loss=0.363046 pred_uniform=0.365419 rep=0.395269 barlow=1.023219 barlow_diag=-0.0022 barlow_offdiag=0.1428 sigreg_obj=0.313683 memory_barlow=0.000000 target_std=0.9858 pred_std=0.9744 decoded_loss=0.004451 decoded_dynamic=0.007610 presence_loss=0.150727 memory_norm=6.896215
epoch=4 step=10400 total_loss=0.513423 pred_loss=0.342273 pred_uniform=0.343320 rep=0.375590 barlow=1.039355 barlow_diag=-0.0094 barlow_offdiag=0.1411 sigreg_obj=0.444621 memory_barlow=0.000000 target_std=0.9891 pred_std=0.9784 decoded_loss=0.003319 decoded_dynamic=0.005149 presence_loss=0.131133 memory_norm=7.690621
epoch=4 step=10410 total_loss=0.547939 pred_loss=0.359787 pred_uniform=0.358925 rep=0.380212 barlow=1.046814 barlow_diag=-0.0126 barlow_offdiag=0.1457 sigreg_obj=0.453055 memory_barlow=0.000000 target_std=0.9831 pred_std=0.9694 decoded_loss=0.004583 decoded_dynamic=0.007192 presence_loss=0.187902 memory_norm=7.550512
epoch=4 step=10420 total_loss=0.641235 pred_loss=0.418071 pred_uniform=0.415966 rep=0.461677 barlow=1.049879 barlow_diag=-0.0138 barlow_offdiag=0.1468 sigreg_obj=0.472027 memory_barlow=0.000000 target_std=0.9771 pred_std=0.9552 decoded_loss=0.004251 decoded_dynamic=0.006554 presence_loss=0.195180 memory_norm=7.396938
epoch=4 step=10430 total_loss=0.641896 pred_loss=0.419723 pred_uniform=0.417721 rep=0.446277 barlow=1.070797 barlow_diag=-0.0241 barlow_offdiag=0.1422 sigreg_obj=0.349242 memory_barlow=0.000000 target_std=0.9854 pred_std=0.9667 decoded_loss=0.003843 decoded_dynamic=0.006350 presence_loss=0.179236 memory_norm=6.930715
epoch=4 step=10440 total_loss=0.547450 pred_loss=0.369518 pred_uniform=0.372023 rep=0.384887 barlow=1.013159 barlow_diag=0.0037 barlow_offdiag=0.1529 sigreg_obj=0.375407 memory_barlow=0.000000 target_std=0.9875 pred_std=0.9807 decoded_loss=0.004207 decoded_dynamic=0.007073 presence_loss=0.148812 memory_norm=6.047511
epoch=4 step=10450 total_loss=0.549865 pred_loss=0.370437 pred_uniform=0.372796 rep=0.389577 barlow=1.025301 barlow_diag=-0.0023 barlow_offdiag=0.1407 sigreg_obj=0.396403 memory_barlow=0.000000 target_std=0.9896 pred_std=0.9792 decoded_loss=0.005591 decoded_dynamic=0.009330 presence_loss=0.209404 memory_norm=8.285429
epoch=4 step=10460 total_loss=0.403228 pred_loss=0.277704 pred_uniform=0.281918 rep=0.286555 barlow=1.041152 barlow_diag=-0.0109 barlow_offdiag=0.1338 sigreg_obj=0.568161 memory_barlow=0.000000 target_std=0.9914 pred_std=0.9896 decoded_loss=0.004667 decoded_dynamic=0.008241 presence_loss=0.173811 memory_norm=8.211259
epoch=4 step=10470 total_loss=0.461359 pred_loss=0.314982 pred_uniform=0.318364 rep=0.334755 barlow=1.026335 barlow_diag=-0.0047 barlow_offdiag=0.1337 sigreg_obj=0.390757 memory_barlow=0.000000 target_std=0.9898 pred_std=0.9846 decoded_loss=0.004064 decoded_dynamic=0.006878 presence_loss=0.181302 memory_norm=9.284553
epoch=4 step=10480 total_loss=0.686376 pred_loss=0.449287 pred_uniform=0.447291 rep=0.475041 barlow=1.047228 barlow_diag=-0.0123 barlow_offdiag=0.1464 sigreg_obj=0.392178 memory_barlow=0.000000 target_std=0.9795 pred_std=0.9569 decoded_loss=0.003293 decoded_dynamic=0.005429 presence_loss=0.104833 memory_norm=6.634467
epoch=4 step=10490 total_loss=0.430615 pred_loss=0.290026 pred_uniform=0.291949 rep=0.312300 barlow=1.030885 barlow_diag=-0.0068 barlow_offdiag=0.1348 sigreg_obj=0.333237 memory_barlow=0.000000 target_std=0.9897 pred_std=0.9828 decoded_loss=0.004002 decoded_dynamic=0.006251 presence_loss=0.169474 memory_norm=7.940526
saved_recovery_checkpoint epoch=4 step=10500 successful_updates=10500
epoch=4 step=10500 total_loss=0.654423 pred_loss=0.432390 pred_uniform=0.431723 rep=0.439627 barlow=1.053782 barlow_diag=-0.0165 barlow_offdiag=0.1444 sigreg_obj=0.367201 memory_barlow=0.000000 target_std=0.9867 pred_std=0.9690 decoded_loss=0.003966 decoded_dynamic=0.006114 presence_loss=0.141429 memory_norm=7.989114
epoch=4 step=10510 total_loss=0.581708 pred_loss=0.383642 pred_uniform=0.383196 rep=0.421435 barlow=1.032265 barlow_diag=-0.0034 barlow_offdiag=0.1556 sigreg_obj=0.393319 memory_barlow=0.000000 target_std=0.9776 pred_std=0.9540 decoded_loss=0.002653 decoded_dynamic=0.004569 presence_loss=0.114642 memory_norm=6.397327
epoch=4 step=10520 total_loss=0.569790 pred_loss=0.380416 pred_uniform=0.381509 rep=0.395669 barlow=1.049165 barlow_diag=-0.0141 barlow_offdiag=0.1433 sigreg_obj=0.385463 memory_barlow=0.000000 target_std=0.9879 pred_std=0.9758 decoded_loss=0.005195 decoded_dynamic=0.008714 presence_loss=0.151591 memory_norm=6.843286
epoch=4 step=10530 total_loss=0.431672 pred_loss=0.299177 pred_uniform=0.303917 rep=0.321741 barlow=1.037668 barlow_diag=-0.0092 barlow_offdiag=0.1377 sigreg_obj=0.368128 memory_barlow=0.000000 target_std=0.9898 pred_std=0.9846 decoded_loss=0.005079 decoded_dynamic=0.008799 presence_loss=0.204785 memory_norm=8.158501
epoch=4 step=10540 total_loss=0.647185 pred_loss=0.422890 pred_uniform=0.420967 rep=0.441746 barlow=1.036474 barlow_diag=-0.0057 barlow_offdiag=0.1502 sigreg_obj=0.464842 memory_barlow=0.000000 target_std=0.9803 pred_std=0.9630 decoded_loss=0.004259 decoded_dynamic=0.006307 presence_loss=0.159757 memory_norm=7.740629
epoch=4 step=10550 total_loss=0.724290 pred_loss=0.473495 pred_uniform=0.471033 rep=0.511626 barlow=1.043926 barlow_diag=-0.0100 barlow_offdiag=0.1527 sigreg_obj=0.372579 memory_barlow=0.000000 target_std=0.9748 pred_std=0.9479 decoded_loss=0.004407 decoded_dynamic=0.005840 presence_loss=0.112807 memory_norm=5.903322
epoch=4 step=10560 total_loss=0.564775 pred_loss=0.376248 pred_uniform=0.377157 rep=0.394738 barlow=1.034495 barlow_diag=-0.0056 barlow_offdiag=0.1441 sigreg_obj=0.410856 memory_barlow=0.000000 target_std=0.9835 pred_std=0.9733 decoded_loss=0.003802 decoded_dynamic=0.006240 presence_loss=0.193933 memory_norm=7.506626
epoch=4 step=10570 total_loss=0.541028 pred_loss=0.358977 pred_uniform=0.359595 rep=0.388646 barlow=1.025899 barlow_diag=-0.0020 barlow_offdiag=0.1480 sigreg_obj=0.478844 memory_barlow=0.000000 target_std=0.9812 pred_std=0.9644 decoded_loss=0.004675 decoded_dynamic=0.007250 presence_loss=0.187209 memory_norm=8.188129
epoch=4 step=10580 total_loss=0.610599 pred_loss=0.402813 pred_uniform=0.402257 rep=0.425286 barlow=1.039259 barlow_diag=-0.0066 barlow_offdiag=0.1491 sigreg_obj=0.436712 memory_barlow=0.000000 target_std=0.9863 pred_std=0.9683 decoded_loss=0.003322 decoded_dynamic=0.005602 presence_loss=0.142238 memory_norm=7.404327
epoch=4 step=10590 total_loss=0.549949 pred_loss=0.367485 pred_uniform=0.368562 rep=0.391230 barlow=1.041314 barlow_diag=-0.0105 barlow_offdiag=0.1374 sigreg_obj=0.373546 memory_barlow=0.000000 target_std=0.9879 pred_std=0.9766 decoded_loss=0.004082 decoded_dynamic=0.006919 presence_loss=0.178541 memory_norm=8.097355
epoch=4 step=10600 total_loss=0.495409 pred_loss=0.332438 pred_uniform=0.334194 rep=0.344219 barlow=1.026201 barlow_diag=-0.0029 barlow_offdiag=0.1384 sigreg_obj=0.426376 memory_barlow=0.000000 target_std=0.9882 pred_std=0.9793 decoded_loss=0.005238 decoded_dynamic=0.008142 presence_loss=0.185977 memory_norm=8.014973
epoch=4 step=10610 total_loss=0.647098 pred_loss=0.421870 pred_uniform=0.419390 rep=0.455064 barlow=1.025830 barlow_diag=0.0000 barlow_offdiag=0.1498 sigreg_obj=0.398643 memory_barlow=0.000000 target_std=0.9803 pred_std=0.9593 decoded_loss=0.003527 decoded_dynamic=0.005029 presence_loss=0.099783 memory_norm=7.073545
epoch=4 step=10620 total_loss=0.546893 pred_loss=0.363637 pred_uniform=0.364103 rep=0.381588 barlow=1.039279 barlow_diag=-0.0093 barlow_offdiag=0.1447 sigreg_obj=0.354632 memory_barlow=0.000000 target_std=0.9886 pred_std=0.9783 decoded_loss=0.003375 decoded_dynamic=0.005405 presence_loss=0.107589 memory_norm=7.075866
epoch=4 step=10630 total_loss=0.549063 pred_loss=0.366497 pred_uniform=0.367344 rep=0.394378 barlow=1.041792 barlow_diag=-0.0102 barlow_offdiag=0.1449 sigreg_obj=0.310240 memory_barlow=0.000000 target_std=0.9814 pred_std=0.9629 decoded_loss=0.004333 decoded_dynamic=0.007640 presence_loss=0.165212 memory_norm=6.517560
epoch=4 step=10640 total_loss=0.726069 pred_loss=0.473481 pred_uniform=0.470524 rep=0.499716 barlow=1.029178 barlow_diag=-0.0045 barlow_offdiag=0.1453 sigreg_obj=0.324982 memory_barlow=0.000000 target_std=0.9810 pred_std=0.9538 decoded_loss=0.004616 decoded_dynamic=0.007927 presence_loss=0.182652 memory_norm=6.416447
epoch=4 step=10650 total_loss=0.473691 pred_loss=0.321117 pred_uniform=0.324113 rep=0.346789 barlow=1.014606 barlow_diag=0.0021 barlow_offdiag=0.1378 sigreg_obj=0.454509 memory_barlow=0.000000 target_std=0.9893 pred_std=0.9820 decoded_loss=0.003954 decoded_dynamic=0.006877 presence_loss=0.185730 memory_norm=9.333652
epoch=4 step=10660 total_loss=0.795720 pred_loss=0.516384 pred_uniform=0.512490 rep=0.538633 barlow=1.025443 barlow_diag=-0.0011 barlow_offdiag=0.1549 sigreg_obj=0.388120 memory_barlow=0.000000 target_std=0.9768 pred_std=0.9473 decoded_loss=0.003978 decoded_dynamic=0.005640 presence_loss=0.133313 memory_norm=5.518501
epoch=4 step=10670 total_loss=0.553439 pred_loss=0.368137 pred_uniform=0.368611 rep=0.409817 barlow=1.028823 barlow_diag=-0.0049 barlow_offdiag=0.1382 sigreg_obj=0.351715 memory_barlow=0.000000 target_std=0.9850 pred_std=0.9724 decoded_loss=0.004074 decoded_dynamic=0.006552 presence_loss=0.162519 memory_norm=7.985097
epoch=4 step=10680 total_loss=0.594450 pred_loss=0.393102 pred_uniform=0.392710 rep=0.409355 barlow=1.013196 barlow_diag=0.0044 barlow_offdiag=0.1444 sigreg_obj=0.316235 memory_barlow=0.000000 target_std=0.9869 pred_std=0.9726 decoded_loss=0.003975 decoded_dynamic=0.006738 presence_loss=0.181776 memory_norm=7.467116
epoch=4 step=10690 total_loss=0.547626 pred_loss=0.369778 pred_uniform=0.372056 rep=0.385723 barlow=1.046702 barlow_diag=-0.0135 barlow_offdiag=0.1365 sigreg_obj=0.366512 memory_barlow=0.000000 target_std=0.9884 pred_std=0.9763 decoded_loss=0.004155 decoded_dynamic=0.006616 presence_loss=0.138659 memory_norm=7.491599
epoch=4 step=10700 total_loss=0.740076 pred_loss=0.485765 pred_uniform=0.484122 rep=0.520114 barlow=1.041330 barlow_diag=-0.0087 barlow_offdiag=0.1578 sigreg_obj=0.435220 memory_barlow=0.000000 target_std=0.9690 pred_std=0.9318 decoded_loss=0.002760 decoded_dynamic=0.004155 presence_loss=0.099061 memory_norm=5.848149
epoch=4 step=10710 total_loss=0.600711 pred_loss=0.395213 pred_uniform=0.394134 rep=0.431010 barlow=1.029774 barlow_diag=-0.0018 barlow_offdiag=0.1522 sigreg_obj=0.325771 memory_barlow=0.000000 target_std=0.9774 pred_std=0.9567 decoded_loss=0.003313 decoded_dynamic=0.005226 presence_loss=0.119706 memory_norm=6.234226
epoch=4 step=10720 total_loss=0.524187 pred_loss=0.353288 pred_uniform=0.355407 rep=0.381804 barlow=1.028578 barlow_diag=-0.0025 barlow_offdiag=0.1559 sigreg_obj=0.428050 memory_barlow=0.000000 target_std=0.9806 pred_std=0.9646 decoded_loss=0.003275 decoded_dynamic=0.005451 presence_loss=0.115551 memory_norm=6.724349
epoch=4 step=10730 total_loss=0.659091 pred_loss=0.434181 pred_uniform=0.433079 rep=0.481887 barlow=1.046884 barlow_diag=-0.0129 barlow_offdiag=0.1452 sigreg_obj=0.353102 memory_barlow=0.000000 target_std=0.9780 pred_std=0.9548 decoded_loss=0.003574 decoded_dynamic=0.005250 presence_loss=0.098056 memory_norm=6.079639
epoch=4 step=10740 total_loss=0.511142 pred_loss=0.338545 pred_uniform=0.338698 rep=0.362463 barlow=1.056377 barlow_diag=-0.0173 barlow_offdiag=0.1490 sigreg_obj=0.357339 memory_barlow=0.000000 target_std=0.9810 pred_std=0.9729 decoded_loss=0.004690 decoded_dynamic=0.006041 presence_loss=0.185321 memory_norm=6.041301
saved_recovery_checkpoint epoch=4 step=10750 successful_updates=10750
epoch=4 step=10750 total_loss=0.646365 pred_loss=0.419644 pred_uniform=0.416560 rep=0.434964 barlow=1.025049 barlow_diag=0.0023 barlow_offdiag=0.1584 sigreg_obj=0.357418 memory_barlow=0.000000 target_std=0.9822 pred_std=0.9637 decoded_loss=0.004592 decoded_dynamic=0.006880 presence_loss=0.166066 memory_norm=5.525561
epoch=4 step=10760 total_loss=0.542911 pred_loss=0.364240 pred_uniform=0.366132 rep=0.380608 barlow=1.044022 barlow_diag=-0.0124 barlow_offdiag=0.1343 sigreg_obj=0.464082 memory_barlow=0.000000 target_std=0.9892 pred_std=0.9781 decoded_loss=0.004526 decoded_dynamic=0.007132 presence_loss=0.211284 memory_norm=9.542128
epoch=4 step=10770 total_loss=0.474013 pred_loss=0.323339 pred_uniform=0.326909 rep=0.339461 barlow=1.022621 barlow_diag=-0.0021 barlow_offdiag=0.1414 sigreg_obj=0.402500 memory_barlow=0.000000 target_std=0.9805 pred_std=0.9700 decoded_loss=0.004002 decoded_dynamic=0.006584 presence_loss=0.160901 memory_norm=8.054690
epoch=4 step=10780 total_loss=0.481554 pred_loss=0.323212 pred_uniform=0.325172 rep=0.346344 barlow=1.044461 barlow_diag=-0.0117 barlow_offdiag=0.1431 sigreg_obj=0.518891 memory_barlow=0.000000 target_std=0.9876 pred_std=0.9756 decoded_loss=0.003448 decoded_dynamic=0.006001 presence_loss=0.127632 memory_norm=8.309744
epoch=4 step=10790 total_loss=0.443969 pred_loss=0.302846 pred_uniform=0.306146 rep=0.325035 barlow=1.037180 barlow_diag=-0.0092 barlow_offdiag=0.1393 sigreg_obj=0.359132 memory_barlow=0.000000 target_std=0.9883 pred_std=0.9797 decoded_loss=0.004398 decoded_dynamic=0.007050 presence_loss=0.171490 memory_norm=8.244555
epoch=4 step=10800 total_loss=0.491449 pred_loss=0.326688 pred_uniform=0.327301 rep=0.350784 barlow=1.016635 barlow_diag=0.0013 barlow_offdiag=0.1443 sigreg_obj=0.370732 memory_barlow=0.000000 target_std=0.9868 pred_std=0.9790 decoded_loss=0.003765 decoded_dynamic=0.005282 presence_loss=0.137924 memory_norm=6.320575
epoch=4 step=10810 total_loss=0.642954 pred_loss=0.423527 pred_uniform=0.422250 rep=0.453310 barlow=1.024943 barlow_diag=-0.0014 barlow_offdiag=0.1461 sigreg_obj=0.294847 memory_barlow=0.000000 target_std=0.9852 pred_std=0.9653 decoded_loss=0.003572 decoded_dynamic=0.005464 presence_loss=0.125124 memory_norm=6.148312
epoch=4 step=10820 total_loss=0.626180 pred_loss=0.417062 pred_uniform=0.417900 rep=0.438137 barlow=1.048777 barlow_diag=-0.0135 barlow_offdiag=0.1416 sigreg_obj=0.327985 memory_barlow=0.000000 target_std=0.9865 pred_std=0.9718 decoded_loss=0.004009 decoded_dynamic=0.006604 presence_loss=0.269751 memory_norm=6.890796
epoch=4 step=10830 total_loss=0.609261 pred_loss=0.399678 pred_uniform=0.398602 rep=0.412747 barlow=1.009806 barlow_diag=0.0049 barlow_offdiag=0.1437 sigreg_obj=0.457215 memory_barlow=0.000000 target_std=0.9805 pred_std=0.9587 decoded_loss=0.003667 decoded_dynamic=0.006053 presence_loss=0.152450 memory_norm=7.628681
epoch=4 step=10840 total_loss=0.584973 pred_loss=0.392200 pred_uniform=0.393935 rep=0.429725 barlow=1.037772 barlow_diag=-0.0086 barlow_offdiag=0.1401 sigreg_obj=0.393687 memory_barlow=0.000000 target_std=0.9834 pred_std=0.9675 decoded_loss=0.004782 decoded_dynamic=0.007465 presence_loss=0.159217 memory_norm=7.348896
epoch=4 step=10850 total_loss=0.517172 pred_loss=0.339540 pred_uniform=0.338715 rep=0.366494 barlow=1.051545 barlow_diag=-0.0145 barlow_offdiag=0.1433 sigreg_obj=0.393335 memory_barlow=0.000000 target_std=0.9848 pred_std=0.9753 decoded_loss=0.003630 decoded_dynamic=0.006091 presence_loss=0.217013 memory_norm=7.711984
epoch=4 step=10860 total_loss=0.492994 pred_loss=0.335257 pred_uniform=0.338668 rep=0.355226 barlow=1.027511 barlow_diag=-0.0043 barlow_offdiag=0.1422 sigreg_obj=0.471411 memory_barlow=0.000000 target_std=0.9874 pred_std=0.9790 decoded_loss=0.004868 decoded_dynamic=0.008394 presence_loss=0.213647 memory_norm=8.073142
epoch=4 step=10870 total_loss=0.451263 pred_loss=0.299491 pred_uniform=0.299783 rep=0.327131 barlow=1.038081 barlow_diag=-0.0088 barlow_offdiag=0.1399 sigreg_obj=0.335003 memory_barlow=0.000000 target_std=0.9846 pred_std=0.9771 decoded_loss=0.004207 decoded_dynamic=0.007380 presence_loss=0.180116 memory_norm=7.457008
epoch=4 step=10880 total_loss=0.452909 pred_loss=0.306370 pred_uniform=0.309265 rep=0.324279 barlow=1.019957 barlow_diag=-0.0010 barlow_offdiag=0.1366 sigreg_obj=0.533641 memory_barlow=0.000000 target_std=0.9912 pred_std=0.9853 decoded_loss=0.005203 decoded_dynamic=0.008370 presence_loss=0.273913 memory_norm=8.464901
epoch=4 step=10890 total_loss=0.534500 pred_loss=0.358958 pred_uniform=0.360781 rep=0.382502 barlow=1.030701 barlow_diag=-0.0048 barlow_offdiag=0.1433 sigreg_obj=0.348405 memory_barlow=0.000000 target_std=0.9829 pred_std=0.9706 decoded_loss=0.004460 decoded_dynamic=0.006333 presence_loss=0.166683 memory_norm=7.189208
epoch=4 step=10900 total_loss=0.496152 pred_loss=0.335040 pred_uniform=0.337553 rep=0.352148 barlow=1.029352 barlow_diag=-0.0042 barlow_offdiag=0.1400 sigreg_obj=0.422543 memory_barlow=0.000000 target_std=0.9859 pred_std=0.9787 decoded_loss=0.005325 decoded_dynamic=0.007719 presence_loss=0.196914 memory_norm=7.763258
epoch=4 step=10910 total_loss=0.618412 pred_loss=0.404925 pred_uniform=0.403453 rep=0.445170 barlow=1.044503 barlow_diag=-0.0103 barlow_offdiag=0.1497 sigreg_obj=0.392384 memory_barlow=0.000000 target_std=0.9687 pred_std=0.9450 decoded_loss=0.004552 decoded_dynamic=0.006470 presence_loss=0.189859 memory_norm=7.078636
epoch=4 step=10920 total_loss=0.598150 pred_loss=0.395831 pred_uniform=0.395788 rep=0.420177 barlow=1.039097 barlow_diag=-0.0085 barlow_offdiag=0.1443 sigreg_obj=0.378859 memory_barlow=0.000000 target_std=0.9830 pred_std=0.9705 decoded_loss=0.004957 decoded_dynamic=0.007228 presence_loss=0.228427 memory_norm=7.492193
epoch=4 step=10930 total_loss=0.653004 pred_loss=0.424436 pred_uniform=0.421417 rep=0.444884 barlow=1.037948 barlow_diag=-0.0083 barlow_offdiag=0.1453 sigreg_obj=0.352565 memory_barlow=0.000000 target_std=0.9853 pred_std=0.9677 decoded_loss=0.003560 decoded_dynamic=0.005034 presence_loss=0.133302 memory_norm=6.864986
epoch=4 step=10940 total_loss=0.557992 pred_loss=0.370680 pred_uniform=0.371084 rep=0.397548 barlow=1.049596 barlow_diag=-0.0134 barlow_offdiag=0.1429 sigreg_obj=0.393538 memory_barlow=0.000000 target_std=0.9828 pred_std=0.9674 decoded_loss=0.003825 decoded_dynamic=0.006009 presence_loss=0.167494 memory_norm=7.301883
epoch=4 step=10950 total_loss=0.471453 pred_loss=0.322674 pred_uniform=0.326547 rep=0.345511 barlow=1.036241 barlow_diag=-0.0084 barlow_offdiag=0.1380 sigreg_obj=0.444199 memory_barlow=0.000000 target_std=0.9908 pred_std=0.9860 decoded_loss=0.004240 decoded_dynamic=0.007472 presence_loss=0.159705 memory_norm=7.563241
epoch=4 step=10960 total_loss=0.610030 pred_loss=0.402588 pred_uniform=0.401818 rep=0.419292 barlow=1.040682 barlow_diag=-0.0094 barlow_offdiag=0.1447 sigreg_obj=0.330355 memory_barlow=0.000000 target_std=0.9850 pred_std=0.9687 decoded_loss=0.004110 decoded_dynamic=0.006519 presence_loss=0.151978 memory_norm=6.672439
epoch=4 step=10970 total_loss=0.448084 pred_loss=0.304059 pred_uniform=0.307120 rep=0.324764 barlow=1.037816 barlow_diag=-0.0089 barlow_offdiag=0.1360 sigreg_obj=0.464480 memory_barlow=0.000000 target_std=0.9912 pred_std=0.9861 decoded_loss=0.004111 decoded_dynamic=0.006777 presence_loss=0.184144 memory_norm=7.677558
epoch=4 step=10980 total_loss=0.631172 pred_loss=0.421322 pred_uniform=0.422475 rep=0.429101 barlow=1.038344 barlow_diag=-0.0090 barlow_offdiag=0.1374 sigreg_obj=0.402555 memory_barlow=0.000000 target_std=0.9856 pred_std=0.9712 decoded_loss=0.004671 decoded_dynamic=0.007837 presence_loss=0.177678 memory_norm=6.858214
epoch=4 step=10990 total_loss=0.634258 pred_loss=0.413105 pred_uniform=0.410447 rep=0.432503 barlow=1.018264 barlow_diag=0.0020 barlow_offdiag=0.1446 sigreg_obj=0.332382 memory_barlow=0.000000 target_std=0.9816 pred_std=0.9622 decoded_loss=0.003259 decoded_dynamic=0.005225 presence_loss=0.119857 memory_norm=6.847337
saved_recovery_checkpoint epoch=4 step=11000 successful_updates=11000
epoch=4 step=11000 total_loss=0.581172 pred_loss=0.384212 pred_uniform=0.384031 rep=0.407404 barlow=1.049805 barlow_diag=-0.0140 barlow_offdiag=0.1397 sigreg_obj=0.390861 memory_barlow=0.000000 target_std=0.9830 pred_std=0.9686 decoded_loss=0.003963 decoded_dynamic=0.006458 presence_loss=0.184763 memory_norm=8.284155
epoch=4 step=11010 total_loss=0.445425 pred_loss=0.301810 pred_uniform=0.304476 rep=0.329665 barlow=1.040704 barlow_diag=-0.0102 barlow_offdiag=0.1375 sigreg_obj=0.326117 memory_barlow=0.000000 target_std=0.9866 pred_std=0.9799 decoded_loss=0.005118 decoded_dynamic=0.008538 presence_loss=0.272477 memory_norm=8.649675
epoch=4 step=11020 total_loss=0.657300 pred_loss=0.433734 pred_uniform=0.433079 rep=0.451580 barlow=1.051026 barlow_diag=-0.0130 barlow_offdiag=0.1520 sigreg_obj=0.370648 memory_barlow=0.000000 target_std=0.9787 pred_std=0.9552 decoded_loss=0.004002 decoded_dynamic=0.006245 presence_loss=0.146436 memory_norm=6.157015
epoch=4 step=11030 total_loss=0.482161 pred_loss=0.326909 pred_uniform=0.329971 rep=0.349471 barlow=1.033736 barlow_diag=-0.0075 barlow_offdiag=0.1332 sigreg_obj=0.529212 memory_barlow=0.000000 target_std=0.9907 pred_std=0.9812 decoded_loss=0.004272 decoded_dynamic=0.007305 presence_loss=0.130265 memory_norm=8.608816
epoch=4 step=11040 total_loss=0.562285 pred_loss=0.377475 pred_uniform=0.379277 rep=0.398001 barlow=1.017391 barlow_diag=0.0016 barlow_offdiag=0.1410 sigreg_obj=0.374548 memory_barlow=0.000000 target_std=0.9830 pred_std=0.9726 decoded_loss=0.004568 decoded_dynamic=0.007265 presence_loss=0.212307 memory_norm=7.883296
epoch=4 step=11050 total_loss=0.653201 pred_loss=0.429881 pred_uniform=0.429036 rep=0.449928 barlow=1.035711 barlow_diag=-0.0066 barlow_offdiag=0.1507 sigreg_obj=0.388622 memory_barlow=0.000000 target_std=0.9797 pred_std=0.9604 decoded_loss=0.003177 decoded_dynamic=0.005496 presence_loss=0.125131 memory_norm=6.601434
epoch=4 step=11060 total_loss=0.531157 pred_loss=0.355146 pred_uniform=0.356457 rep=0.365684 barlow=1.038857 barlow_diag=-0.0105 barlow_offdiag=0.1365 sigreg_obj=0.404366 memory_barlow=0.000000 target_std=0.9896 pred_std=0.9820 decoded_loss=0.004752 decoded_dynamic=0.007433 presence_loss=0.196818 memory_norm=8.646107
epoch=4 step=11070 total_loss=0.557914 pred_loss=0.370477 pred_uniform=0.371066 rep=0.391533 barlow=1.043405 barlow_diag=-0.0097 barlow_offdiag=0.1468 sigreg_obj=0.434257 memory_barlow=0.000000 target_std=0.9751 pred_std=0.9557 decoded_loss=0.004224 decoded_dynamic=0.005797 presence_loss=0.149658 memory_norm=7.151935
epoch=4 step=11080 total_loss=0.578103 pred_loss=0.387403 pred_uniform=0.388897 rep=0.410404 barlow=1.023394 barlow_diag=-0.0031 barlow_offdiag=0.1387 sigreg_obj=0.297914 memory_barlow=0.000000 target_std=0.9809 pred_std=0.9658 decoded_loss=0.003926 decoded_dynamic=0.006171 presence_loss=0.157485 memory_norm=6.992031
epoch=4 step=11090 total_loss=0.671235 pred_loss=0.435678 pred_uniform=0.432659 rep=0.470512 barlow=1.033331 barlow_diag=-0.0032 barlow_offdiag=0.1556 sigreg_obj=0.447778 memory_barlow=0.000000 target_std=0.9748 pred_std=0.9492 decoded_loss=0.003395 decoded_dynamic=0.005457 presence_loss=0.135239 memory_norm=6.874603
epoch=4 step=11100 total_loss=0.565501 pred_loss=0.374162 pred_uniform=0.373992 rep=0.386273 barlow=1.015568 barlow_diag=0.0031 barlow_offdiag=0.1467 sigreg_obj=0.396467 memory_barlow=0.000000 target_std=0.9805 pred_std=0.9631 decoded_loss=0.003209 decoded_dynamic=0.005024 presence_loss=0.171502 memory_norm=6.961994
epoch=4 step=11110 total_loss=0.572892 pred_loss=0.380453 pred_uniform=0.380681 rep=0.414533 barlow=1.030134 barlow_diag=-0.0064 barlow_offdiag=0.1377 sigreg_obj=0.349562 memory_barlow=0.000000 target_std=0.9835 pred_std=0.9660 decoded_loss=0.004471 decoded_dynamic=0.006804 presence_loss=0.168898 memory_norm=8.897930
epoch=4 step=11120 total_loss=0.632280 pred_loss=0.417662 pred_uniform=0.417225 rep=0.428835 barlow=1.030946 barlow_diag=-0.0048 barlow_offdiag=0.1465 sigreg_obj=0.360583 memory_barlow=0.000000 target_std=0.9827 pred_std=0.9662 decoded_loss=0.004230 decoded_dynamic=0.007202 presence_loss=0.181059 memory_norm=7.196134
epoch=4 step=11130 total_loss=0.518629 pred_loss=0.345977 pred_uniform=0.346945 rep=0.371509 barlow=1.028232 barlow_diag=-0.0042 barlow_offdiag=0.1448 sigreg_obj=0.340159 memory_barlow=0.000000 target_std=0.9836 pred_std=0.9712 decoded_loss=0.003464 decoded_dynamic=0.005915 presence_loss=0.137368 memory_norm=7.361490
epoch=4 step=11140 total_loss=0.508311 pred_loss=0.344814 pred_uniform=0.347646 rep=0.353539 barlow=1.034460 barlow_diag=-0.0077 barlow_offdiag=0.1383 sigreg_obj=0.363160 memory_barlow=0.000000 target_std=0.9893 pred_std=0.9822 decoded_loss=0.005847 decoded_dynamic=0.008326 presence_loss=0.153289 memory_norm=6.786228
epoch=4 step=11150 total_loss=0.456369 pred_loss=0.306566 pred_uniform=0.308394 rep=0.329824 barlow=1.060331 barlow_diag=-0.0169 barlow_offdiag=0.1508 sigreg_obj=0.408692 memory_barlow=0.000000 target_std=0.9812 pred_std=0.9710 decoded_loss=0.004390 decoded_dynamic=0.007612 presence_loss=0.160391 memory_norm=6.951689
epoch=4 step=11160 total_loss=0.565066 pred_loss=0.370748 pred_uniform=0.369352 rep=0.395538 barlow=1.037977 barlow_diag=-0.0082 barlow_offdiag=0.1410 sigreg_obj=0.345366 memory_barlow=0.000000 target_std=0.9874 pred_std=0.9760 decoded_loss=0.003692 decoded_dynamic=0.006177 presence_loss=0.148835 memory_norm=7.034821
epoch=4 step=11170 total_loss=0.633230 pred_loss=0.420484 pred_uniform=0.420684 rep=0.458073 barlow=1.029371 barlow_diag=-0.0048 barlow_offdiag=0.1466 sigreg_obj=0.311726 memory_barlow=0.000000 target_std=0.9803 pred_std=0.9603 decoded_loss=0.003667 decoded_dynamic=0.005978 presence_loss=0.196316 memory_norm=6.329343
epoch=4 step=11180 total_loss=0.650622 pred_loss=0.424099 pred_uniform=0.421943 rep=0.439201 barlow=1.034125 barlow_diag=-0.0069 barlow_offdiag=0.1481 sigreg_obj=0.488715 memory_barlow=0.000000 target_std=0.9803 pred_std=0.9537 decoded_loss=0.005185 decoded_dynamic=0.007606 presence_loss=0.183697 memory_norm=6.771173
epoch=4 step=11190 total_loss=0.663329 pred_loss=0.433539 pred_uniform=0.431350 rep=0.499212 barlow=1.025148 barlow_diag=-0.0017 barlow_offdiag=0.1451 sigreg_obj=0.346185 memory_barlow=0.000000 target_std=0.9768 pred_std=0.9483 decoded_loss=0.003264 decoded_dynamic=0.005283 presence_loss=0.127809 memory_norm=6.584978
epoch=4 step=11200 total_loss=0.512499 pred_loss=0.346799 pred_uniform=0.349548 rep=0.368659 barlow=1.010265 barlow_diag=0.0056 barlow_offdiag=0.1416 sigreg_obj=0.402792 memory_barlow=0.000000 target_std=0.9834 pred_std=0.9703 decoded_loss=0.004419 decoded_dynamic=0.007494 presence_loss=0.220655 memory_norm=7.965734
epoch=4 step=11210 total_loss=0.508926 pred_loss=0.341486 pred_uniform=0.343478 rep=0.378564 barlow=1.033280 barlow_diag=-0.0060 barlow_offdiag=0.1434 sigreg_obj=0.440342 memory_barlow=0.000000 target_std=0.9777 pred_std=0.9594 decoded_loss=0.004053 decoded_dynamic=0.006397 presence_loss=0.216227 memory_norm=8.842239
epoch=4 step=11220 total_loss=0.614855 pred_loss=0.409459 pred_uniform=0.410313 rep=0.442794 barlow=1.039789 barlow_diag=-0.0078 barlow_offdiag=0.1485 sigreg_obj=0.407232 memory_barlow=0.000000 target_std=0.9786 pred_std=0.9632 decoded_loss=0.003639 decoded_dynamic=0.005667 presence_loss=0.144181 memory_norm=6.382114
epoch=4 step=11230 total_loss=0.470533 pred_loss=0.314902 pred_uniform=0.316195 rep=0.341574 barlow=1.032266 barlow_diag=-0.0073 barlow_offdiag=0.1361 sigreg_obj=0.366636 memory_barlow=0.000000 target_std=0.9897 pred_std=0.9818 decoded_loss=0.004377 decoded_dynamic=0.006833 presence_loss=0.177765 memory_norm=7.701507
epoch=4 step=11240 total_loss=0.537487 pred_loss=0.361410 pred_uniform=0.363323 rep=0.368374 barlow=1.019522 barlow_diag=0.0002 barlow_offdiag=0.1399 sigreg_obj=0.340557 memory_barlow=0.000000 target_std=0.9867 pred_std=0.9715 decoded_loss=0.004259 decoded_dynamic=0.006494 presence_loss=0.155200 memory_norm=7.597098
saved_recovery_checkpoint epoch=4 step=11250 successful_updates=11250
epoch=4 step=11250 total_loss=0.578725 pred_loss=0.384960 pred_uniform=0.385548 rep=0.422828 barlow=1.022188 barlow_diag=-0.0006 barlow_offdiag=0.1468 sigreg_obj=0.372914 memory_barlow=0.000000 target_std=0.9822 pred_std=0.9639 decoded_loss=0.003704 decoded_dynamic=0.005103 presence_loss=0.132813 memory_norm=7.669789
epoch=4 step=11260 total_loss=0.748160 pred_loss=0.483520 pred_uniform=0.479344 rep=0.501837 barlow=1.033549 barlow_diag=-0.0062 barlow_offdiag=0.1436 sigreg_obj=0.479986 memory_barlow=0.000000 target_std=0.9746 pred_std=0.9453 decoded_loss=0.004664 decoded_dynamic=0.005817 presence_loss=0.219802 memory_norm=6.728981
epoch=4 step=11270 total_loss=0.480240 pred_loss=0.320567 pred_uniform=0.321905 rep=0.362279 barlow=1.028332 barlow_diag=-0.0049 barlow_offdiag=0.1389 sigreg_obj=0.419175 memory_barlow=0.000000 target_std=0.9855 pred_std=0.9754 decoded_loss=0.004048 decoded_dynamic=0.005578 presence_loss=0.196521 memory_norm=8.140942
epoch=4 step=11280 total_loss=0.579045 pred_loss=0.383527 pred_uniform=0.383764 rep=0.415805 barlow=1.030023 barlow_diag=-0.0038 barlow_offdiag=0.1441 sigreg_obj=0.463179 memory_barlow=0.000000 target_std=0.9839 pred_std=0.9623 decoded_loss=0.003861 decoded_dynamic=0.006497 presence_loss=0.157301 memory_norm=7.590581
epoch=4 step=11290 total_loss=0.400639 pred_loss=0.271885 pred_uniform=0.274347 rep=0.301301 barlow=1.023690 barlow_diag=-0.0019 barlow_offdiag=0.1434 sigreg_obj=0.404865 memory_barlow=0.000000 target_std=0.9883 pred_std=0.9829 decoded_loss=0.003556 decoded_dynamic=0.006025 presence_loss=0.143699 memory_norm=6.462153
epoch=4 step=11300 total_loss=0.478953 pred_loss=0.320532 pred_uniform=0.321979 rep=0.341920 barlow=1.009624 barlow_diag=0.0054 barlow_offdiag=0.1489 sigreg_obj=0.407637 memory_barlow=0.000000 target_std=0.9860 pred_std=0.9765 decoded_loss=0.003835 decoded_dynamic=0.006392 presence_loss=0.139636 memory_norm=6.848842
epoch=4 step=11310 total_loss=0.605739 pred_loss=0.398038 pred_uniform=0.397205 rep=0.430667 barlow=1.034042 barlow_diag=-0.0062 barlow_offdiag=0.1434 sigreg_obj=0.511478 memory_barlow=0.000000 target_std=0.9678 pred_std=0.9420 decoded_loss=0.004083 decoded_dynamic=0.006129 presence_loss=0.173144 memory_norm=7.507894
epoch=4 step=11320 total_loss=0.421715 pred_loss=0.288164 pred_uniform=0.291529 rep=0.321925 barlow=1.047139 barlow_diag=-0.0120 barlow_offdiag=0.1487 sigreg_obj=0.351665 memory_barlow=0.000000 target_std=0.9833 pred_std=0.9784 decoded_loss=0.004875 decoded_dynamic=0.007685 presence_loss=0.235841 memory_norm=6.996184
epoch=4 step=11330 total_loss=0.660363 pred_loss=0.433833 pred_uniform=0.432327 rep=0.465780 barlow=1.032838 barlow_diag=-0.0052 barlow_offdiag=0.1472 sigreg_obj=0.342825 memory_barlow=0.000000 target_std=0.9827 pred_std=0.9602 decoded_loss=0.003431 decoded_dynamic=0.005788 presence_loss=0.150331 memory_norm=6.846101
epoch=4 step=11340 total_loss=0.525165 pred_loss=0.354789 pred_uniform=0.357337 rep=0.368157 barlow=1.033707 barlow_diag=-0.0080 barlow_offdiag=0.1364 sigreg_obj=0.426657 memory_barlow=0.000000 target_std=0.9905 pred_std=0.9825 decoded_loss=0.004657 decoded_dynamic=0.007893 presence_loss=0.184349 memory_norm=8.850988
epoch=4 step=11350 total_loss=0.596558 pred_loss=0.390171 pred_uniform=0.388348 rep=0.417548 barlow=1.014964 barlow_diag=0.0036 barlow_offdiag=0.1461 sigreg_obj=0.312945 memory_barlow=0.000000 target_std=0.9853 pred_std=0.9678 decoded_loss=0.003580 decoded_dynamic=0.004953 presence_loss=0.110415 memory_norm=6.874054
epoch=4 step=11360 total_loss=0.649778 pred_loss=0.424948 pred_uniform=0.422805 rep=0.447645 barlow=1.049830 barlow_diag=-0.0144 barlow_offdiag=0.1482 sigreg_obj=0.348253 memory_barlow=0.000000 target_std=0.9776 pred_std=0.9564 decoded_loss=0.003923 decoded_dynamic=0.005210 presence_loss=0.122394 memory_norm=6.792235
epoch=4 step=11370 total_loss=0.535752 pred_loss=0.351392 pred_uniform=0.350238 rep=0.391153 barlow=1.038923 barlow_diag=-0.0079 barlow_offdiag=0.1480 sigreg_obj=0.317097 memory_barlow=0.000000 target_std=0.9821 pred_std=0.9677 decoded_loss=0.004695 decoded_dynamic=0.007488 presence_loss=0.160238 memory_norm=6.603620
epoch=4 step=11380 total_loss=0.748879 pred_loss=0.489863 pred_uniform=0.487703 rep=0.504879 barlow=1.032041 barlow_diag=-0.0040 barlow_offdiag=0.1544 sigreg_obj=0.506256 memory_barlow=0.000000 target_std=0.9736 pred_std=0.9334 decoded_loss=0.003315 decoded_dynamic=0.004613 presence_loss=0.094664 memory_norm=6.109683
epoch=4 step=11390 total_loss=0.516463 pred_loss=0.348516 pred_uniform=0.351144 rep=0.377633 barlow=1.034734 barlow_diag=-0.0079 barlow_offdiag=0.1363 sigreg_obj=0.558679 memory_barlow=0.000000 target_std=0.9913 pred_std=0.9834 decoded_loss=0.004340 decoded_dynamic=0.007533 presence_loss=0.170233 memory_norm=8.204386
epoch=4 step=11400 total_loss=0.452003 pred_loss=0.304211 pred_uniform=0.306146 rep=0.314473 barlow=1.022622 barlow_diag=-0.0012 barlow_offdiag=0.1452 sigreg_obj=0.344068 memory_barlow=0.000000 target_std=0.9873 pred_std=0.9824 decoded_loss=0.004422 decoded_dynamic=0.006802 presence_loss=0.194677 memory_norm=7.054165
epoch=4 step=11410 total_loss=0.496024 pred_loss=0.332858 pred_uniform=0.334578 rep=0.370580 barlow=1.023798 barlow_diag=-0.0022 barlow_offdiag=0.1413 sigreg_obj=0.332835 memory_barlow=0.000000 target_std=0.9818 pred_std=0.9650 decoded_loss=0.004474 decoded_dynamic=0.006116 presence_loss=0.173742 memory_norm=7.571003
epoch=4 step=11420 total_loss=0.518254 pred_loss=0.348039 pred_uniform=0.349769 rep=0.361202 barlow=1.035980 barlow_diag=-0.0083 barlow_offdiag=0.1393 sigreg_obj=0.395960 memory_barlow=0.000000 target_std=0.9905 pred_std=0.9813 decoded_loss=0.004639 decoded_dynamic=0.006824 presence_loss=0.126889 memory_norm=7.207927
epoch=4 step=11430 total_loss=0.678134 pred_loss=0.442456 pred_uniform=0.440059 rep=0.471490 barlow=1.019647 barlow_diag=0.0016 barlow_offdiag=0.1490 sigreg_obj=0.399114 memory_barlow=0.000000 target_std=0.9765 pred_std=0.9534 decoded_loss=0.003565 decoded_dynamic=0.005380 presence_loss=0.144916 memory_norm=5.910442
epoch=4 step=11440 total_loss=0.617873 pred_loss=0.406551 pred_uniform=0.405456 rep=0.422278 barlow=1.038064 barlow_diag=-0.0094 barlow_offdiag=0.1424 sigreg_obj=0.372266 memory_barlow=0.000000 target_std=0.9841 pred_std=0.9677 decoded_loss=0.004361 decoded_dynamic=0.006886 presence_loss=0.178181 memory_norm=7.531837
epoch=4 step=11450 total_loss=0.473756 pred_loss=0.320940 pred_uniform=0.323789 rep=0.341429 barlow=1.022374 barlow_diag=-0.0022 barlow_offdiag=0.1424 sigreg_obj=0.471024 memory_barlow=0.000000 target_std=0.9867 pred_std=0.9763 decoded_loss=0.004173 decoded_dynamic=0.006877 presence_loss=0.178342 memory_norm=8.763216
epoch=4 step=11460 total_loss=0.603075 pred_loss=0.399104 pred_uniform=0.398679 rep=0.416196 barlow=1.020844 barlow_diag=0.0000 barlow_offdiag=0.1389 sigreg_obj=0.312891 memory_barlow=0.000000 target_std=0.9865 pred_std=0.9717 decoded_loss=0.004668 decoded_dynamic=0.007662 presence_loss=0.157851 memory_norm=7.147569
epoch=4 step=11470 total_loss=0.619150 pred_loss=0.406654 pred_uniform=0.405465 rep=0.436714 barlow=1.029636 barlow_diag=-0.0037 barlow_offdiag=0.1505 sigreg_obj=0.422765 memory_barlow=0.000000 target_std=0.9729 pred_std=0.9487 decoded_loss=0.004907 decoded_dynamic=0.007229 presence_loss=0.198729 memory_norm=7.261005
epoch=4 step=11480 total_loss=0.456726 pred_loss=0.308621 pred_uniform=0.311201 rep=0.341812 barlow=1.021226 barlow_diag=0.0010 barlow_offdiag=0.1463 sigreg_obj=0.410232 memory_barlow=0.000000 target_std=0.9854 pred_std=0.9769 decoded_loss=0.003669 decoded_dynamic=0.005943 presence_loss=0.201939 memory_norm=6.815973
epoch=4 step=11490 total_loss=0.556676 pred_loss=0.364038 pred_uniform=0.362407 rep=0.386956 barlow=1.019389 barlow_diag=0.0006 barlow_offdiag=0.1432 sigreg_obj=0.337173 memory_barlow=0.000000 target_std=0.9852 pred_std=0.9710 decoded_loss=0.003303 decoded_dynamic=0.005317 presence_loss=0.161693 memory_norm=7.553592
saved_recovery_checkpoint epoch=4 step=11500 successful_updates=11500
epoch=4 step=11500 total_loss=0.538354 pred_loss=0.361544 pred_uniform=0.363415 rep=0.369864 barlow=1.039664 barlow_diag=-0.0098 barlow_offdiag=0.1408 sigreg_obj=0.348068 memory_barlow=0.000000 target_std=0.9859 pred_std=0.9785 decoded_loss=0.003965 decoded_dynamic=0.006486 presence_loss=0.178068 memory_norm=6.702750
epoch=4 step=11510 total_loss=0.597823 pred_loss=0.391793 pred_uniform=0.390214 rep=0.427983 barlow=1.022336 barlow_diag=0.0025 barlow_offdiag=0.1599 sigreg_obj=0.324459 memory_barlow=0.000000 target_std=0.9789 pred_std=0.9624 decoded_loss=0.003238 decoded_dynamic=0.005563 presence_loss=0.149838 memory_norm=5.769520
epoch=4 step=11520 total_loss=0.702039 pred_loss=0.463804 pred_uniform=0.462969 rep=0.476782 barlow=1.024254 barlow_diag=-0.0002 barlow_offdiag=0.1447 sigreg_obj=0.366039 memory_barlow=0.000000 target_std=0.9849 pred_std=0.9623 decoded_loss=0.003463 decoded_dynamic=0.005980 presence_loss=0.067018 memory_norm=6.544548
epoch=4 step=11530 total_loss=0.541316 pred_loss=0.359684 pred_uniform=0.360167 rep=0.387654 barlow=1.030712 barlow_diag=-0.0052 barlow_offdiag=0.1393 sigreg_obj=0.332069 memory_barlow=0.000000 target_std=0.9861 pred_std=0.9735 decoded_loss=0.003422 decoded_dynamic=0.005642 presence_loss=0.139413 memory_norm=7.420621
epoch=4 step=11540 total_loss=0.486850 pred_loss=0.324015 pred_uniform=0.324784 rep=0.344882 barlow=1.029778 barlow_diag=-0.0043 barlow_offdiag=0.1402 sigreg_obj=0.320138 memory_barlow=0.000000 target_std=0.9873 pred_std=0.9784 decoded_loss=0.004653 decoded_dynamic=0.007561 presence_loss=0.216739 memory_norm=7.338529
epoch=4 step=11550 total_loss=0.715608 pred_loss=0.464906 pred_uniform=0.461587 rep=0.491844 barlow=1.005859 barlow_diag=0.0087 barlow_offdiag=0.1497 sigreg_obj=0.386344 memory_barlow=0.000000 target_std=0.9791 pred_std=0.9485 decoded_loss=0.003298 decoded_dynamic=0.005540 presence_loss=0.146001 memory_norm=6.253145
epoch=4 step=11560 total_loss=0.600676 pred_loss=0.397804 pred_uniform=0.397807 rep=0.416187 barlow=0.996385 barlow_diag=0.0124 barlow_offdiag=0.1453 sigreg_obj=0.328020 memory_barlow=0.000000 target_std=0.9845 pred_std=0.9714 decoded_loss=0.003407 decoded_dynamic=0.005646 presence_loss=0.150195 memory_norm=6.372952
epoch=4 step=11570 total_loss=0.677415 pred_loss=0.443309 pred_uniform=0.441299 rep=0.465956 barlow=1.028297 barlow_diag=-0.0034 barlow_offdiag=0.1445 sigreg_obj=0.361385 memory_barlow=0.000000 target_std=0.9801 pred_std=0.9555 decoded_loss=0.004066 decoded_dynamic=0.006370 presence_loss=0.144882 memory_norm=7.216497
epoch=4 step=11580 total_loss=0.695455 pred_loss=0.454803 pred_uniform=0.452350 rep=0.487624 barlow=1.042531 barlow_diag=-0.0124 barlow_offdiag=0.1404 sigreg_obj=0.360280 memory_barlow=0.000000 target_std=0.9788 pred_std=0.9516 decoded_loss=0.005391 decoded_dynamic=0.007937 presence_loss=0.131886 memory_norm=6.990064
epoch=4 step=11590 total_loss=0.333207 pred_loss=0.234554 pred_uniform=0.240053 rep=0.251709 barlow=1.016950 barlow_diag=-0.0003 barlow_offdiag=0.1342 sigreg_obj=0.481508 memory_barlow=0.000000 target_std=0.9907 pred_std=0.9889 decoded_loss=0.004624 decoded_dynamic=0.008298 presence_loss=0.204474 memory_norm=8.120937
epoch=4 step=11600 total_loss=0.524797 pred_loss=0.348270 pred_uniform=0.348453 rep=0.355872 barlow=1.011765 barlow_diag=0.0048 barlow_offdiag=0.1408 sigreg_obj=0.316327 memory_barlow=0.000000 target_std=0.9869 pred_std=0.9753 decoded_loss=0.003291 decoded_dynamic=0.005740 presence_loss=0.116689 memory_norm=6.948999
epoch=4 step=11610 total_loss=0.747809 pred_loss=0.487089 pred_uniform=0.484051 rep=0.523392 barlow=1.015729 barlow_diag=0.0033 barlow_offdiag=0.1490 sigreg_obj=0.437188 memory_barlow=0.000000 target_std=0.9685 pred_std=0.9255 decoded_loss=0.002989 decoded_dynamic=0.004101 presence_loss=0.099423 memory_norm=6.201787
epoch=4 step=11620 total_loss=0.809394 pred_loss=0.523329 pred_uniform=0.518395 rep=0.550581 barlow=1.017855 barlow_diag=0.0039 barlow_offdiag=0.1521 sigreg_obj=0.345341 memory_barlow=0.000000 target_std=0.9781 pred_std=0.9481 decoded_loss=0.003342 decoded_dynamic=0.005250 presence_loss=0.127866 memory_norm=5.934967
epoch=4 step=11630 total_loss=0.761509 pred_loss=0.490473 pred_uniform=0.485276 rep=0.542204 barlow=0.989566 barlow_diag=0.0179 barlow_offdiag=0.1562 sigreg_obj=0.379900 memory_barlow=0.000000 target_std=0.9727 pred_std=0.9373 decoded_loss=0.002996 decoded_dynamic=0.004689 presence_loss=0.108477 memory_norm=6.549142
epoch=4 step=11640 total_loss=0.564053 pred_loss=0.375927 pred_uniform=0.376901 rep=0.411676 barlow=1.025765 barlow_diag=-0.0027 barlow_offdiag=0.1418 sigreg_obj=0.430165 memory_barlow=0.000000 target_std=0.9859 pred_std=0.9707 decoded_loss=0.004222 decoded_dynamic=0.006524 presence_loss=0.139477 memory_norm=8.028755
epoch=4 step=11650 total_loss=0.509588 pred_loss=0.343790 pred_uniform=0.346423 rep=0.366639 barlow=1.043785 barlow_diag=-0.0107 barlow_offdiag=0.1494 sigreg_obj=0.478703 memory_barlow=0.000000 target_std=0.9791 pred_std=0.9645 decoded_loss=0.003538 decoded_dynamic=0.005994 presence_loss=0.156610 memory_norm=8.000692
epoch=4 step=11660 total_loss=0.638469 pred_loss=0.415756 pred_uniform=0.413246 rep=0.430471 barlow=1.025741 barlow_diag=-0.0023 barlow_offdiag=0.1458 sigreg_obj=0.365071 memory_barlow=0.000000 target_std=0.9834 pred_std=0.9652 decoded_loss=0.003180 decoded_dynamic=0.005040 presence_loss=0.126143 memory_norm=6.650294
epoch=4 step=11670 total_loss=0.717375 pred_loss=0.471624 pred_uniform=0.470073 rep=0.504184 barlow=1.050714 barlow_diag=-0.0137 barlow_offdiag=0.1531 sigreg_obj=0.360280 memory_barlow=0.000000 target_std=0.9808 pred_std=0.9583 decoded_loss=0.005048 decoded_dynamic=0.005383 presence_loss=0.128349 memory_norm=6.330559
epoch=4 step=11680 total_loss=0.664573 pred_loss=0.432715 pred_uniform=0.430011 rep=0.458348 barlow=1.016081 barlow_diag=0.0036 barlow_offdiag=0.1493 sigreg_obj=0.375081 memory_barlow=0.000000 target_std=0.9790 pred_std=0.9575 decoded_loss=0.003481 decoded_dynamic=0.005130 presence_loss=0.148850 memory_norm=6.330321
epoch=4 step=11690 total_loss=0.568485 pred_loss=0.373898 pred_uniform=0.373027 rep=0.414782 barlow=1.048414 barlow_diag=-0.0132 barlow_offdiag=0.1456 sigreg_obj=0.409993 memory_barlow=0.000000 target_std=0.9854 pred_std=0.9723 decoded_loss=0.004073 decoded_dynamic=0.006829 presence_loss=0.169707 memory_norm=6.792500
epoch=4 step=11700 total_loss=0.533867 pred_loss=0.357019 pred_uniform=0.358473 rep=0.385091 barlow=1.024104 barlow_diag=-0.0012 barlow_offdiag=0.1439 sigreg_obj=0.406236 memory_barlow=0.000000 target_std=0.9789 pred_std=0.9615 decoded_loss=0.004642 decoded_dynamic=0.008045 presence_loss=0.194557 memory_norm=6.999128
epoch=4 step=11710 total_loss=0.689252 pred_loss=0.450008 pred_uniform=0.447624 rep=0.486881 barlow=1.023421 barlow_diag=0.0011 barlow_offdiag=0.1567 sigreg_obj=0.401781 memory_barlow=0.000000 target_std=0.9735 pred_std=0.9433 decoded_loss=0.002454 decoded_dynamic=0.003953 presence_loss=0.100563 memory_norm=6.232077
epoch=4 step=11720 total_loss=0.573380 pred_loss=0.376043 pred_uniform=0.374861 rep=0.397539 barlow=1.023219 barlow_diag=-0.0012 barlow_offdiag=0.1408 sigreg_obj=0.419469 memory_barlow=0.000000 target_std=0.9888 pred_std=0.9750 decoded_loss=0.003699 decoded_dynamic=0.006346 presence_loss=0.159234 memory_norm=6.782229
epoch=4 step=11730 total_loss=0.701117 pred_loss=0.449494 pred_uniform=0.444373 rep=0.503933 barlow=1.020147 barlow_diag=0.0005 barlow_offdiag=0.1462 sigreg_obj=0.428986 memory_barlow=0.000000 target_std=0.9803 pred_std=0.9572 decoded_loss=0.003551 decoded_dynamic=0.005873 presence_loss=0.169954 memory_norm=7.124448
epoch=4 step=11740 total_loss=0.569744 pred_loss=0.383104 pred_uniform=0.384920 rep=0.401547 barlow=1.023945 barlow_diag=-0.0005 barlow_offdiag=0.1413 sigreg_obj=0.370730 memory_barlow=0.000000 target_std=0.9856 pred_std=0.9709 decoded_loss=0.004022 decoded_dynamic=0.006491 presence_loss=0.170572 memory_norm=7.398646
saved_recovery_checkpoint epoch=4 step=11750 successful_updates=11750
epoch=4 step=11750 total_loss=0.478584 pred_loss=0.317938 pred_uniform=0.318372 rep=0.345056 barlow=1.041547 barlow_diag=-0.0098 barlow_offdiag=0.1383 sigreg_obj=0.313412 memory_barlow=0.000000 target_std=0.9852 pred_std=0.9729 decoded_loss=0.003928 decoded_dynamic=0.006310 presence_loss=0.163232 memory_norm=7.521034
epoch=4 step=11760 total_loss=0.547627 pred_loss=0.364115 pred_uniform=0.364616 rep=0.374699 barlow=1.030441 barlow_diag=-0.0065 barlow_offdiag=0.1315 sigreg_obj=0.363935 memory_barlow=0.000000 target_std=0.9896 pred_std=0.9816 decoded_loss=0.004039 decoded_dynamic=0.007105 presence_loss=0.231478 memory_norm=8.146393
epoch=4 step=11770 total_loss=0.600272 pred_loss=0.395829 pred_uniform=0.395342 rep=0.424262 barlow=1.024932 barlow_diag=-0.0035 barlow_offdiag=0.1429 sigreg_obj=0.387984 memory_barlow=0.000000 target_std=0.9839 pred_std=0.9668 decoded_loss=0.003805 decoded_dynamic=0.005483 presence_loss=0.178819 memory_norm=7.861791
epoch=4 step=11780 total_loss=0.628984 pred_loss=0.419268 pred_uniform=0.420364 rep=0.436274 barlow=1.028594 barlow_diag=-0.0025 barlow_offdiag=0.1485 sigreg_obj=0.402603 memory_barlow=0.000000 target_std=0.9761 pred_std=0.9533 decoded_loss=0.004294 decoded_dynamic=0.005954 presence_loss=0.203426 memory_norm=6.520134
epoch=4 step=11790 total_loss=0.633756 pred_loss=0.416443 pred_uniform=0.415392 rep=0.438889 barlow=1.029790 barlow_diag=-0.0047 barlow_offdiag=0.1423 sigreg_obj=0.413918 memory_barlow=0.000000 target_std=0.9801 pred_std=0.9614 decoded_loss=0.004088 decoded_dynamic=0.005724 presence_loss=0.154182 memory_norm=6.930019
epoch=4 step=11800 total_loss=0.684223 pred_loss=0.454385 pred_uniform=0.454682 rep=0.477823 barlow=1.043701 barlow_diag=-0.0108 barlow_offdiag=0.1463 sigreg_obj=0.445459 memory_barlow=0.000000 target_std=0.9769 pred_std=0.9491 decoded_loss=0.003546 decoded_dynamic=0.005565 presence_loss=0.106045 memory_norm=6.187743
epoch=4 step=11810 total_loss=0.484271 pred_loss=0.325064 pred_uniform=0.326831 rep=0.359694 barlow=1.035685 barlow_diag=-0.0087 barlow_offdiag=0.1393 sigreg_obj=0.377094 memory_barlow=0.000000 target_std=0.9832 pred_std=0.9703 decoded_loss=0.004691 decoded_dynamic=0.007191 presence_loss=0.250833 memory_norm=8.440836
epoch=4 step=11820 total_loss=0.708278 pred_loss=0.463656 pred_uniform=0.461445 rep=0.480129 barlow=1.029654 barlow_diag=-0.0053 barlow_offdiag=0.1451 sigreg_obj=0.422278 memory_barlow=0.000000 target_std=0.9795 pred_std=0.9536 decoded_loss=0.003919 decoded_dynamic=0.005627 presence_loss=0.112717 memory_norm=6.436321
epoch=4 step=11830 total_loss=0.553227 pred_loss=0.371422 pred_uniform=0.373277 rep=0.397116 barlow=1.020621 barlow_diag=-0.0007 barlow_offdiag=0.1423 sigreg_obj=0.367327 memory_barlow=0.000000 target_std=0.9831 pred_std=0.9682 decoded_loss=0.003452 decoded_dynamic=0.005845 presence_loss=0.187078 memory_norm=7.830311
epoch=4 step=11840 total_loss=0.523996 pred_loss=0.358282 pred_uniform=0.362042 rep=0.389126 barlow=1.040629 barlow_diag=-0.0115 barlow_offdiag=0.1342 sigreg_obj=0.353518 memory_barlow=0.000000 target_std=0.9872 pred_std=0.9739 decoded_loss=0.004274 decoded_dynamic=0.006977 presence_loss=0.176559 memory_norm=8.453177
epoch=4 step=11850 total_loss=0.563245 pred_loss=0.374235 pred_uniform=0.374498 rep=0.403162 barlow=1.050972 barlow_diag=-0.0152 barlow_offdiag=0.1384 sigreg_obj=0.318257 memory_barlow=0.000000 target_std=0.9825 pred_std=0.9657 decoded_loss=0.004511 decoded_dynamic=0.007047 presence_loss=0.180075 memory_norm=7.365973
epoch=4 step=11860 total_loss=0.594845 pred_loss=0.394338 pred_uniform=0.394558 rep=0.405013 barlow=1.035998 barlow_diag=-0.0079 barlow_offdiag=0.1436 sigreg_obj=0.402659 memory_barlow=0.000000 target_std=0.9823 pred_std=0.9629 decoded_loss=0.004492 decoded_dynamic=0.006866 presence_loss=0.223934 memory_norm=7.603700
epoch=4 step=11870 total_loss=0.608962 pred_loss=0.398566 pred_uniform=0.396853 rep=0.432204 barlow=1.045728 barlow_diag=-0.0125 barlow_offdiag=0.1408 sigreg_obj=0.308099 memory_barlow=0.000000 target_std=0.9749 pred_std=0.9518 decoded_loss=0.004995 decoded_dynamic=0.007130 presence_loss=0.198803 memory_norm=7.307573
epoch=4 step=11880 total_loss=0.619098 pred_loss=0.410250 pred_uniform=0.410233 rep=0.468433 barlow=1.035501 barlow_diag=-0.0068 barlow_offdiag=0.1482 sigreg_obj=0.369250 memory_barlow=0.000000 target_std=0.9790 pred_std=0.9607 decoded_loss=0.004224 decoded_dynamic=0.006381 presence_loss=0.160062 memory_norm=6.536369
epoch=4 step=11890 total_loss=0.562602 pred_loss=0.370509 pred_uniform=0.369795 rep=0.399038 barlow=1.039280 barlow_diag=-0.0097 barlow_offdiag=0.1470 sigreg_obj=0.349564 memory_barlow=0.000000 target_std=0.9815 pred_std=0.9618 decoded_loss=0.003807 decoded_dynamic=0.005801 presence_loss=0.192537 memory_norm=7.466083
epoch=4 step=11900 total_loss=0.493151 pred_loss=0.332169 pred_uniform=0.334926 rep=0.363100 barlow=1.024045 barlow_diag=-0.0009 barlow_offdiag=0.1432 sigreg_obj=0.670547 memory_barlow=0.000000 target_std=0.9871 pred_std=0.9770 decoded_loss=0.003629 decoded_dynamic=0.005466 presence_loss=0.104562 memory_norm=8.412525
epoch=4 step=11910 total_loss=0.439567 pred_loss=0.294686 pred_uniform=0.296071 rep=0.318013 barlow=1.031520 barlow_diag=-0.0065 barlow_offdiag=0.1439 sigreg_obj=0.314557 memory_barlow=0.000000 target_std=0.9867 pred_std=0.9811 decoded_loss=0.003921 decoded_dynamic=0.006619 presence_loss=0.263145 memory_norm=6.787994
epoch=4 step=11920 total_loss=0.494948 pred_loss=0.334329 pred_uniform=0.337021 rep=0.345256 barlow=1.020908 barlow_diag=-0.0014 barlow_offdiag=0.1336 sigreg_obj=0.447185 memory_barlow=0.000000 target_std=0.9912 pred_std=0.9855 decoded_loss=0.003799 decoded_dynamic=0.006569 presence_loss=0.189319 memory_norm=8.976442
epoch=4 step=11930 total_loss=0.482962 pred_loss=0.329920 pred_uniform=0.333829 rep=0.348438 barlow=1.012795 barlow_diag=0.0024 barlow_offdiag=0.1403 sigreg_obj=0.443481 memory_barlow=0.000000 target_std=0.9852 pred_std=0.9754 decoded_loss=0.004116 decoded_dynamic=0.007228 presence_loss=0.197987 memory_norm=8.447750
epoch=4 step=11940 total_loss=0.498411 pred_loss=0.336163 pred_uniform=0.338242 rep=0.349219 barlow=1.019321 barlow_diag=-0.0004 barlow_offdiag=0.1350 sigreg_obj=0.364065 memory_barlow=0.000000 target_std=0.9859 pred_std=0.9793 decoded_loss=0.004138 decoded_dynamic=0.006795 presence_loss=0.181327 memory_norm=7.937124
epoch=4 step=11950 total_loss=0.425133 pred_loss=0.291390 pred_uniform=0.294905 rep=0.315403 barlow=1.039580 barlow_diag=-0.0101 barlow_offdiag=0.1386 sigreg_obj=0.355092 memory_barlow=0.000000 target_std=0.9884 pred_std=0.9809 decoded_loss=0.005656 decoded_dynamic=0.008902 presence_loss=0.220547 memory_norm=8.281945
epoch=4 step=11960 total_loss=0.508699 pred_loss=0.338917 pred_uniform=0.339891 rep=0.366416 barlow=1.032559 barlow_diag=-0.0082 barlow_offdiag=0.1338 sigreg_obj=0.422520 memory_barlow=0.000000 target_std=0.9891 pred_std=0.9782 decoded_loss=0.004374 decoded_dynamic=0.007485 presence_loss=0.243255 memory_norm=8.134685
epoch=4 step=11970 total_loss=0.646939 pred_loss=0.421265 pred_uniform=0.418714 rep=0.436482 barlow=1.018958 barlow_diag=0.0012 barlow_offdiag=0.1506 sigreg_obj=0.434047 memory_barlow=0.000000 target_std=0.9744 pred_std=0.9495 decoded_loss=0.004017 decoded_dynamic=0.006071 presence_loss=0.131450 memory_norm=6.267889
epoch=4 step=11980 total_loss=0.602134 pred_loss=0.396989 pred_uniform=0.396179 rep=0.407141 barlow=1.021990 barlow_diag=0.0004 barlow_offdiag=0.1417 sigreg_obj=0.337813 memory_barlow=0.000000 target_std=0.9852 pred_std=0.9669 decoded_loss=0.004330 decoded_dynamic=0.006424 presence_loss=0.157427 memory_norm=7.155543
epoch=4 step=11990 total_loss=0.386844 pred_loss=0.266420 pred_uniform=0.270346 rep=0.283006 barlow=1.029770 barlow_diag=-0.0037 barlow_offdiag=0.1435 sigreg_obj=0.362343 memory_barlow=0.000000 target_std=0.9898 pred_std=0.9819 decoded_loss=0.004352 decoded_dynamic=0.007144 presence_loss=0.155129 memory_norm=6.637229
saved_recovery_checkpoint epoch=4 step=12000 successful_updates=12000
epoch=4 step=12000 total_loss=0.644988 pred_loss=0.427982 pred_uniform=0.428112 rep=0.450814 barlow=1.033990 barlow_diag=-0.0055 barlow_offdiag=0.1475 sigreg_obj=0.359320 memory_barlow=0.000000 target_std=0.9837 pred_std=0.9676 decoded_loss=0.004149 decoded_dynamic=0.006890 presence_loss=0.149071 memory_norm=6.569110
epoch=4 step=12010 total_loss=0.474663 pred_loss=0.321917 pred_uniform=0.324658 rep=0.342623 barlow=1.044752 barlow_diag=-0.0130 barlow_offdiag=0.1392 sigreg_obj=0.335349 memory_barlow=0.000000 target_std=0.9877 pred_std=0.9793 decoded_loss=0.004107 decoded_dynamic=0.006362 presence_loss=0.193736 memory_norm=7.068495
epoch=4 step=12020 total_loss=0.547729 pred_loss=0.361783 pred_uniform=0.361427 rep=0.391122 barlow=1.026338 barlow_diag=-0.0043 barlow_offdiag=0.1371 sigreg_obj=0.347390 memory_barlow=0.000000 target_std=0.9865 pred_std=0.9753 decoded_loss=0.003954 decoded_dynamic=0.006545 presence_loss=0.177417 memory_norm=7.489544
epoch=4 step=12030 total_loss=0.471655 pred_loss=0.318899 pred_uniform=0.321211 rep=0.334619 barlow=1.060270 barlow_diag=-0.0214 barlow_offdiag=0.1385 sigreg_obj=0.364861 memory_barlow=0.000000 target_std=0.9867 pred_std=0.9788 decoded_loss=0.003866 decoded_dynamic=0.006735 presence_loss=0.159476 memory_norm=7.703509
epoch=4 step=12040 total_loss=0.482806 pred_loss=0.329368 pred_uniform=0.332860 rep=0.346801 barlow=1.037278 barlow_diag=-0.0091 barlow_offdiag=0.1386 sigreg_obj=0.370409 memory_barlow=0.000000 target_std=0.9884 pred_std=0.9826 decoded_loss=0.004828 decoded_dynamic=0.007937 presence_loss=0.169461 memory_norm=7.469073
epoch=4 step=12050 total_loss=0.535167 pred_loss=0.357181 pred_uniform=0.358330 rep=0.394838 barlow=1.049533 barlow_diag=-0.0145 barlow_offdiag=0.1425 sigreg_obj=0.423769 memory_barlow=0.000000 target_std=0.9824 pred_std=0.9696 decoded_loss=0.004014 decoded_dynamic=0.005821 presence_loss=0.164606 memory_norm=8.454719
epoch=4 step=12060 total_loss=0.695419 pred_loss=0.457565 pred_uniform=0.456115 rep=0.487828 barlow=1.027704 barlow_diag=-0.0016 barlow_offdiag=0.1519 sigreg_obj=0.353388 memory_barlow=0.000000 target_std=0.9808 pred_std=0.9570 decoded_loss=0.003738 decoded_dynamic=0.005200 presence_loss=0.097750 memory_norm=5.977098
epoch=4 step=12070 total_loss=0.355832 pred_loss=0.244216 pred_uniform=0.247272 rep=0.270434 barlow=1.022476 barlow_diag=-0.0031 barlow_offdiag=0.1347 sigreg_obj=0.319113 memory_barlow=0.000000 target_std=0.9914 pred_std=0.9875 decoded_loss=0.004269 decoded_dynamic=0.007464 presence_loss=0.180932 memory_norm=7.283031
epoch=4 step=12080 total_loss=0.543907 pred_loss=0.358939 pred_uniform=0.358739 rep=0.387276 barlow=1.034598 barlow_diag=-0.0080 barlow_offdiag=0.1384 sigreg_obj=0.429812 memory_barlow=0.000000 target_std=0.9850 pred_std=0.9753 decoded_loss=0.004097 decoded_dynamic=0.006850 presence_loss=0.212791 memory_norm=8.162981
epoch=4 step=12090 total_loss=0.500207 pred_loss=0.339151 pred_uniform=0.342167 rep=0.370210 barlow=1.060406 barlow_diag=-0.0198 barlow_offdiag=0.1429 sigreg_obj=0.456257 memory_barlow=0.000000 target_std=0.9834 pred_std=0.9728 decoded_loss=0.004888 decoded_dynamic=0.007353 presence_loss=0.176372 memory_norm=7.405065
epoch=4 step=12100 total_loss=0.556201 pred_loss=0.373946 pred_uniform=0.375887 rep=0.388371 barlow=1.038281 barlow_diag=-0.0102 barlow_offdiag=0.1327 sigreg_obj=0.387262 memory_barlow=0.000000 target_std=0.9864 pred_std=0.9780 decoded_loss=0.005681 decoded_dynamic=0.008521 presence_loss=0.189186 memory_norm=8.965814
epoch=4 step=12110 total_loss=0.405899 pred_loss=0.273703 pred_uniform=0.275700 rep=0.299717 barlow=1.023670 barlow_diag=-0.0000 barlow_offdiag=0.1440 sigreg_obj=0.332627 memory_barlow=0.000000 target_std=0.9868 pred_std=0.9809 decoded_loss=0.005089 decoded_dynamic=0.007333 presence_loss=0.195038 memory_norm=7.158060
epoch=4 step=12120 total_loss=0.555229 pred_loss=0.362369 pred_uniform=0.360547 rep=0.381399 barlow=1.018431 barlow_diag=0.0008 barlow_offdiag=0.1433 sigreg_obj=0.376542 memory_barlow=0.000000 target_std=0.9788 pred_std=0.9649 decoded_loss=0.004490 decoded_dynamic=0.007129 presence_loss=0.189427 memory_norm=7.663628
epoch=4 step=12130 total_loss=0.593675 pred_loss=0.392010 pred_uniform=0.391769 rep=0.419633 barlow=1.044295 barlow_diag=-0.0105 barlow_offdiag=0.1456 sigreg_obj=0.415553 memory_barlow=0.000000 target_std=0.9784 pred_std=0.9604 decoded_loss=0.003740 decoded_dynamic=0.005903 presence_loss=0.160569 memory_norm=7.882351
epoch=4 step=12140 total_loss=0.566539 pred_loss=0.375903 pred_uniform=0.376191 rep=0.402564 barlow=1.033869 barlow_diag=-0.0062 barlow_offdiag=0.1459 sigreg_obj=0.376560 memory_barlow=0.000000 target_std=0.9841 pred_std=0.9693 decoded_loss=0.003432 decoded_dynamic=0.005226 presence_loss=0.158317 memory_norm=7.006550
epoch=4 step=12150 total_loss=0.521242 pred_loss=0.346658 pred_uniform=0.347477 rep=0.366401 barlow=1.023839 barlow_diag=-0.0035 barlow_offdiag=0.1373 sigreg_obj=0.360160 memory_barlow=0.000000 target_std=0.9847 pred_std=0.9752 decoded_loss=0.003605 decoded_dynamic=0.006051 presence_loss=0.208794 memory_norm=8.216110
epoch=4 step=12160 total_loss=0.597435 pred_loss=0.398141 pred_uniform=0.399070 rep=0.407781 barlow=1.043227 barlow_diag=-0.0126 barlow_offdiag=0.1367 sigreg_obj=0.384868 memory_barlow=0.000000 target_std=0.9852 pred_std=0.9728 decoded_loss=0.004596 decoded_dynamic=0.006135 presence_loss=0.157384 memory_norm=8.545784
epoch=4 step=12170 total_loss=0.487246 pred_loss=0.326272 pred_uniform=0.327651 rep=0.355694 barlow=1.011248 barlow_diag=0.0039 barlow_offdiag=0.1392 sigreg_obj=0.435543 memory_barlow=0.000000 target_std=0.9896 pred_std=0.9823 decoded_loss=0.004019 decoded_dynamic=0.005934 presence_loss=0.140611 memory_norm=7.151841
epoch=4 step=12180 total_loss=0.546632 pred_loss=0.362462 pred_uniform=0.362820 rep=0.366905 barlow=1.044316 barlow_diag=-0.0123 barlow_offdiag=0.1401 sigreg_obj=0.386921 memory_barlow=0.000000 target_std=0.9810 pred_std=0.9665 decoded_loss=0.004637 decoded_dynamic=0.006550 presence_loss=0.205050 memory_norm=7.841022
epoch=4 step=12190 total_loss=0.730320 pred_loss=0.476487 pred_uniform=0.473762 rep=0.502499 barlow=1.026140 barlow_diag=-0.0036 barlow_offdiag=0.1480 sigreg_obj=0.431215 memory_barlow=0.000000 target_std=0.9726 pred_std=0.9445 decoded_loss=0.003382 decoded_dynamic=0.005011 presence_loss=0.118359 memory_norm=6.892339
epoch=4 step=12200 total_loss=0.428379 pred_loss=0.293301 pred_uniform=0.297348 rep=0.321106 barlow=1.020136 barlow_diag=-0.0012 barlow_offdiag=0.1335 sigreg_obj=0.554268 memory_barlow=0.000000 target_std=0.9912 pred_std=0.9866 decoded_loss=0.004403 decoded_dynamic=0.007457 presence_loss=0.194049 memory_norm=8.695942
epoch=4 step=12210 total_loss=0.528723 pred_loss=0.353106 pred_uniform=0.354102 rep=0.370633 barlow=1.019160 barlow_diag=-0.0014 barlow_offdiag=0.1354 sigreg_obj=0.359958 memory_barlow=0.000000 target_std=0.9861 pred_std=0.9751 decoded_loss=0.003024 decoded_dynamic=0.005080 presence_loss=0.133856 memory_norm=7.854854
epoch=4 step=12220 total_loss=0.559766 pred_loss=0.377703 pred_uniform=0.380220 rep=0.381693 barlow=1.049414 barlow_diag=-0.0145 barlow_offdiag=0.1379 sigreg_obj=0.413088 memory_barlow=0.000000 target_std=0.9883 pred_std=0.9787 decoded_loss=0.003990 decoded_dynamic=0.006822 presence_loss=0.138778 memory_norm=7.688749
epoch=4 step=12230 total_loss=0.596251 pred_loss=0.392473 pred_uniform=0.391450 rep=0.410752 barlow=1.024921 barlow_diag=-0.0025 barlow_offdiag=0.1408 sigreg_obj=0.377824 memory_barlow=0.000000 target_std=0.9823 pred_std=0.9662 decoded_loss=0.003631 decoded_dynamic=0.005712 presence_loss=0.115189 memory_norm=7.807718
epoch=4 step=12240 total_loss=0.505987 pred_loss=0.338692 pred_uniform=0.340142 rep=0.360832 barlow=1.018359 barlow_diag=0.0014 barlow_offdiag=0.1433 sigreg_obj=0.398903 memory_barlow=0.000000 target_std=0.9804 pred_std=0.9658 decoded_loss=0.004307 decoded_dynamic=0.006577 presence_loss=0.160681 memory_norm=8.544512
saved_recovery_checkpoint epoch=4 step=12250 successful_updates=12250
epoch=4 step=12250 total_loss=0.537753 pred_loss=0.356850 pred_uniform=0.357045 rep=0.389562 barlow=1.040546 barlow_diag=-0.0090 barlow_offdiag=0.1454 sigreg_obj=0.379025 memory_barlow=0.000000 target_std=0.9812 pred_std=0.9664 decoded_loss=0.003778 decoded_dynamic=0.005399 presence_loss=0.116396 memory_norm=7.666157
epoch=4 step=12260 total_loss=0.617679 pred_loss=0.412083 pred_uniform=0.412913 rep=0.439963 barlow=1.011036 barlow_diag=0.0063 barlow_offdiag=0.1490 sigreg_obj=0.318720 memory_barlow=0.000000 target_std=0.9783 pred_std=0.9595 decoded_loss=0.002884 decoded_dynamic=0.004434 presence_loss=0.102745 memory_norm=6.401507
epoch=4 step=12270 total_loss=0.462451 pred_loss=0.310868 pred_uniform=0.312581 rep=0.349560 barlow=1.013712 barlow_diag=0.0032 barlow_offdiag=0.1429 sigreg_obj=0.341405 memory_barlow=0.000000 target_std=0.9861 pred_std=0.9743 decoded_loss=0.004888 decoded_dynamic=0.007436 presence_loss=0.174226 memory_norm=7.221759
epoch=4 step=12280 total_loss=0.597731 pred_loss=0.390234 pred_uniform=0.388252 rep=0.413776 barlow=1.021138 barlow_diag=-0.0012 barlow_offdiag=0.1401 sigreg_obj=0.365202 memory_barlow=0.000000 target_std=0.9833 pred_std=0.9684 decoded_loss=0.003663 decoded_dynamic=0.006196 presence_loss=0.144166 memory_norm=7.687950
epoch=4 step=12290 total_loss=0.612062 pred_loss=0.398849 pred_uniform=0.396796 rep=0.424843 barlow=1.029862 barlow_diag=-0.0040 barlow_offdiag=0.1474 sigreg_obj=0.392408 memory_barlow=0.000000 target_std=0.9775 pred_std=0.9620 decoded_loss=0.002956 decoded_dynamic=0.005007 presence_loss=0.163489 memory_norm=7.548498
epoch=4 step=12300 total_loss=0.431433 pred_loss=0.300588 pred_uniform=0.306132 rep=0.330618 barlow=1.022475 barlow_diag=-0.0031 barlow_offdiag=0.1355 sigreg_obj=0.441905 memory_barlow=0.000000 target_std=0.9888 pred_std=0.9826 decoded_loss=0.005313 decoded_dynamic=0.007871 presence_loss=0.205210 memory_norm=7.816452
epoch=4 step=12310 total_loss=0.650662 pred_loss=0.422098 pred_uniform=0.418847 rep=0.444218 barlow=1.014603 barlow_diag=0.0031 barlow_offdiag=0.1437 sigreg_obj=0.352964 memory_barlow=0.000000 target_std=0.9754 pred_std=0.9513 decoded_loss=0.003410 decoded_dynamic=0.005403 presence_loss=0.146808 memory_norm=6.811187
epoch=4 step=12320 total_loss=0.530764 pred_loss=0.352289 pred_uniform=0.352528 rep=0.375346 barlow=1.027205 barlow_diag=-0.0029 barlow_offdiag=0.1403 sigreg_obj=0.405272 memory_barlow=0.000000 target_std=0.9810 pred_std=0.9667 decoded_loss=0.005015 decoded_dynamic=0.007065 presence_loss=0.159685 memory_norm=7.639429
epoch=4 step=12330 total_loss=0.509770 pred_loss=0.336932 pred_uniform=0.336822 rep=0.356987 barlow=1.041380 barlow_diag=-0.0093 barlow_offdiag=0.1483 sigreg_obj=0.365386 memory_barlow=0.000000 target_std=0.9852 pred_std=0.9722 decoded_loss=0.004085 decoded_dynamic=0.006524 presence_loss=0.152752 memory_norm=6.221490
epoch=4 step=12340 total_loss=0.490575 pred_loss=0.330389 pred_uniform=0.332603 rep=0.350996 barlow=1.005329 barlow_diag=0.0066 barlow_offdiag=0.1360 sigreg_obj=0.458992 memory_barlow=0.000000 target_std=0.9888 pred_std=0.9787 decoded_loss=0.003765 decoded_dynamic=0.006373 presence_loss=0.154064 memory_norm=7.399281
epoch=4 step=12350 total_loss=0.432310 pred_loss=0.294662 pred_uniform=0.297664 rep=0.322446 barlow=1.036236 barlow_diag=-0.0083 barlow_offdiag=0.1397 sigreg_obj=0.366533 memory_barlow=0.000000 target_std=0.9856 pred_std=0.9806 decoded_loss=0.003689 decoded_dynamic=0.005526 presence_loss=0.168175 memory_norm=8.503204
epoch=4 step=12360 total_loss=0.695143 pred_loss=0.455780 pred_uniform=0.453869 rep=0.476955 barlow=1.025643 barlow_diag=-0.0021 barlow_offdiag=0.1450 sigreg_obj=0.321424 memory_barlow=0.000000 target_std=0.9801 pred_std=0.9566 decoded_loss=0.003530 decoded_dynamic=0.005679 presence_loss=0.148288 memory_norm=6.363734
epoch=4 step=12370 total_loss=0.468757 pred_loss=0.318291 pred_uniform=0.321598 rep=0.366119 barlow=1.063456 barlow_diag=-0.0219 barlow_offdiag=0.1416 sigreg_obj=0.426523 memory_barlow=0.000000 target_std=0.9812 pred_std=0.9656 decoded_loss=0.004686 decoded_dynamic=0.007156 presence_loss=0.274764 memory_norm=7.214549
epoch=4 step=12380 total_loss=0.472255 pred_loss=0.324401 pred_uniform=0.328960 rep=0.339876 barlow=1.012079 barlow_diag=0.0022 barlow_offdiag=0.1358 sigreg_obj=0.412404 memory_barlow=0.000000 target_std=0.9874 pred_std=0.9792 decoded_loss=0.004900 decoded_dynamic=0.008607 presence_loss=0.243324 memory_norm=8.134871
epoch=4 step=12390 total_loss=0.405517 pred_loss=0.272920 pred_uniform=0.275086 rep=0.301406 barlow=1.006649 barlow_diag=0.0072 barlow_offdiag=0.1399 sigreg_obj=0.397786 memory_barlow=0.000000 target_std=0.9865 pred_std=0.9798 decoded_loss=0.004605 decoded_dynamic=0.006714 presence_loss=0.253969 memory_norm=7.785640
epoch=4 step=12400 total_loss=0.499582 pred_loss=0.332977 pred_uniform=0.334465 rep=0.375677 barlow=1.030153 barlow_diag=-0.0044 barlow_offdiag=0.1447 sigreg_obj=0.641420 memory_barlow=0.000000 target_std=0.9852 pred_std=0.9749 decoded_loss=0.003785 decoded_dynamic=0.006522 presence_loss=0.176687 memory_norm=8.666334
epoch=4 step=12410 total_loss=0.565981 pred_loss=0.372262 pred_uniform=0.371288 rep=0.423337 barlow=1.015041 barlow_diag=0.0032 barlow_offdiag=0.1452 sigreg_obj=0.323819 memory_barlow=0.000000 target_std=0.9831 pred_std=0.9669 decoded_loss=0.003240 decoded_dynamic=0.004702 presence_loss=0.098858 memory_norm=6.118597
epoch=4 step=12420 total_loss=0.672077 pred_loss=0.438852 pred_uniform=0.436586 rep=0.472659 barlow=1.023147 barlow_diag=0.0004 barlow_offdiag=0.1545 sigreg_obj=0.463280 memory_barlow=0.000000 target_std=0.9841 pred_std=0.9637 decoded_loss=0.002678 decoded_dynamic=0.004578 presence_loss=0.080014 memory_norm=6.921935
epoch=4 step=12430 total_loss=0.707243 pred_loss=0.465501 pred_uniform=0.464543 rep=0.494967 barlow=1.026019 barlow_diag=-0.0026 barlow_offdiag=0.1480 sigreg_obj=0.410867 memory_barlow=0.000000 target_std=0.9728 pred_std=0.9474 decoded_loss=0.003386 decoded_dynamic=0.004912 presence_loss=0.144137 memory_norm=6.892825
epoch=4 step=12440 total_loss=0.467908 pred_loss=0.316328 pred_uniform=0.318981 rep=0.344404 barlow=1.016461 barlow_diag=0.0025 barlow_offdiag=0.1472 sigreg_obj=0.420890 memory_barlow=0.000000 target_std=0.9789 pred_std=0.9680 decoded_loss=0.004459 decoded_dynamic=0.006991 presence_loss=0.211447 memory_norm=6.967733
epoch=4 step=12450 total_loss=0.568466 pred_loss=0.372680 pred_uniform=0.371483 rep=0.397910 barlow=1.037443 barlow_diag=-0.0089 barlow_offdiag=0.1455 sigreg_obj=0.417597 memory_barlow=0.000000 target_std=0.9844 pred_std=0.9676 decoded_loss=0.003881 decoded_dynamic=0.006452 presence_loss=0.171147 memory_norm=8.591488
epoch=4 step=12460 total_loss=0.480554 pred_loss=0.328524 pred_uniform=0.332159 rep=0.344260 barlow=1.035761 barlow_diag=-0.0081 barlow_offdiag=0.1396 sigreg_obj=0.373507 memory_barlow=0.000000 target_std=0.9874 pred_std=0.9808 decoded_loss=0.003720 decoded_dynamic=0.006446 presence_loss=0.155006 memory_norm=7.210706
epoch=4 step=12470 total_loss=0.480320 pred_loss=0.326496 pred_uniform=0.329668 rep=0.369673 barlow=1.021111 barlow_diag=-0.0007 barlow_offdiag=0.1437 sigreg_obj=0.440563 memory_barlow=0.000000 target_std=0.9842 pred_std=0.9719 decoded_loss=0.003781 decoded_dynamic=0.006328 presence_loss=0.137099 memory_norm=7.052835
epoch=4 step=12480 total_loss=0.596462 pred_loss=0.392159 pred_uniform=0.391182 rep=0.395807 barlow=1.051396 barlow_diag=-0.0137 barlow_offdiag=0.1544 sigreg_obj=0.413981 memory_barlow=0.000000 target_std=0.9823 pred_std=0.9654 decoded_loss=0.003433 decoded_dynamic=0.005961 presence_loss=0.138755 memory_norm=6.481706
epoch=4 step=12490 total_loss=0.445267 pred_loss=0.298971 pred_uniform=0.300648 rep=0.324905 barlow=1.029321 barlow_diag=-0.0055 barlow_offdiag=0.1374 sigreg_obj=0.477462 memory_barlow=0.000000 target_std=0.9881 pred_std=0.9807 decoded_loss=0.004705 decoded_dynamic=0.006863 presence_loss=0.187756 memory_norm=8.944806
saved_recovery_checkpoint epoch=4 step=12500 successful_updates=12500
epoch=4 step=12500 total_loss=0.605964 pred_loss=0.402514 pred_uniform=0.402702 rep=0.419030 barlow=1.024474 barlow_diag=-0.0027 barlow_offdiag=0.1399 sigreg_obj=0.356395 memory_barlow=0.000000 target_std=0.9822 pred_std=0.9629 decoded_loss=0.003945 decoded_dynamic=0.005081 presence_loss=0.111870 memory_norm=6.964634
epoch_summary epoch=4 step=12500 total_loss=0.553058 pred_loss=0.367385 pred_uniform=0.367855 rep=0.394482 barlow=1.035569 barlow_diag=-0.0071 barlow_offdiag=0.1442 sigreg_obj=0.389410 memory_barlow=0.000000 target_std=0.9833 pred_std=0.9681 decoded_loss=0.004092 presence_loss=0.162337 memory_norm=7.275488
saved_checkpoint runs/rnn_seqmem_exp35_two_mask_simple_loss_5ep_20260707_100311/checkpoint_epoch_004.pt and runs/rnn_seqmem_exp35_two_mask_simple_loss_5ep_20260707_100311/checkpoint.pt
epoch_schedule epoch=5 active_sigreg_weight=0.010000
epoch=5 step=12510 total_loss=0.561022 pred_loss=0.371387 pred_uniform=0.371243 rep=0.391884 barlow=1.032810 barlow_diag=-0.0056 barlow_offdiag=0.1473 sigreg_obj=0.337352 memory_barlow=0.000000 target_std=0.9864 pred_std=0.9741 decoded_loss=0.003716 decoded_dynamic=0.005621 presence_loss=0.154859 memory_norm=6.899572
epoch=5 step=12520 total_loss=0.506666 pred_loss=0.340441 pred_uniform=0.342077 rep=0.365354 barlow=1.039435 barlow_diag=-0.0107 barlow_offdiag=0.1343 sigreg_obj=0.319942 memory_barlow=0.000000 target_std=0.9892 pred_std=0.9795 decoded_loss=0.003851 decoded_dynamic=0.005766 presence_loss=0.162225 memory_norm=8.575830
epoch=5 step=12530 total_loss=0.640724 pred_loss=0.424050 pred_uniform=0.423518 rep=0.443318 barlow=1.013975 barlow_diag=0.0034 barlow_offdiag=0.1445 sigreg_obj=0.331120 memory_barlow=0.000000 target_std=0.9835 pred_std=0.9651 decoded_loss=0.003514 decoded_dynamic=0.006042 presence_loss=0.093456 memory_norm=6.908609
epoch=5 step=12540 total_loss=0.422854 pred_loss=0.284205 pred_uniform=0.286032 rep=0.315485 barlow=1.052500 barlow_diag=-0.0160 barlow_offdiag=0.1430 sigreg_obj=0.462888 memory_barlow=0.000000 target_std=0.9881 pred_std=0.9829 decoded_loss=0.003854 decoded_dynamic=0.006099 presence_loss=0.191814 memory_norm=8.147352
epoch=5 step=12550 total_loss=0.568798 pred_loss=0.374663 pred_uniform=0.373773 rep=0.395909 barlow=1.034074 barlow_diag=-0.0062 barlow_offdiag=0.1419 sigreg_obj=0.355090 memory_barlow=0.000000 target_std=0.9885 pred_std=0.9750 decoded_loss=0.003729 decoded_dynamic=0.005988 presence_loss=0.149594 memory_norm=6.798241
epoch=5 step=12560 total_loss=0.425955 pred_loss=0.286908 pred_uniform=0.288708 rep=0.312428 barlow=1.024453 barlow_diag=-0.0028 barlow_offdiag=0.1375 sigreg_obj=0.334312 memory_barlow=0.000000 target_std=0.9856 pred_std=0.9765 decoded_loss=0.004552 decoded_dynamic=0.006826 presence_loss=0.204595 memory_norm=7.907992
epoch=5 step=12570 total_loss=0.641794 pred_loss=0.420523 pred_uniform=0.419008 rep=0.435731 barlow=1.020208 barlow_diag=0.0002 barlow_offdiag=0.1494 sigreg_obj=0.426632 memory_barlow=0.000000 target_std=0.9764 pred_std=0.9537 decoded_loss=0.003788 decoded_dynamic=0.005328 presence_loss=0.141323 memory_norm=7.055059
epoch=5 step=12580 total_loss=0.490331 pred_loss=0.325431 pred_uniform=0.325797 rep=0.355789 barlow=1.017532 barlow_diag=0.0014 barlow_offdiag=0.1422 sigreg_obj=0.355227 memory_barlow=0.000000 target_std=0.9834 pred_std=0.9697 decoded_loss=0.004109 decoded_dynamic=0.006076 presence_loss=0.194958 memory_norm=7.875088
epoch=5 step=12590 total_loss=0.494645 pred_loss=0.328048 pred_uniform=0.328124 rep=0.340552 barlow=1.042914 barlow_diag=-0.0131 barlow_offdiag=0.1345 sigreg_obj=0.318486 memory_barlow=0.000000 target_std=0.9869 pred_std=0.9761 decoded_loss=0.004097 decoded_dynamic=0.006408 presence_loss=0.158167 memory_norm=7.971813
epoch=5 step=12600 total_loss=0.492719 pred_loss=0.323062 pred_uniform=0.321904 rep=0.340831 barlow=1.033968 barlow_diag=-0.0082 barlow_offdiag=0.1355 sigreg_obj=0.303573 memory_barlow=0.000000 target_std=0.9842 pred_std=0.9701 decoded_loss=0.003924 decoded_dynamic=0.006275 presence_loss=0.172163 memory_norm=7.069176
epoch=5 step=12610 total_loss=0.473580 pred_loss=0.320270 pred_uniform=0.322623 rep=0.340587 barlow=1.024781 barlow_diag=-0.0019 barlow_offdiag=0.1417 sigreg_obj=0.386447 memory_barlow=0.000000 target_std=0.9869 pred_std=0.9762 decoded_loss=0.003930 decoded_dynamic=0.006742 presence_loss=0.157391 memory_norm=6.206382
epoch=5 step=12620 total_loss=0.485385 pred_loss=0.326527 pred_uniform=0.328307 rep=0.348031 barlow=1.019658 barlow_diag=-0.0013 barlow_offdiag=0.1348 sigreg_obj=0.306302 memory_barlow=0.000000 target_std=0.9855 pred_std=0.9738 decoded_loss=0.005458 decoded_dynamic=0.007578 presence_loss=0.164976 memory_norm=7.601074
epoch=5 step=12630 total_loss=0.488729 pred_loss=0.328585 pred_uniform=0.330377 rep=0.337525 barlow=1.013371 barlow_diag=0.0021 barlow_offdiag=0.1401 sigreg_obj=0.396435 memory_barlow=0.000000 target_std=0.9850 pred_std=0.9710 decoded_loss=0.004014 decoded_dynamic=0.006124 presence_loss=0.112994 memory_norm=8.194224
epoch=5 step=12640 total_loss=0.457064 pred_loss=0.310130 pred_uniform=0.312834 rep=0.325828 barlow=1.040249 barlow_diag=-0.0113 barlow_offdiag=0.1344 sigreg_obj=0.355127 memory_barlow=0.000000 target_std=0.9898 pred_std=0.9809 decoded_loss=0.003729 decoded_dynamic=0.006137 presence_loss=0.143036 memory_norm=8.434210
epoch=5 step=12650 total_loss=0.631321 pred_loss=0.410700 pred_uniform=0.408262 rep=0.418815 barlow=1.019395 barlow_diag=0.0002 barlow_offdiag=0.1421 sigreg_obj=0.433094 memory_barlow=0.000000 target_std=0.9782 pred_std=0.9591 decoded_loss=0.004217 decoded_dynamic=0.006800 presence_loss=0.178538 memory_norm=6.996712
epoch=5 step=12660 total_loss=0.444026 pred_loss=0.296174 pred_uniform=0.297267 rep=0.324962 barlow=1.022050 barlow_diag=-0.0022 barlow_offdiag=0.1430 sigreg_obj=0.388901 memory_barlow=0.000000 target_std=0.9779 pred_std=0.9653 decoded_loss=0.004705 decoded_dynamic=0.006982 presence_loss=0.225109 memory_norm=7.875389
epoch=5 step=12670 total_loss=0.660203 pred_loss=0.428403 pred_uniform=0.425315 rep=0.469944 barlow=1.042921 barlow_diag=-0.0106 barlow_offdiag=0.1538 sigreg_obj=0.455976 memory_barlow=0.000000 target_std=0.9750 pred_std=0.9492 decoded_loss=0.002639 decoded_dynamic=0.004256 presence_loss=0.101256 memory_norm=5.902451
epoch=5 step=12680 total_loss=0.495391 pred_loss=0.322967 pred_uniform=0.321300 rep=0.347809 barlow=1.032985 barlow_diag=-0.0058 barlow_offdiag=0.1491 sigreg_obj=0.344337 memory_barlow=0.000000 target_std=0.9860 pred_std=0.9761 decoded_loss=0.002774 decoded_dynamic=0.004372 presence_loss=0.090346 memory_norm=6.309011
epoch=5 step=12690 total_loss=0.668739 pred_loss=0.438431 pred_uniform=0.436890 rep=0.465405 barlow=1.009363 barlow_diag=0.0057 barlow_offdiag=0.1490 sigreg_obj=0.437026 memory_barlow=0.000000 target_std=0.9691 pred_std=0.9418 decoded_loss=0.002701 decoded_dynamic=0.004404 presence_loss=0.105973 memory_norm=6.520696
epoch=5 step=12700 total_loss=0.600073 pred_loss=0.400453 pred_uniform=0.401421 rep=0.455607 barlow=1.012425 barlow_diag=0.0036 barlow_offdiag=0.1441 sigreg_obj=0.396177 memory_barlow=0.000000 target_std=0.9853 pred_std=0.9657 decoded_loss=0.003220 decoded_dynamic=0.004750 presence_loss=0.084888 memory_norm=6.540130
epoch=5 step=12710 total_loss=0.689532 pred_loss=0.447063 pred_uniform=0.443735 rep=0.472668 barlow=1.018984 barlow_diag=0.0037 barlow_offdiag=0.1534 sigreg_obj=0.445894 memory_barlow=0.000000 target_std=0.9706 pred_std=0.9416 decoded_loss=0.002782 decoded_dynamic=0.004425 presence_loss=0.116042 memory_norm=5.966878
epoch=5 step=12720 total_loss=0.476489 pred_loss=0.322891 pred_uniform=0.325623 rep=0.356437 barlow=1.033610 barlow_diag=-0.0086 barlow_offdiag=0.1412 sigreg_obj=0.409283 memory_barlow=0.000000 target_std=0.9863 pred_std=0.9762 decoded_loss=0.003854 decoded_dynamic=0.006555 presence_loss=0.160976 memory_norm=7.460852
epoch=5 step=12730 total_loss=0.520100 pred_loss=0.352297 pred_uniform=0.355124 rep=0.374448 barlow=1.012549 barlow_diag=0.0025 barlow_offdiag=0.1421 sigreg_obj=0.333404 memory_barlow=0.000000 target_std=0.9824 pred_std=0.9702 decoded_loss=0.003472 decoded_dynamic=0.006108 presence_loss=0.142851 memory_norm=6.873680
epoch=5 step=12740 total_loss=0.435235 pred_loss=0.290350 pred_uniform=0.291299 rep=0.325627 barlow=1.031485 barlow_diag=-0.0053 barlow_offdiag=0.1409 sigreg_obj=0.351116 memory_barlow=0.000000 target_std=0.9842 pred_std=0.9751 decoded_loss=0.003151 decoded_dynamic=0.005343 presence_loss=0.137633 memory_norm=7.329936
saved_recovery_checkpoint epoch=5 step=12750 successful_updates=12750
epoch=5 step=12750 total_loss=0.592965 pred_loss=0.392311 pred_uniform=0.392220 rep=0.398757 barlow=1.028112 barlow_diag=-0.0022 barlow_offdiag=0.1471 sigreg_obj=0.383032 memory_barlow=0.000000 target_std=0.9811 pred_std=0.9579 decoded_loss=0.002885 decoded_dynamic=0.004538 presence_loss=0.126793 memory_norm=6.977875
epoch=5 step=12760 total_loss=0.388893 pred_loss=0.259972 pred_uniform=0.261125 rep=0.286385 barlow=1.045749 barlow_diag=-0.0138 barlow_offdiag=0.1341 sigreg_obj=0.370284 memory_barlow=0.000000 target_std=0.9886 pred_std=0.9837 decoded_loss=0.003742 decoded_dynamic=0.006500 presence_loss=0.205228 memory_norm=7.952161
epoch=5 step=12770 total_loss=0.588587 pred_loss=0.389983 pred_uniform=0.389892 rep=0.415205 barlow=1.058930 barlow_diag=-0.0185 barlow_offdiag=0.1447 sigreg_obj=0.325536 memory_barlow=0.000000 target_std=0.9750 pred_std=0.9531 decoded_loss=0.003237 decoded_dynamic=0.005509 presence_loss=0.149793 memory_norm=6.885325
epoch=5 step=12780 total_loss=0.388802 pred_loss=0.269358 pred_uniform=0.273837 rep=0.293447 barlow=1.037780 barlow_diag=-0.0103 barlow_offdiag=0.1300 sigreg_obj=0.491553 memory_barlow=0.000000 target_std=0.9901 pred_std=0.9868 decoded_loss=0.004657 decoded_dynamic=0.007197 presence_loss=0.166999 memory_norm=9.066376
epoch=5 step=12790 total_loss=0.595268 pred_loss=0.388105 pred_uniform=0.385785 rep=0.419655 barlow=1.053531 barlow_diag=-0.0140 barlow_offdiag=0.1536 sigreg_obj=0.318537 memory_barlow=0.000000 target_std=0.9759 pred_std=0.9560 decoded_loss=0.003626 decoded_dynamic=0.005131 presence_loss=0.133963 memory_norm=5.814882
epoch=5 step=12800 total_loss=0.647695 pred_loss=0.419993 pred_uniform=0.417033 rep=0.457398 barlow=1.026159 barlow_diag=-0.0040 barlow_offdiag=0.1509 sigreg_obj=0.447974 memory_barlow=0.000000 target_std=0.9769 pred_std=0.9497 decoded_loss=0.002896 decoded_dynamic=0.004809 presence_loss=0.172331 memory_norm=7.960602
epoch=5 step=12810 total_loss=0.568350 pred_loss=0.372427 pred_uniform=0.371032 rep=0.399991 barlow=1.047818 barlow_diag=-0.0136 barlow_offdiag=0.1505 sigreg_obj=0.356720 memory_barlow=0.000000 target_std=0.9789 pred_std=0.9639 decoded_loss=0.003118 decoded_dynamic=0.005345 presence_loss=0.167004 memory_norm=6.883639
epoch=5 step=12820 total_loss=0.488229 pred_loss=0.321720 pred_uniform=0.321398 rep=0.361500 barlow=1.049931 barlow_diag=-0.0155 barlow_offdiag=0.1423 sigreg_obj=0.376641 memory_barlow=0.000000 target_std=0.9811 pred_std=0.9655 decoded_loss=0.003943 decoded_dynamic=0.006129 presence_loss=0.201390 memory_norm=8.301349
epoch=5 step=12830 total_loss=0.580986 pred_loss=0.383877 pred_uniform=0.383431 rep=0.413692 barlow=1.045912 barlow_diag=-0.0127 barlow_offdiag=0.1441 sigreg_obj=0.298918 memory_barlow=0.000000 target_std=0.9770 pred_std=0.9571 decoded_loss=0.004122 decoded_dynamic=0.005811 presence_loss=0.153568 memory_norm=6.791760
epoch=5 step=12840 total_loss=0.566057 pred_loss=0.369472 pred_uniform=0.367707 rep=0.406169 barlow=1.019971 barlow_diag=0.0007 barlow_offdiag=0.1481 sigreg_obj=0.371554 memory_barlow=0.000000 target_std=0.9845 pred_std=0.9692 decoded_loss=0.002691 decoded_dynamic=0.004473 presence_loss=0.119227 memory_norm=7.525506
epoch=5 step=12850 total_loss=0.517134 pred_loss=0.340591 pred_uniform=0.340218 rep=0.364446 barlow=1.032496 barlow_diag=-0.0065 barlow_offdiag=0.1428 sigreg_obj=0.354026 memory_barlow=0.000000 target_std=0.9829 pred_std=0.9723 decoded_loss=0.004286 decoded_dynamic=0.006696 presence_loss=0.212678 memory_norm=7.351694
epoch=5 step=12860 total_loss=0.591775 pred_loss=0.391626 pred_uniform=0.391543 rep=0.437340 barlow=1.032124 barlow_diag=-0.0053 barlow_offdiag=0.1472 sigreg_obj=0.369191 memory_barlow=0.000000 target_std=0.9757 pred_std=0.9498 decoded_loss=0.002361 decoded_dynamic=0.003617 presence_loss=0.082710 memory_norm=6.375177
epoch=5 step=12870 total_loss=0.387665 pred_loss=0.268223 pred_uniform=0.272407 rep=0.290283 barlow=1.036650 barlow_diag=-0.0102 barlow_offdiag=0.1316 sigreg_obj=0.376334 memory_barlow=0.000000 target_std=0.9907 pred_std=0.9860 decoded_loss=0.004573 decoded_dynamic=0.008012 presence_loss=0.186764 memory_norm=8.084516
epoch=5 step=12880 total_loss=0.412356 pred_loss=0.277432 pred_uniform=0.279449 rep=0.305922 barlow=1.022285 barlow_diag=-0.0018 barlow_offdiag=0.1402 sigreg_obj=0.332727 memory_barlow=0.000000 target_std=0.9860 pred_std=0.9768 decoded_loss=0.003296 decoded_dynamic=0.005369 presence_loss=0.142121 memory_norm=7.457047
epoch=5 step=12890 total_loss=0.579281 pred_loss=0.379001 pred_uniform=0.377426 rep=0.403828 barlow=1.023102 barlow_diag=-0.0008 barlow_offdiag=0.1459 sigreg_obj=0.422751 memory_barlow=0.000000 target_std=0.9823 pred_std=0.9670 decoded_loss=0.003816 decoded_dynamic=0.006032 presence_loss=0.160204 memory_norm=7.736462
epoch=5 step=12900 total_loss=0.491261 pred_loss=0.326375 pred_uniform=0.326805 rep=0.350268 barlow=1.045579 barlow_diag=-0.0133 barlow_offdiag=0.1378 sigreg_obj=0.319255 memory_barlow=0.000000 target_std=0.9872 pred_std=0.9774 decoded_loss=0.003310 decoded_dynamic=0.005661 presence_loss=0.160626 memory_norm=7.837699
epoch=5 step=12910 total_loss=0.684029 pred_loss=0.445712 pred_uniform=0.443109 rep=0.505166 barlow=1.050616 barlow_diag=-0.0152 barlow_offdiag=0.1491 sigreg_obj=0.469021 memory_barlow=0.000000 target_std=0.9797 pred_std=0.9589 decoded_loss=0.004675 decoded_dynamic=0.005956 presence_loss=0.134108 memory_norm=6.532088
epoch=5 step=12920 total_loss=0.489490 pred_loss=0.319541 pred_uniform=0.318144 rep=0.346093 barlow=1.038717 barlow_diag=-0.0087 barlow_offdiag=0.1464 sigreg_obj=0.395701 memory_barlow=0.000000 target_std=0.9835 pred_std=0.9734 decoded_loss=0.003256 decoded_dynamic=0.004661 presence_loss=0.143667 memory_norm=7.460691
epoch=5 step=12930 total_loss=0.563492 pred_loss=0.379435 pred_uniform=0.381571 rep=0.406951 barlow=1.023834 barlow_diag=-0.0028 barlow_offdiag=0.1375 sigreg_obj=0.425859 memory_barlow=0.000000 target_std=0.9829 pred_std=0.9660 decoded_loss=0.005338 decoded_dynamic=0.007512 presence_loss=0.178372 memory_norm=8.126646
epoch=5 step=12940 total_loss=0.555037 pred_loss=0.368405 pred_uniform=0.368654 rep=0.394795 barlow=1.019746 barlow_diag=-0.0000 barlow_offdiag=0.1410 sigreg_obj=0.390171 memory_barlow=0.000000 target_std=0.9818 pred_std=0.9650 decoded_loss=0.003925 decoded_dynamic=0.006198 presence_loss=0.136681 memory_norm=7.745626
epoch=5 step=12950 total_loss=0.614427 pred_loss=0.408349 pred_uniform=0.408671 rep=0.428870 barlow=1.043609 barlow_diag=-0.0120 barlow_offdiag=0.1398 sigreg_obj=0.324313 memory_barlow=0.000000 target_std=0.9852 pred_std=0.9688 decoded_loss=0.004022 decoded_dynamic=0.004879 presence_loss=0.141257 memory_norm=7.962738
epoch=5 step=12960 total_loss=0.484306 pred_loss=0.323229 pred_uniform=0.324022 rep=0.349424 barlow=1.034221 barlow_diag=-0.0075 barlow_offdiag=0.1361 sigreg_obj=0.348540 memory_barlow=0.000000 target_std=0.9863 pred_std=0.9742 decoded_loss=0.002992 decoded_dynamic=0.005178 presence_loss=0.124328 memory_norm=7.605777
epoch=5 step=12970 total_loss=0.489135 pred_loss=0.324953 pred_uniform=0.325605 rep=0.365607 barlow=1.011919 barlow_diag=0.0027 barlow_offdiag=0.1386 sigreg_obj=0.441080 memory_barlow=0.000000 target_std=0.9836 pred_std=0.9749 decoded_loss=0.003587 decoded_dynamic=0.006207 presence_loss=0.151661 memory_norm=7.524544
epoch=5 step=12980 total_loss=0.510694 pred_loss=0.343314 pred_uniform=0.345120 rep=0.376589 barlow=1.029571 barlow_diag=-0.0048 barlow_offdiag=0.1370 sigreg_obj=0.340029 memory_barlow=0.000000 target_std=0.9851 pred_std=0.9714 decoded_loss=0.003145 decoded_dynamic=0.004612 presence_loss=0.096966 memory_norm=7.475469
epoch=5 step=12990 total_loss=0.487369 pred_loss=0.331435 pred_uniform=0.334360 rep=0.357911 barlow=1.014569 barlow_diag=0.0022 barlow_offdiag=0.1345 sigreg_obj=0.322459 memory_barlow=0.000000 target_std=0.9854 pred_std=0.9723 decoded_loss=0.004303 decoded_dynamic=0.006724 presence_loss=0.160983 memory_norm=7.655775
saved_recovery_checkpoint epoch=5 step=13000 successful_updates=13000
epoch=5 step=13000 total_loss=0.420920 pred_loss=0.280919 pred_uniform=0.281852 rep=0.305343 barlow=1.024729 barlow_diag=-0.0033 barlow_offdiag=0.1363 sigreg_obj=0.333919 memory_barlow=0.000000 target_std=0.9898 pred_std=0.9838 decoded_loss=0.003774 decoded_dynamic=0.006192 presence_loss=0.182193 memory_norm=7.652612
epoch=5 step=13010 total_loss=0.392260 pred_loss=0.270049 pred_uniform=0.274150 rep=0.284817 barlow=1.024075 barlow_diag=-0.0037 barlow_offdiag=0.1310 sigreg_obj=0.498937 memory_barlow=0.000000 target_std=0.9915 pred_std=0.9876 decoded_loss=0.005418 decoded_dynamic=0.007706 presence_loss=0.153722 memory_norm=10.178446
epoch=5 step=13020 total_loss=0.487207 pred_loss=0.327264 pred_uniform=0.328785 rep=0.354718 barlow=1.041497 barlow_diag=-0.0120 barlow_offdiag=0.1341 sigreg_obj=0.338111 memory_barlow=0.000000 target_std=0.9871 pred_std=0.9780 decoded_loss=0.003952 decoded_dynamic=0.005824 presence_loss=0.158447 memory_norm=7.985795
epoch=5 step=13030 total_loss=0.705409 pred_loss=0.457587 pred_uniform=0.454028 rep=0.503299 barlow=1.022905 barlow_diag=-0.0008 barlow_offdiag=0.1452 sigreg_obj=0.421420 memory_barlow=0.000000 target_std=0.9778 pred_std=0.9533 decoded_loss=0.003355 decoded_dynamic=0.004907 presence_loss=0.094383 memory_norm=6.875060
epoch=5 step=13040 total_loss=0.371508 pred_loss=0.252584 pred_uniform=0.255182 rep=0.284137 barlow=1.025358 barlow_diag=-0.0030 barlow_offdiag=0.1396 sigreg_obj=0.407384 memory_barlow=0.000000 target_std=0.9871 pred_std=0.9822 decoded_loss=0.004268 decoded_dynamic=0.006677 presence_loss=0.203904 memory_norm=7.029016
epoch=5 step=13050 total_loss=0.596870 pred_loss=0.393857 pred_uniform=0.393383 rep=0.413159 barlow=1.000468 barlow_diag=0.0082 barlow_offdiag=0.1428 sigreg_obj=0.429644 memory_barlow=0.000000 target_std=0.9841 pred_std=0.9706 decoded_loss=0.003151 decoded_dynamic=0.005404 presence_loss=0.116449 memory_norm=7.868082
epoch=5 step=13060 total_loss=0.427620 pred_loss=0.282576 pred_uniform=0.282776 rep=0.309653 barlow=1.006275 barlow_diag=0.0077 barlow_offdiag=0.1459 sigreg_obj=0.394314 memory_barlow=0.000000 target_std=0.9886 pred_std=0.9834 decoded_loss=0.002526 decoded_dynamic=0.004227 presence_loss=0.162132 memory_norm=6.828906
epoch=5 step=13070 total_loss=0.500219 pred_loss=0.336667 pred_uniform=0.338568 rep=0.352020 barlow=1.031950 barlow_diag=-0.0051 barlow_offdiag=0.1394 sigreg_obj=0.350993 memory_barlow=0.000000 target_std=0.9842 pred_std=0.9705 decoded_loss=0.004039 decoded_dynamic=0.005758 presence_loss=0.131047 memory_norm=7.767406
epoch=5 step=13080 total_loss=0.476545 pred_loss=0.313842 pred_uniform=0.313565 rep=0.341398 barlow=1.014536 barlow_diag=0.0045 barlow_offdiag=0.1531 sigreg_obj=0.401546 memory_barlow=0.000000 target_std=0.9787 pred_std=0.9652 decoded_loss=0.003023 decoded_dynamic=0.005118 presence_loss=0.163120 memory_norm=6.743637
epoch=5 step=13090 total_loss=0.612911 pred_loss=0.404064 pred_uniform=0.403563 rep=0.446541 barlow=1.035651 barlow_diag=-0.0071 barlow_offdiag=0.1467 sigreg_obj=0.386919 memory_barlow=0.000000 target_std=0.9758 pred_std=0.9519 decoded_loss=0.004340 decoded_dynamic=0.006577 presence_loss=0.180342 memory_norm=6.761198
epoch=5 step=13100 total_loss=0.732675 pred_loss=0.468928 pred_uniform=0.463217 rep=0.502878 barlow=1.016952 barlow_diag=0.0041 barlow_offdiag=0.1674 sigreg_obj=0.472875 memory_barlow=0.000000 target_std=0.9725 pred_std=0.9382 decoded_loss=0.002865 decoded_dynamic=0.004375 presence_loss=0.125296 memory_norm=6.704422
epoch=5 step=13110 total_loss=0.583800 pred_loss=0.387039 pred_uniform=0.387075 rep=0.418894 barlow=1.027048 barlow_diag=-0.0028 barlow_offdiag=0.1471 sigreg_obj=0.344915 memory_barlow=0.000000 target_std=0.9770 pred_std=0.9588 decoded_loss=0.003627 decoded_dynamic=0.005738 presence_loss=0.163956 memory_norm=7.335201
epoch=5 step=13120 total_loss=0.595732 pred_loss=0.393690 pred_uniform=0.393209 rep=0.426134 barlow=1.042033 barlow_diag=-0.0109 barlow_offdiag=0.1440 sigreg_obj=0.314573 memory_barlow=0.000000 target_std=0.9790 pred_std=0.9587 decoded_loss=0.003166 decoded_dynamic=0.005118 presence_loss=0.129059 memory_norm=6.253917
epoch=5 step=13130 total_loss=0.622913 pred_loss=0.411041 pred_uniform=0.410267 rep=0.434060 barlow=1.037241 barlow_diag=-0.0086 barlow_offdiag=0.1437 sigreg_obj=0.371871 memory_barlow=0.000000 target_std=0.9824 pred_std=0.9665 decoded_loss=0.003770 decoded_dynamic=0.005843 presence_loss=0.141565 memory_norm=8.011557
epoch=5 step=13140 total_loss=0.527646 pred_loss=0.352513 pred_uniform=0.353475 rep=0.382433 barlow=1.013973 barlow_diag=0.0032 barlow_offdiag=0.1423 sigreg_obj=0.332395 memory_barlow=0.000000 target_std=0.9833 pred_std=0.9661 decoded_loss=0.003251 decoded_dynamic=0.005437 presence_loss=0.115542 memory_norm=7.279953
epoch=5 step=13150 total_loss=0.585080 pred_loss=0.388209 pred_uniform=0.388325 rep=0.409078 barlow=1.028656 barlow_diag=-0.0040 barlow_offdiag=0.1499 sigreg_obj=0.351640 memory_barlow=0.000000 target_std=0.9756 pred_std=0.9551 decoded_loss=0.003178 decoded_dynamic=0.004958 presence_loss=0.145513 memory_norm=6.588329
epoch=5 step=13160 total_loss=0.543004 pred_loss=0.361650 pred_uniform=0.362212 rep=0.386990 barlow=1.038860 barlow_diag=-0.0091 barlow_offdiag=0.1398 sigreg_obj=0.300292 memory_barlow=0.000000 target_std=0.9854 pred_std=0.9717 decoded_loss=0.004041 decoded_dynamic=0.006436 presence_loss=0.137680 memory_norm=6.698608
epoch=5 step=13170 total_loss=0.558012 pred_loss=0.371906 pred_uniform=0.372723 rep=0.392741 barlow=1.028365 barlow_diag=-0.0050 barlow_offdiag=0.1380 sigreg_obj=0.421057 memory_barlow=0.000000 target_std=0.9893 pred_std=0.9786 decoded_loss=0.004284 decoded_dynamic=0.006568 presence_loss=0.147760 memory_norm=7.255674
epoch=5 step=13180 total_loss=0.602941 pred_loss=0.397445 pred_uniform=0.396521 rep=0.418327 barlow=1.053015 barlow_diag=-0.0150 barlow_offdiag=0.1503 sigreg_obj=0.330576 memory_barlow=0.000000 target_std=0.9776 pred_std=0.9553 decoded_loss=0.002772 decoded_dynamic=0.004238 presence_loss=0.071477 memory_norm=5.940101
epoch=5 step=13190 total_loss=0.535163 pred_loss=0.359209 pred_uniform=0.360868 rep=0.360387 barlow=1.043418 barlow_diag=-0.0121 barlow_offdiag=0.1346 sigreg_obj=0.397966 memory_barlow=0.000000 target_std=0.9835 pred_std=0.9670 decoded_loss=0.004804 decoded_dynamic=0.006479 presence_loss=0.113915 memory_norm=7.707956
epoch=5 step=13200 total_loss=0.440219 pred_loss=0.298574 pred_uniform=0.301405 rep=0.326808 barlow=1.007091 barlow_diag=0.0040 barlow_offdiag=0.1306 sigreg_obj=0.421637 memory_barlow=0.000000 target_std=0.9884 pred_std=0.9786 decoded_loss=0.003616 decoded_dynamic=0.005577 presence_loss=0.155122 memory_norm=8.636245
epoch=5 step=13210 total_loss=0.631016 pred_loss=0.416449 pred_uniform=0.416179 rep=0.441338 barlow=1.038776 barlow_diag=-0.0087 barlow_offdiag=0.1475 sigreg_obj=0.508601 memory_barlow=0.000000 target_std=0.9733 pred_std=0.9465 decoded_loss=0.003751 decoded_dynamic=0.005723 presence_loss=0.130835 memory_norm=6.795690
epoch=5 step=13220 total_loss=0.537207 pred_loss=0.356094 pred_uniform=0.356227 rep=0.402231 barlow=1.015835 barlow_diag=0.0018 barlow_offdiag=0.1424 sigreg_obj=0.340222 memory_barlow=0.000000 target_std=0.9795 pred_std=0.9622 decoded_loss=0.003169 decoded_dynamic=0.004819 presence_loss=0.113495 memory_norm=7.150648
epoch=5 step=13230 total_loss=0.483644 pred_loss=0.327087 pred_uniform=0.329518 rep=0.344881 barlow=1.037362 barlow_diag=-0.0096 barlow_offdiag=0.1387 sigreg_obj=0.322331 memory_barlow=0.000000 target_std=0.9825 pred_std=0.9726 decoded_loss=0.006147 decoded_dynamic=0.008742 presence_loss=0.228970 memory_norm=8.143458
epoch=5 step=13240 total_loss=0.534661 pred_loss=0.356153 pred_uniform=0.356886 rep=0.387606 barlow=1.020889 barlow_diag=-0.0013 barlow_offdiag=0.1365 sigreg_obj=0.373776 memory_barlow=0.000000 target_std=0.9881 pred_std=0.9768 decoded_loss=0.004014 decoded_dynamic=0.006522 presence_loss=0.133022 memory_norm=8.242548
saved_recovery_checkpoint epoch=5 step=13250 successful_updates=13250
epoch=5 step=13250 total_loss=0.569099 pred_loss=0.379585 pred_uniform=0.380563 rep=0.411982 barlow=1.022893 barlow_diag=-0.0012 barlow_offdiag=0.1423 sigreg_obj=0.428408 memory_barlow=0.000000 target_std=0.9850 pred_std=0.9704 decoded_loss=0.002917 decoded_dynamic=0.004843 presence_loss=0.125309 memory_norm=6.872980
epoch=5 step=13260 total_loss=0.412313 pred_loss=0.282033 pred_uniform=0.285497 rep=0.306405 barlow=1.044455 barlow_diag=-0.0133 barlow_offdiag=0.1371 sigreg_obj=0.479820 memory_barlow=0.000000 target_std=0.9868 pred_std=0.9801 decoded_loss=0.004029 decoded_dynamic=0.006955 presence_loss=0.159778 memory_norm=8.614368
epoch=5 step=13270 total_loss=0.709611 pred_loss=0.463999 pred_uniform=0.461821 rep=0.501876 barlow=1.010330 barlow_diag=0.0060 barlow_offdiag=0.1489 sigreg_obj=0.413397 memory_barlow=0.000000 target_std=0.9696 pred_std=0.9389 decoded_loss=0.003322 decoded_dynamic=0.004768 presence_loss=0.108882 memory_norm=6.657186
epoch=5 step=13280 total_loss=0.639372 pred_loss=0.415880 pred_uniform=0.413072 rep=0.446998 barlow=0.999357 barlow_diag=0.0106 barlow_offdiag=0.1444 sigreg_obj=0.368963 memory_barlow=0.000000 target_std=0.9802 pred_std=0.9585 decoded_loss=0.003080 decoded_dynamic=0.005075 presence_loss=0.163444 memory_norm=7.400362
epoch=5 step=13290 total_loss=0.570433 pred_loss=0.382340 pred_uniform=0.383809 rep=0.402374 barlow=1.033515 barlow_diag=-0.0070 barlow_offdiag=0.1387 sigreg_obj=0.332173 memory_barlow=0.000000 target_std=0.9878 pred_std=0.9728 decoded_loss=0.003952 decoded_dynamic=0.005039 presence_loss=0.094130 memory_norm=6.918005
epoch=5 step=13300 total_loss=0.606763 pred_loss=0.396677 pred_uniform=0.394897 rep=0.445797 barlow=1.043179 barlow_diag=-0.0107 barlow_offdiag=0.1490 sigreg_obj=0.333115 memory_barlow=0.000000 target_std=0.9756 pred_std=0.9528 decoded_loss=0.003311 decoded_dynamic=0.005049 presence_loss=0.159893 memory_norm=6.279510
epoch=5 step=13310 total_loss=0.530734 pred_loss=0.351921 pred_uniform=0.352404 rep=0.370435 barlow=1.036727 barlow_diag=-0.0106 barlow_offdiag=0.1331 sigreg_obj=0.402507 memory_barlow=0.000000 target_std=0.9886 pred_std=0.9796 decoded_loss=0.003937 decoded_dynamic=0.006200 presence_loss=0.222479 memory_norm=8.280437
epoch=5 step=13320 total_loss=0.312977 pred_loss=0.215591 pred_uniform=0.218910 rep=0.247762 barlow=1.023997 barlow_diag=-0.0036 barlow_offdiag=0.1345 sigreg_obj=0.363933 memory_barlow=0.000000 target_std=0.9890 pred_std=0.9859 decoded_loss=0.003493 decoded_dynamic=0.005777 presence_loss=0.189153 memory_norm=7.443793
epoch=5 step=13330 total_loss=0.605148 pred_loss=0.394891 pred_uniform=0.392825 rep=0.419400 barlow=1.047076 barlow_diag=-0.0140 barlow_offdiag=0.1436 sigreg_obj=0.404038 memory_barlow=0.000000 target_std=0.9766 pred_std=0.9553 decoded_loss=0.004311 decoded_dynamic=0.006961 presence_loss=0.178997 memory_norm=7.308839
epoch=5 step=13340 total_loss=0.459397 pred_loss=0.302474 pred_uniform=0.302183 rep=0.339035 barlow=1.044724 barlow_diag=-0.0128 barlow_offdiag=0.1402 sigreg_obj=0.355610 memory_barlow=0.000000 target_std=0.9818 pred_std=0.9709 decoded_loss=0.003893 decoded_dynamic=0.005989 presence_loss=0.203085 memory_norm=8.112062
epoch=5 step=13350 total_loss=0.622382 pred_loss=0.400866 pred_uniform=0.396943 rep=0.427950 barlow=1.026042 barlow_diag=-0.0008 barlow_offdiag=0.1562 sigreg_obj=0.361681 memory_barlow=0.000000 target_std=0.9784 pred_std=0.9549 decoded_loss=0.002782 decoded_dynamic=0.004308 presence_loss=0.130208 memory_norm=5.839787
epoch=5 step=13360 total_loss=0.527258 pred_loss=0.350363 pred_uniform=0.350801 rep=0.386546 barlow=1.023289 barlow_diag=-0.0017 barlow_offdiag=0.1382 sigreg_obj=0.325505 memory_barlow=0.000000 target_std=0.9845 pred_std=0.9719 decoded_loss=0.004302 decoded_dynamic=0.006261 presence_loss=0.168158 memory_norm=7.691167
epoch=5 step=13370 total_loss=0.754238 pred_loss=0.492059 pred_uniform=0.489284 rep=0.515759 barlow=1.023043 barlow_diag=0.0003 barlow_offdiag=0.1579 sigreg_obj=0.469483 memory_barlow=0.000000 target_std=0.9720 pred_std=0.9424 decoded_loss=0.002835 decoded_dynamic=0.003750 presence_loss=0.073449 memory_norm=5.946144
epoch=5 step=13380 total_loss=0.456573 pred_loss=0.309296 pred_uniform=0.312283 rep=0.360215 barlow=1.017127 barlow_diag=-0.0013 barlow_offdiag=0.1353 sigreg_obj=0.503972 memory_barlow=0.000000 target_std=0.9874 pred_std=0.9790 decoded_loss=0.003702 decoded_dynamic=0.006191 presence_loss=0.146784 memory_norm=8.863321
epoch=5 step=13390 total_loss=0.572900 pred_loss=0.374893 pred_uniform=0.373420 rep=0.387641 barlow=1.036841 barlow_diag=-0.0097 barlow_offdiag=0.1389 sigreg_obj=0.372844 memory_barlow=0.000000 target_std=0.9836 pred_std=0.9687 decoded_loss=0.004203 decoded_dynamic=0.006933 presence_loss=0.178778 memory_norm=7.811244
epoch=5 step=13400 total_loss=0.592469 pred_loss=0.389372 pred_uniform=0.388177 rep=0.413669 barlow=1.025416 barlow_diag=-0.0023 barlow_offdiag=0.1400 sigreg_obj=0.301499 memory_barlow=0.000000 target_std=0.9847 pred_std=0.9689 decoded_loss=0.002897 decoded_dynamic=0.004976 presence_loss=0.132498 memory_norm=6.905912
epoch=5 step=13410 total_loss=0.569702 pred_loss=0.368668 pred_uniform=0.365753 rep=0.386195 barlow=1.026025 barlow_diag=-0.0022 barlow_offdiag=0.1524 sigreg_obj=0.379753 memory_barlow=0.000000 target_std=0.9826 pred_std=0.9666 decoded_loss=0.003216 decoded_dynamic=0.005559 presence_loss=0.176327 memory_norm=6.724994
epoch=5 step=13420 total_loss=0.558093 pred_loss=0.367738 pred_uniform=0.367119 rep=0.398253 barlow=1.027116 barlow_diag=-0.0027 barlow_offdiag=0.1482 sigreg_obj=0.351100 memory_barlow=0.000000 target_std=0.9850 pred_std=0.9679 decoded_loss=0.002851 decoded_dynamic=0.004596 presence_loss=0.105384 memory_norm=6.617852
epoch=5 step=13430 total_loss=0.699384 pred_loss=0.448967 pred_uniform=0.444012 rep=0.466861 barlow=1.029482 barlow_diag=-0.0030 barlow_offdiag=0.1547 sigreg_obj=0.482321 memory_barlow=0.000000 target_std=0.9735 pred_std=0.9482 decoded_loss=0.002897 decoded_dynamic=0.004654 presence_loss=0.123047 memory_norm=6.273188
epoch=5 step=13440 total_loss=0.414022 pred_loss=0.279038 pred_uniform=0.281312 rep=0.313970 barlow=1.021150 barlow_diag=-0.0012 barlow_offdiag=0.1380 sigreg_obj=0.494118 memory_barlow=0.000000 target_std=0.9868 pred_std=0.9800 decoded_loss=0.004238 decoded_dynamic=0.006335 presence_loss=0.154226 memory_norm=8.551139
epoch=5 step=13450 total_loss=0.562094 pred_loss=0.373183 pred_uniform=0.373572 rep=0.401624 barlow=1.018788 barlow_diag=0.0013 barlow_offdiag=0.1425 sigreg_obj=0.384531 memory_barlow=0.000000 target_std=0.9775 pred_std=0.9607 decoded_loss=0.003040 decoded_dynamic=0.004205 presence_loss=0.118432 memory_norm=7.200512
epoch=5 step=13460 total_loss=0.521684 pred_loss=0.341802 pred_uniform=0.340625 rep=0.376954 barlow=1.034027 barlow_diag=-0.0076 barlow_offdiag=0.1419 sigreg_obj=0.394859 memory_barlow=0.000000 target_std=0.9832 pred_std=0.9689 decoded_loss=0.003828 decoded_dynamic=0.005893 presence_loss=0.191151 memory_norm=8.108637
epoch=5 step=13470 total_loss=0.499829 pred_loss=0.337594 pred_uniform=0.340065 rep=0.352203 barlow=1.023795 barlow_diag=-0.0036 barlow_offdiag=0.1331 sigreg_obj=0.430410 memory_barlow=0.000000 target_std=0.9900 pred_std=0.9855 decoded_loss=0.003551 decoded_dynamic=0.006050 presence_loss=0.138048 memory_norm=8.690147
epoch=5 step=13480 total_loss=0.769359 pred_loss=0.495436 pred_uniform=0.490082 rep=0.564145 barlow=1.032354 barlow_diag=-0.0043 barlow_offdiag=0.1556 sigreg_obj=0.351914 memory_barlow=0.000000 target_std=0.9737 pred_std=0.9372 decoded_loss=0.002886 decoded_dynamic=0.003950 presence_loss=0.114737 memory_norm=6.217809
epoch=5 step=13490 total_loss=0.463613 pred_loss=0.316404 pred_uniform=0.319677 rep=0.341483 barlow=1.026396 barlow_diag=-0.0031 barlow_offdiag=0.1424 sigreg_obj=0.365681 memory_barlow=0.000000 target_std=0.9864 pred_std=0.9784 decoded_loss=0.005032 decoded_dynamic=0.007779 presence_loss=0.161744 memory_norm=7.003860
saved_recovery_checkpoint epoch=5 step=13500 successful_updates=13500
epoch=5 step=13500 total_loss=0.571969 pred_loss=0.383847 pred_uniform=0.385491 rep=0.426364 barlow=1.027068 barlow_diag=-0.0012 barlow_offdiag=0.1504 sigreg_obj=0.293391 memory_barlow=0.000000 target_std=0.9805 pred_std=0.9622 decoded_loss=0.002921 decoded_dynamic=0.004614 presence_loss=0.123569 memory_norm=6.603458
epoch=5 step=13510 total_loss=0.536796 pred_loss=0.355875 pred_uniform=0.356121 rep=0.397717 barlow=1.027101 barlow_diag=-0.0046 barlow_offdiag=0.1378 sigreg_obj=0.384459 memory_barlow=0.000000 target_std=0.9871 pred_std=0.9755 decoded_loss=0.003114 decoded_dynamic=0.004725 presence_loss=0.131592 memory_norm=6.835020
epoch=5 step=13520 total_loss=0.764661 pred_loss=0.491653 pred_uniform=0.486183 rep=0.521837 barlow=1.043434 barlow_diag=-0.0094 barlow_offdiag=0.1603 sigreg_obj=0.355844 memory_barlow=0.000000 target_std=0.9775 pred_std=0.9480 decoded_loss=0.003477 decoded_dynamic=0.004625 presence_loss=0.105604 memory_norm=5.457406
epoch=5 step=13530 total_loss=0.434734 pred_loss=0.296648 pred_uniform=0.300024 rep=0.316890 barlow=1.034946 barlow_diag=-0.0088 barlow_offdiag=0.1365 sigreg_obj=0.388450 memory_barlow=0.000000 target_std=0.9899 pred_std=0.9836 decoded_loss=0.003804 decoded_dynamic=0.006569 presence_loss=0.195884 memory_norm=7.274897
epoch=5 step=13540 total_loss=0.721614 pred_loss=0.466968 pred_uniform=0.463051 rep=0.484888 barlow=1.018340 barlow_diag=0.0025 barlow_offdiag=0.1614 sigreg_obj=0.410898 memory_barlow=0.000000 target_std=0.9719 pred_std=0.9365 decoded_loss=0.001632 decoded_dynamic=0.002510 presence_loss=0.092372 memory_norm=5.286019
epoch=5 step=13550 total_loss=0.516914 pred_loss=0.347189 pred_uniform=0.349095 rep=0.360617 barlow=1.020098 barlow_diag=-0.0018 barlow_offdiag=0.1322 sigreg_obj=0.406244 memory_barlow=0.000000 target_std=0.9907 pred_std=0.9844 decoded_loss=0.004213 decoded_dynamic=0.007318 presence_loss=0.162704 memory_norm=7.870668
epoch=5 step=13560 total_loss=0.437331 pred_loss=0.293180 pred_uniform=0.294533 rep=0.324015 barlow=1.023802 barlow_diag=-0.0035 barlow_offdiag=0.1352 sigreg_obj=0.361577 memory_barlow=0.000000 target_std=0.9886 pred_std=0.9819 decoded_loss=0.002923 decoded_dynamic=0.004898 presence_loss=0.117975 memory_norm=7.632831
epoch=5 step=13570 total_loss=0.656769 pred_loss=0.431608 pred_uniform=0.430247 rep=0.442983 barlow=1.022362 barlow_diag=-0.0019 barlow_offdiag=0.1383 sigreg_obj=0.375331 memory_barlow=0.000000 target_std=0.9839 pred_std=0.9660 decoded_loss=0.003293 decoded_dynamic=0.005036 presence_loss=0.109966 memory_norm=7.570042
epoch=5 step=13580 total_loss=0.540449 pred_loss=0.352234 pred_uniform=0.350434 rep=0.371837 barlow=1.022306 barlow_diag=-0.0023 barlow_offdiag=0.1396 sigreg_obj=0.393247 memory_barlow=0.000000 target_std=0.9813 pred_std=0.9679 decoded_loss=0.003768 decoded_dynamic=0.005796 presence_loss=0.161298 memory_norm=7.609550
epoch=5 step=13590 total_loss=0.392277 pred_loss=0.270586 pred_uniform=0.274534 rep=0.293141 barlow=1.031086 barlow_diag=-0.0067 barlow_offdiag=0.1358 sigreg_obj=0.330643 memory_barlow=0.000000 target_std=0.9900 pred_std=0.9857 decoded_loss=0.004966 decoded_dynamic=0.008282 presence_loss=0.191423 memory_norm=6.850893
epoch=5 step=13600 total_loss=0.519918 pred_loss=0.341237 pred_uniform=0.340106 rep=0.355122 barlow=1.012309 barlow_diag=0.0019 barlow_offdiag=0.1357 sigreg_obj=0.313118 memory_barlow=0.000000 target_std=0.9867 pred_std=0.9734 decoded_loss=0.002993 decoded_dynamic=0.004291 presence_loss=0.117279 memory_norm=7.178880
epoch=5 step=13610 total_loss=0.486482 pred_loss=0.323268 pred_uniform=0.323938 rep=0.361018 barlow=1.054256 barlow_diag=-0.0170 barlow_offdiag=0.1406 sigreg_obj=0.453127 memory_barlow=0.000000 target_std=0.9860 pred_std=0.9771 decoded_loss=0.003688 decoded_dynamic=0.005370 presence_loss=0.156680 memory_norm=8.072615
epoch=5 step=13620 total_loss=0.512274 pred_loss=0.338247 pred_uniform=0.337833 rep=0.362436 barlow=1.027252 barlow_diag=-0.0043 barlow_offdiag=0.1398 sigreg_obj=0.332982 memory_barlow=0.000000 target_std=0.9824 pred_std=0.9693 decoded_loss=0.003229 decoded_dynamic=0.004858 presence_loss=0.116641 memory_norm=7.612300
epoch=5 step=13630 total_loss=0.589068 pred_loss=0.393410 pred_uniform=0.394426 rep=0.411274 barlow=1.031044 barlow_diag=-0.0032 barlow_offdiag=0.1498 sigreg_obj=0.390081 memory_barlow=0.000000 target_std=0.9793 pred_std=0.9631 decoded_loss=0.003015 decoded_dynamic=0.004873 presence_loss=0.088706 memory_norm=7.026482
epoch=5 step=13640 total_loss=0.593949 pred_loss=0.390252 pred_uniform=0.389210 rep=0.431563 barlow=1.017813 barlow_diag=0.0017 barlow_offdiag=0.1460 sigreg_obj=0.354176 memory_barlow=0.000000 target_std=0.9827 pred_std=0.9660 decoded_loss=0.003240 decoded_dynamic=0.004940 presence_loss=0.190236 memory_norm=6.878375
epoch=5 step=13650 total_loss=0.540686 pred_loss=0.353903 pred_uniform=0.352804 rep=0.376996 barlow=1.040822 barlow_diag=-0.0100 barlow_offdiag=0.1416 sigreg_obj=0.474911 memory_barlow=0.000000 target_std=0.9820 pred_std=0.9706 decoded_loss=0.004226 decoded_dynamic=0.006847 presence_loss=0.219393 memory_norm=8.493560
epoch=5 step=13660 total_loss=0.492366 pred_loss=0.328283 pred_uniform=0.329153 rep=0.354455 barlow=1.054710 barlow_diag=-0.0166 barlow_offdiag=0.1440 sigreg_obj=0.365538 memory_barlow=0.000000 target_std=0.9801 pred_std=0.9651 decoded_loss=0.003098 decoded_dynamic=0.005007 presence_loss=0.136463 memory_norm=6.737176
epoch=5 step=13670 total_loss=0.516010 pred_loss=0.342918 pred_uniform=0.343308 rep=0.366003 barlow=1.022639 barlow_diag=-0.0021 barlow_offdiag=0.1350 sigreg_obj=0.329327 memory_barlow=0.000000 target_std=0.9842 pred_std=0.9735 decoded_loss=0.004428 decoded_dynamic=0.006669 presence_loss=0.219668 memory_norm=7.770478
epoch=5 step=13680 total_loss=0.434825 pred_loss=0.291480 pred_uniform=0.292936 rep=0.327016 barlow=1.043952 barlow_diag=-0.0130 barlow_offdiag=0.1316 sigreg_obj=0.342787 memory_barlow=0.000000 target_std=0.9887 pred_std=0.9828 decoded_loss=0.003619 decoded_dynamic=0.005948 presence_loss=0.193172 memory_norm=8.173037
epoch=5 step=13690 total_loss=0.515885 pred_loss=0.344599 pred_uniform=0.345727 rep=0.368865 barlow=1.025479 barlow_diag=-0.0020 barlow_offdiag=0.1429 sigreg_obj=0.348666 memory_barlow=0.000000 target_std=0.9833 pred_std=0.9721 decoded_loss=0.004054 decoded_dynamic=0.005852 presence_loss=0.146342 memory_norm=7.408741
epoch=5 step=13700 total_loss=0.585127 pred_loss=0.381980 pred_uniform=0.380032 rep=0.419110 barlow=1.039665 barlow_diag=-0.0092 barlow_offdiag=0.1463 sigreg_obj=0.340460 memory_barlow=0.000000 target_std=0.9803 pred_std=0.9624 decoded_loss=0.002756 decoded_dynamic=0.004556 presence_loss=0.153502 memory_norm=6.915329
epoch=5 step=13710 total_loss=0.694418 pred_loss=0.448580 pred_uniform=0.444458 rep=0.474405 barlow=1.034899 barlow_diag=-0.0067 barlow_offdiag=0.1445 sigreg_obj=0.375215 memory_barlow=0.000000 target_std=0.9821 pred_std=0.9571 decoded_loss=0.003316 decoded_dynamic=0.005321 presence_loss=0.154082 memory_norm=6.691886
epoch=5 step=13720 total_loss=0.381225 pred_loss=0.261532 pred_uniform=0.265009 rep=0.286805 barlow=1.029232 barlow_diag=-0.0060 barlow_offdiag=0.1357 sigreg_obj=0.377919 memory_barlow=0.000000 target_std=0.9866 pred_std=0.9777 decoded_loss=0.003800 decoded_dynamic=0.006100 presence_loss=0.184388 memory_norm=8.358383
epoch=5 step=13730 total_loss=0.753578 pred_loss=0.487515 pred_uniform=0.483138 rep=0.516006 barlow=1.027125 barlow_diag=-0.0010 barlow_offdiag=0.1537 sigreg_obj=0.407839 memory_barlow=0.000000 target_std=0.9762 pred_std=0.9493 decoded_loss=0.003827 decoded_dynamic=0.005067 presence_loss=0.108283 memory_norm=6.090744
epoch=5 step=13740 total_loss=0.388803 pred_loss=0.260442 pred_uniform=0.262029 rep=0.288597 barlow=1.058565 barlow_diag=-0.0201 barlow_offdiag=0.1382 sigreg_obj=0.371526 memory_barlow=0.000000 target_std=0.9885 pred_std=0.9835 decoded_loss=0.004388 decoded_dynamic=0.007463 presence_loss=0.256397 memory_norm=8.396068
saved_recovery_checkpoint epoch=5 step=13750 successful_updates=13750
epoch=5 step=13750 total_loss=0.570879 pred_loss=0.374097 pred_uniform=0.372647 rep=0.407688 barlow=1.039998 barlow_diag=-0.0095 barlow_offdiag=0.1453 sigreg_obj=0.354286 memory_barlow=0.000000 target_std=0.9815 pred_std=0.9644 decoded_loss=0.002781 decoded_dynamic=0.004351 presence_loss=0.115728 memory_norm=6.762117
epoch=5 step=13760 total_loss=0.529750 pred_loss=0.352642 pred_uniform=0.353364 rep=0.395873 barlow=1.014973 barlow_diag=0.0028 barlow_offdiag=0.1427 sigreg_obj=0.375593 memory_barlow=0.000000 target_std=0.9822 pred_std=0.9667 decoded_loss=0.003456 decoded_dynamic=0.005576 presence_loss=0.160839 memory_norm=7.670377
epoch=5 step=13770 total_loss=0.494258 pred_loss=0.334561 pred_uniform=0.337131 rep=0.355890 barlow=1.036035 barlow_diag=-0.0085 barlow_offdiag=0.1351 sigreg_obj=0.321174 memory_barlow=0.000000 target_std=0.9862 pred_std=0.9752 decoded_loss=0.004406 decoded_dynamic=0.007171 presence_loss=0.173615 memory_norm=8.277767
epoch=5 step=13780 total_loss=0.518408 pred_loss=0.343777 pred_uniform=0.344391 rep=0.376547 barlow=1.051070 barlow_diag=-0.0137 barlow_offdiag=0.1535 sigreg_obj=0.538624 memory_barlow=0.000000 target_std=0.9799 pred_std=0.9637 decoded_loss=0.003826 decoded_dynamic=0.005360 presence_loss=0.157298 memory_norm=8.387663
epoch=5 step=13790 total_loss=0.434078 pred_loss=0.291891 pred_uniform=0.293378 rep=0.318175 barlow=1.038013 barlow_diag=-0.0089 barlow_offdiag=0.1332 sigreg_obj=0.331903 memory_barlow=0.000000 target_std=0.9850 pred_std=0.9749 decoded_loss=0.004167 decoded_dynamic=0.006526 presence_loss=0.196966 memory_norm=8.413772
epoch=5 step=13800 total_loss=0.569194 pred_loss=0.372093 pred_uniform=0.370189 rep=0.398179 barlow=1.037909 barlow_diag=-0.0076 barlow_offdiag=0.1433 sigreg_obj=0.292659 memory_barlow=0.000000 target_std=0.9852 pred_std=0.9706 decoded_loss=0.003310 decoded_dynamic=0.004470 presence_loss=0.127323 memory_norm=6.916677
epoch=5 step=13810 total_loss=0.564014 pred_loss=0.376411 pred_uniform=0.377371 rep=0.399852 barlow=1.036927 barlow_diag=-0.0105 barlow_offdiag=0.1321 sigreg_obj=0.326659 memory_barlow=0.000000 target_std=0.9890 pred_std=0.9763 decoded_loss=0.003830 decoded_dynamic=0.005448 presence_loss=0.126101 memory_norm=7.704816
epoch=5 step=13820 total_loss=0.545660 pred_loss=0.360916 pred_uniform=0.360785 rep=0.382367 barlow=1.034409 barlow_diag=-0.0059 barlow_offdiag=0.1504 sigreg_obj=0.392758 memory_barlow=0.000000 target_std=0.9859 pred_std=0.9712 decoded_loss=0.003069 decoded_dynamic=0.005122 presence_loss=0.122137 memory_norm=6.285686
epoch=5 step=13830 total_loss=0.594848 pred_loss=0.392032 pred_uniform=0.391365 rep=0.423420 barlow=1.012963 barlow_diag=0.0026 barlow_offdiag=0.1392 sigreg_obj=0.441400 memory_barlow=0.000000 target_std=0.9863 pred_std=0.9704 decoded_loss=0.003245 decoded_dynamic=0.005042 presence_loss=0.109952 memory_norm=7.490730
epoch=5 step=13840 total_loss=0.583290 pred_loss=0.381931 pred_uniform=0.380387 rep=0.428108 barlow=1.021499 barlow_diag=-0.0009 barlow_offdiag=0.1410 sigreg_obj=0.291946 memory_barlow=0.000000 target_std=0.9740 pred_std=0.9510 decoded_loss=0.003626 decoded_dynamic=0.004742 presence_loss=0.156770 memory_norm=7.272125
epoch=5 step=13850 total_loss=0.766604 pred_loss=0.503068 pred_uniform=0.501405 rep=0.547855 barlow=1.035536 barlow_diag=-0.0053 barlow_offdiag=0.1547 sigreg_obj=0.495580 memory_barlow=0.000000 target_std=0.9666 pred_std=0.9264 decoded_loss=0.002694 decoded_dynamic=0.003966 presence_loss=0.078241 memory_norm=6.660295
epoch=5 step=13860 total_loss=0.462826 pred_loss=0.308651 pred_uniform=0.309971 rep=0.346448 barlow=1.012159 barlow_diag=0.0035 barlow_offdiag=0.1375 sigreg_obj=0.496459 memory_barlow=0.000000 target_std=0.9898 pred_std=0.9825 decoded_loss=0.004076 decoded_dynamic=0.006449 presence_loss=0.189094 memory_norm=7.166349
epoch=5 step=13870 total_loss=0.466656 pred_loss=0.307086 pred_uniform=0.306740 rep=0.319965 barlow=1.018808 barlow_diag=-0.0001 barlow_offdiag=0.1417 sigreg_obj=0.471531 memory_barlow=0.000000 target_std=0.9884 pred_std=0.9830 decoded_loss=0.003675 decoded_dynamic=0.006164 presence_loss=0.165434 memory_norm=7.981505
epoch=5 step=13880 total_loss=0.552702 pred_loss=0.369659 pred_uniform=0.370830 rep=0.395482 barlow=1.057251 barlow_diag=-0.0189 barlow_offdiag=0.1372 sigreg_obj=0.306398 memory_barlow=0.000000 target_std=0.9873 pred_std=0.9743 decoded_loss=0.003867 decoded_dynamic=0.006273 presence_loss=0.156857 memory_norm=7.337806
epoch=5 step=13890 total_loss=0.541925 pred_loss=0.359991 pred_uniform=0.360257 rep=0.382421 barlow=1.020111 barlow_diag=-0.0016 barlow_offdiag=0.1366 sigreg_obj=0.325317 memory_barlow=0.000000 target_std=0.9904 pred_std=0.9798 decoded_loss=0.003312 decoded_dynamic=0.005695 presence_loss=0.157382 memory_norm=7.337533
epoch=5 step=13900 total_loss=0.561588 pred_loss=0.369862 pred_uniform=0.369106 rep=0.400297 barlow=1.033269 barlow_diag=-0.0039 barlow_offdiag=0.1550 sigreg_obj=0.325803 memory_barlow=0.000000 target_std=0.9797 pred_std=0.9615 decoded_loss=0.002595 decoded_dynamic=0.004088 presence_loss=0.103688 memory_norm=6.567780
epoch=5 step=13910 total_loss=0.594383 pred_loss=0.395146 pred_uniform=0.395652 rep=0.410589 barlow=1.041195 barlow_diag=-0.0091 barlow_offdiag=0.1423 sigreg_obj=0.333181 memory_barlow=0.000000 target_std=0.9832 pred_std=0.9666 decoded_loss=0.004357 decoded_dynamic=0.005856 presence_loss=0.153238 memory_norm=6.860236
epoch=5 step=13920 total_loss=0.556286 pred_loss=0.363610 pred_uniform=0.362015 rep=0.386739 barlow=1.025245 barlow_diag=-0.0018 barlow_offdiag=0.1505 sigreg_obj=0.368512 memory_barlow=0.000000 target_std=0.9832 pred_std=0.9678 decoded_loss=0.003368 decoded_dynamic=0.003838 presence_loss=0.146505 memory_norm=6.680402
epoch=5 step=13930 total_loss=0.678195 pred_loss=0.445753 pred_uniform=0.444252 rep=0.489330 barlow=1.031455 barlow_diag=-0.0054 barlow_offdiag=0.1424 sigreg_obj=0.344745 memory_barlow=0.000000 target_std=0.9804 pred_std=0.9579 decoded_loss=0.003203 decoded_dynamic=0.004752 presence_loss=0.105847 memory_norm=6.443512
epoch=5 step=13940 total_loss=0.454490 pred_loss=0.307522 pred_uniform=0.309947 rep=0.344153 barlow=1.017262 barlow_diag=0.0014 barlow_offdiag=0.1426 sigreg_obj=0.325648 memory_barlow=0.000000 target_std=0.9812 pred_std=0.9708 decoded_loss=0.003954 decoded_dynamic=0.006611 presence_loss=0.192577 memory_norm=7.391664
epoch=5 step=13950 total_loss=0.485741 pred_loss=0.327128 pred_uniform=0.329131 rep=0.341562 barlow=1.012130 barlow_diag=0.0023 barlow_offdiag=0.1315 sigreg_obj=0.366766 memory_barlow=0.000000 target_std=0.9899 pred_std=0.9820 decoded_loss=0.004007 decoded_dynamic=0.007036 presence_loss=0.157041 memory_norm=8.693262
epoch=5 step=13960 total_loss=0.580312 pred_loss=0.381554 pred_uniform=0.380679 rep=0.410857 barlow=1.017021 barlow_diag=0.0007 barlow_offdiag=0.1478 sigreg_obj=0.347244 memory_barlow=0.000000 target_std=0.9762 pred_std=0.9542 decoded_loss=0.003988 decoded_dynamic=0.005673 presence_loss=0.160583 memory_norm=7.717957
epoch=5 step=13970 total_loss=0.453362 pred_loss=0.303561 pred_uniform=0.305044 rep=0.326595 barlow=1.021563 barlow_diag=-0.0017 barlow_offdiag=0.1418 sigreg_obj=0.373438 memory_barlow=0.000000 target_std=0.9821 pred_std=0.9671 decoded_loss=0.003578 decoded_dynamic=0.005359 presence_loss=0.177696 memory_norm=7.290632
epoch=5 step=13980 total_loss=0.552652 pred_loss=0.364418 pred_uniform=0.363747 rep=0.392432 barlow=1.043689 barlow_diag=-0.0118 barlow_offdiag=0.1430 sigreg_obj=0.282791 memory_barlow=0.000000 target_std=0.9785 pred_std=0.9602 decoded_loss=0.003946 decoded_dynamic=0.004919 presence_loss=0.144047 memory_norm=6.724178
epoch=5 step=13990 total_loss=0.625844 pred_loss=0.409426 pred_uniform=0.407415 rep=0.434651 barlow=1.015666 barlow_diag=0.0011 barlow_offdiag=0.1485 sigreg_obj=0.388817 memory_barlow=0.000000 target_std=0.9816 pred_std=0.9618 decoded_loss=0.002926 decoded_dynamic=0.004787 presence_loss=0.102307 memory_norm=5.800251
saved_recovery_checkpoint epoch=5 step=14000 successful_updates=14000
epoch=5 step=14000 total_loss=0.535508 pred_loss=0.351680 pred_uniform=0.350571 rep=0.389487 barlow=1.040150 barlow_diag=-0.0101 barlow_offdiag=0.1465 sigreg_obj=0.315762 memory_barlow=0.000000 target_std=0.9786 pred_std=0.9609 decoded_loss=0.002714 decoded_dynamic=0.004131 presence_loss=0.076623 memory_norm=6.051585
epoch=5 step=14010 total_loss=0.577617 pred_loss=0.388402 pred_uniform=0.390328 rep=0.402476 barlow=1.008722 barlow_diag=0.0062 barlow_offdiag=0.1438 sigreg_obj=0.400685 memory_barlow=0.000000 target_std=0.9816 pred_std=0.9624 decoded_loss=0.004260 decoded_dynamic=0.005354 presence_loss=0.105120 memory_norm=5.888626
epoch=5 step=14020 total_loss=0.577466 pred_loss=0.378591 pred_uniform=0.377150 rep=0.404663 barlow=1.019541 barlow_diag=0.0011 barlow_offdiag=0.1440 sigreg_obj=0.333319 memory_barlow=0.000000 target_std=0.9852 pred_std=0.9714 decoded_loss=0.003049 decoded_dynamic=0.004197 presence_loss=0.079087 memory_norm=6.715328
epoch=5 step=14030 total_loss=0.669340 pred_loss=0.437744 pred_uniform=0.435946 rep=0.449914 barlow=1.019331 barlow_diag=0.0042 barlow_offdiag=0.1585 sigreg_obj=0.494246 memory_barlow=0.000000 target_std=0.9746 pred_std=0.9468 decoded_loss=0.003157 decoded_dynamic=0.005159 presence_loss=0.090894 memory_norm=6.283146
epoch=5 step=14040 total_loss=0.634565 pred_loss=0.414139 pred_uniform=0.411899 rep=0.462020 barlow=1.050481 barlow_diag=-0.0163 barlow_offdiag=0.1440 sigreg_obj=0.411538 memory_barlow=0.000000 target_std=0.9792 pred_std=0.9534 decoded_loss=0.003467 decoded_dynamic=0.005325 presence_loss=0.172704 memory_norm=7.591241
epoch=5 step=14050 total_loss=0.546310 pred_loss=0.368288 pred_uniform=0.370408 rep=0.397389 barlow=1.034887 barlow_diag=-0.0068 barlow_offdiag=0.1440 sigreg_obj=0.331216 memory_barlow=0.000000 target_std=0.9819 pred_std=0.9664 decoded_loss=0.003026 decoded_dynamic=0.005223 presence_loss=0.111770 memory_norm=6.694112
epoch=5 step=14060 total_loss=0.394944 pred_loss=0.265776 pred_uniform=0.267586 rep=0.290512 barlow=1.005717 barlow_diag=0.0062 barlow_offdiag=0.1365 sigreg_obj=0.409047 memory_barlow=0.000000 target_std=0.9895 pred_std=0.9838 decoded_loss=0.003173 decoded_dynamic=0.005604 presence_loss=0.155654 memory_norm=7.759194
epoch=5 step=14070 total_loss=0.416810 pred_loss=0.285497 pred_uniform=0.289289 rep=0.309697 barlow=1.013987 barlow_diag=0.0018 barlow_offdiag=0.1347 sigreg_obj=0.515056 memory_barlow=0.000000 target_std=0.9904 pred_std=0.9859 decoded_loss=0.004039 decoded_dynamic=0.006723 presence_loss=0.184062 memory_norm=7.798693
epoch=5 step=14080 total_loss=0.596154 pred_loss=0.392111 pred_uniform=0.391119 rep=0.411716 barlow=1.012091 barlow_diag=0.0034 barlow_offdiag=0.1482 sigreg_obj=0.374898 memory_barlow=0.000000 target_std=0.9823 pred_std=0.9665 decoded_loss=0.002432 decoded_dynamic=0.003967 presence_loss=0.091327 memory_norm=5.932209
epoch=5 step=14090 total_loss=0.599547 pred_loss=0.397811 pred_uniform=0.397769 rep=0.429392 barlow=1.039019 barlow_diag=-0.0080 barlow_offdiag=0.1470 sigreg_obj=0.320900 memory_barlow=0.000000 target_std=0.9810 pred_std=0.9602 decoded_loss=0.003557 decoded_dynamic=0.005524 presence_loss=0.118091 memory_norm=6.200962
epoch=5 step=14100 total_loss=0.469297 pred_loss=0.316559 pred_uniform=0.318441 rep=0.334067 barlow=1.021061 barlow_diag=-0.0014 barlow_offdiag=0.1356 sigreg_obj=0.298953 memory_barlow=0.000000 target_std=0.9883 pred_std=0.9803 decoded_loss=0.003270 decoded_dynamic=0.005367 presence_loss=0.123259 memory_norm=7.336777
epoch=5 step=14110 total_loss=0.444713 pred_loss=0.300475 pred_uniform=0.302924 rep=0.319707 barlow=1.027116 barlow_diag=-0.0045 barlow_offdiag=0.1384 sigreg_obj=0.414409 memory_barlow=0.000000 target_std=0.9872 pred_std=0.9806 decoded_loss=0.003366 decoded_dynamic=0.005497 presence_loss=0.132721 memory_norm=8.374526
epoch=5 step=14120 total_loss=0.549090 pred_loss=0.358508 pred_uniform=0.356836 rep=0.386777 barlow=1.012925 barlow_diag=0.0043 barlow_offdiag=0.1525 sigreg_obj=0.359033 memory_barlow=0.000000 target_std=0.9830 pred_std=0.9643 decoded_loss=0.003481 decoded_dynamic=0.005688 presence_loss=0.171774 memory_norm=5.428968
epoch=5 step=14130 total_loss=0.408830 pred_loss=0.281296 pred_uniform=0.285270 rep=0.298134 barlow=1.034483 barlow_diag=-0.0087 barlow_offdiag=0.1300 sigreg_obj=0.457110 memory_barlow=0.000000 target_std=0.9908 pred_std=0.9874 decoded_loss=0.004467 decoded_dynamic=0.007717 presence_loss=0.177584 memory_norm=10.071852
epoch=5 step=14140 total_loss=0.479872 pred_loss=0.318294 pred_uniform=0.318771 rep=0.345693 barlow=1.042717 barlow_diag=-0.0085 barlow_offdiag=0.1508 sigreg_obj=0.381336 memory_barlow=0.000000 target_std=0.9811 pred_std=0.9674 decoded_loss=0.003726 decoded_dynamic=0.005361 presence_loss=0.130738 memory_norm=7.215090
epoch=5 step=14150 total_loss=0.563742 pred_loss=0.373633 pred_uniform=0.373988 rep=0.393137 barlow=1.031474 barlow_diag=-0.0041 barlow_offdiag=0.1430 sigreg_obj=0.369346 memory_barlow=0.000000 target_std=0.9756 pred_std=0.9591 decoded_loss=0.003966 decoded_dynamic=0.004505 presence_loss=0.146530 memory_norm=6.911537
epoch=5 step=14160 total_loss=0.494285 pred_loss=0.327496 pred_uniform=0.327528 rep=0.344460 barlow=1.012215 barlow_diag=0.0032 barlow_offdiag=0.1404 sigreg_obj=0.371167 memory_barlow=0.000000 target_std=0.9873 pred_std=0.9773 decoded_loss=0.003399 decoded_dynamic=0.004930 presence_loss=0.132473 memory_norm=8.451997
epoch=5 step=14170 total_loss=0.503892 pred_loss=0.336922 pred_uniform=0.338284 rep=0.357418 barlow=1.002629 barlow_diag=0.0085 barlow_offdiag=0.1399 sigreg_obj=0.414934 memory_barlow=0.000000 target_std=0.9870 pred_std=0.9751 decoded_loss=0.003850 decoded_dynamic=0.006729 presence_loss=0.179322 memory_norm=8.172750
epoch=5 step=14180 total_loss=0.497192 pred_loss=0.334326 pred_uniform=0.336191 rep=0.360354 barlow=1.000982 barlow_diag=0.0094 barlow_offdiag=0.1443 sigreg_obj=0.358109 memory_barlow=0.000000 target_std=0.9826 pred_std=0.9690 decoded_loss=0.002906 decoded_dynamic=0.004677 presence_loss=0.106882 memory_norm=7.438598
epoch=5 step=14190 total_loss=0.503935 pred_loss=0.341427 pred_uniform=0.344269 rep=0.351010 barlow=1.016201 barlow_diag=0.0018 barlow_offdiag=0.1378 sigreg_obj=0.383760 memory_barlow=0.000000 target_std=0.9842 pred_std=0.9709 decoded_loss=0.003900 decoded_dynamic=0.006434 presence_loss=0.132438 memory_norm=8.511889
epoch=5 step=14200 total_loss=0.496979 pred_loss=0.333071 pred_uniform=0.334819 rep=0.370072 barlow=1.008674 barlow_diag=0.0057 barlow_offdiag=0.1459 sigreg_obj=0.415258 memory_barlow=0.000000 target_std=0.9831 pred_std=0.9682 decoded_loss=0.002665 decoded_dynamic=0.004648 presence_loss=0.119533 memory_norm=7.146656
epoch=5 step=14210 total_loss=0.498860 pred_loss=0.335643 pred_uniform=0.337662 rep=0.358980 barlow=1.046158 barlow_diag=-0.0145 barlow_offdiag=0.1377 sigreg_obj=0.428055 memory_barlow=0.000000 target_std=0.9816 pred_std=0.9691 decoded_loss=0.004634 decoded_dynamic=0.006978 presence_loss=0.170070 memory_norm=9.001768
epoch=5 step=14220 total_loss=0.572026 pred_loss=0.372588 pred_uniform=0.370531 rep=0.406153 barlow=1.031544 barlow_diag=-0.0056 barlow_offdiag=0.1451 sigreg_obj=0.455964 memory_barlow=0.000000 target_std=0.9861 pred_std=0.9712 decoded_loss=0.002929 decoded_dynamic=0.004846 presence_loss=0.133034 memory_norm=8.166280
epoch=5 step=14230 total_loss=0.621345 pred_loss=0.403286 pred_uniform=0.400265 rep=0.427210 barlow=1.041281 barlow_diag=-0.0107 barlow_offdiag=0.1433 sigreg_obj=0.353278 memory_barlow=0.000000 target_std=0.9786 pred_std=0.9611 decoded_loss=0.002885 decoded_dynamic=0.004722 presence_loss=0.126316 memory_norm=7.619653
epoch=5 step=14240 total_loss=0.413230 pred_loss=0.278242 pred_uniform=0.280017 rep=0.309283 barlow=1.005721 barlow_diag=0.0061 barlow_offdiag=0.1381 sigreg_obj=0.388417 memory_barlow=0.000000 target_std=0.9895 pred_std=0.9835 decoded_loss=0.003061 decoded_dynamic=0.005257 presence_loss=0.131077 memory_norm=7.263745
saved_recovery_checkpoint epoch=5 step=14250 successful_updates=14250
epoch=5 step=14250 total_loss=0.573892 pred_loss=0.380334 pred_uniform=0.380382 rep=0.403650 barlow=1.040200 barlow_diag=-0.0106 barlow_offdiag=0.1449 sigreg_obj=0.315643 memory_barlow=0.000000 target_std=0.9816 pred_std=0.9681 decoded_loss=0.002830 decoded_dynamic=0.004847 presence_loss=0.139331 memory_norm=7.137609
epoch=5 step=14260 total_loss=0.540007 pred_loss=0.355359 pred_uniform=0.354481 rep=0.394393 barlow=1.008873 barlow_diag=0.0068 barlow_offdiag=0.1446 sigreg_obj=0.328287 memory_barlow=0.000000 target_std=0.9807 pred_std=0.9671 decoded_loss=0.003393 decoded_dynamic=0.005481 presence_loss=0.139223 memory_norm=7.226198
epoch=5 step=14270 total_loss=0.579637 pred_loss=0.387740 pred_uniform=0.388980 rep=0.400709 barlow=1.021028 barlow_diag=-0.0010 barlow_offdiag=0.1481 sigreg_obj=0.373716 memory_barlow=0.000000 target_std=0.9857 pred_std=0.9694 decoded_loss=0.003237 decoded_dynamic=0.005214 presence_loss=0.116168 memory_norm=6.531278
epoch=5 step=14280 total_loss=0.472549 pred_loss=0.316117 pred_uniform=0.317451 rep=0.338164 barlow=1.043901 barlow_diag=-0.0127 barlow_offdiag=0.1416 sigreg_obj=0.346149 memory_barlow=0.000000 target_std=0.9829 pred_std=0.9669 decoded_loss=0.003355 decoded_dynamic=0.005287 presence_loss=0.168430 memory_norm=7.508971
epoch=5 step=14290 total_loss=0.555098 pred_loss=0.365470 pred_uniform=0.364658 rep=0.392890 barlow=1.022290 barlow_diag=-0.0001 barlow_offdiag=0.1383 sigreg_obj=0.346368 memory_barlow=0.000000 target_std=0.9797 pred_std=0.9652 decoded_loss=0.003729 decoded_dynamic=0.004949 presence_loss=0.137639 memory_norm=7.747748
epoch=5 step=14300 total_loss=0.562034 pred_loss=0.368778 pred_uniform=0.367480 rep=0.407025 barlow=1.024879 barlow_diag=-0.0026 barlow_offdiag=0.1426 sigreg_obj=0.305100 memory_barlow=0.000000 target_std=0.9811 pred_std=0.9648 decoded_loss=0.003208 decoded_dynamic=0.005255 presence_loss=0.158009 memory_norm=7.584494
epoch=5 step=14310 total_loss=0.757982 pred_loss=0.488333 pred_uniform=0.483207 rep=0.525772 barlow=1.030106 barlow_diag=-0.0022 barlow_offdiag=0.1538 sigreg_obj=0.356267 memory_barlow=0.000000 target_std=0.9731 pred_std=0.9416 decoded_loss=0.002274 decoded_dynamic=0.003558 presence_loss=0.093718 memory_norm=5.838373
epoch=5 step=14320 total_loss=0.390391 pred_loss=0.263849 pred_uniform=0.266498 rep=0.294136 barlow=1.007902 barlow_diag=0.0039 barlow_offdiag=0.1335 sigreg_obj=0.558250 memory_barlow=0.000000 target_std=0.9904 pred_std=0.9861 decoded_loss=0.004068 decoded_dynamic=0.006692 presence_loss=0.154927 memory_norm=7.474288
epoch=5 step=14330 total_loss=0.627492 pred_loss=0.413688 pred_uniform=0.412885 rep=0.430936 barlow=1.026823 barlow_diag=-0.0035 barlow_offdiag=0.1442 sigreg_obj=0.385156 memory_barlow=0.000000 target_std=0.9814 pred_std=0.9616 decoded_loss=0.002991 decoded_dynamic=0.004727 presence_loss=0.121432 memory_norm=7.182661
epoch=5 step=14340 total_loss=0.534584 pred_loss=0.354997 pred_uniform=0.355545 rep=0.397254 barlow=1.029814 barlow_diag=-0.0043 barlow_offdiag=0.1415 sigreg_obj=0.393409 memory_barlow=0.000000 target_std=0.9827 pred_std=0.9705 decoded_loss=0.003120 decoded_dynamic=0.004324 presence_loss=0.117864 memory_norm=7.203540
epoch=5 step=14350 total_loss=0.478516 pred_loss=0.318563 pred_uniform=0.319224 rep=0.339610 barlow=1.016046 barlow_diag=0.0008 barlow_offdiag=0.1408 sigreg_obj=0.309817 memory_barlow=0.000000 target_std=0.9865 pred_std=0.9747 decoded_loss=0.003164 decoded_dynamic=0.005358 presence_loss=0.156142 memory_norm=6.804543
epoch=5 step=14360 total_loss=0.468033 pred_loss=0.314105 pred_uniform=0.315534 rep=0.346943 barlow=1.024893 barlow_diag=-0.0035 barlow_offdiag=0.1338 sigreg_obj=0.369491 memory_barlow=0.000000 target_std=0.9900 pred_std=0.9810 decoded_loss=0.004043 decoded_dynamic=0.006090 presence_loss=0.137212 memory_norm=8.128461
epoch=5 step=14370 total_loss=0.607262 pred_loss=0.404249 pred_uniform=0.404699 rep=0.421871 barlow=1.034012 barlow_diag=-0.0065 barlow_offdiag=0.1420 sigreg_obj=0.333304 memory_barlow=0.000000 target_std=0.9780 pred_std=0.9565 decoded_loss=0.003172 decoded_dynamic=0.005265 presence_loss=0.101253 memory_norm=6.876313
epoch=5 step=14380 total_loss=0.547395 pred_loss=0.355642 pred_uniform=0.353237 rep=0.385044 barlow=1.035490 barlow_diag=-0.0048 barlow_offdiag=0.1560 sigreg_obj=0.375260 memory_barlow=0.000000 target_std=0.9804 pred_std=0.9627 decoded_loss=0.002632 decoded_dynamic=0.004476 presence_loss=0.129472 memory_norm=6.135558
epoch=5 step=14390 total_loss=0.530240 pred_loss=0.346693 pred_uniform=0.345301 rep=0.379346 barlow=1.026806 barlow_diag=-0.0032 barlow_offdiag=0.1474 sigreg_obj=0.372901 memory_barlow=0.000000 target_std=0.9790 pred_std=0.9642 decoded_loss=0.003501 decoded_dynamic=0.005496 presence_loss=0.160279 memory_norm=7.509597
epoch=5 step=14400 total_loss=0.635269 pred_loss=0.412622 pred_uniform=0.409678 rep=0.437801 barlow=1.043909 barlow_diag=-0.0096 barlow_offdiag=0.1559 sigreg_obj=0.372827 memory_barlow=0.000000 target_std=0.9788 pred_std=0.9583 decoded_loss=0.003237 decoded_dynamic=0.005464 presence_loss=0.124415 memory_norm=5.951531
epoch=5 step=14410 total_loss=0.563308 pred_loss=0.371767 pred_uniform=0.371421 rep=0.401985 barlow=1.028493 barlow_diag=-0.0046 barlow_offdiag=0.1354 sigreg_obj=0.380804 memory_barlow=0.000000 target_std=0.9835 pred_std=0.9693 decoded_loss=0.003115 decoded_dynamic=0.005244 presence_loss=0.123861 memory_norm=8.104441
epoch=5 step=14420 total_loss=0.471801 pred_loss=0.315781 pred_uniform=0.317002 rep=0.354465 barlow=1.018804 barlow_diag=0.0008 barlow_offdiag=0.1396 sigreg_obj=0.311796 memory_barlow=0.000000 target_std=0.9855 pred_std=0.9762 decoded_loss=0.002772 decoded_dynamic=0.004502 presence_loss=0.123151 memory_norm=7.015245
epoch=5 step=14430 total_loss=0.605067 pred_loss=0.396096 pred_uniform=0.394173 rep=0.424461 barlow=1.032057 barlow_diag=-0.0063 barlow_offdiag=0.1383 sigreg_obj=0.325634 memory_barlow=0.000000 target_std=0.9854 pred_std=0.9709 decoded_loss=0.003703 decoded_dynamic=0.006182 presence_loss=0.131491 memory_norm=7.322611
epoch=5 step=14440 total_loss=0.445077 pred_loss=0.296894 pred_uniform=0.297958 rep=0.336911 barlow=1.020654 barlow_diag=-0.0016 barlow_offdiag=0.1379 sigreg_obj=0.407811 memory_barlow=0.000000 target_std=0.9859 pred_std=0.9754 decoded_loss=0.002955 decoded_dynamic=0.004669 presence_loss=0.126752 memory_norm=7.529794
epoch=5 step=14450 total_loss=0.805696 pred_loss=0.522353 pred_uniform=0.518060 rep=0.531025 barlow=1.040967 barlow_diag=-0.0094 barlow_offdiag=0.1502 sigreg_obj=0.418182 memory_barlow=0.000000 target_std=0.9771 pred_std=0.9428 decoded_loss=0.002449 decoded_dynamic=0.003898 presence_loss=0.086617 memory_norm=6.427578
epoch=5 step=14460 total_loss=0.479962 pred_loss=0.315682 pred_uniform=0.315164 rep=0.341481 barlow=1.014632 barlow_diag=0.0029 barlow_offdiag=0.1419 sigreg_obj=0.360793 memory_barlow=0.000000 target_std=0.9861 pred_std=0.9772 decoded_loss=0.003852 decoded_dynamic=0.006301 presence_loss=0.174418 memory_norm=7.139862
epoch=5 step=14470 total_loss=0.608049 pred_loss=0.403390 pred_uniform=0.403535 rep=0.417237 barlow=1.041158 barlow_diag=-0.0101 barlow_offdiag=0.1377 sigreg_obj=0.385438 memory_barlow=0.000000 target_std=0.9830 pred_std=0.9679 decoded_loss=0.003142 decoded_dynamic=0.005041 presence_loss=0.114681 memory_norm=7.978803
epoch=5 step=14480 total_loss=0.659085 pred_loss=0.429284 pred_uniform=0.426555 rep=0.459977 barlow=1.019262 barlow_diag=0.0009 barlow_offdiag=0.1426 sigreg_obj=0.321271 memory_barlow=0.000000 target_std=0.9815 pred_std=0.9598 decoded_loss=0.003829 decoded_dynamic=0.005041 presence_loss=0.127992 memory_norm=6.900897
epoch=5 step=14490 total_loss=0.619640 pred_loss=0.408617 pred_uniform=0.407871 rep=0.448503 barlow=1.042156 barlow_diag=-0.0100 barlow_offdiag=0.1439 sigreg_obj=0.355981 memory_barlow=0.000000 target_std=0.9795 pred_std=0.9590 decoded_loss=0.004496 decoded_dynamic=0.006985 presence_loss=0.157290 memory_norm=7.175426
saved_recovery_checkpoint epoch=5 step=14500 successful_updates=14500
epoch=5 step=14500 total_loss=0.576148 pred_loss=0.377384 pred_uniform=0.375875 rep=0.417342 barlow=1.039570 barlow_diag=-0.0089 barlow_offdiag=0.1406 sigreg_obj=0.380195 memory_barlow=0.000000 target_std=0.9860 pred_std=0.9722 decoded_loss=0.003464 decoded_dynamic=0.005465 presence_loss=0.130995 memory_norm=7.706579
epoch=5 step=14510 total_loss=0.521997 pred_loss=0.343759 pred_uniform=0.342991 rep=0.368847 barlow=1.012826 barlow_diag=0.0025 barlow_offdiag=0.1373 sigreg_obj=0.341005 memory_barlow=0.000000 target_std=0.9870 pred_std=0.9781 decoded_loss=0.002947 decoded_dynamic=0.005052 presence_loss=0.152957 memory_norm=6.815847
epoch=5 step=14520 total_loss=0.509539 pred_loss=0.338473 pred_uniform=0.338762 rep=0.364384 barlow=1.036913 barlow_diag=-0.0093 barlow_offdiag=0.1391 sigreg_obj=0.289286 memory_barlow=0.000000 target_std=0.9826 pred_std=0.9713 decoded_loss=0.003548 decoded_dynamic=0.004611 presence_loss=0.144528 memory_norm=7.103454
epoch=5 step=14530 total_loss=0.607091 pred_loss=0.399138 pred_uniform=0.398012 rep=0.423434 barlow=1.023031 barlow_diag=-0.0030 barlow_offdiag=0.1412 sigreg_obj=0.379302 memory_barlow=0.000000 target_std=0.9791 pred_std=0.9581 decoded_loss=0.003130 decoded_dynamic=0.005312 presence_loss=0.137302 memory_norm=7.631845
epoch=5 step=14540 total_loss=0.411039 pred_loss=0.274156 pred_uniform=0.275047 rep=0.305940 barlow=1.046811 barlow_diag=-0.0121 barlow_offdiag=0.1406 sigreg_obj=0.361901 memory_barlow=0.000000 target_std=0.9888 pred_std=0.9822 decoded_loss=0.002864 decoded_dynamic=0.004774 presence_loss=0.119419 memory_norm=6.715929
epoch=5 step=14550 total_loss=0.537769 pred_loss=0.358201 pred_uniform=0.359210 rep=0.368702 barlow=1.019288 barlow_diag=0.0017 barlow_offdiag=0.1485 sigreg_obj=0.454569 memory_barlow=0.000000 target_std=0.9826 pred_std=0.9701 decoded_loss=0.003779 decoded_dynamic=0.006301 presence_loss=0.154253 memory_norm=7.364182
epoch=5 step=14560 total_loss=0.496401 pred_loss=0.328951 pred_uniform=0.329080 rep=0.368062 barlow=1.036674 barlow_diag=-0.0090 barlow_offdiag=0.1422 sigreg_obj=0.274034 memory_barlow=0.000000 target_std=0.9812 pred_std=0.9631 decoded_loss=0.003977 decoded_dynamic=0.005804 presence_loss=0.180161 memory_norm=6.807256
epoch=5 step=14570 total_loss=0.645616 pred_loss=0.425669 pred_uniform=0.424949 rep=0.440976 barlow=1.039343 barlow_diag=-0.0073 barlow_offdiag=0.1456 sigreg_obj=0.393510 memory_barlow=0.000000 target_std=0.9778 pred_std=0.9607 decoded_loss=0.003433 decoded_dynamic=0.005715 presence_loss=0.137063 memory_norm=5.994915
epoch=5 step=14580 total_loss=0.560811 pred_loss=0.367649 pred_uniform=0.366372 rep=0.398244 barlow=1.053692 barlow_diag=-0.0153 barlow_offdiag=0.1506 sigreg_obj=0.321170 memory_barlow=0.000000 target_std=0.9731 pred_std=0.9552 decoded_loss=0.003196 decoded_dynamic=0.004246 presence_loss=0.142965 memory_norm=6.486646
epoch=5 step=14590 total_loss=0.480643 pred_loss=0.326192 pred_uniform=0.329165 rep=0.345361 barlow=1.033709 barlow_diag=-0.0073 barlow_offdiag=0.1354 sigreg_obj=0.365242 memory_barlow=0.000000 target_std=0.9879 pred_std=0.9807 decoded_loss=0.005359 decoded_dynamic=0.007429 presence_loss=0.179643 memory_norm=7.831285
epoch=5 step=14600 total_loss=0.600188 pred_loss=0.392931 pred_uniform=0.391196 rep=0.425838 barlow=1.050907 barlow_diag=-0.0149 barlow_offdiag=0.1454 sigreg_obj=0.322672 memory_barlow=0.000000 target_std=0.9751 pred_std=0.9518 decoded_loss=0.003831 decoded_dynamic=0.005655 presence_loss=0.141904 memory_norm=6.291555
epoch=5 step=14610 total_loss=0.366097 pred_loss=0.252012 pred_uniform=0.255655 rep=0.267746 barlow=1.014404 barlow_diag=0.0014 barlow_offdiag=0.1295 sigreg_obj=0.382445 memory_barlow=0.000000 target_std=0.9895 pred_std=0.9841 decoded_loss=0.004009 decoded_dynamic=0.006737 presence_loss=0.187894 memory_norm=8.903134
epoch=5 step=14620 total_loss=0.570348 pred_loss=0.377366 pred_uniform=0.377157 rep=0.402301 barlow=1.022622 barlow_diag=-0.0014 barlow_offdiag=0.1423 sigreg_obj=0.333667 memory_barlow=0.000000 target_std=0.9831 pred_std=0.9633 decoded_loss=0.003063 decoded_dynamic=0.004163 presence_loss=0.104340 memory_norm=7.241396
epoch=5 step=14630 total_loss=0.641053 pred_loss=0.418708 pred_uniform=0.416588 rep=0.452614 barlow=1.024699 barlow_diag=-0.0016 barlow_offdiag=0.1460 sigreg_obj=0.349371 memory_barlow=0.000000 target_std=0.9775 pred_std=0.9580 decoded_loss=0.003531 decoded_dynamic=0.004107 presence_loss=0.096953 memory_norm=6.473197
epoch=5 step=14640 total_loss=0.517833 pred_loss=0.345090 pred_uniform=0.345927 rep=0.380129 barlow=1.020506 barlow_diag=-0.0002 barlow_offdiag=0.1469 sigreg_obj=0.317473 memory_barlow=0.000000 target_std=0.9830 pred_std=0.9699 decoded_loss=0.003112 decoded_dynamic=0.004594 presence_loss=0.130240 memory_norm=6.588679
epoch=5 step=14650 total_loss=0.371575 pred_loss=0.256186 pred_uniform=0.260076 rep=0.274721 barlow=1.040271 barlow_diag=-0.0108 barlow_offdiag=0.1373 sigreg_obj=0.350267 memory_barlow=0.000000 target_std=0.9877 pred_std=0.9842 decoded_loss=0.005163 decoded_dynamic=0.008744 presence_loss=0.224754 memory_norm=7.713632
epoch=5 step=14660 total_loss=0.586106 pred_loss=0.385019 pred_uniform=0.383963 rep=0.418514 barlow=1.029938 barlow_diag=-0.0040 barlow_offdiag=0.1480 sigreg_obj=0.389719 memory_barlow=0.000000 target_std=0.9784 pred_std=0.9583 decoded_loss=0.002919 decoded_dynamic=0.004283 presence_loss=0.120210 memory_norm=7.689048
epoch=5 step=14670 total_loss=0.580683 pred_loss=0.383294 pred_uniform=0.382915 rep=0.395971 barlow=1.031353 barlow_diag=-0.0055 barlow_offdiag=0.1443 sigreg_obj=0.397437 memory_barlow=0.000000 target_std=0.9815 pred_std=0.9663 decoded_loss=0.003495 decoded_dynamic=0.004894 presence_loss=0.121529 memory_norm=7.193672
epoch=5 step=14680 total_loss=0.485942 pred_loss=0.327713 pred_uniform=0.329633 rep=0.358947 barlow=1.028997 barlow_diag=-0.0064 barlow_offdiag=0.1370 sigreg_obj=0.307660 memory_barlow=0.000000 target_std=0.9849 pred_std=0.9725 decoded_loss=0.003120 decoded_dynamic=0.005230 presence_loss=0.147112 memory_norm=7.515331
epoch=5 step=14690 total_loss=0.485974 pred_loss=0.327265 pred_uniform=0.329444 rep=0.350809 barlow=1.011885 barlow_diag=0.0039 barlow_offdiag=0.1421 sigreg_obj=0.478383 memory_barlow=0.000000 target_std=0.9846 pred_std=0.9731 decoded_loss=0.003194 decoded_dynamic=0.005501 presence_loss=0.135851 memory_norm=8.840952
epoch=5 step=14700 total_loss=0.676776 pred_loss=0.436685 pred_uniform=0.432511 rep=0.466853 barlow=1.031185 barlow_diag=-0.0045 barlow_offdiag=0.1464 sigreg_obj=0.349755 memory_barlow=0.000000 target_std=0.9766 pred_std=0.9478 decoded_loss=0.002972 decoded_dynamic=0.003846 presence_loss=0.131683 memory_norm=6.244707
epoch=5 step=14710 total_loss=0.410306 pred_loss=0.275686 pred_uniform=0.277454 rep=0.301461 barlow=1.021152 barlow_diag=-0.0000 barlow_offdiag=0.1394 sigreg_obj=0.390613 memory_barlow=0.000000 target_std=0.9904 pred_std=0.9861 decoded_loss=0.003688 decoded_dynamic=0.006339 presence_loss=0.227711 memory_norm=7.145612
epoch=5 step=14720 total_loss=0.469242 pred_loss=0.314308 pred_uniform=0.315618 rep=0.338291 barlow=1.019856 barlow_diag=-0.0001 barlow_offdiag=0.1415 sigreg_obj=0.315067 memory_barlow=0.000000 target_std=0.9864 pred_std=0.9768 decoded_loss=0.003072 decoded_dynamic=0.005250 presence_loss=0.141912 memory_norm=6.525230
epoch=5 step=14730 total_loss=0.572764 pred_loss=0.374249 pred_uniform=0.372495 rep=0.393117 barlow=1.012234 barlow_diag=0.0049 barlow_offdiag=0.1454 sigreg_obj=0.332481 memory_barlow=0.000000 target_std=0.9815 pred_std=0.9626 decoded_loss=0.003214 decoded_dynamic=0.004953 presence_loss=0.151762 memory_norm=6.357005
epoch=5 step=14740 total_loss=0.451730 pred_loss=0.299573 pred_uniform=0.300202 rep=0.333420 barlow=1.039866 barlow_diag=-0.0113 barlow_offdiag=0.1409 sigreg_obj=0.480364 memory_barlow=0.000000 target_std=0.9893 pred_std=0.9814 decoded_loss=0.003879 decoded_dynamic=0.005950 presence_loss=0.173089 memory_norm=7.841436
saved_recovery_checkpoint epoch=5 step=14750 successful_updates=14750
epoch=5 step=14750 total_loss=0.498541 pred_loss=0.333729 pred_uniform=0.335027 rep=0.364565 barlow=1.040727 barlow_diag=-0.0101 barlow_offdiag=0.1435 sigreg_obj=0.350438 memory_barlow=0.000000 target_std=0.9816 pred_std=0.9685 decoded_loss=0.003788 decoded_dynamic=0.005709 presence_loss=0.138737 memory_norm=7.313587
epoch=5 step=14760 total_loss=0.489018 pred_loss=0.321871 pred_uniform=0.321443 rep=0.360202 barlow=1.026164 barlow_diag=-0.0032 barlow_offdiag=0.1490 sigreg_obj=0.389599 memory_barlow=0.000000 target_std=0.9846 pred_std=0.9703 decoded_loss=0.003398 decoded_dynamic=0.005137 presence_loss=0.130220 memory_norm=5.711967
epoch=5 step=14770 total_loss=0.702699 pred_loss=0.455285 pred_uniform=0.451419 rep=0.479005 barlow=1.007213 barlow_diag=0.0083 barlow_offdiag=0.1483 sigreg_obj=0.427909 memory_barlow=0.000000 target_std=0.9775 pred_std=0.9514 decoded_loss=0.002232 decoded_dynamic=0.003602 presence_loss=0.075009 memory_norm=6.548840
epoch=5 step=14780 total_loss=0.548532 pred_loss=0.362461 pred_uniform=0.362278 rep=0.400411 barlow=1.041759 barlow_diag=-0.0099 barlow_offdiag=0.1485 sigreg_obj=0.384231 memory_barlow=0.000000 target_std=0.9816 pred_std=0.9674 decoded_loss=0.003218 decoded_dynamic=0.005276 presence_loss=0.103954 memory_norm=6.734067
epoch=5 step=14790 total_loss=0.751436 pred_loss=0.494298 pred_uniform=0.492840 rep=0.505559 barlow=1.034868 barlow_diag=-0.0063 barlow_offdiag=0.1459 sigreg_obj=0.365900 memory_barlow=0.000000 target_std=0.9807 pred_std=0.9516 decoded_loss=0.002653 decoded_dynamic=0.003927 presence_loss=0.088876 memory_norm=6.077667
epoch=5 step=14800 total_loss=0.436017 pred_loss=0.293079 pred_uniform=0.294661 rep=0.325739 barlow=1.014145 barlow_diag=0.0041 barlow_offdiag=0.1450 sigreg_obj=0.345157 memory_barlow=0.000000 target_std=0.9812 pred_std=0.9702 decoded_loss=0.004543 decoded_dynamic=0.005253 presence_loss=0.130526 memory_norm=7.266481
epoch=5 step=14810 total_loss=0.699736 pred_loss=0.456215 pred_uniform=0.453496 rep=0.500872 barlow=1.023199 barlow_diag=-0.0013 barlow_offdiag=0.1479 sigreg_obj=0.410622 memory_barlow=0.000000 target_std=0.9757 pred_std=0.9490 decoded_loss=0.003050 decoded_dynamic=0.004629 presence_loss=0.112961 memory_norm=6.707498
epoch=5 step=14820 total_loss=0.603946 pred_loss=0.395687 pred_uniform=0.394173 rep=0.440056 barlow=1.027920 barlow_diag=-0.0042 barlow_offdiag=0.1406 sigreg_obj=0.352789 memory_barlow=0.000000 target_std=0.9800 pred_std=0.9590 decoded_loss=0.003455 decoded_dynamic=0.004621 presence_loss=0.152927 memory_norm=7.253928
epoch=5 step=14830 total_loss=0.449563 pred_loss=0.309964 pred_uniform=0.314567 rep=0.353132 barlow=1.019363 barlow_diag=-0.0015 barlow_offdiag=0.1320 sigreg_obj=0.402938 memory_barlow=0.000000 target_std=0.9862 pred_std=0.9781 decoded_loss=0.004012 decoded_dynamic=0.006429 presence_loss=0.192492 memory_norm=9.062357
epoch=5 step=14840 total_loss=0.487168 pred_loss=0.322330 pred_uniform=0.322439 rep=0.349901 barlow=1.003805 barlow_diag=0.0077 barlow_offdiag=0.1383 sigreg_obj=0.342914 memory_barlow=0.000000 target_std=0.9801 pred_std=0.9667 decoded_loss=0.003596 decoded_dynamic=0.005216 presence_loss=0.178655 memory_norm=7.662276
epoch=5 step=14850 total_loss=0.619800 pred_loss=0.404836 pred_uniform=0.403119 rep=0.433639 barlow=1.025369 barlow_diag=-0.0022 barlow_offdiag=0.1447 sigreg_obj=0.549700 memory_barlow=0.000000 target_std=0.9747 pred_std=0.9550 decoded_loss=0.002988 decoded_dynamic=0.004455 presence_loss=0.128306 memory_norm=6.425501
epoch=5 step=14860 total_loss=0.507753 pred_loss=0.338130 pred_uniform=0.338917 rep=0.390372 barlow=1.029474 barlow_diag=-0.0058 barlow_offdiag=0.1383 sigreg_obj=0.358456 memory_barlow=0.000000 target_std=0.9854 pred_std=0.9732 decoded_loss=0.002729 decoded_dynamic=0.004358 presence_loss=0.149400 memory_norm=7.561939
epoch=5 step=14870 total_loss=0.532628 pred_loss=0.353332 pred_uniform=0.353592 rep=0.361742 barlow=1.036509 barlow_diag=-0.0083 barlow_offdiag=0.1386 sigreg_obj=0.355419 memory_barlow=0.000000 target_std=0.9848 pred_std=0.9717 decoded_loss=0.002850 decoded_dynamic=0.004347 presence_loss=0.131917 memory_norm=6.999580
epoch=5 step=14880 total_loss=0.461445 pred_loss=0.302506 pred_uniform=0.301470 rep=0.332591 barlow=1.043507 barlow_diag=-0.0127 barlow_offdiag=0.1350 sigreg_obj=0.300556 memory_barlow=0.000000 target_std=0.9857 pred_std=0.9740 decoded_loss=0.002958 decoded_dynamic=0.004853 presence_loss=0.177675 memory_norm=7.909154
epoch=5 step=14890 total_loss=0.482306 pred_loss=0.323658 pred_uniform=0.325354 rep=0.340531 barlow=1.023489 barlow_diag=-0.0016 barlow_offdiag=0.1421 sigreg_obj=0.338702 memory_barlow=0.000000 target_std=0.9850 pred_std=0.9737 decoded_loss=0.004958 decoded_dynamic=0.006751 presence_loss=0.205215 memory_norm=6.821637
epoch=5 step=14900 total_loss=0.569133 pred_loss=0.376741 pred_uniform=0.376792 rep=0.417214 barlow=1.028561 barlow_diag=-0.0027 barlow_offdiag=0.1491 sigreg_obj=0.459014 memory_barlow=0.000000 target_std=0.9830 pred_std=0.9649 decoded_loss=0.003666 decoded_dynamic=0.005168 presence_loss=0.117197 memory_norm=6.676847
epoch=5 step=14910 total_loss=0.334759 pred_loss=0.234556 pred_uniform=0.240160 rep=0.245222 barlow=1.033540 barlow_diag=-0.0082 barlow_offdiag=0.1324 sigreg_obj=0.724742 memory_barlow=0.000000 target_std=0.9902 pred_std=0.9881 decoded_loss=0.003597 decoded_dynamic=0.006267 presence_loss=0.167001 memory_norm=9.523473
epoch=5 step=14920 total_loss=0.590173 pred_loss=0.391861 pred_uniform=0.392042 rep=0.423306 barlow=1.023790 barlow_diag=-0.0011 barlow_offdiag=0.1419 sigreg_obj=0.403236 memory_barlow=0.000000 target_std=0.9899 pred_std=0.9783 decoded_loss=0.003555 decoded_dynamic=0.004957 presence_loss=0.096474 memory_norm=6.886942
epoch=5 step=14930 total_loss=0.632503 pred_loss=0.412106 pred_uniform=0.409665 rep=0.433702 barlow=1.061479 barlow_diag=-0.0185 barlow_offdiag=0.1498 sigreg_obj=0.394554 memory_barlow=0.000000 target_std=0.9815 pred_std=0.9609 decoded_loss=0.003338 decoded_dynamic=0.005270 presence_loss=0.141922 memory_norm=7.014974
epoch=5 step=14940 total_loss=0.298320 pred_loss=0.209811 pred_uniform=0.214441 rep=0.236732 barlow=1.026421 barlow_diag=-0.0035 barlow_offdiag=0.1385 sigreg_obj=0.386135 memory_barlow=0.000000 target_std=0.9873 pred_std=0.9850 decoded_loss=0.003371 decoded_dynamic=0.005911 presence_loss=0.172210 memory_norm=7.139201
epoch=5 step=14950 total_loss=0.405572 pred_loss=0.272559 pred_uniform=0.274210 rep=0.295979 barlow=1.023679 barlow_diag=-0.0031 barlow_offdiag=0.1361 sigreg_obj=0.332239 memory_barlow=0.000000 target_std=0.9876 pred_std=0.9822 decoded_loss=0.004504 decoded_dynamic=0.007693 presence_loss=0.275558 memory_norm=7.864095
epoch=5 step=14960 total_loss=0.511825 pred_loss=0.340441 pred_uniform=0.340947 rep=0.370429 barlow=1.025597 barlow_diag=-0.0037 barlow_offdiag=0.1394 sigreg_obj=0.277488 memory_barlow=0.000000 target_std=0.9834 pred_std=0.9700 decoded_loss=0.002985 decoded_dynamic=0.004819 presence_loss=0.142939 memory_norm=7.546679
epoch=5 step=14970 total_loss=0.501212 pred_loss=0.338844 pred_uniform=0.341176 rep=0.368280 barlow=1.024057 barlow_diag=-0.0028 barlow_offdiag=0.1357 sigreg_obj=0.328819 memory_barlow=0.000000 target_std=0.9831 pred_std=0.9737 decoded_loss=0.004504 decoded_dynamic=0.007256 presence_loss=0.139755 memory_norm=7.750797
epoch=5 step=14980 total_loss=0.495925 pred_loss=0.328692 pred_uniform=0.328728 rep=0.354958 barlow=1.030259 barlow_diag=-0.0056 barlow_offdiag=0.1405 sigreg_obj=0.336259 memory_barlow=0.000000 target_std=0.9861 pred_std=0.9763 decoded_loss=0.003344 decoded_dynamic=0.005386 presence_loss=0.121720 memory_norm=6.742927
epoch=5 step=14990 total_loss=0.530073 pred_loss=0.352641 pred_uniform=0.353303 rep=0.373699 barlow=1.037512 barlow_diag=-0.0080 barlow_offdiag=0.1453 sigreg_obj=0.304949 memory_barlow=0.000000 target_std=0.9818 pred_std=0.9704 decoded_loss=0.003307 decoded_dynamic=0.005157 presence_loss=0.150872 memory_norm=6.694241
saved_recovery_checkpoint epoch=5 step=15000 successful_updates=15000
epoch=5 step=15000 total_loss=0.742540 pred_loss=0.479172 pred_uniform=0.474353 rep=0.542992 barlow=1.015404 barlow_diag=0.0036 barlow_offdiag=0.1541 sigreg_obj=0.354138 memory_barlow=0.000000 target_std=0.9834 pred_std=0.9520 decoded_loss=0.002232 decoded_dynamic=0.003050 presence_loss=0.072564 memory_norm=5.473984
epoch=5 step=15010 total_loss=0.529178 pred_loss=0.350646 pred_uniform=0.350840 rep=0.388271 barlow=1.039611 barlow_diag=-0.0112 barlow_offdiag=0.1402 sigreg_obj=0.409025 memory_barlow=0.000000 target_std=0.9822 pred_std=0.9667 decoded_loss=0.002767 decoded_dynamic=0.004735 presence_loss=0.143991 memory_norm=8.100212
epoch=5 step=15020 total_loss=0.558855 pred_loss=0.371485 pred_uniform=0.371919 rep=0.399690 barlow=1.025377 barlow_diag=-0.0018 barlow_offdiag=0.1448 sigreg_obj=0.324368 memory_barlow=0.000000 target_std=0.9789 pred_std=0.9598 decoded_loss=0.002360 decoded_dynamic=0.003695 presence_loss=0.084820 memory_norm=7.190721
epoch=5 step=15030 total_loss=0.630843 pred_loss=0.420894 pred_uniform=0.421869 rep=0.464270 barlow=1.050416 barlow_diag=-0.0143 barlow_offdiag=0.1410 sigreg_obj=0.327061 memory_barlow=0.000000 target_std=0.9790 pred_std=0.9565 decoded_loss=0.003983 decoded_dynamic=0.005481 presence_loss=0.139266 memory_norm=7.056392
epoch=5 step=15040 total_loss=0.456676 pred_loss=0.301745 pred_uniform=0.301636 rep=0.329094 barlow=1.007820 barlow_diag=0.0060 barlow_offdiag=0.1432 sigreg_obj=0.342290 memory_barlow=0.000000 target_std=0.9837 pred_std=0.9716 decoded_loss=0.002902 decoded_dynamic=0.005010 presence_loss=0.150766 memory_norm=7.471174
epoch=5 step=15050 total_loss=0.497744 pred_loss=0.332818 pred_uniform=0.333924 rep=0.342103 barlow=1.033664 barlow_diag=-0.0066 barlow_offdiag=0.1353 sigreg_obj=0.358626 memory_barlow=0.000000 target_std=0.9884 pred_std=0.9797 decoded_loss=0.003790 decoded_dynamic=0.006208 presence_loss=0.128572 memory_norm=7.791592
epoch=5 step=15060 total_loss=0.625995 pred_loss=0.411337 pred_uniform=0.410028 rep=0.444028 barlow=1.016364 barlow_diag=0.0025 barlow_offdiag=0.1517 sigreg_obj=0.323340 memory_barlow=0.000000 target_std=0.9783 pred_std=0.9600 decoded_loss=0.002644 decoded_dynamic=0.003825 presence_loss=0.103072 memory_norm=5.991334
epoch=5 step=15070 total_loss=0.649544 pred_loss=0.429605 pred_uniform=0.429134 rep=0.448664 barlow=1.009850 barlow_diag=0.0037 barlow_offdiag=0.1392 sigreg_obj=0.346752 memory_barlow=0.000000 target_std=0.9847 pred_std=0.9667 decoded_loss=0.002942 decoded_dynamic=0.005065 presence_loss=0.103957 memory_norm=7.272570
epoch=5 step=15080 total_loss=0.499926 pred_loss=0.330846 pred_uniform=0.330895 rep=0.357984 barlow=1.048469 barlow_diag=-0.0145 barlow_offdiag=0.1378 sigreg_obj=0.326019 memory_barlow=0.000000 target_std=0.9841 pred_std=0.9738 decoded_loss=0.003659 decoded_dynamic=0.005370 presence_loss=0.152249 memory_norm=7.434755
epoch=5 step=15090 total_loss=0.471355 pred_loss=0.317694 pred_uniform=0.319689 rep=0.335442 barlow=1.023787 barlow_diag=-0.0030 barlow_offdiag=0.1342 sigreg_obj=0.321366 memory_barlow=0.000000 target_std=0.9894 pred_std=0.9857 decoded_loss=0.003396 decoded_dynamic=0.005906 presence_loss=0.175364 memory_norm=7.185459
epoch=5 step=15100 total_loss=0.502007 pred_loss=0.336979 pred_uniform=0.338767 rep=0.365549 barlow=1.040803 barlow_diag=-0.0126 barlow_offdiag=0.1320 sigreg_obj=0.429340 memory_barlow=0.000000 target_std=0.9898 pred_std=0.9816 decoded_loss=0.003782 decoded_dynamic=0.006451 presence_loss=0.154226 memory_norm=8.214518
epoch=5 step=15110 total_loss=0.596410 pred_loss=0.397083 pred_uniform=0.397697 rep=0.412932 barlow=1.018464 barlow_diag=-0.0012 barlow_offdiag=0.1370 sigreg_obj=0.374637 memory_barlow=0.000000 target_std=0.9811 pred_std=0.9677 decoded_loss=0.003443 decoded_dynamic=0.005696 presence_loss=0.143479 memory_norm=8.392163
epoch=5 step=15120 total_loss=0.645904 pred_loss=0.424019 pred_uniform=0.422611 rep=0.455667 barlow=1.034764 barlow_diag=-0.0072 barlow_offdiag=0.1462 sigreg_obj=0.366972 memory_barlow=0.000000 target_std=0.9797 pred_std=0.9573 decoded_loss=0.002626 decoded_dynamic=0.004430 presence_loss=0.111997 memory_norm=6.658206
epoch=5 step=15130 total_loss=0.618208 pred_loss=0.408447 pred_uniform=0.407935 rep=0.435378 barlow=1.036230 barlow_diag=-0.0072 barlow_offdiag=0.1468 sigreg_obj=0.328228 memory_barlow=0.000000 target_std=0.9828 pred_std=0.9622 decoded_loss=0.003748 decoded_dynamic=0.005270 presence_loss=0.137377 memory_norm=6.816122
epoch=5 step=15140 total_loss=0.552801 pred_loss=0.362779 pred_uniform=0.361593 rep=0.408161 barlow=1.039965 barlow_diag=-0.0102 barlow_offdiag=0.1502 sigreg_obj=0.378580 memory_barlow=0.000000 target_std=0.9779 pred_std=0.9588 decoded_loss=0.002927 decoded_dynamic=0.004776 presence_loss=0.134650 memory_norm=6.821107
epoch=5 step=15150 total_loss=0.493805 pred_loss=0.329114 pred_uniform=0.330026 rep=0.360984 barlow=1.041154 barlow_diag=-0.0112 barlow_offdiag=0.1379 sigreg_obj=0.391170 memory_barlow=0.000000 target_std=0.9893 pred_std=0.9804 decoded_loss=0.004043 decoded_dynamic=0.005456 presence_loss=0.157309 memory_norm=7.432138
epoch=5 step=15160 total_loss=0.596666 pred_loss=0.391704 pred_uniform=0.390207 rep=0.406566 barlow=1.038094 barlow_diag=-0.0092 barlow_offdiag=0.1402 sigreg_obj=0.340902 memory_barlow=0.000000 target_std=0.9851 pred_std=0.9675 decoded_loss=0.003010 decoded_dynamic=0.005150 presence_loss=0.160709 memory_norm=7.691179
epoch=5 step=15170 total_loss=0.701594 pred_loss=0.458688 pred_uniform=0.456421 rep=0.485715 barlow=1.019833 barlow_diag=0.0007 barlow_offdiag=0.1458 sigreg_obj=0.387145 memory_barlow=0.000000 target_std=0.9766 pred_std=0.9442 decoded_loss=0.003044 decoded_dynamic=0.004476 presence_loss=0.114015 memory_norm=6.597179
epoch=5 step=15180 total_loss=0.474069 pred_loss=0.316498 pred_uniform=0.317526 rep=0.363987 barlow=1.037483 barlow_diag=-0.0083 barlow_offdiag=0.1451 sigreg_obj=0.319414 memory_barlow=0.000000 target_std=0.9796 pred_std=0.9657 decoded_loss=0.003055 decoded_dynamic=0.005211 presence_loss=0.147253 memory_norm=7.282583
epoch=5 step=15190 total_loss=0.464546 pred_loss=0.311625 pred_uniform=0.313133 rep=0.334270 barlow=1.009401 barlow_diag=0.0034 barlow_offdiag=0.1374 sigreg_obj=0.374485 memory_barlow=0.000000 target_std=0.9877 pred_std=0.9790 decoded_loss=0.002800 decoded_dynamic=0.004778 presence_loss=0.115490 memory_norm=7.152718
epoch=5 step=15200 total_loss=0.593721 pred_loss=0.387226 pred_uniform=0.385167 rep=0.412619 barlow=1.003869 barlow_diag=0.0075 barlow_offdiag=0.1374 sigreg_obj=0.356523 memory_barlow=0.000000 target_std=0.9826 pred_std=0.9662 decoded_loss=0.003219 decoded_dynamic=0.004865 presence_loss=0.154721 memory_norm=7.647674
epoch=5 step=15210 total_loss=0.590298 pred_loss=0.386869 pred_uniform=0.385349 rep=0.414332 barlow=1.020897 barlow_diag=-0.0005 barlow_offdiag=0.1431 sigreg_obj=0.368003 memory_barlow=0.000000 target_std=0.9779 pred_std=0.9571 decoded_loss=0.002613 decoded_dynamic=0.004028 presence_loss=0.111146 memory_norm=6.945156
epoch=5 step=15220 total_loss=0.502072 pred_loss=0.337020 pred_uniform=0.338625 rep=0.368872 barlow=1.017689 barlow_diag=-0.0008 barlow_offdiag=0.1343 sigreg_obj=0.362512 memory_barlow=0.000000 target_std=0.9870 pred_std=0.9768 decoded_loss=0.003250 decoded_dynamic=0.005059 presence_loss=0.127041 memory_norm=7.876365
epoch=5 step=15230 total_loss=0.487390 pred_loss=0.325899 pred_uniform=0.327021 rep=0.351944 barlow=1.033213 barlow_diag=-0.0072 barlow_offdiag=0.1355 sigreg_obj=0.350192 memory_barlow=0.000000 target_std=0.9878 pred_std=0.9805 decoded_loss=0.003196 decoded_dynamic=0.005042 presence_loss=0.142997 memory_norm=7.811220
epoch=5 step=15240 total_loss=0.568999 pred_loss=0.371741 pred_uniform=0.369861 rep=0.387255 barlow=1.029207 barlow_diag=-0.0053 barlow_offdiag=0.1394 sigreg_obj=0.365795 memory_barlow=0.000000 target_std=0.9876 pred_std=0.9730 decoded_loss=0.003544 decoded_dynamic=0.004307 presence_loss=0.080869 memory_norm=6.623813
saved_recovery_checkpoint epoch=5 step=15250 successful_updates=15250
epoch=5 step=15250 total_loss=0.567330 pred_loss=0.377988 pred_uniform=0.378639 rep=0.400414 barlow=1.026125 barlow_diag=-0.0028 barlow_offdiag=0.1373 sigreg_obj=0.341989 memory_barlow=0.000000 target_std=0.9850 pred_std=0.9689 decoded_loss=0.003000 decoded_dynamic=0.004728 presence_loss=0.101056 memory_norm=7.760814
epoch=5 step=15260 total_loss=0.486888 pred_loss=0.324275 pred_uniform=0.324792 rep=0.336544 barlow=1.013482 barlow_diag=0.0023 barlow_offdiag=0.1313 sigreg_obj=0.351368 memory_barlow=0.000000 target_std=0.9906 pred_std=0.9790 decoded_loss=0.003151 decoded_dynamic=0.005186 presence_loss=0.110272 memory_norm=8.135672
epoch=5 step=15270 total_loss=0.621802 pred_loss=0.404963 pred_uniform=0.402490 rep=0.466049 barlow=1.033128 barlow_diag=-0.0065 barlow_offdiag=0.1430 sigreg_obj=0.398284 memory_barlow=0.000000 target_std=0.9812 pred_std=0.9560 decoded_loss=0.003009 decoded_dynamic=0.004507 presence_loss=0.126632 memory_norm=6.921875
epoch=5 step=15280 total_loss=0.550546 pred_loss=0.358744 pred_uniform=0.356395 rep=0.382543 barlow=1.027603 barlow_diag=-0.0027 barlow_offdiag=0.1450 sigreg_obj=0.299532 memory_barlow=0.000000 target_std=0.9871 pred_std=0.9763 decoded_loss=0.002603 decoded_dynamic=0.004283 presence_loss=0.089607 memory_norm=6.087939
epoch=5 step=15290 total_loss=0.649197 pred_loss=0.421639 pred_uniform=0.418547 rep=0.445593 barlow=1.027624 barlow_diag=-0.0038 barlow_offdiag=0.1467 sigreg_obj=0.344331 memory_barlow=0.000000 target_std=0.9779 pred_std=0.9560 decoded_loss=0.003612 decoded_dynamic=0.005204 presence_loss=0.109503 memory_norm=6.275860
epoch=5 step=15300 total_loss=0.577126 pred_loss=0.384117 pred_uniform=0.384624 rep=0.410529 barlow=1.036845 barlow_diag=-0.0084 barlow_offdiag=0.1367 sigreg_obj=0.320915 memory_barlow=0.000000 target_std=0.9892 pred_std=0.9772 decoded_loss=0.004014 decoded_dynamic=0.006249 presence_loss=0.145973 memory_norm=7.951305
epoch=5 step=15310 total_loss=0.373609 pred_loss=0.259348 pred_uniform=0.264067 rep=0.272112 barlow=1.014670 barlow_diag=0.0009 barlow_offdiag=0.1308 sigreg_obj=0.323179 memory_barlow=0.000000 target_std=0.9865 pred_std=0.9814 decoded_loss=0.004510 decoded_dynamic=0.007487 presence_loss=0.262665 memory_norm=8.121153
epoch=5 step=15320 total_loss=0.707424 pred_loss=0.458717 pred_uniform=0.455178 rep=0.512630 barlow=1.017845 barlow_diag=0.0031 barlow_offdiag=0.1562 sigreg_obj=0.421917 memory_barlow=0.000000 target_std=0.9725 pred_std=0.9399 decoded_loss=0.002493 decoded_dynamic=0.003526 presence_loss=0.083982 memory_norm=7.326907
epoch=5 step=15330 total_loss=0.551238 pred_loss=0.361678 pred_uniform=0.360517 rep=0.385502 barlow=1.014958 barlow_diag=0.0026 barlow_offdiag=0.1432 sigreg_obj=0.333148 memory_barlow=0.000000 target_std=0.9886 pred_std=0.9761 decoded_loss=0.002658 decoded_dynamic=0.004394 presence_loss=0.129394 memory_norm=7.203115
epoch=5 step=15340 total_loss=0.508744 pred_loss=0.337190 pred_uniform=0.337132 rep=0.367651 barlow=1.017818 barlow_diag=-0.0007 barlow_offdiag=0.1359 sigreg_obj=0.291919 memory_barlow=0.000000 target_std=0.9890 pred_std=0.9792 decoded_loss=0.003045 decoded_dynamic=0.005174 presence_loss=0.132583 memory_norm=6.988345
epoch=5 step=15350 total_loss=0.519031 pred_loss=0.351164 pred_uniform=0.353836 rep=0.361704 barlow=1.031461 barlow_diag=-0.0053 barlow_offdiag=0.1372 sigreg_obj=0.400422 memory_barlow=0.000000 target_std=0.9773 pred_std=0.9603 decoded_loss=0.004005 decoded_dynamic=0.005780 presence_loss=0.158971 memory_norm=7.086185
epoch=5 step=15360 total_loss=0.504363 pred_loss=0.337176 pred_uniform=0.338465 rep=0.363941 barlow=1.036212 barlow_diag=-0.0081 barlow_offdiag=0.1358 sigreg_obj=0.328495 memory_barlow=0.000000 target_std=0.9836 pred_std=0.9734 decoded_loss=0.004259 decoded_dynamic=0.005618 presence_loss=0.155892 memory_norm=8.012611
epoch=5 step=15370 total_loss=0.653541 pred_loss=0.427817 pred_uniform=0.425634 rep=0.455790 barlow=1.025271 barlow_diag=-0.0031 barlow_offdiag=0.1446 sigreg_obj=0.312055 memory_barlow=0.000000 target_std=0.9819 pred_std=0.9634 decoded_loss=0.002685 decoded_dynamic=0.004533 presence_loss=0.096097 memory_norm=6.658421
epoch=5 step=15380 total_loss=0.596626 pred_loss=0.397400 pred_uniform=0.398167 rep=0.426898 barlow=1.015532 barlow_diag=0.0029 barlow_offdiag=0.1433 sigreg_obj=0.370415 memory_barlow=0.000000 target_std=0.9718 pred_std=0.9451 decoded_loss=0.002403 decoded_dynamic=0.003750 presence_loss=0.119270 memory_norm=7.921715
epoch=5 step=15390 total_loss=0.575262 pred_loss=0.380908 pred_uniform=0.380733 rep=0.421474 barlow=1.009459 barlow_diag=0.0072 barlow_offdiag=0.1520 sigreg_obj=0.345459 memory_barlow=0.000000 target_std=0.9748 pred_std=0.9570 decoded_loss=0.003105 decoded_dynamic=0.004563 presence_loss=0.120417 memory_norm=6.081384
epoch=5 step=15400 total_loss=0.547184 pred_loss=0.359971 pred_uniform=0.358970 rep=0.392965 barlow=1.016001 barlow_diag=0.0018 barlow_offdiag=0.1393 sigreg_obj=0.335785 memory_barlow=0.000000 target_std=0.9839 pred_std=0.9701 decoded_loss=0.002915 decoded_dynamic=0.004297 presence_loss=0.093748 memory_norm=7.417355
epoch=5 step=15410 total_loss=0.565813 pred_loss=0.379311 pred_uniform=0.380981 rep=0.402011 barlow=1.028281 barlow_diag=-0.0051 barlow_offdiag=0.1376 sigreg_obj=0.417138 memory_barlow=0.000000 target_std=0.9857 pred_std=0.9697 decoded_loss=0.003173 decoded_dynamic=0.005367 presence_loss=0.119118 memory_norm=8.525900
epoch=5 step=15420 total_loss=0.543914 pred_loss=0.364142 pred_uniform=0.365491 rep=0.396825 barlow=1.011886 barlow_diag=0.0038 barlow_offdiag=0.1451 sigreg_obj=0.345843 memory_barlow=0.000000 target_std=0.9748 pred_std=0.9477 decoded_loss=0.003534 decoded_dynamic=0.004776 presence_loss=0.101854 memory_norm=7.536127
epoch=5 step=15430 total_loss=0.604453 pred_loss=0.398879 pred_uniform=0.398198 rep=0.422150 barlow=1.024644 barlow_diag=-0.0030 barlow_offdiag=0.1369 sigreg_obj=0.361550 memory_barlow=0.000000 target_std=0.9866 pred_std=0.9715 decoded_loss=0.003442 decoded_dynamic=0.005467 presence_loss=0.130157 memory_norm=6.561880
epoch=5 step=15440 total_loss=0.575939 pred_loss=0.384870 pred_uniform=0.386122 rep=0.421497 barlow=1.025618 barlow_diag=-0.0020 barlow_offdiag=0.1435 sigreg_obj=0.326002 memory_barlow=0.000000 target_std=0.9777 pred_std=0.9580 decoded_loss=0.003520 decoded_dynamic=0.004728 presence_loss=0.126645 memory_norm=7.766689
epoch=5 step=15450 total_loss=0.524886 pred_loss=0.345680 pred_uniform=0.344740 rep=0.364657 barlow=1.000782 barlow_diag=0.0091 barlow_offdiag=0.1403 sigreg_obj=0.291343 memory_barlow=0.000000 target_std=0.9886 pred_std=0.9769 decoded_loss=0.002726 decoded_dynamic=0.004304 presence_loss=0.121857 memory_norm=6.646056
epoch=5 step=15460 total_loss=0.611784 pred_loss=0.399038 pred_uniform=0.396859 rep=0.427766 barlow=1.014083 barlow_diag=0.0036 barlow_offdiag=0.1547 sigreg_obj=0.383119 memory_barlow=0.000000 target_std=0.9810 pred_std=0.9607 decoded_loss=0.002139 decoded_dynamic=0.003607 presence_loss=0.085451 memory_norm=6.695627
epoch=5 step=15470 total_loss=0.606082 pred_loss=0.404965 pred_uniform=0.406247 rep=0.415671 barlow=1.021158 barlow_diag=-0.0002 barlow_offdiag=0.1467 sigreg_obj=0.425453 memory_barlow=0.000000 target_std=0.9727 pred_std=0.9467 decoded_loss=0.003060 decoded_dynamic=0.003931 presence_loss=0.105692 memory_norm=7.129634
epoch=5 step=15480 total_loss=0.521844 pred_loss=0.343898 pred_uniform=0.343340 rep=0.376890 barlow=1.029923 barlow_diag=-0.0059 barlow_offdiag=0.1375 sigreg_obj=0.334158 memory_barlow=0.000000 target_std=0.9858 pred_std=0.9744 decoded_loss=0.003839 decoded_dynamic=0.006278 presence_loss=0.181395 memory_norm=6.811878
epoch=5 step=15490 total_loss=0.501749 pred_loss=0.335808 pred_uniform=0.337337 rep=0.370763 barlow=1.034204 barlow_diag=-0.0075 barlow_offdiag=0.1435 sigreg_obj=0.411960 memory_barlow=0.000000 target_std=0.9786 pred_std=0.9657 decoded_loss=0.003842 decoded_dynamic=0.005603 presence_loss=0.165704 memory_norm=7.464355
saved_recovery_checkpoint epoch=5 step=15500 successful_updates=15500
epoch=5 step=15500 total_loss=0.601295 pred_loss=0.394494 pred_uniform=0.393148 rep=0.422966 barlow=1.025453 barlow_diag=-0.0027 barlow_offdiag=0.1483 sigreg_obj=0.394499 memory_barlow=0.000000 target_std=0.9854 pred_std=0.9729 decoded_loss=0.002836 decoded_dynamic=0.004641 presence_loss=0.131475 memory_norm=7.145587
epoch=5 step=15510 total_loss=0.480749 pred_loss=0.322726 pred_uniform=0.324397 rep=0.343417 barlow=1.036670 barlow_diag=-0.0080 barlow_offdiag=0.1332 sigreg_obj=0.361738 memory_barlow=0.000000 target_std=0.9861 pred_std=0.9749 decoded_loss=0.005446 decoded_dynamic=0.005842 presence_loss=0.208546 memory_norm=7.983732
epoch=5 step=15520 total_loss=0.622476 pred_loss=0.409557 pred_uniform=0.408502 rep=0.440010 barlow=1.029944 barlow_diag=-0.0057 barlow_offdiag=0.1389 sigreg_obj=0.383665 memory_barlow=0.000000 target_std=0.9797 pred_std=0.9591 decoded_loss=0.003273 decoded_dynamic=0.005287 presence_loss=0.133724 memory_norm=8.266752
epoch=5 step=15530 total_loss=0.698159 pred_loss=0.456830 pred_uniform=0.454693 rep=0.481401 barlow=1.033650 barlow_diag=-0.0060 barlow_offdiag=0.1443 sigreg_obj=0.409499 memory_barlow=0.000000 target_std=0.9740 pred_std=0.9435 decoded_loss=0.003955 decoded_dynamic=0.004858 presence_loss=0.119434 memory_norm=7.183008
epoch=5 step=15540 total_loss=0.776284 pred_loss=0.500812 pred_uniform=0.495802 rep=0.546738 barlow=1.038727 barlow_diag=-0.0076 barlow_offdiag=0.1533 sigreg_obj=0.353932 memory_barlow=0.000000 target_std=0.9808 pred_std=0.9499 decoded_loss=0.003087 decoded_dynamic=0.003704 presence_loss=0.087456 memory_norm=5.797917
epoch=5 step=15550 total_loss=0.508621 pred_loss=0.341686 pred_uniform=0.343511 rep=0.360707 barlow=1.029187 barlow_diag=-0.0056 barlow_offdiag=0.1362 sigreg_obj=0.377144 memory_barlow=0.000000 target_std=0.9891 pred_std=0.9808 decoded_loss=0.003973 decoded_dynamic=0.006453 presence_loss=0.157524 memory_norm=7.250237
epoch=5 step=15560 total_loss=0.473121 pred_loss=0.316427 pred_uniform=0.317712 rep=0.363479 barlow=1.016196 barlow_diag=0.0014 barlow_offdiag=0.1376 sigreg_obj=0.406273 memory_barlow=0.000000 target_std=0.9859 pred_std=0.9740 decoded_loss=0.003108 decoded_dynamic=0.005316 presence_loss=0.122708 memory_norm=7.369611
epoch=5 step=15570 total_loss=0.424915 pred_loss=0.288935 pred_uniform=0.291610 rep=0.311339 barlow=1.022671 barlow_diag=-0.0028 barlow_offdiag=0.1315 sigreg_obj=0.313430 memory_barlow=0.000000 target_std=0.9872 pred_std=0.9796 decoded_loss=0.003511 decoded_dynamic=0.005780 presence_loss=0.154770 memory_norm=8.148393
epoch=5 step=15580 total_loss=0.418489 pred_loss=0.285818 pred_uniform=0.288876 rep=0.313954 barlow=1.020495 barlow_diag=0.0005 barlow_offdiag=0.1417 sigreg_obj=0.297978 memory_barlow=0.000000 target_std=0.9850 pred_std=0.9767 decoded_loss=0.004526 decoded_dynamic=0.006827 presence_loss=0.162770 memory_norm=6.941494
epoch=5 step=15590 total_loss=0.604443 pred_loss=0.401813 pred_uniform=0.402828 rep=0.432654 barlow=1.037741 barlow_diag=-0.0049 barlow_offdiag=0.1540 sigreg_obj=0.561713 memory_barlow=0.000000 target_std=0.9672 pred_std=0.9415 decoded_loss=0.002568 decoded_dynamic=0.003694 presence_loss=0.121149 memory_norm=7.350364
epoch=5 step=15600 total_loss=0.444118 pred_loss=0.296988 pred_uniform=0.298026 rep=0.328837 barlow=1.035288 barlow_diag=-0.0089 barlow_offdiag=0.1412 sigreg_obj=0.339692 memory_barlow=0.000000 target_std=0.9877 pred_std=0.9801 decoded_loss=0.002659 decoded_dynamic=0.004466 presence_loss=0.118498 memory_norm=7.284231
epoch=5 step=15610 total_loss=0.553820 pred_loss=0.367399 pred_uniform=0.367683 rep=0.384274 barlow=1.039791 barlow_diag=-0.0102 barlow_offdiag=0.1482 sigreg_obj=0.366948 memory_barlow=0.000000 target_std=0.9802 pred_std=0.9611 decoded_loss=0.003761 decoded_dynamic=0.004722 presence_loss=0.132361 memory_norm=6.940416
epoch=5 step=15620 total_loss=0.606816 pred_loss=0.402133 pred_uniform=0.401877 rep=0.432293 barlow=1.026550 barlow_diag=-0.0032 barlow_offdiag=0.1402 sigreg_obj=0.305944 memory_barlow=0.000000 target_std=0.9805 pred_std=0.9628 decoded_loss=0.002768 decoded_dynamic=0.004479 presence_loss=0.111926 memory_norm=7.559422
epoch_summary epoch=5 step=15625 total_loss=0.549900 pred_loss=0.364286 pred_uniform=0.364352 rep=0.390579 barlow=1.027966 barlow_diag=-0.0040 barlow_offdiag=0.1423 sigreg_obj=0.376341 memory_barlow=0.000000 target_std=0.9831 pred_std=0.9680 decoded_loss=0.003529 presence_loss=0.141410 memory_norm=7.237087
saved_checkpoint runs/rnn_seqmem_exp35_two_mask_simple_loss_5ep_20260707_100311/checkpoint_epoch_005.pt and runs/rnn_seqmem_exp35_two_mask_simple_loss_5ep_20260707_100311/checkpoint.pt
wandb: WARNING Symlinked 1 file into the W&B run directory; call wandb.save again to sync new files.
wandb: WARNING Symlinked 1 file into the W&B run directory; call wandb.save again to sync new files.
wandb: updating run metadata
wandb: uploading runs/rnn_seqmem_exp35_two_mask_simple_loss_5ep_20260707_100311/config.json; uploading runs/rnn_seqmem_exp35_two_mask_simple_loss_5ep_20260707_100311/checkpoint.pt; uploading output.log; uploading wandb-summary.json; uploading config.yaml
wandb: uploading runs/rnn_seqmem_exp35_two_mask_simple_loss_5ep_20260707_100311/checkpoint.pt; uploading output.log; uploading wandb-summary.json; uploading config.yaml
wandb: uploading runs/rnn_seqmem_exp35_two_mask_simple_loss_5ep_20260707_100311/checkpoint.pt; uploading output.log; uploading config.yaml
wandb: uploading runs/rnn_seqmem_exp35_two_mask_simple_loss_5ep_20260707_100311/checkpoint.pt
wandb: uploading history steps 15617-15624, summary, console lines 1642-1646
wandb: 
wandb: Run history:
wandb:      epoch/active_sigreg_weight ▁▁▁▁▁
wandb:      epoch/decoded_dynamic_loss █▂▁▁▁
wandb:              epoch/decoded_loss █▂▁▁▁
wandb:       epoch/decoded_static_loss █▂▁▁▁
wandb:                     epoch/epoch ▁▃▅▆█
wandb:   epoch/memory_barlow_diag_mean ▁▁▁▁▁
wandb:  epoch/memory_barlow_invariance ▁▁▁▁▁
wandb:        epoch/memory_barlow_loss ▁▁▁▁▁
wandb: epoch/memory_barlow_offdiag_rms ▁▁▁▁▁
wandb:         epoch/memory_barlow_raw ▁▁▁▁▁
wandb:                            +100 ...
wandb: 
wandb: Run summary:
wandb:      epoch/active_sigreg_weight 0.01
wandb:      epoch/decoded_dynamic_loss 0.00548
wandb:              epoch/decoded_loss 0.00353
wandb:       epoch/decoded_static_loss 0.00143
wandb:                     epoch/epoch 5
wandb:   epoch/memory_barlow_diag_mean 0
wandb:  epoch/memory_barlow_invariance 0
wandb:        epoch/memory_barlow_loss 0
wandb: epoch/memory_barlow_offdiag_rms 0
wandb:         epoch/memory_barlow_raw 0
wandb:                            +100 ...
wandb: 
wandb: 🚀 View run exp35-two-mask-simple-loss-5ep at: https://wandb.ai/kialok-nus/SMAC-JEPA-losses/runs/aua18he8
wandb: ⭐️ View project at: https://wandb.ai/kialok-nus/SMAC-JEPA-losses
wandb: Synced 5 W&B file(s), 0 media file(s), 0 artifact file(s) and 2 other file(s)
wandb: Find logs at: runs/rnn_seqmem_exp35_two_mask_simple_loss_5ep_20260707_100311/wandb/run-20260707_142209-aua18he8/logs
Exp33 Dreamer checkpoint contract: PASS
checkpoint=runs/rnn_seqmem_exp35_two_mask_simple_loss_5ep_20260707_100311/checkpoint.pt
latent_dim=192
memory_dim=322
recurrent_dim=128
entities=19
presence_rollout_mode=soft
