[eval] ORDINARY_EVAL=/home/jovyan/workspace/dreamer/combined-upload/smac-jepa-wm/eval_jepa_exp31_exp33_anchored.py
[eval] HIDDEN_EVAL=/home/jovyan/workspace/dreamer/combined-upload/smac-jepa-wm/eval_jepa_hidden_belief_exp31_exp33.py
Python executable: /home/jovyan/workspace/dreamer/combined-upload/.venv/bin/python
Torch: 2.11.0+cu126
Torch CUDA build: 12.6
CUDA available: True
smac_jepa: /home/jovyan/workspace/dreamer/combined-upload/smac-jepa-wm/smac_jepa/__init__.py
visibility dataset: /home/jovyan/workspace/dreamer/combined-upload/smac-jepa-wm/smac_jepa/data/markov_rollout_visibility_dataset.py
visibility dataset version: 1
Exp33 launch diagnostics: PASS
Starting a clean training run:
  runs/rnn_seqmem_exp34_two_mask_complex_5ep_20260707_100311
precision_policy policy=bf16(auto) autocast=True grad_scaler=False amp_init_scale=1024.0 amp_growth_interval=10000
visibility_preflight_passed items=1024 hidden_fraction=0.000776
optimizer_parameter_check unique_tensors=214 unique_scalars=6099483 duplicates=0
/home/jovyan/workspace/dreamer/combined-upload/smac-jepa-wm/smac_jepa/train_jepa_exp31_exp35.py:1475: FutureWarning: `torch.cuda.amp.GradScaler(args...)` is deprecated. Please use `torch.amp.GradScaler('cuda', args...)` instead.
  scaler = torch.cuda.amp.GradScaler(enabled=scaler_enabled, init_scale=float(args.amp_init_scale), growth_factor=2.0, backoff_factor=0.5, growth_interval=max(int(args.amp_growth_interval), 1))
wandb: [wandb.login()] Loaded credentials for https://api.wandb.ai from /home/jovyan/.netrc.
wandb: Currently logged in as: kialok (kialok-nus) to https://api.wandb.ai. Use `wandb login --relogin` to force relogin
wandb: setting up run dktl9gmk
wandb: Tracking run with wandb version 0.28.0
wandb: Run data is saved locally in runs/rnn_seqmem_exp34_two_mask_complex_5ep_20260707_100311/wandb/run-20260707_100345-dktl9gmk
wandb: Run `wandb offline` to turn off syncing.
wandb: Syncing run exp34-two-mask-complex-5ep
wandb: ⭐️ View project at https://wandb.ai/kialok-nus/SMAC-JEPA-losses
wandb: 🚀 View run at https://wandb.ai/kialok-nus/SMAC-JEPA-losses/runs/dktl9gmk
markov_rollout_rnn_visibility_seqmem_r2offline p=20 n=5 memory_dim=322 enemy_visibility_mask=True sight_range=9.0 temporal_loss=lambda td_lambda=0.9 r2_dyn_scale=1.0 r2_rep_scale=0.1 r2_barlow_scale=0.05 r2_barlow_lambda=0.0005 r2_latent_normalize=True sigreg_weight=0.01 sigreg_weight_start=None sigreg_weight_end=None sigreg_warmup_epochs=0 decoder_weight=0.01 presence_weight=0.01 action_conditioned_memory=True one_step_weight=0.5 target_mode=full ema_target_encoder=True ema_momentum=0.996 memory_barlow_scale=0.0 event_balanced_sampling=False event_fraction=0.3 event_pool_fraction=0.2 window_mode=random samples_per_epoch=50000 blocker_fixes=hidden_belief,predicted_presence,consistent_chronology,feature_masked_decoder,agent_aware_actions
epoch_schedule epoch=1 active_sigreg_weight=0.010000
/home/jovyan/workspace/dreamer/combined-upload/smac-jepa-wm/smac_jepa/train_jepa_exp31_exp35.py:1280: FutureWarning: `torch.cuda.amp.autocast(args...)` is deprecated. Please use `torch.amp.autocast('cuda', args...)` instead.
  with torch.cuda.amp.autocast(enabled=False) if pred_latent.is_cuda else nullcontext():
/home/jovyan/workspace/dreamer/combined-upload/smac-jepa-wm/smac_jepa/train_jepa_exp31_exp35.py:1295: FutureWarning: `torch.cuda.amp.autocast(args...)` is deprecated. Please use `torch.amp.autocast('cuda', args...)` instead.
  with torch.cuda.amp.autocast(enabled=False) if pred_latent.is_cuda else nullcontext():
epoch=1 step=1 total_loss=3.220259 pred_loss=1.982731 pred_uniform=1.983171 rep=1.982731 barlow=1.094543 barlow_diag=0.0185 barlow_offdiag=0.3446 sigreg_obj=9.895687 memory_barlow=0.000000 target_std=0.7517 pred_std=0.1665 decoded_loss=0.112841 decoded_dynamic=0.140522 presence_loss=0.680084 memory_norm=6.179845
epoch=1 step=10 total_loss=3.200083 pred_loss=1.970658 pred_uniform=1.971310 rep=1.966076 barlow=1.095982 barlow_diag=0.0227 barlow_offdiag=0.3508 sigreg_obj=10.283319 memory_barlow=0.000000 target_std=0.7507 pred_std=0.1531 decoded_loss=0.107337 decoded_dynamic=0.124210 presence_loss=0.680184 memory_norm=6.434382
epoch=1 step=20 total_loss=3.116418 pred_loss=1.919613 pred_uniform=1.920299 rep=1.900833 barlow=1.069752 barlow_diag=0.0256 barlow_offdiag=0.3334 sigreg_obj=12.481483 memory_barlow=0.000000 target_std=0.7532 pred_std=0.1503 decoded_loss=0.108513 decoded_dynamic=0.132646 presence_loss=0.683022 memory_norm=7.984043
epoch=1 step=30 total_loss=2.983987 pred_loss=1.837981 pred_uniform=1.838509 rep=1.794311 barlow=1.068878 barlow_diag=0.0279 barlow_offdiag=0.3319 sigreg_obj=11.655262 memory_barlow=0.000000 target_std=0.7527 pred_std=0.1518 decoded_loss=0.098411 decoded_dynamic=0.117262 presence_loss=0.683765 memory_norm=6.436913
epoch=1 step=40 total_loss=2.806838 pred_loss=1.731610 pred_uniform=1.732132 rep=1.652779 barlow=1.050234 barlow_diag=0.0380 barlow_offdiag=0.3385 sigreg_obj=12.295536 memory_barlow=0.000000 target_std=0.7501 pred_std=0.1523 decoded_loss=0.100879 decoded_dynamic=0.117119 presence_loss=0.693246 memory_norm=7.579204
epoch=1 step=50 total_loss=2.565974 pred_loss=1.582420 pred_uniform=1.582856 rep=1.462197 barlow=1.028007 barlow_diag=0.0511 barlow_offdiag=0.3477 sigreg_obj=11.065531 memory_barlow=0.000000 target_std=0.7504 pred_std=0.1486 decoded_loss=0.096267 decoded_dynamic=0.108387 presence_loss=0.705872 memory_norm=6.338936
epoch=1 step=60 total_loss=2.293040 pred_loss=1.415497 pred_uniform=1.415865 rep=1.253605 barlow=0.999872 barlow_diag=0.0604 barlow_offdiag=0.3337 sigreg_obj=12.439924 memory_barlow=0.000000 target_std=0.7499 pred_std=0.1446 decoded_loss=0.090005 decoded_dynamic=0.112295 presence_loss=0.723915 memory_norm=7.349531
epoch=1 step=70 total_loss=2.019391 pred_loss=1.248169 pred_uniform=1.248573 rep=1.052001 barlow=0.962293 barlow_diag=0.0797 barlow_offdiag=0.3376 sigreg_obj=12.634195 memory_barlow=0.000000 target_std=0.7487 pred_std=0.1331 decoded_loss=0.072111 decoded_dynamic=0.079634 presence_loss=0.789016 memory_norm=6.579026
epoch=1 step=80 total_loss=1.760938 pred_loss=1.088943 pred_uniform=1.089755 rep=0.874712 barlow=0.912659 barlow_diag=0.1110 barlow_offdiag=0.3486 sigreg_obj=14.439308 memory_barlow=0.000000 target_std=0.7459 pred_std=0.1391 decoded_loss=0.079771 decoded_dynamic=0.091399 presence_loss=0.797119 memory_norm=7.337517
epoch=1 step=90 total_loss=1.586226 pred_loss=0.982473 pred_uniform=0.983638 rep=0.752940 barlow=0.847877 barlow_diag=0.1386 barlow_offdiag=0.3355 sigreg_obj=14.972342 memory_barlow=0.000000 target_std=0.7502 pred_std=0.1557 decoded_loss=0.077149 decoded_dynamic=0.090564 presence_loss=0.786731 memory_norm=7.443285
epoch=1 step=100 total_loss=1.393938 pred_loss=0.865833 pred_uniform=0.867320 rep=0.606816 barlow=0.767877 barlow_diag=0.1855 barlow_offdiag=0.3449 sigreg_obj=15.400820 memory_barlow=0.000000 target_std=0.7415 pred_std=0.1415 decoded_loss=0.067658 decoded_dynamic=0.085830 presence_loss=0.827358 memory_norm=6.605480
epoch=1 step=110 total_loss=1.241185 pred_loss=0.778978 pred_uniform=0.781782 rep=0.515626 barlow=0.682339 barlow_diag=0.2385 barlow_offdiag=0.3583 sigreg_obj=14.849135 memory_barlow=0.000000 target_std=0.7371 pred_std=0.1628 decoded_loss=0.061758 decoded_dynamic=0.086187 presence_loss=0.777294 memory_norm=5.801902
epoch=1 step=120 total_loss=1.163052 pred_loss=0.731532 pred_uniform=0.735052 rep=0.473051 barlow=0.612240 barlow_diag=0.2744 barlow_offdiag=0.3455 sigreg_obj=18.427933 memory_barlow=0.000000 target_std=0.7398 pred_std=0.1773 decoded_loss=0.060592 decoded_dynamic=0.081376 presence_loss=0.835336 memory_norm=7.099398
epoch=1 step=130 total_loss=1.076744 pred_loss=0.683372 pred_uniform=0.688786 rep=0.428021 barlow=0.521021 barlow_diag=0.3333 barlow_offdiag=0.3550 sigreg_obj=21.350773 memory_barlow=0.000000 target_std=0.7346 pred_std=0.1692 decoded_loss=0.062366 decoded_dynamic=0.083816 presence_loss=0.882393 memory_norm=7.657223
epoch=1 step=140 total_loss=0.976960 pred_loss=0.619991 pred_uniform=0.626859 rep=0.392451 barlow=0.439604 barlow_diag=0.3899 barlow_offdiag=0.3621 sigreg_obj=22.137585 memory_barlow=0.000000 target_std=0.7278 pred_std=0.2334 decoded_loss=0.061813 decoded_dynamic=0.089688 presence_loss=0.930066 memory_norm=7.893195
epoch=1 step=150 total_loss=0.969279 pred_loss=0.597591 pred_uniform=0.599240 rep=0.412703 barlow=0.377441 barlow_diag=0.4405 barlow_offdiag=0.3793 sigreg_obj=19.449141 memory_barlow=0.000000 target_std=0.7228 pred_std=0.4216 decoded_loss=0.058518 decoded_dynamic=0.089087 presence_loss=1.054064 memory_norm=6.591110
epoch=1 step=160 total_loss=0.793937 pred_loss=0.487262 pred_uniform=0.488924 rep=0.309095 barlow=0.356268 barlow_diag=0.4554 barlow_offdiag=0.3765 sigreg_obj=20.647329 memory_barlow=0.000000 target_std=0.7150 pred_std=0.4276 decoded_loss=0.052002 decoded_dynamic=0.079914 presence_loss=0.957392 memory_norm=7.416540
epoch=1 step=170 total_loss=0.794402 pred_loss=0.486872 pred_uniform=0.487942 rep=0.299307 barlow=0.293202 barlow_diag=0.5193 barlow_offdiag=0.4020 sigreg_obj=19.214970 memory_barlow=0.000000 target_std=0.6972 pred_std=0.3775 decoded_loss=0.046477 decoded_dynamic=0.075336 presence_loss=1.110117 memory_norm=5.587070
epoch=1 step=180 total_loss=0.721578 pred_loss=0.440533 pred_uniform=0.441668 rep=0.273067 barlow=0.280605 barlow_diag=0.5260 barlow_offdiag=0.3965 sigreg_obj=19.200989 memory_barlow=0.000000 target_std=0.6985 pred_std=0.4057 decoded_loss=0.048590 decoded_dynamic=0.078884 presence_loss=1.029226 memory_norm=5.974548
epoch=1 step=190 total_loss=0.680524 pred_loss=0.409956 pred_uniform=0.410315 rep=0.250317 barlow=0.243326 barlow_diag=0.5607 barlow_offdiag=0.4038 sigreg_obj=20.413450 memory_barlow=0.000000 target_std=0.6898 pred_std=0.3982 decoded_loss=0.041855 decoded_dynamic=0.067816 presence_loss=1.125105 memory_norm=6.173612
epoch=1 step=200 total_loss=0.600840 pred_loss=0.363021 pred_uniform=0.364755 rep=0.231246 barlow=0.201071 barlow_diag=0.6037 barlow_offdiag=0.4106 sigreg_obj=20.263336 memory_barlow=0.000000 target_std=0.6821 pred_std=0.4241 decoded_loss=0.047474 decoded_dynamic=0.077733 presence_loss=0.876990 memory_norm=6.196507
epoch=1 step=210 total_loss=0.625564 pred_loss=0.378688 pred_uniform=0.380198 rep=0.248017 barlow=0.173013 barlow_diag=0.6331 barlow_offdiag=0.4100 sigreg_obj=17.818060 memory_barlow=0.000000 target_std=0.6758 pred_std=0.3907 decoded_loss=0.038482 decoded_dynamic=0.065884 presence_loss=1.020286 memory_norm=5.664087
epoch=1 step=220 total_loss=0.505906 pred_loss=0.305725 pred_uniform=0.308185 rep=0.212301 barlow=0.152447 barlow_diag=0.6554 barlow_offdiag=0.4000 sigreg_obj=18.436102 memory_barlow=0.000000 target_std=0.6725 pred_std=0.4548 decoded_loss=0.042568 decoded_dynamic=0.068490 presence_loss=0.747899 memory_norm=7.050992
epoch=1 step=230 total_loss=0.479641 pred_loss=0.290203 pred_uniform=0.292889 rep=0.211725 barlow=0.131706 barlow_diag=0.6816 barlow_offdiag=0.3999 sigreg_obj=17.110384 memory_barlow=0.000000 target_std=0.6672 pred_std=0.4501 decoded_loss=0.040699 decoded_dynamic=0.068003 presence_loss=0.728748 memory_norm=6.508770
epoch=1 step=240 total_loss=0.472810 pred_loss=0.282347 pred_uniform=0.284971 rep=0.219608 barlow=0.121832 barlow_diag=0.6942 barlow_offdiag=0.3915 sigreg_obj=17.841553 memory_barlow=0.000000 target_std=0.6635 pred_std=0.4631 decoded_loss=0.041742 decoded_dynamic=0.071276 presence_loss=0.794998 memory_norm=6.933788
saved_recovery_checkpoint epoch=1 step=250 successful_updates=250
epoch=1 step=250 total_loss=0.479417 pred_loss=0.282873 pred_uniform=0.284969 rep=0.221167 barlow=0.102300 barlow_diag=0.7266 barlow_offdiag=0.4056 sigreg_obj=17.479496 memory_barlow=0.000000 target_std=0.6586 pred_std=0.4462 decoded_loss=0.042263 decoded_dynamic=0.071759 presence_loss=0.965483 memory_norm=6.619937
epoch=1 step=260 total_loss=0.434096 pred_loss=0.255657 pred_uniform=0.258266 rep=0.217023 barlow=0.101155 barlow_diag=0.7239 barlow_offdiag=0.3879 sigreg_obj=16.991615 memory_barlow=0.000000 target_std=0.6554 pred_std=0.4823 decoded_loss=0.043886 decoded_dynamic=0.076569 presence_loss=1.015266 memory_norm=7.523008
epoch=1 step=270 total_loss=0.444333 pred_loss=0.258852 pred_uniform=0.260562 rep=0.226681 barlow=0.090489 barlow_diag=0.7426 barlow_offdiag=0.3864 sigreg_obj=15.309994 memory_barlow=0.000000 target_std=0.6546 pred_std=0.4750 decoded_loss=0.036462 decoded_dynamic=0.065309 presence_loss=0.995613 memory_norm=6.540798
epoch=1 step=280 total_loss=0.372720 pred_loss=0.216491 pred_uniform=0.219402 rep=0.185730 barlow=0.081658 barlow_diag=0.7573 barlow_offdiag=0.3894 sigreg_obj=17.860321 memory_barlow=0.000000 target_std=0.6528 pred_std=0.5110 decoded_loss=0.044648 decoded_dynamic=0.077604 presence_loss=0.788810 memory_norm=8.603342
epoch=1 step=290 total_loss=0.446835 pred_loss=0.254766 pred_uniform=0.254088 rep=0.230912 barlow=0.074699 barlow_diag=0.7765 barlow_offdiag=0.4130 sigreg_obj=12.906412 memory_barlow=0.000000 target_std=0.6484 pred_std=0.4761 decoded_loss=0.039189 decoded_dynamic=0.067977 presence_loss=1.301670 memory_norm=5.559749
epoch=1 step=300 total_loss=0.463612 pred_loss=0.260609 pred_uniform=0.260054 rep=0.231465 barlow=0.092738 barlow_diag=0.7379 barlow_offdiag=0.3814 sigreg_obj=17.886518 memory_barlow=0.000000 target_std=0.6498 pred_std=0.4686 decoded_loss=0.035620 decoded_dynamic=0.064138 presence_loss=1.288929 memory_norm=7.581760
epoch=1 step=310 total_loss=0.401071 pred_loss=0.226126 pred_uniform=0.226396 rep=0.201459 barlow=0.063171 barlow_diag=0.7997 barlow_offdiag=0.4066 sigreg_obj=14.369369 memory_barlow=0.000000 target_std=0.6471 pred_std=0.4975 decoded_loss=0.038348 decoded_dynamic=0.064114 presence_loss=1.170640 memory_norm=6.587859
epoch=1 step=320 total_loss=0.386096 pred_loss=0.213003 pred_uniform=0.213217 rep=0.190506 barlow=0.064748 barlow_diag=0.7917 barlow_offdiag=0.3995 sigreg_obj=17.958752 memory_barlow=0.000000 target_std=0.6449 pred_std=0.5027 decoded_loss=0.038258 decoded_dynamic=0.067307 presence_loss=1.125630 memory_norm=7.920396
epoch=1 step=330 total_loss=0.385660 pred_loss=0.211893 pred_uniform=0.211092 rep=0.202448 barlow=0.055608 barlow_diag=0.8139 barlow_offdiag=0.4054 sigreg_obj=13.819326 memory_barlow=0.000000 target_std=0.6439 pred_std=0.5016 decoded_loss=0.041244 decoded_dynamic=0.065364 presence_loss=1.152904 memory_norm=6.488588
epoch=1 step=340 total_loss=0.384883 pred_loss=0.207316 pred_uniform=0.206342 rep=0.192334 barlow=0.058189 barlow_diag=0.8074 barlow_offdiag=0.4062 sigreg_obj=17.236963 memory_barlow=0.000000 target_std=0.6421 pred_std=0.5080 decoded_loss=0.042904 decoded_dynamic=0.070867 presence_loss=1.267728 memory_norm=7.195346
epoch=1 step=350 total_loss=0.357554 pred_loss=0.195127 pred_uniform=0.195061 rep=0.190740 barlow=0.051996 barlow_diag=0.8201 barlow_offdiag=0.4000 sigreg_obj=13.892376 memory_barlow=0.000000 target_std=0.6457 pred_std=0.5262 decoded_loss=0.040629 decoded_dynamic=0.070813 presence_loss=1.046057 memory_norm=7.038341
epoch=1 step=360 total_loss=0.329957 pred_loss=0.176557 pred_uniform=0.176421 rep=0.163794 barlow=0.043857 barlow_diag=0.8440 barlow_offdiag=0.4120 sigreg_obj=13.789283 memory_barlow=0.000000 target_std=0.6386 pred_std=0.5259 decoded_loss=0.041119 decoded_dynamic=0.065922 presence_loss=0.917528 memory_norm=6.111969
epoch=1 step=370 total_loss=0.275515 pred_loss=0.147578 pred_uniform=0.149000 rep=0.146993 barlow=0.049540 barlow_diag=0.8244 barlow_offdiag=0.3919 sigreg_obj=14.812080 memory_barlow=0.000000 target_std=0.6479 pred_std=0.5539 decoded_loss=0.043324 decoded_dynamic=0.075215 presence_loss=0.658781 memory_norm=7.746120
epoch=1 step=380 total_loss=0.278552 pred_loss=0.146209 pred_uniform=0.147209 rep=0.150054 barlow=0.040060 barlow_diag=0.8544 barlow_offdiag=0.4065 sigreg_obj=14.243705 memory_barlow=0.000000 target_std=0.6425 pred_std=0.5502 decoded_loss=0.042841 decoded_dynamic=0.073001 presence_loss=0.887134 memory_norm=7.154512
epoch=1 step=390 total_loss=0.350378 pred_loss=0.181015 pred_uniform=0.179648 rep=0.188022 barlow=0.047999 barlow_diag=0.8293 barlow_offdiag=0.4025 sigreg_obj=14.523838 memory_barlow=0.000000 target_std=0.6419 pred_std=0.5406 decoded_loss=0.041722 decoded_dynamic=0.071625 presence_loss=1.457340 memory_norm=7.467234
epoch=1 step=400 total_loss=0.291875 pred_loss=0.150182 pred_uniform=0.149641 rep=0.166412 barlow=0.041303 barlow_diag=0.8465 barlow_offdiag=0.3960 sigreg_obj=13.005074 memory_barlow=0.000000 target_std=0.6453 pred_std=0.5550 decoded_loss=0.039613 decoded_dynamic=0.069172 presence_loss=1.047255 memory_norm=7.529552
epoch=1 step=410 total_loss=0.359639 pred_loss=0.190178 pred_uniform=0.188761 rep=0.195717 barlow=0.038123 barlow_diag=0.8595 barlow_offdiag=0.4092 sigreg_obj=12.909040 memory_barlow=0.000000 target_std=0.6429 pred_std=0.5288 decoded_loss=0.037612 decoded_dynamic=0.062072 presence_loss=1.195992 memory_norm=6.304505
epoch=1 step=420 total_loss=0.311844 pred_loss=0.160886 pred_uniform=0.159727 rep=0.163607 barlow=0.037174 barlow_diag=0.8606 barlow_offdiag=0.4023 sigreg_obj=13.945276 memory_barlow=0.000000 target_std=0.6449 pred_std=0.5535 decoded_loss=0.042507 decoded_dynamic=0.072062 presence_loss=1.030091 memory_norm=7.214804
epoch=1 step=430 total_loss=0.286112 pred_loss=0.145210 pred_uniform=0.145075 rep=0.156046 barlow=0.035581 barlow_diag=0.8629 barlow_offdiag=0.3933 sigreg_obj=13.791579 memory_barlow=0.000000 target_std=0.6472 pred_std=0.5526 decoded_loss=0.039665 decoded_dynamic=0.068033 presence_loss=0.941953 memory_norm=7.840569
epoch=1 step=440 total_loss=0.284132 pred_loss=0.142311 pred_uniform=0.141754 rep=0.155659 barlow=0.034999 barlow_diag=0.8692 barlow_offdiag=0.4077 sigreg_obj=14.186957 memory_barlow=0.000000 target_std=0.6361 pred_std=0.5456 decoded_loss=0.039283 decoded_dynamic=0.068897 presence_loss=0.974577 memory_norm=7.512820
epoch=1 step=450 total_loss=0.294120 pred_loss=0.147757 pred_uniform=0.146737 rep=0.181985 barlow=0.031191 barlow_diag=0.8787 barlow_offdiag=0.3936 sigreg_obj=12.489483 memory_barlow=0.000000 target_std=0.6474 pred_std=0.5636 decoded_loss=0.041055 decoded_dynamic=0.067283 presence_loss=0.997226 memory_norm=7.690387
epoch=1 step=460 total_loss=0.256655 pred_loss=0.125963 pred_uniform=0.125325 rep=0.156536 barlow=0.030012 barlow_diag=0.8839 barlow_offdiag=0.3994 sigreg_obj=12.038063 memory_barlow=0.000000 target_std=0.6477 pred_std=0.5703 decoded_loss=0.042169 decoded_dynamic=0.071784 presence_loss=0.872066 memory_norm=7.381477
epoch=1 step=470 total_loss=0.256308 pred_loss=0.124129 pred_uniform=0.123111 rep=0.151642 barlow=0.028777 barlow_diag=0.8899 barlow_offdiag=0.4036 sigreg_obj=12.402773 memory_barlow=0.000000 target_std=0.6499 pred_std=0.5762 decoded_loss=0.039196 decoded_dynamic=0.067585 presence_loss=1.021231 memory_norm=7.311600
epoch=1 step=480 total_loss=0.241238 pred_loss=0.119149 pred_uniform=0.119411 rep=0.131624 barlow=0.028475 barlow_diag=0.8891 barlow_offdiag=0.3974 sigreg_obj=12.021624 memory_barlow=0.000000 target_std=0.6488 pred_std=0.5849 decoded_loss=0.040731 decoded_dynamic=0.067148 presence_loss=0.762999 memory_norm=7.256376
epoch=1 step=490 total_loss=0.237635 pred_loss=0.114576 pred_uniform=0.113978 rep=0.130000 barlow=0.028075 barlow_diag=0.8891 barlow_offdiag=0.3924 sigreg_obj=11.556707 memory_barlow=0.000000 target_std=0.6532 pred_std=0.5923 decoded_loss=0.042427 decoded_dynamic=0.074636 presence_loss=0.798562 memory_norm=7.476498
saved_recovery_checkpoint epoch=1 step=500 successful_updates=500
epoch=1 step=500 total_loss=0.229629 pred_loss=0.107730 pred_uniform=0.106537 rep=0.141696 barlow=0.027001 barlow_diag=0.8960 barlow_offdiag=0.4002 sigreg_obj=10.458776 memory_barlow=0.000000 target_std=0.6522 pred_std=0.5922 decoded_loss=0.040590 decoded_dynamic=0.067868 presence_loss=0.877140 memory_norm=7.469367
epoch=1 step=510 total_loss=0.205556 pred_loss=0.093489 pred_uniform=0.094285 rep=0.131177 barlow=0.028563 barlow_diag=0.8865 barlow_offdiag=0.3899 sigreg_obj=12.856147 memory_barlow=0.000000 target_std=0.6548 pred_std=0.5965 decoded_loss=0.048147 decoded_dynamic=0.080637 presence_loss=0.822720 memory_norm=9.930433
epoch=1 step=520 total_loss=0.219978 pred_loss=0.101921 pred_uniform=0.100597 rep=0.138344 barlow=0.025207 barlow_diag=0.9017 barlow_offdiag=0.3934 sigreg_obj=9.976123 memory_barlow=0.000000 target_std=0.6612 pred_std=0.6092 decoded_loss=0.041078 decoded_dynamic=0.071364 presence_loss=0.911538 memory_norm=7.841679
epoch=1 step=530 total_loss=0.369350 pred_loss=0.179184 pred_uniform=0.174090 rep=0.205131 barlow=0.026734 barlow_diag=0.8958 barlow_offdiag=0.3970 sigreg_obj=12.534174 memory_barlow=0.000000 target_std=0.6593 pred_std=0.5629 decoded_loss=0.038332 decoded_dynamic=0.068407 presence_loss=1.259111 memory_norm=6.754113
epoch=1 step=540 total_loss=0.173268 pred_loss=0.074065 pred_uniform=0.072983 rep=0.104565 barlow=0.023649 barlow_diag=0.9154 barlow_offdiag=0.4084 sigreg_obj=9.251905 memory_barlow=0.000000 target_std=0.6555 pred_std=0.6175 decoded_loss=0.040945 decoded_dynamic=0.071419 presence_loss=0.853498 memory_norm=6.917730
epoch=1 step=550 total_loss=0.303089 pred_loss=0.143732 pred_uniform=0.141439 rep=0.151351 barlow=0.026379 barlow_diag=0.8983 barlow_offdiag=0.3976 sigreg_obj=14.261745 memory_barlow=0.000000 target_std=0.6606 pred_std=0.5981 decoded_loss=0.041313 decoded_dynamic=0.074507 presence_loss=1.198556 memory_norm=7.743789
epoch=1 step=560 total_loss=0.213609 pred_loss=0.099306 pred_uniform=0.097594 rep=0.156491 barlow=0.022191 barlow_diag=0.9181 barlow_offdiag=0.3969 sigreg_obj=7.821708 memory_barlow=0.000000 target_std=0.6717 pred_std=0.6200 decoded_loss=0.039870 decoded_dynamic=0.069265 presence_loss=0.890295 memory_norm=6.702892
epoch=1 step=570 total_loss=0.213136 pred_loss=0.098529 pred_uniform=0.098093 rep=0.113594 barlow=0.022653 barlow_diag=0.9120 barlow_offdiag=0.3882 sigreg_obj=9.913946 memory_barlow=0.000000 target_std=0.6578 pred_std=0.6088 decoded_loss=0.043417 decoded_dynamic=0.069416 presence_loss=0.788317 memory_norm=7.634685
epoch=1 step=580 total_loss=0.227455 pred_loss=0.106159 pred_uniform=0.103910 rep=0.142432 barlow=0.021303 barlow_diag=0.9238 barlow_offdiag=0.3980 sigreg_obj=7.967109 memory_barlow=0.000000 target_std=0.6739 pred_std=0.6133 decoded_loss=0.036485 decoded_dynamic=0.064548 presence_loss=0.949513 memory_norm=6.650377
epoch=1 step=590 total_loss=0.250553 pred_loss=0.119222 pred_uniform=0.116521 rep=0.168990 barlow=0.022605 barlow_diag=0.9119 barlow_offdiag=0.3876 sigreg_obj=6.736509 memory_barlow=0.000000 target_std=0.6651 pred_std=0.6058 decoded_loss=0.036103 decoded_dynamic=0.061032 presence_loss=1.079009 memory_norm=6.665998
epoch=1 step=600 total_loss=0.372628 pred_loss=0.180640 pred_uniform=0.174630 rep=0.193828 barlow=0.024302 barlow_diag=0.9081 barlow_offdiag=0.3987 sigreg_obj=11.018894 memory_barlow=0.000000 target_std=0.6773 pred_std=0.5831 decoded_loss=0.034574 decoded_dynamic=0.061574 presence_loss=1.358479 memory_norm=6.645409
epoch=1 step=610 total_loss=0.238224 pred_loss=0.112476 pred_uniform=0.109888 rep=0.177960 barlow=0.021226 barlow_diag=0.9216 barlow_offdiag=0.3924 sigreg_obj=6.626704 memory_barlow=0.000000 target_std=0.6756 pred_std=0.6189 decoded_loss=0.033557 decoded_dynamic=0.056946 presence_loss=0.929063 memory_norm=7.211544
epoch=1 step=620 total_loss=0.238106 pred_loss=0.116740 pred_uniform=0.114324 rep=0.137556 barlow=0.021737 barlow_diag=0.9130 barlow_offdiag=0.3785 sigreg_obj=5.782094 memory_barlow=0.000000 target_std=0.6934 pred_std=0.6333 decoded_loss=0.034094 decoded_dynamic=0.057972 presence_loss=0.865474 memory_norm=6.131443
epoch=1 step=630 total_loss=0.270830 pred_loss=0.127030 pred_uniform=0.123396 rep=0.132530 barlow=0.020735 barlow_diag=0.9143 barlow_offdiag=0.3678 sigreg_obj=9.016626 memory_barlow=0.000000 target_std=0.6805 pred_std=0.6209 decoded_loss=0.037105 decoded_dynamic=0.062516 presence_loss=0.874997 memory_norm=7.904168
epoch=1 step=640 total_loss=0.226379 pred_loss=0.106620 pred_uniform=0.104074 rep=0.127369 barlow=0.020902 barlow_diag=0.9153 barlow_offdiag=0.3733 sigreg_obj=6.677380 memory_barlow=0.000000 target_std=0.6926 pred_std=0.6412 decoded_loss=0.038482 decoded_dynamic=0.064543 presence_loss=0.764138 memory_norm=7.147801
epoch=1 step=650 total_loss=0.233027 pred_loss=0.115148 pred_uniform=0.113014 rep=0.129111 barlow=0.022557 barlow_diag=0.9015 barlow_offdiag=0.3580 sigreg_obj=5.197342 memory_barlow=0.000000 target_std=0.7046 pred_std=0.6484 decoded_loss=0.034694 decoded_dynamic=0.061057 presence_loss=0.796034 memory_norm=6.432353
epoch=1 step=660 total_loss=0.205482 pred_loss=0.095535 pred_uniform=0.093264 rep=0.150502 barlow=0.019647 barlow_diag=0.9287 barlow_offdiag=0.3867 sigreg_obj=5.406169 memory_barlow=0.000000 target_std=0.6972 pred_std=0.6564 decoded_loss=0.038343 decoded_dynamic=0.062747 presence_loss=0.718511 memory_norm=6.625635
epoch=1 step=670 total_loss=0.227383 pred_loss=0.103424 pred_uniform=0.100302 rep=0.159185 barlow=0.019215 barlow_diag=0.9310 barlow_offdiag=0.3844 sigreg_obj=6.385501 memory_barlow=0.000000 target_std=0.7065 pred_std=0.6618 decoded_loss=0.040237 decoded_dynamic=0.066888 presence_loss=0.844558 memory_norm=7.187228
epoch=1 step=680 total_loss=0.240139 pred_loss=0.118739 pred_uniform=0.115956 rep=0.138943 barlow=0.019860 barlow_diag=0.9197 barlow_offdiag=0.3711 sigreg_obj=5.346729 memory_barlow=0.000000 target_std=0.7023 pred_std=0.6418 decoded_loss=0.033547 decoded_dynamic=0.059374 presence_loss=0.817306 memory_norm=5.834746
epoch=1 step=690 total_loss=0.244406 pred_loss=0.114395 pred_uniform=0.111973 rep=0.178911 barlow=0.018977 barlow_diag=0.9233 barlow_offdiag=0.3661 sigreg_obj=5.683471 memory_barlow=0.000000 target_std=0.7044 pred_std=0.6474 decoded_loss=0.039752 decoded_dynamic=0.069055 presence_loss=0.789741 memory_norm=7.628538
epoch=1 step=700 total_loss=0.170162 pred_loss=0.072824 pred_uniform=0.071866 rep=0.126957 barlow=0.018331 barlow_diag=0.9276 barlow_offdiag=0.3672 sigreg_obj=6.421083 memory_barlow=0.000000 target_std=0.6954 pred_std=0.6597 decoded_loss=0.039710 decoded_dynamic=0.068474 presence_loss=0.714882 memory_norm=8.541727
epoch=1 step=710 total_loss=0.243272 pred_loss=0.118111 pred_uniform=0.115465 rep=0.137882 barlow=0.020998 barlow_diag=0.9108 barlow_offdiag=0.3639 sigreg_obj=5.627319 memory_barlow=0.000000 target_std=0.6962 pred_std=0.6475 decoded_loss=0.031783 decoded_dynamic=0.056389 presence_loss=0.831860 memory_norm=6.686603
epoch=1 step=720 total_loss=0.228275 pred_loss=0.109427 pred_uniform=0.107169 rep=0.142168 barlow=0.020168 barlow_diag=0.9179 barlow_offdiag=0.3706 sigreg_obj=5.361917 memory_barlow=0.000000 target_std=0.7078 pred_std=0.6489 decoded_loss=0.033678 decoded_dynamic=0.060217 presence_loss=0.690411 memory_norm=7.041620
epoch=1 step=730 total_loss=0.180782 pred_loss=0.079520 pred_uniform=0.078241 rep=0.112307 barlow=0.018187 barlow_diag=0.9314 barlow_offdiag=0.3726 sigreg_obj=6.101055 memory_barlow=0.000000 target_std=0.7104 pred_std=0.6703 decoded_loss=0.038376 decoded_dynamic=0.062304 presence_loss=0.873249 memory_norm=8.054707
epoch=1 step=740 total_loss=0.205774 pred_loss=0.093197 pred_uniform=0.091453 rep=0.153956 barlow=0.017705 barlow_diag=0.9302 barlow_offdiag=0.3640 sigreg_obj=5.886684 memory_barlow=0.000000 target_std=0.7021 pred_std=0.6702 decoded_loss=0.036166 decoded_dynamic=0.063063 presence_loss=0.869132 memory_norm=8.145905
saved_recovery_checkpoint epoch=1 step=750 successful_updates=750
epoch=1 step=750 total_loss=0.211187 pred_loss=0.098863 pred_uniform=0.096476 rep=0.126052 barlow=0.018630 barlow_diag=0.9273 barlow_offdiag=0.3681 sigreg_obj=5.065478 memory_barlow=0.000000 target_std=0.7089 pred_std=0.6764 decoded_loss=0.037735 decoded_dynamic=0.066012 presence_loss=0.712948 memory_norm=6.818690
epoch=1 step=760 total_loss=0.159634 pred_loss=0.069063 pred_uniform=0.067429 rep=0.077090 barlow=0.016638 barlow_diag=0.9360 barlow_offdiag=0.3598 sigreg_obj=5.784601 memory_barlow=0.000000 target_std=0.7373 pred_std=0.7042 decoded_loss=0.036425 decoded_dynamic=0.065899 presence_loss=0.561328 memory_norm=8.491911
epoch=1 step=770 total_loss=0.306403 pred_loss=0.151777 pred_uniform=0.146704 rep=0.144264 barlow=0.018510 barlow_diag=0.9211 barlow_offdiag=0.3542 sigreg_obj=5.706719 memory_barlow=0.000000 target_std=0.7095 pred_std=0.6426 decoded_loss=0.030837 decoded_dynamic=0.054326 presence_loss=0.773059 memory_norm=6.530138
epoch=1 step=780 total_loss=0.259562 pred_loss=0.123327 pred_uniform=0.118758 rep=0.173079 barlow=0.018347 barlow_diag=0.9237 barlow_offdiag=0.3569 sigreg_obj=4.775017 memory_barlow=0.000000 target_std=0.7097 pred_std=0.6403 decoded_loss=0.029066 decoded_dynamic=0.051915 presence_loss=0.667568 memory_norm=7.341550
epoch=1 step=790 total_loss=0.205479 pred_loss=0.099046 pred_uniform=0.097076 rep=0.128136 barlow=0.017253 barlow_diag=0.9329 barlow_offdiag=0.3618 sigreg_obj=4.616189 memory_barlow=0.000000 target_std=0.7190 pred_std=0.6884 decoded_loss=0.037203 decoded_dynamic=0.060118 presence_loss=0.666322 memory_norm=6.837711
epoch=1 step=800 total_loss=0.249087 pred_loss=0.122473 pred_uniform=0.118693 rep=0.138815 barlow=0.018723 barlow_diag=0.9224 barlow_offdiag=0.3610 sigreg_obj=4.549728 memory_barlow=0.000000 target_std=0.7106 pred_std=0.6584 decoded_loss=0.030518 decoded_dynamic=0.051986 presence_loss=0.699836 memory_norm=6.200344
epoch=1 step=810 total_loss=0.194899 pred_loss=0.086204 pred_uniform=0.083305 rep=0.103472 barlow=0.016471 barlow_diag=0.9355 barlow_offdiag=0.3559 sigreg_obj=5.559507 memory_barlow=0.000000 target_std=0.7233 pred_std=0.6900 decoded_loss=0.036296 decoded_dynamic=0.063110 presence_loss=0.706549 memory_norm=8.216080
epoch=1 step=820 total_loss=0.113779 pred_loss=0.045816 pred_uniform=0.045580 rep=0.094639 barlow=0.015804 barlow_diag=0.9373 barlow_offdiag=0.3503 sigreg_obj=3.827483 memory_barlow=0.000000 target_std=0.7384 pred_std=0.7080 decoded_loss=0.041149 decoded_dynamic=0.067362 presence_loss=0.518247 memory_norm=7.409117
epoch=1 step=830 total_loss=0.265281 pred_loss=0.126625 pred_uniform=0.122223 rep=0.147337 barlow=0.016506 barlow_diag=0.9303 barlow_offdiag=0.3466 sigreg_obj=5.538447 memory_barlow=0.000000 target_std=0.7176 pred_std=0.6579 decoded_loss=0.033310 decoded_dynamic=0.060346 presence_loss=0.668737 memory_norm=7.243287
epoch=1 step=840 total_loss=0.203454 pred_loss=0.093635 pred_uniform=0.090656 rep=0.144788 barlow=0.017561 barlow_diag=0.9241 barlow_offdiag=0.3461 sigreg_obj=3.605849 memory_barlow=0.000000 target_std=0.7427 pred_std=0.7138 decoded_loss=0.035636 decoded_dynamic=0.058916 presence_loss=0.727765 memory_norm=7.972111
epoch=1 step=850 total_loss=0.285984 pred_loss=0.141657 pred_uniform=0.136154 rep=0.169716 barlow=0.017535 barlow_diag=0.9313 barlow_offdiag=0.3640 sigreg_obj=4.091497 memory_barlow=0.000000 target_std=0.7285 pred_std=0.6709 decoded_loss=0.028297 decoded_dynamic=0.048319 presence_loss=0.652799 memory_norm=5.778231
epoch=1 step=860 total_loss=0.195753 pred_loss=0.090086 pred_uniform=0.088182 rep=0.176310 barlow=0.018575 barlow_diag=0.9193 barlow_offdiag=0.3491 sigreg_obj=3.621058 memory_barlow=0.000000 target_std=0.7404 pred_std=0.7007 decoded_loss=0.034644 decoded_dynamic=0.060407 presence_loss=0.655643 memory_norm=7.576550
epoch=1 step=870 total_loss=0.274538 pred_loss=0.139929 pred_uniform=0.136029 rep=0.166925 barlow=0.018284 barlow_diag=0.9256 barlow_offdiag=0.3616 sigreg_obj=4.027321 memory_barlow=0.000000 target_std=0.7129 pred_std=0.6452 decoded_loss=0.028183 decoded_dynamic=0.045058 presence_loss=0.439787 memory_norm=5.861567
epoch=1 step=880 total_loss=0.162351 pred_loss=0.073299 pred_uniform=0.073114 rep=0.148652 barlow=0.015620 barlow_diag=0.9367 barlow_offdiag=0.3445 sigreg_obj=4.415582 memory_barlow=0.000000 target_std=0.7274 pred_std=0.6747 decoded_loss=0.034468 decoded_dynamic=0.061859 presence_loss=0.385345 memory_norm=8.808868
epoch=1 step=890 total_loss=0.230215 pred_loss=0.109029 pred_uniform=0.105397 rep=0.110585 barlow=0.016031 barlow_diag=0.9316 barlow_offdiag=0.3406 sigreg_obj=4.904719 memory_barlow=0.000000 target_std=0.7591 pred_std=0.7190 decoded_loss=0.033153 decoded_dynamic=0.057582 presence_loss=0.649875 memory_norm=7.740032
epoch=1 step=900 total_loss=0.212709 pred_loss=0.102437 pred_uniform=0.099370 rep=0.148516 barlow=0.015855 barlow_diag=0.9352 barlow_offdiag=0.3445 sigreg_obj=3.250283 memory_barlow=0.000000 target_std=0.7408 pred_std=0.7051 decoded_loss=0.030916 decoded_dynamic=0.053804 presence_loss=0.521374 memory_norm=6.829453
epoch=1 step=910 total_loss=0.237803 pred_loss=0.114530 pred_uniform=0.109794 rep=0.175228 barlow=0.016924 barlow_diag=0.9256 barlow_offdiag=0.3379 sigreg_obj=2.857508 memory_barlow=0.000000 target_std=0.7422 pred_std=0.7125 decoded_loss=0.026836 decoded_dynamic=0.048817 presence_loss=0.578003 memory_norm=6.666866
epoch=1 step=920 total_loss=0.219408 pred_loss=0.107763 pred_uniform=0.104630 rep=0.140456 barlow=0.014393 barlow_diag=0.9444 barlow_offdiag=0.3423 sigreg_obj=3.146647 memory_barlow=0.000000 target_std=0.7633 pred_std=0.7247 decoded_loss=0.028409 decoded_dynamic=0.051248 presence_loss=0.478562 memory_norm=6.521097
epoch=1 step=930 total_loss=0.305131 pred_loss=0.148469 pred_uniform=0.141762 rep=0.141641 barlow=0.014982 barlow_diag=0.9417 barlow_offdiag=0.3450 sigreg_obj=4.802567 memory_barlow=0.000000 target_std=0.7380 pred_std=0.6936 decoded_loss=0.028298 decoded_dynamic=0.049093 presence_loss=0.648138 memory_norm=6.233922
epoch=1 step=940 total_loss=0.144440 pred_loss=0.065561 pred_uniform=0.064414 rep=0.080781 barlow=0.012978 barlow_diag=0.9482 barlow_offdiag=0.3264 sigreg_obj=3.625195 memory_barlow=0.000000 target_std=0.7754 pred_std=0.7589 decoded_loss=0.033473 decoded_dynamic=0.058292 presence_loss=0.465278 memory_norm=8.430178
epoch=1 step=950 total_loss=0.210529 pred_loss=0.102214 pred_uniform=0.099950 rep=0.130592 barlow=0.014508 barlow_diag=0.9465 barlow_offdiag=0.3477 sigreg_obj=3.720142 memory_barlow=0.000000 target_std=0.7356 pred_std=0.6970 decoded_loss=0.030988 decoded_dynamic=0.048622 presence_loss=0.437798 memory_norm=7.134993
epoch=1 step=960 total_loss=0.206737 pred_loss=0.094571 pred_uniform=0.090866 rep=0.117026 barlow=0.013750 barlow_diag=0.9444 barlow_offdiag=0.3324 sigreg_obj=3.919415 memory_barlow=0.000000 target_std=0.7586 pred_std=0.7301 decoded_loss=0.030890 decoded_dynamic=0.055262 presence_loss=0.653021 memory_norm=8.035582
epoch=1 step=970 total_loss=0.164932 pred_loss=0.076487 pred_uniform=0.075373 rep=0.131886 barlow=0.013038 barlow_diag=0.9489 barlow_offdiag=0.3283 sigreg_obj=3.419819 memory_barlow=0.000000 target_std=0.7615 pred_std=0.7121 decoded_loss=0.034884 decoded_dynamic=0.059729 presence_loss=0.364027 memory_norm=8.615929
epoch=1 step=980 total_loss=0.315651 pred_loss=0.157319 pred_uniform=0.151139 rep=0.178443 barlow=0.014350 barlow_diag=0.9374 barlow_offdiag=0.3276 sigreg_obj=4.027034 memory_barlow=0.000000 target_std=0.7267 pred_std=0.6581 decoded_loss=0.026215 decoded_dynamic=0.042311 presence_loss=0.544940 memory_norm=6.159921
epoch=1 step=990 total_loss=0.172646 pred_loss=0.081449 pred_uniform=0.079447 rep=0.118153 barlow=0.012754 barlow_diag=0.9508 barlow_offdiag=0.3272 sigreg_obj=2.666457 memory_barlow=0.000000 target_std=0.7983 pred_std=0.7702 decoded_loss=0.032801 decoded_dynamic=0.057721 presence_loss=0.499207 memory_norm=6.912875
saved_recovery_checkpoint epoch=1 step=1000 successful_updates=1000
epoch=1 step=1000 total_loss=0.186045 pred_loss=0.093744 pred_uniform=0.092817 rep=0.094058 barlow=0.012088 barlow_diag=0.9510 barlow_offdiag=0.3160 sigreg_obj=3.283025 memory_barlow=0.000000 target_std=0.7969 pred_std=0.7732 decoded_loss=0.030069 decoded_dynamic=0.048878 presence_loss=0.478844 memory_norm=6.436967
epoch=1 step=1010 total_loss=0.206866 pred_loss=0.096912 pred_uniform=0.094051 rep=0.086563 barlow=0.012824 barlow_diag=0.9579 barlow_offdiag=0.3387 sigreg_obj=4.860829 memory_barlow=0.000000 target_std=0.7700 pred_std=0.7308 decoded_loss=0.029235 decoded_dynamic=0.047787 presence_loss=0.394129 memory_norm=6.807487
epoch=1 step=1020 total_loss=0.332693 pred_loss=0.169387 pred_uniform=0.163002 rep=0.173388 barlow=0.013944 barlow_diag=0.9484 barlow_offdiag=0.3420 sigreg_obj=4.327821 memory_barlow=0.000000 target_std=0.7490 pred_std=0.6679 decoded_loss=0.021931 decoded_dynamic=0.037715 presence_loss=0.371667 memory_norm=5.433131
epoch=1 step=1030 total_loss=0.147364 pred_loss=0.067955 pred_uniform=0.067154 rep=0.113359 barlow=0.012373 barlow_diag=0.9538 barlow_offdiag=0.3262 sigreg_obj=2.608542 memory_barlow=0.000000 target_std=0.8056 pred_std=0.7839 decoded_loss=0.034157 decoded_dynamic=0.059678 presence_loss=0.460391 memory_norm=7.192636
epoch=1 step=1040 total_loss=0.268735 pred_loss=0.137027 pred_uniform=0.132730 rep=0.145952 barlow=0.013316 barlow_diag=0.9397 barlow_offdiag=0.3123 sigreg_obj=3.216750 memory_barlow=0.000000 target_std=0.7480 pred_std=0.6884 decoded_loss=0.021298 decoded_dynamic=0.037761 presence_loss=0.388549 memory_norm=5.200057
epoch=1 step=1050 total_loss=0.157001 pred_loss=0.072452 pred_uniform=0.070949 rep=0.115289 barlow=0.012385 barlow_diag=0.9520 barlow_offdiag=0.3219 sigreg_obj=2.776068 memory_barlow=0.000000 target_std=0.7902 pred_std=0.7867 decoded_loss=0.029930 decoded_dynamic=0.051573 presence_loss=0.516490 memory_norm=7.810962
epoch=1 step=1060 total_loss=0.164189 pred_loss=0.077018 pred_uniform=0.075631 rep=0.075440 barlow=0.011826 barlow_diag=0.9609 barlow_offdiag=0.3267 sigreg_obj=3.945525 memory_barlow=0.000000 target_std=0.8159 pred_std=0.7937 decoded_loss=0.029933 decoded_dynamic=0.052314 presence_loss=0.303932 memory_norm=7.560352
epoch=1 step=1070 total_loss=0.251193 pred_loss=0.123087 pred_uniform=0.119317 rep=0.119587 barlow=0.011585 barlow_diag=0.9561 barlow_offdiag=0.3162 sigreg_obj=4.503846 memory_barlow=0.000000 target_std=0.7785 pred_std=0.7449 decoded_loss=0.027472 decoded_dynamic=0.045655 presence_loss=0.401366 memory_norm=7.530560
epoch=1 step=1080 total_loss=0.215869 pred_loss=0.101605 pred_uniform=0.098178 rep=0.124959 barlow=0.013055 barlow_diag=0.9556 barlow_offdiag=0.3392 sigreg_obj=4.009475 memory_barlow=0.000000 target_std=0.7504 pred_std=0.7128 decoded_loss=0.027314 decoded_dynamic=0.048775 presence_loss=0.485744 memory_norm=7.543367
epoch=1 step=1090 total_loss=0.127970 pred_loss=0.057165 pred_uniform=0.056332 rep=0.096886 barlow=0.012334 barlow_diag=0.9588 barlow_offdiag=0.3326 sigreg_obj=2.591329 memory_barlow=0.000000 target_std=0.8229 pred_std=0.8176 decoded_loss=0.031381 decoded_dynamic=0.055962 presence_loss=0.519184 memory_norm=6.824054
epoch=1 step=1100 total_loss=0.199029 pred_loss=0.098240 pred_uniform=0.095378 rep=0.124792 barlow=0.011641 barlow_diag=0.9550 barlow_offdiag=0.3162 sigreg_obj=2.596288 memory_barlow=0.000000 target_std=0.8078 pred_std=0.7804 decoded_loss=0.026270 decoded_dynamic=0.044470 presence_loss=0.414615 memory_norm=7.088630
epoch=1 step=1110 total_loss=0.179396 pred_loss=0.085623 pred_uniform=0.083337 rep=0.101451 barlow=0.010923 barlow_diag=0.9602 barlow_offdiag=0.3111 sigreg_obj=3.049942 memory_barlow=0.000000 target_std=0.8095 pred_std=0.7934 decoded_loss=0.027461 decoded_dynamic=0.044891 presence_loss=0.416357 memory_norm=7.912066
epoch=1 step=1120 total_loss=0.211134 pred_loss=0.103362 pred_uniform=0.100360 rep=0.137157 barlow=0.011013 barlow_diag=0.9570 barlow_offdiag=0.3087 sigreg_obj=2.826401 memory_barlow=0.000000 target_std=0.7915 pred_std=0.7621 decoded_loss=0.027429 decoded_dynamic=0.044305 presence_loss=0.387345 memory_norm=7.511776
epoch=1 step=1130 total_loss=0.194056 pred_loss=0.098334 pred_uniform=0.096788 rep=0.128102 barlow=0.011796 barlow_diag=0.9530 barlow_offdiag=0.3157 sigreg_obj=2.761274 memory_barlow=0.000000 target_std=0.7918 pred_std=0.7610 decoded_loss=0.024653 decoded_dynamic=0.041985 presence_loss=0.334546 memory_norm=6.902030
epoch=1 step=1140 total_loss=0.218347 pred_loss=0.109803 pred_uniform=0.106337 rep=0.116161 barlow=0.010729 barlow_diag=0.9566 barlow_offdiag=0.3027 sigreg_obj=2.744035 memory_barlow=0.000000 target_std=0.8120 pred_std=0.7750 decoded_loss=0.025937 decoded_dynamic=0.040000 presence_loss=0.327448 memory_norm=6.782828
epoch=1 step=1150 total_loss=0.192973 pred_loss=0.091030 pred_uniform=0.088689 rep=0.086285 barlow=0.010697 barlow_diag=0.9589 barlow_offdiag=0.3060 sigreg_obj=4.186278 memory_barlow=0.000000 target_std=0.7762 pred_std=0.7509 decoded_loss=0.025623 decoded_dynamic=0.044111 presence_loss=0.414011 memory_norm=8.398312
epoch=1 step=1160 total_loss=0.149434 pred_loss=0.071749 pred_uniform=0.070705 rep=0.095563 barlow=0.010804 barlow_diag=0.9602 barlow_offdiag=0.3094 sigreg_obj=2.631263 memory_barlow=0.000000 target_std=0.7900 pred_std=0.7627 decoded_loss=0.023090 decoded_dynamic=0.040869 presence_loss=0.390048 memory_norm=6.690694
epoch=1 step=1170 total_loss=0.204656 pred_loss=0.100380 pred_uniform=0.097277 rep=0.111970 barlow=0.010547 barlow_diag=0.9577 barlow_offdiag=0.3018 sigreg_obj=2.674857 memory_barlow=0.000000 target_std=0.8224 pred_std=0.7937 decoded_loss=0.028330 decoded_dynamic=0.048052 presence_loss=0.447848 memory_norm=7.704839
epoch=1 step=1180 total_loss=0.145375 pred_loss=0.068977 pred_uniform=0.067710 rep=0.080421 barlow=0.010244 barlow_diag=0.9619 barlow_offdiag=0.3020 sigreg_obj=2.433826 memory_barlow=0.000000 target_std=0.8186 pred_std=0.8037 decoded_loss=0.028034 decoded_dynamic=0.046633 presence_loss=0.415949 memory_norm=8.064014
epoch=1 step=1190 total_loss=0.164674 pred_loss=0.081590 pred_uniform=0.080368 rep=0.092410 barlow=0.011037 barlow_diag=0.9578 barlow_offdiag=0.3092 sigreg_obj=2.618186 memory_barlow=0.000000 target_std=0.8016 pred_std=0.7664 decoded_loss=0.027614 decoded_dynamic=0.046559 presence_loss=0.332252 memory_norm=7.350414
epoch=1 step=1200 total_loss=0.202942 pred_loss=0.102492 pred_uniform=0.099450 rep=0.102722 barlow=0.009895 barlow_diag=0.9589 barlow_offdiag=0.2919 sigreg_obj=2.572899 memory_barlow=0.000000 target_std=0.8172 pred_std=0.7898 decoded_loss=0.021888 decoded_dynamic=0.037042 presence_loss=0.343150 memory_norm=6.777128
epoch=1 step=1210 total_loss=0.242381 pred_loss=0.119757 pred_uniform=0.115159 rep=0.129736 barlow=0.010731 barlow_diag=0.9611 barlow_offdiag=0.3097 sigreg_obj=2.861021 memory_barlow=0.000000 target_std=0.7957 pred_std=0.7516 decoded_loss=0.024302 decoded_dynamic=0.042015 presence_loss=0.420180 memory_norm=6.604960
epoch=1 step=1220 total_loss=0.110453 pred_loss=0.049873 pred_uniform=0.049712 rep=0.071708 barlow=0.009745 barlow_diag=0.9635 barlow_offdiag=0.2957 sigreg_obj=2.436995 memory_barlow=0.000000 target_std=0.8392 pred_std=0.8281 decoded_loss=0.029909 decoded_dynamic=0.046844 presence_loss=0.410233 memory_norm=8.254855
epoch=1 step=1230 total_loss=0.280940 pred_loss=0.144651 pred_uniform=0.139754 rep=0.136721 barlow=0.010157 barlow_diag=0.9578 barlow_offdiag=0.2947 sigreg_obj=2.964840 memory_barlow=0.000000 target_std=0.7939 pred_std=0.7237 decoded_loss=0.021577 decoded_dynamic=0.036488 presence_loss=0.324762 memory_norm=6.007733
epoch=1 step=1240 total_loss=0.118921 pred_loss=0.052575 pred_uniform=0.051370 rep=0.069285 barlow=0.010007 barlow_diag=0.9642 barlow_offdiag=0.3010 sigreg_obj=2.408974 memory_barlow=0.000000 target_std=0.8343 pred_std=0.8290 decoded_loss=0.026348 decoded_dynamic=0.044696 presence_loss=0.478668 memory_norm=8.312639
saved_recovery_checkpoint epoch=1 step=1250 successful_updates=1250
epoch=1 step=1250 total_loss=0.214070 pred_loss=0.110655 pred_uniform=0.107860 rep=0.105573 barlow=0.009384 barlow_diag=0.9614 barlow_offdiag=0.2862 sigreg_obj=2.651185 memory_barlow=0.000000 target_std=0.8131 pred_std=0.7792 decoded_loss=0.020283 decoded_dynamic=0.033854 presence_loss=0.302645 memory_norm=6.657081
epoch=1 step=1260 total_loss=0.159218 pred_loss=0.076881 pred_uniform=0.075446 rep=0.089891 barlow=0.009515 barlow_diag=0.9636 barlow_offdiag=0.2919 sigreg_obj=2.635435 memory_barlow=0.000000 target_std=0.8028 pred_std=0.7695 decoded_loss=0.022230 decoded_dynamic=0.039788 presence_loss=0.317533 memory_norm=7.566367
epoch=1 step=1270 total_loss=0.146932 pred_loss=0.068937 pred_uniform=0.068021 rep=0.108219 barlow=0.009773 barlow_diag=0.9613 barlow_offdiag=0.2934 sigreg_obj=2.258734 memory_barlow=0.000000 target_std=0.8361 pred_std=0.8061 decoded_loss=0.024788 decoded_dynamic=0.042187 presence_loss=0.427196 memory_norm=8.176052
epoch=1 step=1280 total_loss=0.175541 pred_loss=0.084532 pred_uniform=0.082870 rep=0.127160 barlow=0.009236 barlow_diag=0.9603 barlow_offdiag=0.2815 sigreg_obj=2.420374 memory_barlow=0.000000 target_std=0.7985 pred_std=0.7554 decoded_loss=0.025808 decoded_dynamic=0.040810 presence_loss=0.322500 memory_norm=8.257395
epoch=1 step=1290 total_loss=0.148883 pred_loss=0.069981 pred_uniform=0.068372 rep=0.095476 barlow=0.009113 barlow_diag=0.9637 barlow_offdiag=0.2847 sigreg_obj=2.176756 memory_barlow=0.000000 target_std=0.8545 pred_std=0.8377 decoded_loss=0.024053 decoded_dynamic=0.042237 presence_loss=0.452137 memory_norm=8.296883
epoch=1 step=1300 total_loss=0.188323 pred_loss=0.092832 pred_uniform=0.090065 rep=0.088608 barlow=0.009303 barlow_diag=0.9672 barlow_offdiag=0.2927 sigreg_obj=2.787983 memory_barlow=0.000000 target_std=0.8220 pred_std=0.8111 decoded_loss=0.021521 decoded_dynamic=0.033852 presence_loss=0.306946 memory_norm=6.824824
epoch=1 step=1310 total_loss=0.160416 pred_loss=0.079679 pred_uniform=0.078371 rep=0.078242 barlow=0.009533 barlow_diag=0.9652 barlow_offdiag=0.2942 sigreg_obj=2.443585 memory_barlow=0.000000 target_std=0.8525 pred_std=0.8562 decoded_loss=0.026094 decoded_dynamic=0.042184 presence_loss=0.335501 memory_norm=7.604736
epoch=1 step=1320 total_loss=0.175542 pred_loss=0.088133 pred_uniform=0.085663 rep=0.094061 barlow=0.009712 barlow_diag=0.9660 barlow_offdiag=0.2984 sigreg_obj=1.938961 memory_barlow=0.000000 target_std=0.8549 pred_std=0.8239 decoded_loss=0.020110 decoded_dynamic=0.035307 presence_loss=0.276811 memory_norm=6.239107
epoch=1 step=1330 total_loss=0.179483 pred_loss=0.086342 pred_uniform=0.084437 rep=0.151338 barlow=0.009374 barlow_diag=0.9639 barlow_offdiag=0.2898 sigreg_obj=2.340550 memory_barlow=0.000000 target_std=0.8220 pred_std=0.7756 decoded_loss=0.021923 decoded_dynamic=0.038934 presence_loss=0.239771 memory_norm=7.417337
epoch=1 step=1340 total_loss=0.198444 pred_loss=0.095248 pred_uniform=0.092370 rep=0.147525 barlow=0.009341 barlow_diag=0.9570 barlow_offdiag=0.2782 sigreg_obj=2.510821 memory_barlow=0.000000 target_std=0.7754 pred_std=0.7428 decoded_loss=0.019833 decoded_dynamic=0.031741 presence_loss=0.457539 memory_norm=7.169822
epoch=1 step=1350 total_loss=0.235432 pred_loss=0.118491 pred_uniform=0.115591 rep=0.135917 barlow=0.009095 barlow_diag=0.9629 barlow_offdiag=0.2822 sigreg_obj=3.284772 memory_barlow=0.000000 target_std=0.7649 pred_std=0.7243 decoded_loss=0.018658 decoded_dynamic=0.030644 presence_loss=0.215768 memory_norm=6.539237
epoch=1 step=1360 total_loss=0.137025 pred_loss=0.063942 pred_uniform=0.062011 rep=0.083700 barlow=0.009386 barlow_diag=0.9660 barlow_offdiag=0.2925 sigreg_obj=2.164538 memory_barlow=0.000000 target_std=0.8709 pred_std=0.8428 decoded_loss=0.022357 decoded_dynamic=0.039241 presence_loss=0.330306 memory_norm=7.139877
epoch=1 step=1370 total_loss=0.160568 pred_loss=0.079684 pred_uniform=0.077607 rep=0.085475 barlow=0.008816 barlow_diag=0.9638 barlow_offdiag=0.2793 sigreg_obj=1.938943 memory_barlow=0.000000 target_std=0.8676 pred_std=0.8773 decoded_loss=0.024551 decoded_dynamic=0.044352 presence_loss=0.387381 memory_norm=7.878736
epoch=1 step=1380 total_loss=0.153607 pred_loss=0.074670 pred_uniform=0.073032 rep=0.081797 barlow=0.009070 barlow_diag=0.9671 barlow_offdiag=0.2883 sigreg_obj=2.081021 memory_barlow=0.000000 target_std=0.8563 pred_std=0.8517 decoded_loss=0.022657 decoded_dynamic=0.040352 presence_loss=0.360096 memory_norm=7.247962
epoch=1 step=1390 total_loss=0.166713 pred_loss=0.083816 pred_uniform=0.081923 rep=0.095863 barlow=0.008796 barlow_diag=0.9627 barlow_offdiag=0.2774 sigreg_obj=1.874557 memory_barlow=0.000000 target_std=0.8763 pred_std=0.8664 decoded_loss=0.021590 decoded_dynamic=0.039196 presence_loss=0.404935 memory_norm=7.232049
epoch=1 step=1400 total_loss=0.158071 pred_loss=0.080527 pred_uniform=0.079248 rep=0.090720 barlow=0.009047 barlow_diag=0.9678 barlow_offdiag=0.2885 sigreg_obj=2.202372 memory_barlow=0.000000 target_std=0.8287 pred_std=0.8049 decoded_loss=0.014784 decoded_dynamic=0.025879 presence_loss=0.216539 memory_norm=6.479316
epoch=1 step=1410 total_loss=0.165207 pred_loss=0.083223 pred_uniform=0.082041 rep=0.078181 barlow=0.008613 barlow_diag=0.9661 barlow_offdiag=0.2785 sigreg_obj=2.282663 memory_barlow=0.000000 target_std=0.8622 pred_std=0.8322 decoded_loss=0.022313 decoded_dynamic=0.034428 presence_loss=0.351448 memory_norm=6.733626
epoch=1 step=1420 total_loss=0.166139 pred_loss=0.082551 pred_uniform=0.080072 rep=0.094059 barlow=0.008700 barlow_diag=0.9653 barlow_offdiag=0.2790 sigreg_obj=2.050466 memory_barlow=0.000000 target_std=0.8318 pred_std=0.8017 decoded_loss=0.021415 decoded_dynamic=0.029457 presence_loss=0.254271 memory_norm=6.595695
epoch=1 step=1430 total_loss=0.182888 pred_loss=0.091437 pred_uniform=0.088888 rep=0.073187 barlow=0.008340 barlow_diag=0.9691 barlow_offdiag=0.2773 sigreg_obj=2.752621 memory_barlow=0.000000 target_std=0.8416 pred_std=0.8111 decoded_loss=0.019159 decoded_dynamic=0.029621 presence_loss=0.224023 memory_norm=6.378629
epoch=1 step=1440 total_loss=0.139835 pred_loss=0.070242 pred_uniform=0.069993 rep=0.068650 barlow=0.008366 barlow_diag=0.9689 barlow_offdiag=0.2776 sigreg_obj=2.015445 memory_barlow=0.000000 target_std=0.8672 pred_std=0.8804 decoded_loss=0.022460 decoded_dynamic=0.039862 presence_loss=0.468385 memory_norm=7.276624
epoch=1 step=1450 total_loss=0.127427 pred_loss=0.060058 pred_uniform=0.058932 rep=0.081316 barlow=0.008262 barlow_diag=0.9649 barlow_offdiag=0.2701 sigreg_obj=2.049440 memory_barlow=0.000000 target_std=0.8729 pred_std=0.8695 decoded_loss=0.020006 decoded_dynamic=0.036496 presence_loss=0.324654 memory_norm=8.608200
epoch=1 step=1460 total_loss=0.186713 pred_loss=0.092248 pred_uniform=0.089845 rep=0.130342 barlow=0.008567 barlow_diag=0.9648 barlow_offdiag=0.2758 sigreg_obj=2.287192 memory_barlow=0.000000 target_std=0.8124 pred_std=0.7874 decoded_loss=0.020073 decoded_dynamic=0.033837 presence_loss=0.322137 memory_norm=7.667282
epoch=1 step=1470 total_loss=0.136412 pred_loss=0.065734 pred_uniform=0.064852 rep=0.090507 barlow=0.008278 barlow_diag=0.9678 barlow_offdiag=0.2743 sigreg_obj=1.800530 memory_barlow=0.000000 target_std=0.8489 pred_std=0.8355 decoded_loss=0.022334 decoded_dynamic=0.034829 presence_loss=0.375042 memory_norm=7.192486
epoch=1 step=1480 total_loss=0.163415 pred_loss=0.081032 pred_uniform=0.079608 rep=0.099056 barlow=0.008310 barlow_diag=0.9656 barlow_offdiag=0.2723 sigreg_obj=2.128476 memory_barlow=0.000000 target_std=0.8343 pred_std=0.8278 decoded_loss=0.019792 decoded_dynamic=0.032237 presence_loss=0.390615 memory_norm=6.620655
epoch=1 step=1490 total_loss=0.212118 pred_loss=0.107973 pred_uniform=0.103872 rep=0.112508 barlow=0.008319 barlow_diag=0.9661 barlow_offdiag=0.2730 sigreg_obj=1.968112 memory_barlow=0.000000 target_std=0.8509 pred_std=0.8323 decoded_loss=0.016402 decoded_dynamic=0.029626 presence_loss=0.218100 memory_norm=5.757972
saved_recovery_checkpoint epoch=1 step=1500 successful_updates=1500
epoch=1 step=1500 total_loss=0.156103 pred_loss=0.078869 pred_uniform=0.077254 rep=0.081796 barlow=0.008027 barlow_diag=0.9689 barlow_offdiag=0.2708 sigreg_obj=1.969331 memory_barlow=0.000000 target_std=0.8563 pred_std=0.8314 decoded_loss=0.016553 decoded_dynamic=0.026217 presence_loss=0.200809 memory_norm=5.972227
epoch=1 step=1510 total_loss=0.144801 pred_loss=0.073311 pred_uniform=0.072321 rep=0.072504 barlow=0.008627 barlow_diag=0.9709 barlow_offdiag=0.2845 sigreg_obj=1.842653 memory_barlow=0.000000 target_std=0.8740 pred_std=0.8649 decoded_loss=0.020097 decoded_dynamic=0.032175 presence_loss=0.252822 memory_norm=5.824680
epoch=1 step=1520 total_loss=0.156098 pred_loss=0.078955 pred_uniform=0.077156 rep=0.077991 barlow=0.008220 barlow_diag=0.9696 barlow_offdiag=0.2757 sigreg_obj=1.901245 memory_barlow=0.000000 target_std=0.8661 pred_std=0.8487 decoded_loss=0.020108 decoded_dynamic=0.031882 presence_loss=0.143984 memory_norm=6.641060
epoch=1 step=1530 total_loss=0.177013 pred_loss=0.089470 pred_uniform=0.087179 rep=0.086046 barlow=0.007515 barlow_diag=0.9698 barlow_offdiag=0.2620 sigreg_obj=2.371743 memory_barlow=0.000000 target_std=0.8355 pred_std=0.8267 decoded_loss=0.014205 decoded_dynamic=0.024834 presence_loss=0.214505 memory_norm=6.204247
epoch=1 step=1540 total_loss=0.179325 pred_loss=0.086661 pred_uniform=0.084490 rep=0.106979 barlow=0.007939 barlow_diag=0.9654 barlow_offdiag=0.2648 sigreg_obj=2.384066 memory_barlow=0.000000 target_std=0.8208 pred_std=0.7992 decoded_loss=0.021912 decoded_dynamic=0.032998 presence_loss=0.315874 memory_norm=7.490894
epoch=1 step=1550 total_loss=0.125477 pred_loss=0.063127 pred_uniform=0.062730 rep=0.067165 barlow=0.007611 barlow_diag=0.9691 barlow_offdiag=0.2627 sigreg_obj=1.865287 memory_barlow=0.000000 target_std=0.8624 pred_std=0.8570 decoded_loss=0.015847 decoded_dynamic=0.028774 presence_loss=0.258399 memory_norm=6.621413
epoch=1 step=1560 total_loss=0.108116 pred_loss=0.052346 pred_uniform=0.051625 rep=0.054466 barlow=0.007566 barlow_diag=0.9734 barlow_offdiag=0.2675 sigreg_obj=1.705883 memory_barlow=0.000000 target_std=0.9160 pred_std=0.9135 decoded_loss=0.016806 decoded_dynamic=0.030106 presence_loss=0.268558 memory_norm=7.686124
epoch=1 step=1570 total_loss=0.102942 pred_loss=0.048107 pred_uniform=0.048139 rep=0.055859 barlow=0.007891 barlow_diag=0.9703 barlow_offdiag=0.2700 sigreg_obj=1.893672 memory_barlow=0.000000 target_std=0.9059 pred_std=0.8983 decoded_loss=0.025834 decoded_dynamic=0.040038 presence_loss=0.295260 memory_norm=7.722742
epoch=1 step=1580 total_loss=0.154439 pred_loss=0.078396 pred_uniform=0.076739 rep=0.074920 barlow=0.008313 barlow_diag=0.9711 barlow_offdiag=0.2788 sigreg_obj=1.976078 memory_barlow=0.000000 target_std=0.8759 pred_std=0.8671 decoded_loss=0.013827 decoded_dynamic=0.024516 presence_loss=0.259031 memory_norm=5.873379
epoch=1 step=1590 total_loss=0.158944 pred_loss=0.080771 pred_uniform=0.079282 rep=0.078688 barlow=0.007546 barlow_diag=0.9676 barlow_offdiag=0.2595 sigreg_obj=2.080714 memory_barlow=0.000000 target_std=0.8536 pred_std=0.8387 decoded_loss=0.017991 decoded_dynamic=0.029054 presence_loss=0.196289 memory_norm=6.126981
epoch=1 step=1600 total_loss=0.120555 pred_loss=0.059832 pred_uniform=0.059406 rep=0.060922 barlow=0.007409 barlow_diag=0.9738 barlow_offdiag=0.2648 sigreg_obj=1.884011 memory_barlow=0.000000 target_std=0.8978 pred_std=0.8717 decoded_loss=0.020788 decoded_dynamic=0.030763 presence_loss=0.177515 memory_norm=7.258484
epoch=1 step=1610 total_loss=0.126031 pred_loss=0.061648 pred_uniform=0.060795 rep=0.068312 barlow=0.006612 barlow_diag=0.9712 barlow_offdiag=0.2455 sigreg_obj=1.737532 memory_barlow=0.000000 target_std=0.8991 pred_std=0.8973 decoded_loss=0.019197 decoded_dynamic=0.034135 presence_loss=0.215785 memory_norm=8.270514
epoch=1 step=1620 total_loss=0.152820 pred_loss=0.077313 pred_uniform=0.075059 rep=0.077069 barlow=0.008296 barlow_diag=0.9707 barlow_offdiag=0.2784 sigreg_obj=1.441962 memory_barlow=0.000000 target_std=0.9002 pred_std=0.8885 decoded_loss=0.015230 decoded_dynamic=0.026451 presence_loss=0.362408 memory_norm=5.328058
epoch=1 step=1630 total_loss=0.103211 pred_loss=0.046386 pred_uniform=0.046249 rep=0.090696 barlow=0.006842 barlow_diag=0.9703 barlow_offdiag=0.2490 sigreg_obj=1.766851 memory_barlow=0.000000 target_std=0.9187 pred_std=0.8904 decoded_loss=0.022642 decoded_dynamic=0.038666 presence_loss=0.281680 memory_norm=9.962572
epoch=1 step=1640 total_loss=0.125410 pred_loss=0.061663 pred_uniform=0.061077 rep=0.086008 barlow=0.007602 barlow_diag=0.9731 barlow_offdiag=0.2675 sigreg_obj=1.761900 memory_barlow=0.000000 target_std=0.8765 pred_std=0.8552 decoded_loss=0.017527 decoded_dynamic=0.027053 presence_loss=0.201085 memory_norm=7.079179
epoch=1 step=1650 total_loss=0.156812 pred_loss=0.076578 pred_uniform=0.075268 rep=0.109529 barlow=0.007641 barlow_diag=0.9695 barlow_offdiag=0.2638 sigreg_obj=2.033269 memory_barlow=0.000000 target_std=0.8498 pred_std=0.8240 decoded_loss=0.016384 decoded_dynamic=0.025138 presence_loss=0.266754 memory_norm=6.836334
epoch=1 step=1660 total_loss=0.129227 pred_loss=0.060759 pred_uniform=0.059255 rep=0.077145 barlow=0.006482 barlow_diag=0.9717 barlow_offdiag=0.2433 sigreg_obj=2.043328 memory_barlow=0.000000 target_std=0.8896 pred_std=0.8762 decoded_loss=0.018744 decoded_dynamic=0.030931 presence_loss=0.189714 memory_norm=8.369456
epoch=1 step=1670 total_loss=0.113953 pred_loss=0.053318 pred_uniform=0.052497 rep=0.069251 barlow=0.006793 barlow_diag=0.9716 barlow_offdiag=0.2497 sigreg_obj=1.772811 memory_barlow=0.000000 target_std=0.8865 pred_std=0.8913 decoded_loss=0.017309 decoded_dynamic=0.031435 presence_loss=0.263418 memory_norm=8.078403
epoch=1 step=1680 total_loss=0.118683 pred_loss=0.059677 pred_uniform=0.059287 rep=0.067144 barlow=0.006959 barlow_diag=0.9752 barlow_offdiag=0.2573 sigreg_obj=1.858462 memory_barlow=0.000000 target_std=0.8918 pred_std=0.8707 decoded_loss=0.014586 decoded_dynamic=0.021803 presence_loss=0.163429 memory_norm=7.328003
epoch=1 step=1690 total_loss=0.114627 pred_loss=0.055456 pred_uniform=0.055472 rep=0.065546 barlow=0.006594 barlow_diag=0.9760 barlow_offdiag=0.2506 sigreg_obj=2.080117 memory_barlow=0.000000 target_std=0.8974 pred_std=0.8763 decoded_loss=0.015408 decoded_dynamic=0.027036 presence_loss=0.204739 memory_norm=8.410856
epoch=1 step=1700 total_loss=0.114978 pred_loss=0.057431 pred_uniform=0.057282 rep=0.066116 barlow=0.007238 barlow_diag=0.9739 barlow_offdiag=0.2612 sigreg_obj=1.859444 memory_barlow=0.000000 target_std=0.8849 pred_std=0.8615 decoded_loss=0.012177 decoded_dynamic=0.022123 presence_loss=0.173293 memory_norm=7.071260
epoch=1 step=1710 total_loss=0.128563 pred_loss=0.061388 pred_uniform=0.060873 rep=0.074636 barlow=0.006617 barlow_diag=0.9734 barlow_offdiag=0.2481 sigreg_obj=1.910823 memory_barlow=0.000000 target_std=0.8863 pred_std=0.8778 decoded_loss=0.022355 decoded_dynamic=0.032513 presence_loss=0.351736 memory_norm=8.853502
epoch=1 step=1720 total_loss=0.134502 pred_loss=0.064166 pred_uniform=0.062564 rep=0.074877 barlow=0.006655 barlow_diag=0.9721 barlow_offdiag=0.2475 sigreg_obj=2.176110 memory_barlow=0.000000 target_std=0.8709 pred_std=0.8567 decoded_loss=0.017122 decoded_dynamic=0.025858 presence_loss=0.228609 memory_norm=8.091934
epoch=1 step=1730 total_loss=0.152185 pred_loss=0.072538 pred_uniform=0.070575 rep=0.089120 barlow=0.006735 barlow_diag=0.9745 barlow_offdiag=0.2518 sigreg_obj=2.305918 memory_barlow=0.000000 target_std=0.8500 pred_std=0.8224 decoded_loss=0.016414 decoded_dynamic=0.023414 presence_loss=0.185556 memory_norm=7.557556
epoch=1 step=1740 total_loss=0.092055 pred_loss=0.044332 pred_uniform=0.043766 rep=0.048446 barlow=0.007133 barlow_diag=0.9747 barlow_offdiag=0.2599 sigreg_obj=1.460225 memory_barlow=0.000000 target_std=0.9291 pred_std=0.9234 decoded_loss=0.014059 decoded_dynamic=0.022967 presence_loss=0.177551 memory_norm=7.193597
saved_recovery_checkpoint epoch=1 step=1750 successful_updates=1750
epoch=1 step=1750 total_loss=0.134382 pred_loss=0.066497 pred_uniform=0.065618 rep=0.083140 barlow=0.007302 barlow_diag=0.9756 barlow_offdiag=0.2644 sigreg_obj=1.794649 memory_barlow=0.000000 target_std=0.8842 pred_std=0.8686 decoded_loss=0.013506 decoded_dynamic=0.024193 presence_loss=0.276361 memory_norm=7.032684
epoch=1 step=1760 total_loss=0.149099 pred_loss=0.074197 pred_uniform=0.072957 rep=0.093698 barlow=0.006763 barlow_diag=0.9739 barlow_offdiag=0.2516 sigreg_obj=1.768935 memory_barlow=0.000000 target_std=0.8869 pred_std=0.8454 decoded_loss=0.014686 decoded_dynamic=0.025268 presence_loss=0.258634 memory_norm=7.110705
epoch=1 step=1770 total_loss=0.128059 pred_loss=0.065608 pred_uniform=0.064898 rep=0.078420 barlow=0.007290 barlow_diag=0.9754 barlow_offdiag=0.2640 sigreg_obj=1.433459 memory_barlow=0.000000 target_std=0.9070 pred_std=0.8913 decoded_loss=0.012500 decoded_dynamic=0.021656 presence_loss=0.173172 memory_norm=6.465981
epoch=1 step=1780 total_loss=0.120051 pred_loss=0.059497 pred_uniform=0.059602 rep=0.076015 barlow=0.007034 barlow_diag=0.9723 barlow_offdiag=0.2554 sigreg_obj=1.774909 memory_barlow=0.000000 target_std=0.8876 pred_std=0.8537 decoded_loss=0.016008 decoded_dynamic=0.025891 presence_loss=0.216204 memory_norm=7.409544
epoch=1 step=1790 total_loss=0.153565 pred_loss=0.074908 pred_uniform=0.073225 rep=0.069664 barlow=0.006405 barlow_diag=0.9760 barlow_offdiag=0.2465 sigreg_obj=2.337395 memory_barlow=0.000000 target_std=0.8747 pred_std=0.8571 decoded_loss=0.014083 decoded_dynamic=0.022644 presence_loss=0.180496 memory_norm=7.700093
epoch=1 step=1800 total_loss=0.132374 pred_loss=0.064888 pred_uniform=0.063798 rep=0.070438 barlow=0.006667 barlow_diag=0.9758 barlow_offdiag=0.2520 sigreg_obj=1.813442 memory_barlow=0.000000 target_std=0.8840 pred_std=0.8866 decoded_loss=0.014478 decoded_dynamic=0.023398 presence_loss=0.286390 memory_norm=7.504533
epoch=1 step=1810 total_loss=0.187436 pred_loss=0.091356 pred_uniform=0.087727 rep=0.112868 barlow=0.007057 barlow_diag=0.9736 barlow_offdiag=0.2574 sigreg_obj=2.028855 memory_barlow=0.000000 target_std=0.8397 pred_std=0.8205 decoded_loss=0.010881 decoded_dynamic=0.019005 presence_loss=0.209226 memory_norm=5.789568
epoch=1 step=1820 total_loss=0.081438 pred_loss=0.036950 pred_uniform=0.036485 rep=0.044345 barlow=0.006958 barlow_diag=0.9764 barlow_offdiag=0.2583 sigreg_obj=1.430564 memory_barlow=0.000000 target_std=0.9530 pred_std=0.9495 decoded_loss=0.014990 decoded_dynamic=0.025744 presence_loss=0.201441 memory_norm=7.433029
epoch=1 step=1830 total_loss=0.139231 pred_loss=0.067904 pred_uniform=0.066656 rep=0.075881 barlow=0.006648 barlow_diag=0.9731 barlow_offdiag=0.2480 sigreg_obj=2.027108 memory_barlow=0.000000 target_std=0.8706 pred_std=0.8526 decoded_loss=0.014796 decoded_dynamic=0.022169 presence_loss=0.194922 memory_norm=7.113618
epoch=1 step=1840 total_loss=0.117536 pred_loss=0.059226 pred_uniform=0.058832 rep=0.062770 barlow=0.006586 barlow_diag=0.9775 barlow_offdiag=0.2519 sigreg_obj=1.644975 memory_barlow=0.000000 target_std=0.9025 pred_std=0.8875 decoded_loss=0.013070 decoded_dynamic=0.019162 presence_loss=0.149778 memory_norm=7.103096
epoch=1 step=1850 total_loss=0.127487 pred_loss=0.064238 pred_uniform=0.063374 rep=0.068617 barlow=0.007183 barlow_diag=0.9764 barlow_offdiag=0.2630 sigreg_obj=1.525229 memory_barlow=0.000000 target_std=0.9173 pred_std=0.8983 decoded_loss=0.012624 decoded_dynamic=0.022365 presence_loss=0.183994 memory_norm=6.739391
epoch=1 step=1860 total_loss=0.118577 pred_loss=0.058375 pred_uniform=0.057191 rep=0.064577 barlow=0.006280 barlow_diag=0.9761 barlow_offdiag=0.2441 sigreg_obj=1.475692 memory_barlow=0.000000 target_std=0.9384 pred_std=0.9320 decoded_loss=0.013631 decoded_dynamic=0.022897 presence_loss=0.196376 memory_norm=8.076179
epoch=1 step=1870 total_loss=0.130805 pred_loss=0.064547 pred_uniform=0.063879 rep=0.065010 barlow=0.006735 barlow_diag=0.9736 barlow_offdiag=0.2507 sigreg_obj=1.991310 memory_barlow=0.000000 target_std=0.8833 pred_std=0.8704 decoded_loss=0.013075 decoded_dynamic=0.020414 presence_loss=0.179148 memory_norm=6.796621
epoch=1 step=1880 total_loss=0.128909 pred_loss=0.061938 pred_uniform=0.060329 rep=0.066413 barlow=0.007245 barlow_diag=0.9744 barlow_offdiag=0.2621 sigreg_obj=1.754927 memory_barlow=0.000000 target_std=0.8784 pred_std=0.8579 decoded_loss=0.012326 decoded_dynamic=0.022143 presence_loss=0.181342 memory_norm=6.092693
epoch=1 step=1890 total_loss=0.146048 pred_loss=0.070474 pred_uniform=0.068752 rep=0.125697 barlow=0.006844 barlow_diag=0.9742 barlow_offdiag=0.2538 sigreg_obj=1.502940 memory_barlow=0.000000 target_std=0.8887 pred_std=0.8734 decoded_loss=0.012180 decoded_dynamic=0.018850 presence_loss=0.229585 memory_norm=7.439019
epoch=1 step=1900 total_loss=0.139870 pred_loss=0.068279 pred_uniform=0.066382 rep=0.091759 barlow=0.007044 barlow_diag=0.9749 barlow_offdiag=0.2585 sigreg_obj=1.639389 memory_barlow=0.000000 target_std=0.8701 pred_std=0.8502 decoded_loss=0.010462 decoded_dynamic=0.018138 presence_loss=0.150677 memory_norm=5.917679
epoch=1 step=1910 total_loss=0.120281 pred_loss=0.057970 pred_uniform=0.057150 rep=0.063864 barlow=0.006073 barlow_diag=0.9781 barlow_offdiag=0.2417 sigreg_obj=1.692392 memory_barlow=0.000000 target_std=0.9163 pred_std=0.9151 decoded_loss=0.015494 decoded_dynamic=0.024257 presence_loss=0.224223 memory_norm=8.032974
epoch=1 step=1920 total_loss=0.117930 pred_loss=0.059399 pred_uniform=0.058561 rep=0.060623 barlow=0.006277 barlow_diag=0.9769 barlow_offdiag=0.2448 sigreg_obj=1.364467 memory_barlow=0.000000 target_std=0.9238 pred_std=0.9198 decoded_loss=0.015010 decoded_dynamic=0.024173 presence_loss=0.141116 memory_norm=6.939432
epoch=1 step=1930 total_loss=0.136259 pred_loss=0.066400 pred_uniform=0.064797 rep=0.066242 barlow=0.006170 barlow_diag=0.9758 barlow_offdiag=0.2415 sigreg_obj=1.780635 memory_barlow=0.000000 target_std=0.9158 pred_std=0.9057 decoded_loss=0.014588 decoded_dynamic=0.023283 presence_loss=0.213254 memory_norm=7.233443
epoch=1 step=1940 total_loss=0.107941 pred_loss=0.053638 pred_uniform=0.053188 rep=0.059990 barlow=0.006306 barlow_diag=0.9757 barlow_offdiag=0.2441 sigreg_obj=1.434561 memory_barlow=0.000000 target_std=0.9312 pred_std=0.9228 decoded_loss=0.014041 decoded_dynamic=0.021969 presence_loss=0.141799 memory_norm=7.459249
epoch=1 step=1950 total_loss=0.169613 pred_loss=0.080340 pred_uniform=0.078294 rep=0.091032 barlow=0.006411 barlow_diag=0.9756 barlow_offdiag=0.2460 sigreg_obj=2.599033 memory_barlow=0.000000 target_std=0.8410 pred_std=0.8247 decoded_loss=0.015346 decoded_dynamic=0.021939 presence_loss=0.169173 memory_norm=6.379390
epoch=1 step=1960 total_loss=0.117781 pred_loss=0.058920 pred_uniform=0.057953 rep=0.061691 barlow=0.006184 barlow_diag=0.9739 barlow_offdiag=0.2391 sigreg_obj=1.207690 memory_barlow=0.000000 target_std=0.9365 pred_std=0.9252 decoded_loss=0.013357 decoded_dynamic=0.022406 presence_loss=0.326098 memory_norm=7.047594
epoch=1 step=1970 total_loss=0.147044 pred_loss=0.073029 pred_uniform=0.071495 rep=0.074537 barlow=0.005976 barlow_diag=0.9778 barlow_offdiag=0.2391 sigreg_obj=1.762475 memory_barlow=0.000000 target_std=0.9133 pred_std=0.8998 decoded_loss=0.015112 decoded_dynamic=0.022607 presence_loss=0.184864 memory_norm=7.915399
epoch=1 step=1980 total_loss=0.143647 pred_loss=0.068628 pred_uniform=0.067046 rep=0.082974 barlow=0.006553 barlow_diag=0.9756 barlow_offdiag=0.2492 sigreg_obj=1.948572 memory_barlow=0.000000 target_std=0.8766 pred_std=0.8551 decoded_loss=0.014313 decoded_dynamic=0.022476 presence_loss=0.213575 memory_norm=6.860696
epoch=1 step=1990 total_loss=0.135708 pred_loss=0.064987 pred_uniform=0.063833 rep=0.077687 barlow=0.006224 barlow_diag=0.9754 barlow_offdiag=0.2421 sigreg_obj=1.910382 memory_barlow=0.000000 target_std=0.8880 pred_std=0.8792 decoded_loss=0.014727 decoded_dynamic=0.025122 presence_loss=0.230043 memory_norm=7.137481
saved_recovery_checkpoint epoch=1 step=2000 successful_updates=2000
epoch=1 step=2000 total_loss=0.130109 pred_loss=0.063834 pred_uniform=0.062443 rep=0.068057 barlow=0.005853 barlow_diag=0.9774 barlow_offdiag=0.2361 sigreg_obj=1.567065 memory_barlow=0.000000 target_std=0.9310 pred_std=0.9213 decoded_loss=0.012421 decoded_dynamic=0.020596 presence_loss=0.233146 memory_norm=7.624229
epoch=1 step=2010 total_loss=0.118902 pred_loss=0.058427 pred_uniform=0.057499 rep=0.096583 barlow=0.006486 barlow_diag=0.9779 barlow_offdiag=0.2502 sigreg_obj=1.333764 memory_barlow=0.000000 target_std=0.9201 pred_std=0.9081 decoded_loss=0.012605 decoded_dynamic=0.020254 presence_loss=0.173132 memory_norm=6.783232
epoch=1 step=2020 total_loss=0.117389 pred_loss=0.058159 pred_uniform=0.057291 rep=0.063590 barlow=0.006339 barlow_diag=0.9784 barlow_offdiag=0.2477 sigreg_obj=1.509164 memory_barlow=0.000000 target_std=0.9158 pred_std=0.9056 decoded_loss=0.013040 decoded_dynamic=0.020110 presence_loss=0.171229 memory_norm=7.051370
epoch=1 step=2030 total_loss=0.129073 pred_loss=0.063327 pred_uniform=0.062331 rep=0.070335 barlow=0.005919 barlow_diag=0.9779 barlow_offdiag=0.2381 sigreg_obj=1.810008 memory_barlow=0.000000 target_std=0.8877 pred_std=0.8745 decoded_loss=0.010791 decoded_dynamic=0.019091 presence_loss=0.163029 memory_norm=7.613895
epoch=1 step=2040 total_loss=0.089142 pred_loss=0.044952 pred_uniform=0.044890 rep=0.048885 barlow=0.006268 barlow_diag=0.9750 barlow_offdiag=0.2425 sigreg_obj=1.147575 memory_barlow=0.000000 target_std=0.9475 pred_std=0.9438 decoded_loss=0.012245 decoded_dynamic=0.021606 presence_loss=0.157436 memory_norm=6.654888
epoch=1 step=2050 total_loss=0.113588 pred_loss=0.054865 pred_uniform=0.054160 rep=0.067113 barlow=0.006337 barlow_diag=0.9787 barlow_offdiag=0.2479 sigreg_obj=1.542714 memory_barlow=0.000000 target_std=0.9229 pred_std=0.9094 decoded_loss=0.014429 decoded_dynamic=0.024757 presence_loss=0.198358 memory_norm=7.313486
epoch=1 step=2060 total_loss=0.121504 pred_loss=0.060886 pred_uniform=0.060262 rep=0.073846 barlow=0.006048 barlow_diag=0.9747 barlow_offdiag=0.2375 sigreg_obj=1.318158 memory_barlow=0.000000 target_std=0.9192 pred_std=0.9031 decoded_loss=0.012282 decoded_dynamic=0.020482 presence_loss=0.192921 memory_norm=6.770312
epoch=1 step=2070 total_loss=0.144904 pred_loss=0.073067 pred_uniform=0.071693 rep=0.104938 barlow=0.006867 barlow_diag=0.9760 barlow_offdiag=0.2561 sigreg_obj=1.298478 memory_barlow=0.000000 target_std=0.8976 pred_std=0.8890 decoded_loss=0.012697 decoded_dynamic=0.019825 presence_loss=0.186469 memory_norm=5.951150
epoch=1 step=2080 total_loss=0.131898 pred_loss=0.064860 pred_uniform=0.063776 rep=0.071936 barlow=0.006943 barlow_diag=0.9764 barlow_offdiag=0.2581 sigreg_obj=1.712699 memory_barlow=0.000000 target_std=0.8845 pred_std=0.8657 decoded_loss=0.014602 decoded_dynamic=0.017693 presence_loss=0.148911 memory_norm=6.440820
epoch=1 step=2090 total_loss=0.114146 pred_loss=0.055933 pred_uniform=0.055812 rep=0.072397 barlow=0.006394 barlow_diag=0.9768 barlow_offdiag=0.2472 sigreg_obj=1.423006 memory_barlow=0.000000 target_std=0.9404 pred_std=0.9301 decoded_loss=0.019181 decoded_dynamic=0.026297 presence_loss=0.210517 memory_norm=7.780941
epoch=1 step=2100 total_loss=0.134479 pred_loss=0.066859 pred_uniform=0.065341 rep=0.077149 barlow=0.006867 barlow_diag=0.9752 barlow_offdiag=0.2553 sigreg_obj=1.488562 memory_barlow=0.000000 target_std=0.9015 pred_std=0.8961 decoded_loss=0.013503 decoded_dynamic=0.018552 presence_loss=0.216413 memory_norm=6.222999
epoch=1 step=2110 total_loss=0.091815 pred_loss=0.044718 pred_uniform=0.044883 rep=0.052139 barlow=0.005697 barlow_diag=0.9786 barlow_offdiag=0.2339 sigreg_obj=1.414332 memory_barlow=0.000000 target_std=0.9539 pred_std=0.9522 decoded_loss=0.014873 decoded_dynamic=0.024113 presence_loss=0.178001 memory_norm=8.877626
epoch=1 step=2120 total_loss=0.103106 pred_loss=0.050324 pred_uniform=0.049993 rep=0.069682 barlow=0.006086 barlow_diag=0.9780 barlow_offdiag=0.2418 sigreg_obj=1.408984 memory_barlow=0.000000 target_std=0.9124 pred_std=0.8999 decoded_loss=0.009768 decoded_dynamic=0.015367 presence_loss=0.190029 memory_norm=7.200860
epoch=1 step=2130 total_loss=0.142868 pred_loss=0.069384 pred_uniform=0.068121 rep=0.069611 barlow=0.006511 barlow_diag=0.9764 barlow_offdiag=0.2491 sigreg_obj=2.113197 memory_barlow=0.000000 target_std=0.8892 pred_std=0.8749 decoded_loss=0.014588 decoded_dynamic=0.019052 presence_loss=0.148760 memory_norm=6.438428
epoch=1 step=2140 total_loss=0.107345 pred_loss=0.053603 pred_uniform=0.053241 rep=0.057910 barlow=0.006728 barlow_diag=0.9754 barlow_offdiag=0.2527 sigreg_obj=1.364478 memory_barlow=0.000000 target_std=0.9231 pred_std=0.9152 decoded_loss=0.014685 decoded_dynamic=0.020918 presence_loss=0.216498 memory_norm=6.546601
epoch=1 step=2150 total_loss=0.088826 pred_loss=0.041550 pred_uniform=0.041385 rep=0.060371 barlow=0.006849 barlow_diag=0.9757 barlow_offdiag=0.2554 sigreg_obj=1.269245 memory_barlow=0.000000 target_std=0.9446 pred_std=0.9380 decoded_loss=0.013838 decoded_dynamic=0.024128 presence_loss=0.251325 memory_norm=7.720912
epoch=1 step=2160 total_loss=0.136449 pred_loss=0.066868 pred_uniform=0.065526 rep=0.079107 barlow=0.006426 barlow_diag=0.9761 barlow_offdiag=0.2470 sigreg_obj=1.820684 memory_barlow=0.000000 target_std=0.9014 pred_std=0.8900 decoded_loss=0.011865 decoded_dynamic=0.016536 presence_loss=0.156722 memory_norm=7.594104
epoch=1 step=2170 total_loss=0.120028 pred_loss=0.059697 pred_uniform=0.058888 rep=0.072988 barlow=0.006318 barlow_diag=0.9796 barlow_offdiag=0.2482 sigreg_obj=1.450055 memory_barlow=0.000000 target_std=0.9265 pred_std=0.9156 decoded_loss=0.012380 decoded_dynamic=0.019750 presence_loss=0.178056 memory_norm=7.152893
epoch=1 step=2180 total_loss=0.093258 pred_loss=0.046116 pred_uniform=0.046021 rep=0.053741 barlow=0.006048 barlow_diag=0.9790 barlow_offdiag=0.2421 sigreg_obj=1.397595 memory_barlow=0.000000 target_std=0.9272 pred_std=0.9261 decoded_loss=0.010096 decoded_dynamic=0.015816 presence_loss=0.179882 memory_norm=7.459087
epoch=1 step=2190 total_loss=0.088799 pred_loss=0.043895 pred_uniform=0.044175 rep=0.052187 barlow=0.005554 barlow_diag=0.9780 barlow_offdiag=0.2300 sigreg_obj=1.457772 memory_barlow=0.000000 target_std=0.9424 pred_std=0.9336 decoded_loss=0.011797 decoded_dynamic=0.019126 presence_loss=0.151016 memory_norm=8.791452
epoch=1 step=2200 total_loss=0.150587 pred_loss=0.073352 pred_uniform=0.070859 rep=0.093211 barlow=0.005826 barlow_diag=0.9765 barlow_offdiag=0.2346 sigreg_obj=1.629987 memory_barlow=0.000000 target_std=0.8888 pred_std=0.8754 decoded_loss=0.009915 decoded_dynamic=0.015995 presence_loss=0.145046 memory_norm=6.217443
epoch=1 step=2210 total_loss=0.099748 pred_loss=0.048332 pred_uniform=0.048196 rep=0.084914 barlow=0.006024 barlow_diag=0.9795 barlow_offdiag=0.2419 sigreg_obj=1.228427 memory_barlow=0.000000 target_std=0.9539 pred_std=0.9414 decoded_loss=0.010773 decoded_dynamic=0.019312 presence_loss=0.211364 memory_norm=7.112951
epoch=1 step=2220 total_loss=0.099981 pred_loss=0.050336 pred_uniform=0.050242 rep=0.057165 barlow=0.006129 barlow_diag=0.9781 barlow_offdiag=0.2427 sigreg_obj=1.319161 memory_barlow=0.000000 target_std=0.9409 pred_std=0.9356 decoded_loss=0.010145 decoded_dynamic=0.017772 presence_loss=0.159809 memory_norm=6.517540
epoch=1 step=2230 total_loss=0.115497 pred_loss=0.056530 pred_uniform=0.055702 rep=0.062750 barlow=0.006409 barlow_diag=0.9761 barlow_offdiag=0.2467 sigreg_obj=1.518402 memory_barlow=0.000000 target_std=0.9234 pred_std=0.9132 decoded_loss=0.009640 decoded_dynamic=0.016095 presence_loss=0.308239 memory_norm=6.316159
epoch=1 step=2240 total_loss=0.106883 pred_loss=0.053693 pred_uniform=0.053586 rep=0.064909 barlow=0.006381 barlow_diag=0.9736 barlow_offdiag=0.2430 sigreg_obj=1.298911 memory_barlow=0.000000 target_std=0.9481 pred_std=0.9358 decoded_loss=0.018798 decoded_dynamic=0.028402 presence_loss=0.241123 memory_norm=7.812867
saved_recovery_checkpoint epoch=1 step=2250 successful_updates=2250
epoch=1 step=2250 total_loss=0.131118 pred_loss=0.065930 pred_uniform=0.065477 rep=0.103126 barlow=0.006074 barlow_diag=0.9762 barlow_offdiag=0.2395 sigreg_obj=1.406767 memory_barlow=0.000000 target_std=0.9213 pred_std=0.9100 decoded_loss=0.012879 decoded_dynamic=0.021446 presence_loss=0.232792 memory_norm=7.293081
epoch=1 step=2260 total_loss=0.118299 pred_loss=0.059724 pred_uniform=0.058558 rep=0.068196 barlow=0.007026 barlow_diag=0.9764 barlow_offdiag=0.2595 sigreg_obj=1.160689 memory_barlow=0.000000 target_std=0.9417 pred_std=0.9326 decoded_loss=0.010682 decoded_dynamic=0.017275 presence_loss=0.225977 memory_norm=5.708595
epoch=1 step=2270 total_loss=0.127079 pred_loss=0.062598 pred_uniform=0.061238 rep=0.074204 barlow=0.005732 barlow_diag=0.9782 barlow_offdiag=0.2341 sigreg_obj=1.600351 memory_barlow=0.000000 target_std=0.9127 pred_std=0.9046 decoded_loss=0.010628 decoded_dynamic=0.016748 presence_loss=0.130478 memory_norm=6.541796
epoch=1 step=2280 total_loss=0.110414 pred_loss=0.055559 pred_uniform=0.054948 rep=0.066239 barlow=0.006483 barlow_diag=0.9794 barlow_offdiag=0.2514 sigreg_obj=1.348046 memory_barlow=0.000000 target_std=0.9289 pred_std=0.9209 decoded_loss=0.010229 decoded_dynamic=0.017483 presence_loss=0.124513 memory_norm=6.698185
epoch=1 step=2290 total_loss=0.123118 pred_loss=0.061049 pred_uniform=0.060500 rep=0.069964 barlow=0.006592 barlow_diag=0.9784 barlow_offdiag=0.2529 sigreg_obj=1.844829 memory_barlow=0.000000 target_std=0.8928 pred_std=0.8762 decoded_loss=0.009891 decoded_dynamic=0.016728 presence_loss=0.113214 memory_norm=6.077106
epoch=1 step=2300 total_loss=0.094741 pred_loss=0.046678 pred_uniform=0.046506 rep=0.051286 barlow=0.005942 barlow_diag=0.9774 barlow_offdiag=0.2381 sigreg_obj=1.475540 memory_barlow=0.000000 target_std=0.9347 pred_std=0.9256 decoded_loss=0.013554 decoded_dynamic=0.017011 presence_loss=0.166676 memory_norm=7.235027
epoch=1 step=2310 total_loss=0.139298 pred_loss=0.066180 pred_uniform=0.064609 rep=0.096690 barlow=0.006274 barlow_diag=0.9757 barlow_offdiag=0.2434 sigreg_obj=1.951989 memory_barlow=0.000000 target_std=0.8685 pred_std=0.8527 decoded_loss=0.011987 decoded_dynamic=0.017071 presence_loss=0.151720 memory_norm=6.709308
epoch=1 step=2320 total_loss=0.112919 pred_loss=0.054990 pred_uniform=0.054574 rep=0.056815 barlow=0.006047 barlow_diag=0.9765 barlow_offdiag=0.2395 sigreg_obj=1.837886 memory_barlow=0.000000 target_std=0.9032 pred_std=0.8930 decoded_loss=0.009434 decoded_dynamic=0.013769 presence_loss=0.159236 memory_norm=7.213275
epoch=1 step=2330 total_loss=0.083845 pred_loss=0.040361 pred_uniform=0.041030 rep=0.059090 barlow=0.005665 barlow_diag=0.9799 barlow_offdiag=0.2344 sigreg_obj=1.478776 memory_barlow=0.000000 target_std=0.9414 pred_std=0.9356 decoded_loss=0.011760 decoded_dynamic=0.020078 presence_loss=0.199432 memory_norm=9.067036
epoch=1 step=2340 total_loss=0.106487 pred_loss=0.052108 pred_uniform=0.051355 rep=0.063960 barlow=0.005995 barlow_diag=0.9776 barlow_offdiag=0.2395 sigreg_obj=1.370801 memory_barlow=0.000000 target_std=0.9206 pred_std=0.9143 decoded_loss=0.012528 decoded_dynamic=0.017413 presence_loss=0.193927 memory_norm=7.638928
epoch=1 step=2350 total_loss=0.110392 pred_loss=0.053217 pred_uniform=0.052183 rep=0.057516 barlow=0.006254 barlow_diag=0.9765 barlow_offdiag=0.2438 sigreg_obj=1.631984 memory_barlow=0.000000 target_std=0.8927 pred_std=0.8817 decoded_loss=0.010133 decoded_dynamic=0.014968 presence_loss=0.122949 memory_norm=6.449024
epoch=1 step=2360 total_loss=0.092517 pred_loss=0.045919 pred_uniform=0.045790 rep=0.052794 barlow=0.005646 barlow_diag=0.9788 barlow_offdiag=0.2329 sigreg_obj=1.331191 memory_barlow=0.000000 target_std=0.9412 pred_std=0.9324 decoded_loss=0.009750 decoded_dynamic=0.015030 presence_loss=0.170295 memory_norm=7.511401
epoch=1 step=2370 total_loss=0.092417 pred_loss=0.045491 pred_uniform=0.045007 rep=0.059968 barlow=0.005682 barlow_diag=0.9802 barlow_offdiag=0.2352 sigreg_obj=1.284104 memory_barlow=0.000000 target_std=0.9448 pred_std=0.9429 decoded_loss=0.009300 decoded_dynamic=0.015328 presence_loss=0.136028 memory_norm=6.990379
epoch=1 step=2380 total_loss=0.096419 pred_loss=0.046383 pred_uniform=0.045477 rep=0.053651 barlow=0.005661 barlow_diag=0.9797 barlow_offdiag=0.2342 sigreg_obj=1.325925 memory_barlow=0.000000 target_std=0.9386 pred_std=0.9333 decoded_loss=0.008682 decoded_dynamic=0.015054 presence_loss=0.187763 memory_norm=7.905979
epoch=1 step=2390 total_loss=0.097617 pred_loss=0.049670 pred_uniform=0.049833 rep=0.057664 barlow=0.006227 barlow_diag=0.9769 barlow_offdiag=0.2438 sigreg_obj=1.279899 memory_barlow=0.000000 target_std=0.9278 pred_std=0.9233 decoded_loss=0.013450 decoded_dynamic=0.020286 presence_loss=0.228388 memory_norm=6.815701
epoch=1 step=2400 total_loss=0.094597 pred_loss=0.046896 pred_uniform=0.046664 rep=0.053791 barlow=0.006154 barlow_diag=0.9789 barlow_offdiag=0.2441 sigreg_obj=1.366275 memory_barlow=0.000000 target_std=0.9321 pred_std=0.9251 decoded_loss=0.013466 decoded_dynamic=0.017719 presence_loss=0.124899 memory_norm=6.650947
epoch=1 step=2410 total_loss=0.061659 pred_loss=0.025359 pred_uniform=0.025902 rep=0.036562 barlow=0.005500 barlow_diag=0.9829 barlow_offdiag=0.2333 sigreg_obj=1.817479 memory_barlow=0.000000 target_std=0.9774 pred_std=0.9767 decoded_loss=0.011516 decoded_dynamic=0.018296 presence_loss=0.124538 memory_norm=9.486204
epoch=1 step=2420 total_loss=0.095537 pred_loss=0.047043 pred_uniform=0.046479 rep=0.067104 barlow=0.005735 barlow_diag=0.9801 barlow_offdiag=0.2362 sigreg_obj=1.154317 memory_barlow=0.000000 target_std=0.9498 pred_std=0.9440 decoded_loss=0.010874 decoded_dynamic=0.015045 presence_loss=0.098699 memory_norm=6.870256
epoch=1 step=2430 total_loss=0.114021 pred_loss=0.054147 pred_uniform=0.053428 rep=0.061285 barlow=0.005796 barlow_diag=0.9772 barlow_offdiag=0.2346 sigreg_obj=1.985687 memory_barlow=0.000000 target_std=0.9046 pred_std=0.8922 decoded_loss=0.010618 decoded_dynamic=0.017926 presence_loss=0.130720 memory_norm=7.003485
epoch=1 step=2440 total_loss=0.059532 pred_loss=0.026961 pred_uniform=0.027388 rep=0.036051 barlow=0.006217 barlow_diag=0.9800 barlow_offdiag=0.2464 sigreg_obj=1.337564 memory_barlow=0.000000 target_std=0.9687 pred_std=0.9665 decoded_loss=0.010798 decoded_dynamic=0.016829 presence_loss=0.143508 memory_norm=7.143362
epoch=1 step=2450 total_loss=0.122513 pred_loss=0.061977 pred_uniform=0.062071 rep=0.096169 barlow=0.005800 barlow_diag=0.9790 barlow_offdiag=0.2366 sigreg_obj=1.253626 memory_barlow=0.000000 target_std=0.9468 pred_std=0.9370 decoded_loss=0.014780 decoded_dynamic=0.021779 presence_loss=0.324529 memory_norm=7.849514
epoch=1 step=2460 total_loss=0.092756 pred_loss=0.044986 pred_uniform=0.044451 rep=0.055715 barlow=0.005890 barlow_diag=0.9781 barlow_offdiag=0.2375 sigreg_obj=1.337362 memory_barlow=0.000000 target_std=0.9344 pred_std=0.9294 decoded_loss=0.009838 decoded_dynamic=0.014910 presence_loss=0.143305 memory_norm=7.553522
epoch=1 step=2470 total_loss=0.078044 pred_loss=0.037111 pred_uniform=0.037338 rep=0.046128 barlow=0.005758 barlow_diag=0.9798 barlow_offdiag=0.2364 sigreg_obj=1.468423 memory_barlow=0.000000 target_std=0.9403 pred_std=0.9328 decoded_loss=0.011455 decoded_dynamic=0.018852 presence_loss=0.118633 memory_norm=7.751740
epoch=1 step=2480 total_loss=0.090438 pred_loss=0.045905 pred_uniform=0.045296 rep=0.054437 barlow=0.005456 barlow_diag=0.9782 barlow_offdiag=0.2280 sigreg_obj=1.011576 memory_barlow=0.000000 target_std=0.9487 pred_std=0.9459 decoded_loss=0.009316 decoded_dynamic=0.015820 presence_loss=0.129205 memory_norm=6.736513
epoch=1 step=2490 total_loss=0.094632 pred_loss=0.046548 pred_uniform=0.046554 rep=0.072367 barlow=0.006502 barlow_diag=0.9785 barlow_offdiag=0.2510 sigreg_obj=1.318384 memory_barlow=0.000000 target_std=0.9306 pred_std=0.9223 decoded_loss=0.011726 decoded_dynamic=0.016359 presence_loss=0.162847 memory_norm=6.692720
saved_recovery_checkpoint epoch=1 step=2500 successful_updates=2500
epoch=1 step=2500 total_loss=0.095376 pred_loss=0.044484 pred_uniform=0.043492 rep=0.060719 barlow=0.006533 barlow_diag=0.9793 barlow_offdiag=0.2524 sigreg_obj=1.576369 memory_barlow=0.000000 target_std=0.9087 pred_std=0.9022 decoded_loss=0.007346 decoded_dynamic=0.011674 presence_loss=0.083441 memory_norm=5.495391
epoch=1 step=2510 total_loss=0.086428 pred_loss=0.041827 pred_uniform=0.041638 rep=0.055545 barlow=0.005614 barlow_diag=0.9767 barlow_offdiag=0.2297 sigreg_obj=1.407490 memory_barlow=0.000000 target_std=0.9365 pred_std=0.9326 decoded_loss=0.009971 decoded_dynamic=0.015887 presence_loss=0.123779 memory_norm=8.065608
epoch=1 step=2520 total_loss=0.083913 pred_loss=0.039371 pred_uniform=0.039346 rep=0.044935 barlow=0.005978 barlow_diag=0.9811 barlow_offdiag=0.2422 sigreg_obj=1.677480 memory_barlow=0.000000 target_std=0.9214 pred_std=0.9200 decoded_loss=0.007738 decoded_dynamic=0.013231 presence_loss=0.100898 memory_norm=7.193934
epoch=1 step=2530 total_loss=0.108711 pred_loss=0.053531 pred_uniform=0.053334 rep=0.064303 barlow=0.005881 barlow_diag=0.9799 barlow_offdiag=0.2391 sigreg_obj=1.585745 memory_barlow=0.000000 target_std=0.9158 pred_std=0.9046 decoded_loss=0.013542 decoded_dynamic=0.018848 presence_loss=0.191125 memory_norm=7.056495
epoch=1 step=2540 total_loss=0.080524 pred_loss=0.038052 pred_uniform=0.038029 rep=0.044209 barlow=0.005594 barlow_diag=0.9790 barlow_offdiag=0.2320 sigreg_obj=1.235573 memory_barlow=0.000000 target_std=0.9455 pred_std=0.9410 decoded_loss=0.007911 decoded_dynamic=0.013914 presence_loss=0.165847 memory_norm=7.491323
epoch=1 step=2550 total_loss=0.083384 pred_loss=0.041085 pred_uniform=0.041011 rep=0.046250 barlow=0.005274 barlow_diag=0.9796 barlow_offdiag=0.2253 sigreg_obj=1.230351 memory_barlow=0.000000 target_std=0.9455 pred_std=0.9430 decoded_loss=0.012373 decoded_dynamic=0.019713 presence_loss=0.143743 memory_norm=7.804459
epoch=1 step=2560 total_loss=0.104797 pred_loss=0.052697 pred_uniform=0.051866 rep=0.061884 barlow=0.006458 barlow_diag=0.9791 barlow_offdiag=0.2508 sigreg_obj=1.297216 memory_barlow=0.000000 target_std=0.9195 pred_std=0.9117 decoded_loss=0.009228 decoded_dynamic=0.013402 presence_loss=0.119358 memory_norm=5.967367
epoch=1 step=2570 total_loss=0.091409 pred_loss=0.044375 pred_uniform=0.044130 rep=0.049403 barlow=0.005638 barlow_diag=0.9777 barlow_offdiag=0.2313 sigreg_obj=1.525150 memory_barlow=0.000000 target_std=0.9348 pred_std=0.9303 decoded_loss=0.007876 decoded_dynamic=0.013511 presence_loss=0.108630 memory_norm=7.263677
epoch=1 step=2580 total_loss=0.083544 pred_loss=0.040586 pred_uniform=0.040405 rep=0.046020 barlow=0.005754 barlow_diag=0.9801 barlow_offdiag=0.2366 sigreg_obj=1.342298 memory_barlow=0.000000 target_std=0.9383 pred_std=0.9344 decoded_loss=0.011571 decoded_dynamic=0.016311 presence_loss=0.149854 memory_norm=7.414099
epoch=1 step=2590 total_loss=0.083765 pred_loss=0.042260 pred_uniform=0.042230 rep=0.047240 barlow=0.005782 barlow_diag=0.9802 barlow_offdiag=0.2372 sigreg_obj=1.118879 memory_barlow=0.000000 target_std=0.9618 pred_std=0.9571 decoded_loss=0.011941 decoded_dynamic=0.018942 presence_loss=0.124075 memory_norm=7.199867
epoch=1 step=2600 total_loss=0.082593 pred_loss=0.040798 pred_uniform=0.040748 rep=0.046608 barlow=0.005457 barlow_diag=0.9810 barlow_offdiag=0.2308 sigreg_obj=1.172832 memory_barlow=0.000000 target_std=0.9585 pred_std=0.9554 decoded_loss=0.013048 decoded_dynamic=0.019430 presence_loss=0.146261 memory_norm=8.195753
epoch=1 step=2610 total_loss=0.097594 pred_loss=0.048048 pred_uniform=0.048125 rep=0.051669 barlow=0.005566 barlow_diag=0.9775 barlow_offdiag=0.2293 sigreg_obj=1.593504 memory_barlow=0.000000 target_std=0.9325 pred_std=0.9201 decoded_loss=0.010915 decoded_dynamic=0.017286 presence_loss=0.163015 memory_norm=8.390989
epoch=1 step=2620 total_loss=0.106756 pred_loss=0.050389 pred_uniform=0.049724 rep=0.070252 barlow=0.005658 barlow_diag=0.9795 barlow_offdiag=0.2338 sigreg_obj=1.813954 memory_barlow=0.000000 target_std=0.8958 pred_std=0.8889 decoded_loss=0.006269 decoded_dynamic=0.010858 presence_loss=0.144259 memory_norm=6.668888
epoch=1 step=2630 total_loss=0.094103 pred_loss=0.044363 pred_uniform=0.043911 rep=0.047888 barlow=0.006350 barlow_diag=0.9776 barlow_offdiag=0.2469 sigreg_obj=1.722642 memory_barlow=0.000000 target_std=0.9190 pred_std=0.9130 decoded_loss=0.013345 decoded_dynamic=0.015476 presence_loss=0.135481 memory_norm=6.823336
epoch=1 step=2640 total_loss=0.101849 pred_loss=0.049907 pred_uniform=0.048967 rep=0.052177 barlow=0.006303 barlow_diag=0.9798 barlow_offdiag=0.2481 sigreg_obj=1.405856 memory_barlow=0.000000 target_std=0.9299 pred_std=0.9210 decoded_loss=0.008343 decoded_dynamic=0.012509 presence_loss=0.141772 memory_norm=6.817101
epoch=1 step=2650 total_loss=0.086432 pred_loss=0.042752 pred_uniform=0.042799 rep=0.049537 barlow=0.005711 barlow_diag=0.9790 barlow_offdiag=0.2345 sigreg_obj=1.230997 memory_barlow=0.000000 target_std=0.9561 pred_std=0.9507 decoded_loss=0.012059 decoded_dynamic=0.018422 presence_loss=0.199363 memory_norm=7.418003
epoch=1 step=2660 total_loss=0.085699 pred_loss=0.041049 pred_uniform=0.041037 rep=0.046952 barlow=0.005496 barlow_diag=0.9798 barlow_offdiag=0.2306 sigreg_obj=1.556562 memory_barlow=0.000000 target_std=0.9257 pred_std=0.9216 decoded_loss=0.008682 decoded_dynamic=0.013594 presence_loss=0.165811 memory_norm=7.706814
epoch=1 step=2670 total_loss=0.106643 pred_loss=0.048399 pred_uniform=0.047884 rep=0.051146 barlow=0.005719 barlow_diag=0.9783 barlow_offdiag=0.2340 sigreg_obj=2.266798 memory_barlow=0.000000 target_std=0.8993 pred_std=0.8945 decoded_loss=0.009323 decoded_dynamic=0.013515 presence_loss=0.119600 memory_norm=6.619929
epoch=1 step=2680 total_loss=0.081305 pred_loss=0.041195 pred_uniform=0.041510 rep=0.048501 barlow=0.005780 barlow_diag=0.9801 barlow_offdiag=0.2371 sigreg_obj=1.186096 memory_barlow=0.000000 target_std=0.9421 pred_std=0.9427 decoded_loss=0.008309 decoded_dynamic=0.014440 presence_loss=0.172424 memory_norm=7.291646
epoch=1 step=2690 total_loss=0.067004 pred_loss=0.032965 pred_uniform=0.033196 rep=0.042820 barlow=0.005590 barlow_diag=0.9815 barlow_offdiag=0.2341 sigreg_obj=1.085590 memory_barlow=0.000000 target_std=0.9637 pred_std=0.9586 decoded_loss=0.008355 decoded_dynamic=0.014589 presence_loss=0.105026 memory_norm=7.150346
epoch=1 step=2700 total_loss=0.092548 pred_loss=0.045145 pred_uniform=0.044536 rep=0.051453 barlow=0.005495 barlow_diag=0.9792 barlow_offdiag=0.2297 sigreg_obj=1.262112 memory_barlow=0.000000 target_std=0.9326 pred_std=0.9287 decoded_loss=0.008060 decoded_dynamic=0.013246 presence_loss=0.142423 memory_norm=7.646968
epoch=1 step=2710 total_loss=0.093126 pred_loss=0.046053 pred_uniform=0.045264 rep=0.048416 barlow=0.005712 barlow_diag=0.9809 barlow_offdiag=0.2363 sigreg_obj=1.252051 memory_barlow=0.000000 target_std=0.9358 pred_std=0.9278 decoded_loss=0.007083 decoded_dynamic=0.011648 presence_loss=0.100437 memory_norm=6.953993
epoch=1 step=2720 total_loss=0.077900 pred_loss=0.037435 pred_uniform=0.037414 rep=0.042167 barlow=0.005586 barlow_diag=0.9818 barlow_offdiag=0.2344 sigreg_obj=1.376948 memory_barlow=0.000000 target_std=0.9498 pred_std=0.9457 decoded_loss=0.009385 decoded_dynamic=0.015550 presence_loss=0.111106 memory_norm=7.877586
epoch=1 step=2730 total_loss=0.080516 pred_loss=0.039455 pred_uniform=0.039227 rep=0.050388 barlow=0.005667 barlow_diag=0.9828 barlow_offdiag=0.2370 sigreg_obj=1.138314 memory_barlow=0.000000 target_std=0.9615 pred_std=0.9557 decoded_loss=0.010983 decoded_dynamic=0.015620 presence_loss=0.115357 memory_norm=7.828420
epoch=1 step=2740 total_loss=0.091913 pred_loss=0.044704 pred_uniform=0.043817 rep=0.048112 barlow=0.005686 barlow_diag=0.9815 barlow_offdiag=0.2363 sigreg_obj=1.234143 memory_barlow=0.000000 target_std=0.9440 pred_std=0.9360 decoded_loss=0.008805 decoded_dynamic=0.012424 presence_loss=0.095012 memory_norm=6.622390
saved_recovery_checkpoint epoch=1 step=2750 successful_updates=2750
epoch=1 step=2750 total_loss=0.082432 pred_loss=0.040788 pred_uniform=0.041036 rep=0.053201 barlow=0.005605 barlow_diag=0.9812 barlow_offdiag=0.2342 sigreg_obj=1.352843 memory_barlow=0.000000 target_std=0.9498 pred_std=0.9449 decoded_loss=0.010561 decoded_dynamic=0.014720 presence_loss=0.149000 memory_norm=7.772269
epoch=1 step=2760 total_loss=0.064656 pred_loss=0.030131 pred_uniform=0.030154 rep=0.037363 barlow=0.005427 barlow_diag=0.9819 barlow_offdiag=0.2307 sigreg_obj=1.250076 memory_barlow=0.000000 target_std=0.9694 pred_std=0.9678 decoded_loss=0.009473 decoded_dynamic=0.014987 presence_loss=0.096007 memory_norm=8.155209
epoch=1 step=2770 total_loss=0.099450 pred_loss=0.047406 pred_uniform=0.046802 rep=0.054055 barlow=0.005920 barlow_diag=0.9792 barlow_offdiag=0.2394 sigreg_obj=1.534401 memory_barlow=0.000000 target_std=0.9165 pred_std=0.9114 decoded_loss=0.008597 decoded_dynamic=0.012681 presence_loss=0.150589 memory_norm=6.944355
epoch=1 step=2780 total_loss=0.089150 pred_loss=0.044077 pred_uniform=0.043028 rep=0.047868 barlow=0.005531 barlow_diag=0.9807 barlow_offdiag=0.2321 sigreg_obj=1.086722 memory_barlow=0.000000 target_std=0.9507 pred_std=0.9455 decoded_loss=0.008683 decoded_dynamic=0.013574 presence_loss=0.114717 memory_norm=6.086285
epoch=1 step=2790 total_loss=0.098030 pred_loss=0.048438 pred_uniform=0.047868 rep=0.054599 barlow=0.005625 barlow_diag=0.9785 barlow_offdiag=0.2322 sigreg_obj=1.400993 memory_barlow=0.000000 target_std=0.9197 pred_std=0.9177 decoded_loss=0.009596 decoded_dynamic=0.013756 presence_loss=0.108396 memory_norm=6.298100
epoch=1 step=2800 total_loss=0.087997 pred_loss=0.043179 pred_uniform=0.043018 rep=0.047089 barlow=0.005465 barlow_diag=0.9799 barlow_offdiag=0.2299 sigreg_obj=1.254084 memory_barlow=0.000000 target_std=0.9492 pred_std=0.9460 decoded_loss=0.013253 decoded_dynamic=0.019199 presence_loss=0.146570 memory_norm=7.975197
epoch=1 step=2810 total_loss=0.076012 pred_loss=0.038775 pred_uniform=0.039597 rep=0.053263 barlow=0.005313 barlow_diag=0.9824 barlow_offdiag=0.2286 sigreg_obj=1.142334 memory_barlow=0.000000 target_std=0.9694 pred_std=0.9671 decoded_loss=0.012479 decoded_dynamic=0.017827 presence_loss=0.198304 memory_norm=8.153294
epoch=1 step=2820 total_loss=0.095222 pred_loss=0.042326 pred_uniform=0.041919 rep=0.087955 barlow=0.005927 barlow_diag=0.9815 barlow_offdiag=0.2415 sigreg_obj=1.827162 memory_barlow=0.000000 target_std=0.8938 pred_std=0.8828 decoded_loss=0.007505 decoded_dynamic=0.011905 presence_loss=0.093295 memory_norm=7.367615
epoch=1 step=2830 total_loss=0.084849 pred_loss=0.039526 pred_uniform=0.039140 rep=0.050836 barlow=0.005877 barlow_diag=0.9789 barlow_offdiag=0.2379 sigreg_obj=1.419648 memory_barlow=0.000000 target_std=0.9432 pred_std=0.9421 decoded_loss=0.008257 decoded_dynamic=0.014253 presence_loss=0.144394 memory_norm=7.251682
epoch=1 step=2840 total_loss=0.068513 pred_loss=0.034183 pred_uniform=0.034199 rep=0.042923 barlow=0.005588 barlow_diag=0.9816 barlow_offdiag=0.2342 sigreg_obj=0.956254 memory_barlow=0.000000 target_std=0.9614 pred_std=0.9605 decoded_loss=0.009223 decoded_dynamic=0.015902 presence_loss=0.144574 memory_norm=7.020879
epoch=1 step=2850 total_loss=0.072249 pred_loss=0.035835 pred_uniform=0.036416 rep=0.042553 barlow=0.005889 barlow_diag=0.9810 barlow_offdiag=0.2403 sigreg_obj=1.272135 memory_barlow=0.000000 target_std=0.9468 pred_std=0.9384 decoded_loss=0.010006 decoded_dynamic=0.015524 presence_loss=0.142444 memory_norm=7.137951
epoch=1 step=2860 total_loss=0.071181 pred_loss=0.034213 pred_uniform=0.034380 rep=0.040927 barlow=0.005296 barlow_diag=0.9793 barlow_offdiag=0.2255 sigreg_obj=1.200260 memory_barlow=0.000000 target_std=0.9473 pred_std=0.9465 decoded_loss=0.009740 decoded_dynamic=0.013600 presence_loss=0.158148 memory_norm=8.008417
epoch=1 step=2870 total_loss=0.082834 pred_loss=0.039911 pred_uniform=0.039474 rep=0.052958 barlow=0.005598 barlow_diag=0.9810 barlow_offdiag=0.2339 sigreg_obj=1.269200 memory_barlow=0.000000 target_std=0.9318 pred_std=0.9261 decoded_loss=0.008155 decoded_dynamic=0.012676 presence_loss=0.099008 memory_norm=6.669398
epoch=1 step=2880 total_loss=0.080604 pred_loss=0.037872 pred_uniform=0.038070 rep=0.053600 barlow=0.005376 barlow_diag=0.9811 barlow_offdiag=0.2290 sigreg_obj=1.666207 memory_barlow=0.000000 target_std=0.9172 pred_std=0.9109 decoded_loss=0.006883 decoded_dynamic=0.010018 presence_loss=0.107722 memory_norm=7.947115
epoch=1 step=2890 total_loss=0.091881 pred_loss=0.045846 pred_uniform=0.045323 rep=0.055286 barlow=0.006282 barlow_diag=0.9777 barlow_offdiag=0.2455 sigreg_obj=1.207916 memory_barlow=0.000000 target_std=0.9411 pred_std=0.9366 decoded_loss=0.007080 decoded_dynamic=0.010757 presence_loss=0.104109 memory_norm=6.100216
epoch=1 step=2900 total_loss=0.094585 pred_loss=0.047980 pred_uniform=0.047295 rep=0.054572 barlow=0.005291 barlow_diag=0.9804 barlow_offdiag=0.2263 sigreg_obj=1.137821 memory_barlow=0.000000 target_std=0.9498 pred_std=0.9451 decoded_loss=0.008725 decoded_dynamic=0.012847 presence_loss=0.106002 memory_norm=7.433298
epoch=1 step=2910 total_loss=0.070394 pred_loss=0.033250 pred_uniform=0.033585 rep=0.038157 barlow=0.005545 barlow_diag=0.9828 barlow_offdiag=0.2342 sigreg_obj=1.453727 memory_barlow=0.000000 target_std=0.9504 pred_std=0.9470 decoded_loss=0.009282 decoded_dynamic=0.014473 presence_loss=0.102726 memory_norm=8.548644
epoch=1 step=2920 total_loss=0.086586 pred_loss=0.042493 pred_uniform=0.042908 rep=0.056295 barlow=0.005780 barlow_diag=0.9810 barlow_offdiag=0.2379 sigreg_obj=1.532184 memory_barlow=0.000000 target_std=0.9283 pred_std=0.9273 decoded_loss=0.009305 decoded_dynamic=0.013535 presence_loss=0.143388 memory_norm=7.565908
epoch=1 step=2930 total_loss=0.088385 pred_loss=0.043923 pred_uniform=0.043488 rep=0.050198 barlow=0.005267 barlow_diag=0.9799 barlow_offdiag=0.2254 sigreg_obj=1.215321 memory_barlow=0.000000 target_std=0.9459 pred_std=0.9445 decoded_loss=0.008488 decoded_dynamic=0.014409 presence_loss=0.114757 memory_norm=6.598290
epoch=1 step=2940 total_loss=0.079309 pred_loss=0.038913 pred_uniform=0.039440 rep=0.055485 barlow=0.005728 barlow_diag=0.9797 barlow_offdiag=0.2355 sigreg_obj=1.411904 memory_barlow=0.000000 target_std=0.9343 pred_std=0.9223 decoded_loss=0.008453 decoded_dynamic=0.012395 presence_loss=0.137197 memory_norm=7.777757
epoch=1 step=2950 total_loss=0.079201 pred_loss=0.040660 pred_uniform=0.040869 rep=0.048216 barlow=0.005564 barlow_diag=0.9816 barlow_offdiag=0.2336 sigreg_obj=1.077747 memory_barlow=0.000000 target_std=0.9565 pred_std=0.9501 decoded_loss=0.007927 decoded_dynamic=0.011711 presence_loss=0.109147 memory_norm=6.679831
epoch=1 step=2960 total_loss=0.075138 pred_loss=0.035501 pred_uniform=0.035381 rep=0.042376 barlow=0.006184 barlow_diag=0.9804 barlow_offdiag=0.2460 sigreg_obj=1.428758 memory_barlow=0.000000 target_std=0.9357 pred_std=0.9365 decoded_loss=0.007660 decoded_dynamic=0.011705 presence_loss=0.086990 memory_norm=6.722753
epoch=1 step=2970 total_loss=0.093075 pred_loss=0.042020 pred_uniform=0.041998 rep=0.043900 barlow=0.006178 barlow_diag=0.9808 barlow_offdiag=0.2462 sigreg_obj=2.116003 memory_barlow=0.000000 target_std=0.9187 pred_std=0.9128 decoded_loss=0.009928 decoded_dynamic=0.012005 presence_loss=0.132763 memory_norm=7.151034
epoch=1 step=2980 total_loss=0.085783 pred_loss=0.043092 pred_uniform=0.042964 rep=0.053085 barlow=0.005939 barlow_diag=0.9787 barlow_offdiag=0.2391 sigreg_obj=1.084927 memory_barlow=0.000000 target_std=0.9533 pred_std=0.9471 decoded_loss=0.009142 decoded_dynamic=0.015209 presence_loss=0.194663 memory_norm=6.865575
epoch=1 step=2990 total_loss=0.079582 pred_loss=0.037367 pred_uniform=0.037643 rep=0.051252 barlow=0.005707 barlow_diag=0.9781 barlow_offdiag=0.2336 sigreg_obj=1.553704 memory_barlow=0.000000 target_std=0.9251 pred_std=0.9172 decoded_loss=0.009078 decoded_dynamic=0.014182 presence_loss=0.158413 memory_norm=7.536606
saved_recovery_checkpoint epoch=1 step=3000 successful_updates=3000
epoch=1 step=3000 total_loss=0.082537 pred_loss=0.039567 pred_uniform=0.039418 rep=0.045681 barlow=0.005805 barlow_diag=0.9790 barlow_offdiag=0.2365 sigreg_obj=1.381741 memory_barlow=0.000000 target_std=0.9447 pred_std=0.9421 decoded_loss=0.009493 decoded_dynamic=0.013375 presence_loss=0.144865 memory_norm=7.145789
epoch=1 step=3010 total_loss=0.099464 pred_loss=0.051240 pred_uniform=0.051313 rep=0.065938 barlow=0.005491 barlow_diag=0.9783 barlow_offdiag=0.2286 sigreg_obj=1.248860 memory_barlow=0.000000 target_std=0.9631 pred_std=0.9604 decoded_loss=0.011649 decoded_dynamic=0.014012 presence_loss=0.167984 memory_norm=8.009444
epoch=1 step=3020 total_loss=0.087095 pred_loss=0.040103 pred_uniform=0.040025 rep=0.058443 barlow=0.005262 barlow_diag=0.9800 barlow_offdiag=0.2254 sigreg_obj=1.751015 memory_barlow=0.000000 target_std=0.9179 pred_std=0.9166 decoded_loss=0.009118 decoded_dynamic=0.013735 presence_loss=0.126631 memory_norm=8.308207
epoch=1 step=3030 total_loss=0.111653 pred_loss=0.054152 pred_uniform=0.053740 rep=0.061350 barlow=0.005480 barlow_diag=0.9784 barlow_offdiag=0.2287 sigreg_obj=1.925347 memory_barlow=0.000000 target_std=0.9045 pred_std=0.8905 decoded_loss=0.010282 decoded_dynamic=0.013666 presence_loss=0.111516 memory_norm=7.240708
epoch=1 step=3040 total_loss=0.090338 pred_loss=0.041924 pred_uniform=0.041462 rep=0.055380 barlow=0.006312 barlow_diag=0.9789 barlow_offdiag=0.2472 sigreg_obj=1.671209 memory_barlow=0.000000 target_std=0.9018 pred_std=0.9011 decoded_loss=0.008935 decoded_dynamic=0.011359 presence_loss=0.129237 memory_norm=5.852172
epoch=1 step=3050 total_loss=0.081665 pred_loss=0.041002 pred_uniform=0.041319 rep=0.057102 barlow=0.005565 barlow_diag=0.9803 barlow_offdiag=0.2326 sigreg_obj=1.207395 memory_barlow=0.000000 target_std=0.9658 pred_std=0.9625 decoded_loss=0.009969 decoded_dynamic=0.016467 presence_loss=0.170952 memory_norm=7.289081
epoch=1 step=3060 total_loss=0.071010 pred_loss=0.035080 pred_uniform=0.035343 rep=0.053538 barlow=0.005495 barlow_diag=0.9803 barlow_offdiag=0.2309 sigreg_obj=1.061091 memory_barlow=0.000000 target_std=0.9594 pred_std=0.9575 decoded_loss=0.009383 decoded_dynamic=0.014543 presence_loss=0.120608 memory_norm=7.409585
epoch=1 step=3070 total_loss=0.067958 pred_loss=0.032722 pred_uniform=0.033057 rep=0.041031 barlow=0.005312 barlow_diag=0.9813 barlow_offdiag=0.2277 sigreg_obj=1.279914 memory_barlow=0.000000 target_std=0.9695 pred_std=0.9668 decoded_loss=0.009812 decoded_dynamic=0.015189 presence_loss=0.134335 memory_norm=8.194106
epoch=1 step=3080 total_loss=0.062603 pred_loss=0.031357 pred_uniform=0.031917 rep=0.044705 barlow=0.005569 barlow_diag=0.9809 barlow_offdiag=0.2332 sigreg_obj=0.976483 memory_barlow=0.000000 target_std=0.9648 pred_std=0.9619 decoded_loss=0.011162 decoded_dynamic=0.016369 presence_loss=0.140826 memory_norm=6.981794
epoch=1 step=3090 total_loss=0.089333 pred_loss=0.038028 pred_uniform=0.038193 rep=0.041159 barlow=0.006518 barlow_diag=0.9775 barlow_offdiag=0.2502 sigreg_obj=2.573823 memory_barlow=0.000000 target_std=0.9108 pred_std=0.9058 decoded_loss=0.011360 decoded_dynamic=0.011857 presence_loss=0.121235 memory_norm=7.364916
epoch=1 step=3100 total_loss=0.071544 pred_loss=0.035423 pred_uniform=0.035504 rep=0.042351 barlow=0.005473 barlow_diag=0.9799 barlow_offdiag=0.2300 sigreg_obj=1.159697 memory_barlow=0.000000 target_std=0.9588 pred_std=0.9569 decoded_loss=0.008218 decoded_dynamic=0.012771 presence_loss=0.102533 memory_norm=7.303910
epoch=1 step=3110 total_loss=0.076806 pred_loss=0.037274 pred_uniform=0.037535 rep=0.049124 barlow=0.005870 barlow_diag=0.9788 barlow_offdiag=0.2378 sigreg_obj=1.327995 memory_barlow=0.000000 target_std=0.9325 pred_std=0.9286 decoded_loss=0.012824 decoded_dynamic=0.014577 presence_loss=0.128197 memory_norm=6.995136
epoch=1 step=3120 total_loss=0.072491 pred_loss=0.035184 pred_uniform=0.035411 rep=0.039639 barlow=0.005383 barlow_diag=0.9794 barlow_offdiag=0.2276 sigreg_obj=1.413940 memory_barlow=0.000000 target_std=0.9360 pred_std=0.9320 decoded_loss=0.008301 decoded_dynamic=0.011469 presence_loss=0.107354 memory_norm=7.592046
epoch_summary epoch=1 step=3125 total_loss=0.267619 pred_loss=0.146733 pred_uniform=0.145746 rep=0.149050 barlow=0.059838 barlow_diag=0.9022 barlow_offdiag=0.2943 sigreg_obj=4.596399 memory_barlow=0.000000 target_std=0.8328 pred_std=0.7706 decoded_loss=0.024575 presence_loss=0.417767 memory_norm=7.135720
saved_checkpoint runs/rnn_seqmem_exp34_two_mask_complex_5ep_20260707_100311/checkpoint_epoch_001.pt and runs/rnn_seqmem_exp34_two_mask_complex_5ep_20260707_100311/checkpoint.pt
epoch_schedule epoch=2 active_sigreg_weight=0.010000
epoch=2 step=3130 total_loss=0.067375 pred_loss=0.034787 pred_uniform=0.035615 rep=0.039578 barlow=0.005888 barlow_diag=0.9818 barlow_offdiag=0.2408 sigreg_obj=1.027240 memory_barlow=0.000000 target_std=0.9696 pred_std=0.9660 decoded_loss=0.009258 decoded_dynamic=0.015732 presence_loss=0.208721 memory_norm=6.716715
epoch=2 step=3140 total_loss=0.078189 pred_loss=0.039486 pred_uniform=0.039745 rep=0.045504 barlow=0.006341 barlow_diag=0.9799 barlow_offdiag=0.2490 sigreg_obj=1.111200 memory_barlow=0.000000 target_std=0.9444 pred_std=0.9369 decoded_loss=0.007580 decoded_dynamic=0.012061 presence_loss=0.161186 memory_norm=5.837852
epoch=2 step=3150 total_loss=0.073324 pred_loss=0.037721 pred_uniform=0.038685 rep=0.044840 barlow=0.005163 barlow_diag=0.9788 barlow_offdiag=0.2218 sigreg_obj=1.169869 memory_barlow=0.000000 target_std=0.9773 pred_std=0.9765 decoded_loss=0.013484 decoded_dynamic=0.022915 presence_loss=0.170103 memory_norm=8.142031
epoch=2 step=3160 total_loss=0.117245 pred_loss=0.062275 pred_uniform=0.061949 rep=0.071637 barlow=0.005540 barlow_diag=0.9795 barlow_offdiag=0.2312 sigreg_obj=1.191449 memory_barlow=0.000000 target_std=0.9303 pred_std=0.9213 decoded_loss=0.009395 decoded_dynamic=0.011895 presence_loss=0.109980 memory_norm=6.218302
epoch=2 step=3170 total_loss=0.084634 pred_loss=0.040103 pred_uniform=0.040301 rep=0.050296 barlow=0.005487 barlow_diag=0.9813 barlow_offdiag=0.2316 sigreg_obj=1.548592 memory_barlow=0.000000 target_std=0.9596 pred_std=0.9562 decoded_loss=0.011411 decoded_dynamic=0.015620 presence_loss=0.194978 memory_norm=8.010554
epoch=2 step=3180 total_loss=0.074611 pred_loss=0.037872 pred_uniform=0.038437 rep=0.047760 barlow=0.005116 barlow_diag=0.9798 barlow_offdiag=0.2217 sigreg_obj=1.172782 memory_barlow=0.000000 target_std=0.9556 pred_std=0.9570 decoded_loss=0.010405 decoded_dynamic=0.016843 presence_loss=0.144939 memory_norm=7.768696
epoch=2 step=3190 total_loss=0.065395 pred_loss=0.032827 pred_uniform=0.033469 rep=0.042568 barlow=0.005357 barlow_diag=0.9819 barlow_offdiag=0.2293 sigreg_obj=1.095347 memory_barlow=0.000000 target_std=0.9715 pred_std=0.9706 decoded_loss=0.011997 decoded_dynamic=0.018462 presence_loss=0.126561 memory_norm=7.471831
epoch=2 step=3200 total_loss=0.069379 pred_loss=0.034166 pred_uniform=0.034723 rep=0.041831 barlow=0.005526 barlow_diag=0.9822 barlow_offdiag=0.2333 sigreg_obj=1.297722 memory_barlow=0.000000 target_std=0.9490 pred_std=0.9448 decoded_loss=0.009407 decoded_dynamic=0.013106 presence_loss=0.124273 memory_norm=7.276814
epoch=2 step=3210 total_loss=0.067631 pred_loss=0.034795 pred_uniform=0.035491 rep=0.041900 barlow=0.004921 barlow_diag=0.9807 barlow_offdiag=0.2180 sigreg_obj=1.038359 memory_barlow=0.000000 target_std=0.9687 pred_std=0.9689 decoded_loss=0.010345 decoded_dynamic=0.016228 presence_loss=0.124209 memory_norm=8.280779
epoch=2 step=3220 total_loss=0.074261 pred_loss=0.036588 pred_uniform=0.036814 rep=0.039923 barlow=0.005185 barlow_diag=0.9803 barlow_offdiag=0.2236 sigreg_obj=1.334045 memory_barlow=0.000000 target_std=0.9457 pred_std=0.9349 decoded_loss=0.009578 decoded_dynamic=0.013268 presence_loss=0.117010 memory_norm=7.908934
epoch=2 step=3230 total_loss=0.072067 pred_loss=0.036294 pred_uniform=0.036197 rep=0.048462 barlow=0.006413 barlow_diag=0.9819 barlow_offdiag=0.2521 sigreg_obj=0.941023 memory_barlow=0.000000 target_std=0.9447 pred_std=0.9437 decoded_loss=0.009102 decoded_dynamic=0.011396 presence_loss=0.118026 memory_norm=5.296422
epoch=2 step=3240 total_loss=0.056885 pred_loss=0.026660 pred_uniform=0.026911 rep=0.033131 barlow=0.005230 barlow_diag=0.9805 barlow_offdiag=0.2249 sigreg_obj=1.173914 memory_barlow=0.000000 target_std=0.9670 pred_std=0.9648 decoded_loss=0.009641 decoded_dynamic=0.014228 presence_loss=0.104008 memory_norm=7.723912
saved_recovery_checkpoint epoch=2 step=3250 successful_updates=3250
epoch=2 step=3250 total_loss=0.067676 pred_loss=0.033112 pred_uniform=0.032775 rep=0.039631 barlow=0.005074 barlow_diag=0.9829 barlow_offdiag=0.2235 sigreg_obj=1.003650 memory_barlow=0.000000 target_std=0.9646 pred_std=0.9613 decoded_loss=0.008687 decoded_dynamic=0.014409 presence_loss=0.084947 memory_norm=6.846846
epoch=2 step=3260 total_loss=0.071762 pred_loss=0.034854 pred_uniform=0.035186 rep=0.038887 barlow=0.005136 barlow_diag=0.9818 barlow_offdiag=0.2240 sigreg_obj=1.339123 memory_barlow=0.000000 target_std=0.9492 pred_std=0.9454 decoded_loss=0.008516 decoded_dynamic=0.012712 presence_loss=0.112681 memory_norm=8.236601
epoch=2 step=3270 total_loss=0.078561 pred_loss=0.040330 pred_uniform=0.040987 rep=0.048713 barlow=0.005094 barlow_diag=0.9833 barlow_offdiag=0.2243 sigreg_obj=1.247721 memory_barlow=0.000000 target_std=0.9639 pred_std=0.9607 decoded_loss=0.009426 decoded_dynamic=0.014935 presence_loss=0.110788 memory_norm=8.383529
epoch=2 step=3280 total_loss=0.077839 pred_loss=0.039089 pred_uniform=0.039305 rep=0.048993 barlow=0.004978 barlow_diag=0.9817 barlow_offdiag=0.2200 sigreg_obj=1.133405 memory_barlow=0.000000 target_std=0.9659 pred_std=0.9618 decoded_loss=0.009582 decoded_dynamic=0.015000 presence_loss=0.168057 memory_norm=8.631466
epoch=2 step=3290 total_loss=0.086155 pred_loss=0.043069 pred_uniform=0.043327 rep=0.068647 barlow=0.005636 barlow_diag=0.9812 barlow_offdiag=0.2348 sigreg_obj=1.143476 memory_barlow=0.000000 target_std=0.9462 pred_std=0.9420 decoded_loss=0.008778 decoded_dynamic=0.012598 presence_loss=0.114935 memory_norm=7.246168
epoch=2 step=3300 total_loss=0.064457 pred_loss=0.031786 pred_uniform=0.031587 rep=0.039397 barlow=0.005157 barlow_diag=0.9828 barlow_offdiag=0.2253 sigreg_obj=0.929635 memory_barlow=0.000000 target_std=0.9667 pred_std=0.9654 decoded_loss=0.007903 decoded_dynamic=0.011388 presence_loss=0.088232 memory_norm=6.401068
epoch=2 step=3310 total_loss=0.066880 pred_loss=0.033813 pred_uniform=0.034446 rep=0.043579 barlow=0.005138 barlow_diag=0.9808 barlow_offdiag=0.2230 sigreg_obj=1.047287 memory_barlow=0.000000 target_std=0.9691 pred_std=0.9685 decoded_loss=0.009594 decoded_dynamic=0.015461 presence_loss=0.176369 memory_norm=8.290209
epoch=2 step=3320 total_loss=0.080907 pred_loss=0.037633 pred_uniform=0.037012 rep=0.059266 barlow=0.005844 barlow_diag=0.9803 barlow_offdiag=0.2387 sigreg_obj=1.397468 memory_barlow=0.000000 target_std=0.9071 pred_std=0.8990 decoded_loss=0.005756 decoded_dynamic=0.005912 presence_loss=0.085005 memory_norm=5.682408
epoch=2 step=3330 total_loss=0.072680 pred_loss=0.035852 pred_uniform=0.035620 rep=0.042019 barlow=0.005497 barlow_diag=0.9791 barlow_offdiag=0.2295 sigreg_obj=1.025507 memory_barlow=0.000000 target_std=0.9577 pred_std=0.9565 decoded_loss=0.008133 decoded_dynamic=0.013137 presence_loss=0.111524 memory_norm=6.571489
epoch=2 step=3340 total_loss=0.077717 pred_loss=0.039719 pred_uniform=0.040044 rep=0.052915 barlow=0.004956 barlow_diag=0.9814 barlow_offdiag=0.2194 sigreg_obj=1.057161 memory_barlow=0.000000 target_std=0.9474 pred_std=0.9448 decoded_loss=0.007625 decoded_dynamic=0.010923 presence_loss=0.172211 memory_norm=8.032682
epoch=2 step=3350 total_loss=0.070356 pred_loss=0.033498 pred_uniform=0.033586 rep=0.039768 barlow=0.005061 barlow_diag=0.9828 barlow_offdiag=0.2232 sigreg_obj=1.361444 memory_barlow=0.000000 target_std=0.9491 pred_std=0.9438 decoded_loss=0.006222 decoded_dynamic=0.010297 presence_loss=0.124055 memory_norm=7.645483
epoch=2 step=3360 total_loss=0.074624 pred_loss=0.035637 pred_uniform=0.035496 rep=0.040041 barlow=0.005705 barlow_diag=0.9803 barlow_offdiag=0.2355 sigreg_obj=1.340984 memory_barlow=0.000000 target_std=0.9316 pred_std=0.9256 decoded_loss=0.008395 decoded_dynamic=0.011082 presence_loss=0.146172 memory_norm=7.065687
epoch=2 step=3370 total_loss=0.064931 pred_loss=0.032495 pred_uniform=0.032585 rep=0.035588 barlow=0.005320 barlow_diag=0.9809 barlow_offdiag=0.2273 sigreg_obj=1.071837 memory_barlow=0.000000 target_std=0.9633 pred_std=0.9586 decoded_loss=0.005903 decoded_dynamic=0.009371 presence_loss=0.081429 memory_norm=7.538238
epoch=2 step=3380 total_loss=0.073595 pred_loss=0.036731 pred_uniform=0.037048 rep=0.041505 barlow=0.004901 barlow_diag=0.9821 barlow_offdiag=0.2188 sigreg_obj=1.178551 memory_barlow=0.000000 target_std=0.9496 pred_std=0.9556 decoded_loss=0.007713 decoded_dynamic=0.013113 presence_loss=0.122171 memory_norm=9.039272
epoch=2 step=3390 total_loss=0.103109 pred_loss=0.051671 pred_uniform=0.050958 rep=0.052998 barlow=0.005368 barlow_diag=0.9805 barlow_offdiag=0.2282 sigreg_obj=1.464006 memory_barlow=0.000000 target_std=0.9353 pred_std=0.9329 decoded_loss=0.008509 decoded_dynamic=0.013205 presence_loss=0.112287 memory_norm=7.247540
epoch=2 step=3400 total_loss=0.074440 pred_loss=0.036361 pred_uniform=0.036466 rep=0.045781 barlow=0.005312 barlow_diag=0.9809 barlow_offdiag=0.2273 sigreg_obj=1.190741 memory_barlow=0.000000 target_std=0.9356 pred_std=0.9336 decoded_loss=0.008936 decoded_dynamic=0.015162 presence_loss=0.136477 memory_norm=6.419236
epoch=2 step=3410 total_loss=0.078032 pred_loss=0.039782 pred_uniform=0.040054 rep=0.046666 barlow=0.005024 barlow_diag=0.9831 barlow_offdiag=0.2226 sigreg_obj=1.174735 memory_barlow=0.000000 target_std=0.9515 pred_std=0.9470 decoded_loss=0.007629 decoded_dynamic=0.012181 presence_loss=0.122971 memory_norm=7.635136
epoch=2 step=3420 total_loss=0.065174 pred_loss=0.032738 pred_uniform=0.033118 rep=0.036867 barlow=0.004843 barlow_diag=0.9819 barlow_offdiag=0.2171 sigreg_obj=1.076168 memory_barlow=0.000000 target_std=0.9649 pred_std=0.9602 decoded_loss=0.010777 decoded_dynamic=0.014124 presence_loss=0.119683 memory_norm=8.264854
epoch=2 step=3430 total_loss=0.064029 pred_loss=0.031369 pred_uniform=0.032035 rep=0.048605 barlow=0.005083 barlow_diag=0.9839 barlow_offdiag=0.2245 sigreg_obj=1.164602 memory_barlow=0.000000 target_std=0.9752 pred_std=0.9732 decoded_loss=0.008652 decoded_dynamic=0.014988 presence_loss=0.101462 memory_norm=7.498305
epoch=2 step=3440 total_loss=0.058970 pred_loss=0.029351 pred_uniform=0.029734 rep=0.038907 barlow=0.005134 barlow_diag=0.9823 barlow_offdiag=0.2244 sigreg_obj=0.991692 memory_barlow=0.000000 target_std=0.9682 pred_std=0.9654 decoded_loss=0.008420 decoded_dynamic=0.012561 presence_loss=0.109294 memory_norm=7.688789
epoch=2 step=3450 total_loss=0.070569 pred_loss=0.031645 pred_uniform=0.031559 rep=0.041351 barlow=0.005638 barlow_diag=0.9813 barlow_offdiag=0.2351 sigreg_obj=1.508840 memory_barlow=0.000000 target_std=0.9229 pred_std=0.9197 decoded_loss=0.007279 decoded_dynamic=0.011390 presence_loss=0.112635 memory_norm=6.929559
epoch=2 step=3460 total_loss=0.064860 pred_loss=0.031841 pred_uniform=0.031844 rep=0.037432 barlow=0.005140 barlow_diag=0.9805 barlow_offdiag=0.2229 sigreg_obj=1.065356 memory_barlow=0.000000 target_std=0.9559 pred_std=0.9549 decoded_loss=0.006744 decoded_dynamic=0.010248 presence_loss=0.101339 memory_norm=7.337251
epoch=2 step=3470 total_loss=0.071199 pred_loss=0.035613 pred_uniform=0.035974 rep=0.042429 barlow=0.005305 barlow_diag=0.9824 barlow_offdiag=0.2285 sigreg_obj=1.178981 memory_barlow=0.000000 target_std=0.9557 pred_std=0.9535 decoded_loss=0.007960 decoded_dynamic=0.012490 presence_loss=0.108750 memory_norm=7.235570
epoch=2 step=3480 total_loss=0.059759 pred_loss=0.028692 pred_uniform=0.028767 rep=0.032638 barlow=0.006118 barlow_diag=0.9826 barlow_offdiag=0.2464 sigreg_obj=1.175534 memory_barlow=0.000000 target_std=0.9369 pred_std=0.9333 decoded_loss=0.007032 decoded_dynamic=0.009034 presence_loss=0.103169 memory_norm=5.926134
epoch=2 step=3490 total_loss=0.064435 pred_loss=0.031363 pred_uniform=0.031561 rep=0.045190 barlow=0.005395 barlow_diag=0.9804 barlow_offdiag=0.2287 sigreg_obj=1.077729 memory_barlow=0.000000 target_std=0.9587 pred_std=0.9566 decoded_loss=0.007274 decoded_dynamic=0.011414 presence_loss=0.128737 memory_norm=7.615748
saved_recovery_checkpoint epoch=2 step=3500 successful_updates=3500
epoch=2 step=3500 total_loss=0.068277 pred_loss=0.028829 pred_uniform=0.028777 rep=0.033117 barlow=0.005136 barlow_diag=0.9799 barlow_offdiag=0.2224 sigreg_obj=1.683974 memory_barlow=0.000000 target_std=0.9211 pred_std=0.9155 decoded_loss=0.006088 decoded_dynamic=0.008623 presence_loss=0.115115 memory_norm=6.522794
epoch=2 step=3510 total_loss=0.058276 pred_loss=0.027483 pred_uniform=0.027892 rep=0.033420 barlow=0.005123 barlow_diag=0.9826 barlow_offdiag=0.2244 sigreg_obj=1.278565 memory_barlow=0.000000 target_std=0.9657 pred_std=0.9620 decoded_loss=0.007862 decoded_dynamic=0.011243 presence_loss=0.106580 memory_norm=7.683928
epoch=2 step=3520 total_loss=0.061890 pred_loss=0.031398 pred_uniform=0.031860 rep=0.040832 barlow=0.005310 barlow_diag=0.9825 barlow_offdiag=0.2287 sigreg_obj=0.927896 memory_barlow=0.000000 target_std=0.9691 pred_std=0.9644 decoded_loss=0.008017 decoded_dynamic=0.012640 presence_loss=0.114227 memory_norm=7.634054
epoch=2 step=3530 total_loss=0.077958 pred_loss=0.038906 pred_uniform=0.038797 rep=0.058305 barlow=0.006844 barlow_diag=0.9806 barlow_offdiag=0.2597 sigreg_obj=1.074153 memory_barlow=0.000000 target_std=0.9442 pred_std=0.9445 decoded_loss=0.005304 decoded_dynamic=0.008405 presence_loss=0.103204 memory_norm=5.137527
epoch=2 step=3540 total_loss=0.074517 pred_loss=0.035636 pred_uniform=0.035987 rep=0.042732 barlow=0.005024 barlow_diag=0.9786 barlow_offdiag=0.2180 sigreg_obj=1.385888 memory_barlow=0.000000 target_std=0.9338 pred_std=0.9270 decoded_loss=0.007312 decoded_dynamic=0.011729 presence_loss=0.124299 memory_norm=7.501264
epoch=2 step=3550 total_loss=0.084092 pred_loss=0.043593 pred_uniform=0.044144 rep=0.050596 barlow=0.005406 barlow_diag=0.9818 barlow_offdiag=0.2302 sigreg_obj=1.314076 memory_barlow=0.000000 target_std=0.9428 pred_std=0.9416 decoded_loss=0.008456 decoded_dynamic=0.012069 presence_loss=0.136572 memory_norm=6.618391
epoch=2 step=3560 total_loss=0.073369 pred_loss=0.037509 pred_uniform=0.038288 rep=0.050188 barlow=0.004890 barlow_diag=0.9824 barlow_offdiag=0.2187 sigreg_obj=0.985459 memory_barlow=0.000000 target_std=0.9732 pred_std=0.9703 decoded_loss=0.008365 decoded_dynamic=0.012781 presence_loss=0.126732 memory_norm=8.372126
epoch=2 step=3570 total_loss=0.093812 pred_loss=0.048326 pred_uniform=0.049047 rep=0.050777 barlow=0.005061 barlow_diag=0.9748 barlow_offdiag=0.2137 sigreg_obj=1.514433 memory_barlow=0.000000 target_std=0.9545 pred_std=0.9484 decoded_loss=0.009800 decoded_dynamic=0.014420 presence_loss=0.127353 memory_norm=8.452876
epoch=2 step=3580 total_loss=0.061196 pred_loss=0.030360 pred_uniform=0.030814 rep=0.039032 barlow=0.005125 barlow_diag=0.9819 barlow_offdiag=0.2238 sigreg_obj=1.050152 memory_barlow=0.000000 target_std=0.9571 pred_std=0.9573 decoded_loss=0.006965 decoded_dynamic=0.011823 presence_loss=0.141641 memory_norm=7.878747
epoch=2 step=3590 total_loss=0.070857 pred_loss=0.032938 pred_uniform=0.033087 rep=0.041295 barlow=0.005820 barlow_diag=0.9811 barlow_offdiag=0.2387 sigreg_obj=1.512014 memory_barlow=0.000000 target_std=0.9199 pred_std=0.9179 decoded_loss=0.008717 decoded_dynamic=0.012017 presence_loss=0.106775 memory_norm=6.441373
epoch=2 step=3600 total_loss=0.068469 pred_loss=0.034174 pred_uniform=0.034332 rep=0.041051 barlow=0.005361 barlow_diag=0.9814 barlow_offdiag=0.2288 sigreg_obj=1.060298 memory_barlow=0.000000 target_std=0.9426 pred_std=0.9376 decoded_loss=0.006064 decoded_dynamic=0.009795 presence_loss=0.104805 memory_norm=5.964496
epoch=2 step=3610 total_loss=0.079221 pred_loss=0.037458 pred_uniform=0.037749 rep=0.054622 barlow=0.005659 barlow_diag=0.9729 barlow_offdiag=0.2257 sigreg_obj=1.568576 memory_barlow=0.000000 target_std=0.9243 pred_std=0.9191 decoded_loss=0.008449 decoded_dynamic=0.013231 presence_loss=0.122859 memory_norm=6.066707
epoch=2 step=3620 total_loss=0.086572 pred_loss=0.044622 pred_uniform=0.044926 rep=0.062627 barlow=0.005310 barlow_diag=0.9790 barlow_offdiag=0.2254 sigreg_obj=1.059540 memory_barlow=0.000000 target_std=0.9463 pred_std=0.9435 decoded_loss=0.008258 decoded_dynamic=0.012094 presence_loss=0.108651 memory_norm=7.576990
epoch=2 step=3630 total_loss=0.088533 pred_loss=0.047307 pred_uniform=0.048087 rep=0.054697 barlow=0.005108 barlow_diag=0.9764 barlow_offdiag=0.2173 sigreg_obj=1.081512 memory_barlow=0.000000 target_std=0.9607 pred_std=0.9480 decoded_loss=0.012654 decoded_dynamic=0.019333 presence_loss=0.205760 memory_norm=8.526743
epoch=2 step=3640 total_loss=0.086148 pred_loss=0.043111 pred_uniform=0.043635 rep=0.050807 barlow=0.005483 barlow_diag=0.9785 barlow_offdiag=0.2288 sigreg_obj=1.415334 memory_barlow=0.000000 target_std=0.9280 pred_std=0.9216 decoded_loss=0.009008 decoded_dynamic=0.013195 presence_loss=0.145826 memory_norm=6.853485
epoch=2 step=3650 total_loss=0.063040 pred_loss=0.030622 pred_uniform=0.031216 rep=0.042649 barlow=0.005175 barlow_diag=0.9821 barlow_offdiag=0.2252 sigreg_obj=1.211506 memory_barlow=0.000000 target_std=0.9488 pred_std=0.9496 decoded_loss=0.007427 decoded_dynamic=0.010987 presence_loss=0.125294 memory_norm=7.470734
epoch=2 step=3660 total_loss=0.083962 pred_loss=0.042548 pred_uniform=0.042687 rep=0.064494 barlow=0.005006 barlow_diag=0.9806 barlow_offdiag=0.2199 sigreg_obj=1.093276 memory_barlow=0.000000 target_std=0.9428 pred_std=0.9345 decoded_loss=0.007944 decoded_dynamic=0.010445 presence_loss=0.146346 memory_norm=7.295444
epoch=2 step=3670 total_loss=0.067526 pred_loss=0.034796 pred_uniform=0.035301 rep=0.042575 barlow=0.004948 barlow_diag=0.9808 barlow_offdiag=0.2186 sigreg_obj=0.993489 memory_barlow=0.000000 target_std=0.9680 pred_std=0.9661 decoded_loss=0.009033 decoded_dynamic=0.014309 presence_loss=0.111966 memory_norm=7.470710
epoch=2 step=3680 total_loss=0.061261 pred_loss=0.028729 pred_uniform=0.028703 rep=0.036373 barlow=0.005207 barlow_diag=0.9823 barlow_offdiag=0.2260 sigreg_obj=1.204102 memory_barlow=0.000000 target_std=0.9558 pred_std=0.9520 decoded_loss=0.005993 decoded_dynamic=0.008533 presence_loss=0.087822 memory_norm=7.508073
epoch=2 step=3690 total_loss=0.063391 pred_loss=0.033444 pred_uniform=0.034120 rep=0.043830 barlow=0.004999 barlow_diag=0.9829 barlow_offdiag=0.2217 sigreg_obj=0.896127 memory_barlow=0.000000 target_std=0.9736 pred_std=0.9724 decoded_loss=0.008169 decoded_dynamic=0.013389 presence_loss=0.105687 memory_norm=7.083081
epoch=2 step=3700 total_loss=0.062877 pred_loss=0.030976 pred_uniform=0.031230 rep=0.041329 barlow=0.005515 barlow_diag=0.9810 barlow_offdiag=0.2317 sigreg_obj=1.057813 memory_barlow=0.000000 target_std=0.9608 pred_std=0.9592 decoded_loss=0.006909 decoded_dynamic=0.010185 presence_loss=0.127323 memory_norm=6.770177
epoch=2 step=3710 total_loss=0.063711 pred_loss=0.028187 pred_uniform=0.028496 rep=0.034526 barlow=0.005110 barlow_diag=0.9824 barlow_offdiag=0.2238 sigreg_obj=1.651624 memory_barlow=0.000000 target_std=0.9395 pred_std=0.9349 decoded_loss=0.006410 decoded_dynamic=0.008963 presence_loss=0.094228 memory_norm=8.151031
epoch=2 step=3720 total_loss=0.056019 pred_loss=0.026803 pred_uniform=0.027197 rep=0.040139 barlow=0.005507 barlow_diag=0.9816 barlow_offdiag=0.2324 sigreg_obj=1.072505 memory_barlow=0.000000 target_std=0.9672 pred_std=0.9639 decoded_loss=0.006180 decoded_dynamic=0.009789 presence_loss=0.125035 memory_norm=6.226973
epoch=2 step=3730 total_loss=0.068370 pred_loss=0.032700 pred_uniform=0.033007 rep=0.040375 barlow=0.005254 barlow_diag=0.9819 barlow_offdiag=0.2268 sigreg_obj=1.379551 memory_barlow=0.000000 target_std=0.9326 pred_std=0.9308 decoded_loss=0.006691 decoded_dynamic=0.010752 presence_loss=0.117647 memory_norm=7.520429
epoch=2 step=3740 total_loss=0.056270 pred_loss=0.026048 pred_uniform=0.026048 rep=0.034055 barlow=0.005047 barlow_diag=0.9831 barlow_offdiag=0.2230 sigreg_obj=1.099618 memory_barlow=0.000000 target_std=0.9611 pred_std=0.9594 decoded_loss=0.005801 decoded_dynamic=0.009359 presence_loss=0.079525 memory_norm=7.521177
saved_recovery_checkpoint epoch=2 step=3750 successful_updates=3750
epoch=2 step=3750 total_loss=0.072735 pred_loss=0.036111 pred_uniform=0.036001 rep=0.046922 barlow=0.005258 barlow_diag=0.9808 barlow_offdiag=0.2259 sigreg_obj=1.126075 memory_barlow=0.000000 target_std=0.9402 pred_std=0.9371 decoded_loss=0.006690 decoded_dynamic=0.010004 presence_loss=0.076240 memory_norm=6.322796
epoch=2 step=3760 total_loss=0.055036 pred_loss=0.025636 pred_uniform=0.025874 rep=0.035704 barlow=0.004993 barlow_diag=0.9828 barlow_offdiag=0.2216 sigreg_obj=1.174568 memory_barlow=0.000000 target_std=0.9607 pred_std=0.9609 decoded_loss=0.007103 decoded_dynamic=0.009083 presence_loss=0.096578 memory_norm=7.238746
epoch=2 step=3770 total_loss=0.068466 pred_loss=0.031208 pred_uniform=0.030904 rep=0.035142 barlow=0.005010 barlow_diag=0.9811 barlow_offdiag=0.2204 sigreg_obj=1.478586 memory_barlow=0.000000 target_std=0.9294 pred_std=0.9237 decoded_loss=0.006618 decoded_dynamic=0.008404 presence_loss=0.072039 memory_norm=6.588518
epoch=2 step=3780 total_loss=0.056215 pred_loss=0.027333 pred_uniform=0.027714 rep=0.034124 barlow=0.004820 barlow_diag=0.9830 barlow_offdiag=0.2177 sigreg_obj=1.104009 memory_barlow=0.000000 target_std=0.9608 pred_std=0.9596 decoded_loss=0.006986 decoded_dynamic=0.010968 presence_loss=0.082351 memory_norm=7.610017
epoch=2 step=3790 total_loss=0.055702 pred_loss=0.027105 pred_uniform=0.027715 rep=0.036424 barlow=0.005326 barlow_diag=0.9839 barlow_offdiag=0.2301 sigreg_obj=1.109329 memory_barlow=0.000000 target_std=0.9744 pred_std=0.9752 decoded_loss=0.007965 decoded_dynamic=0.012460 presence_loss=0.108207 memory_norm=7.558702
epoch=2 step=3800 total_loss=0.058277 pred_loss=0.028324 pred_uniform=0.028921 rep=0.034844 barlow=0.004920 barlow_diag=0.9842 barlow_offdiag=0.2210 sigreg_obj=1.221225 memory_barlow=0.000000 target_std=0.9561 pred_std=0.9566 decoded_loss=0.007763 decoded_dynamic=0.009812 presence_loss=0.086466 memory_norm=7.358003
epoch=2 step=3810 total_loss=0.068061 pred_loss=0.035858 pred_uniform=0.036689 rep=0.040690 barlow=0.005036 barlow_diag=0.9803 barlow_offdiag=0.2201 sigreg_obj=1.081525 memory_barlow=0.000000 target_std=0.9774 pred_std=0.9746 decoded_loss=0.010370 decoded_dynamic=0.015963 presence_loss=0.124751 memory_norm=7.621716
epoch=2 step=3820 total_loss=0.075190 pred_loss=0.036598 pred_uniform=0.036542 rep=0.044505 barlow=0.005237 barlow_diag=0.9802 barlow_offdiag=0.2249 sigreg_obj=1.258119 memory_barlow=0.000000 target_std=0.9395 pred_std=0.9396 decoded_loss=0.007901 decoded_dynamic=0.011528 presence_loss=0.156617 memory_norm=7.258367
epoch=2 step=3830 total_loss=0.068219 pred_loss=0.035281 pred_uniform=0.035847 rep=0.038264 barlow=0.005083 barlow_diag=0.9810 barlow_offdiag=0.2220 sigreg_obj=1.033676 memory_barlow=0.000000 target_std=0.9566 pred_std=0.9504 decoded_loss=0.008279 decoded_dynamic=0.012937 presence_loss=0.138488 memory_norm=7.432916
epoch=2 step=3840 total_loss=0.055508 pred_loss=0.027789 pred_uniform=0.028275 rep=0.036664 barlow=0.005008 barlow_diag=0.9832 barlow_offdiag=0.2222 sigreg_obj=0.955429 memory_barlow=0.000000 target_std=0.9780 pred_std=0.9779 decoded_loss=0.007663 decoded_dynamic=0.011089 presence_loss=0.098437 memory_norm=6.821695
epoch=2 step=3850 total_loss=0.058019 pred_loss=0.028408 pred_uniform=0.028841 rep=0.034382 barlow=0.005277 barlow_diag=0.9842 barlow_offdiag=0.2293 sigreg_obj=1.126234 memory_barlow=0.000000 target_std=0.9602 pred_std=0.9572 decoded_loss=0.006730 decoded_dynamic=0.010543 presence_loss=0.081836 memory_norm=6.978233
epoch=2 step=3860 total_loss=0.061565 pred_loss=0.028961 pred_uniform=0.029149 rep=0.033922 barlow=0.005115 barlow_diag=0.9819 barlow_offdiag=0.2236 sigreg_obj=1.254907 memory_barlow=0.000000 target_std=0.9490 pred_std=0.9478 decoded_loss=0.008346 decoded_dynamic=0.011664 presence_loss=0.110144 memory_norm=7.354635
epoch=2 step=3870 total_loss=0.081636 pred_loss=0.042996 pred_uniform=0.043909 rep=0.047790 barlow=0.004969 barlow_diag=0.9793 barlow_offdiag=0.2176 sigreg_obj=1.305722 memory_barlow=0.000000 target_std=0.9421 pred_std=0.9380 decoded_loss=0.008235 decoded_dynamic=0.012468 presence_loss=0.138510 memory_norm=7.852263
epoch=2 step=3880 total_loss=0.065003 pred_loss=0.032357 pred_uniform=0.032634 rep=0.037000 barlow=0.004834 barlow_diag=0.9804 barlow_offdiag=0.2154 sigreg_obj=1.103674 memory_barlow=0.000000 target_std=0.9530 pred_std=0.9521 decoded_loss=0.007381 decoded_dynamic=0.012033 presence_loss=0.106064 memory_norm=7.290752
epoch=2 step=3890 total_loss=0.064610 pred_loss=0.032873 pred_uniform=0.033237 rep=0.043920 barlow=0.005427 barlow_diag=0.9823 barlow_offdiag=0.2311 sigreg_obj=0.934728 memory_barlow=0.000000 target_std=0.9611 pred_std=0.9560 decoded_loss=0.005793 decoded_dynamic=0.009473 presence_loss=0.132308 memory_norm=6.999034
epoch=2 step=3900 total_loss=0.062996 pred_loss=0.029835 pred_uniform=0.030326 rep=0.041047 barlow=0.004777 barlow_diag=0.9830 barlow_offdiag=0.2165 sigreg_obj=1.300149 memory_barlow=0.000000 target_std=0.9475 pred_std=0.9467 decoded_loss=0.007427 decoded_dynamic=0.010382 presence_loss=0.114177 memory_norm=8.529306
epoch=2 step=3910 total_loss=0.063507 pred_loss=0.030520 pred_uniform=0.030482 rep=0.036841 barlow=0.005851 barlow_diag=0.9818 barlow_offdiag=0.2400 sigreg_obj=1.145613 memory_barlow=0.000000 target_std=0.9409 pred_std=0.9390 decoded_loss=0.006051 decoded_dynamic=0.008532 presence_loss=0.107121 memory_norm=6.246788
epoch=2 step=3920 total_loss=0.065470 pred_loss=0.032029 pred_uniform=0.032519 rep=0.040478 barlow=0.004914 barlow_diag=0.9824 barlow_offdiag=0.2194 sigreg_obj=1.157420 memory_barlow=0.000000 target_std=0.9586 pred_std=0.9565 decoded_loss=0.007055 decoded_dynamic=0.010559 presence_loss=0.129784 memory_norm=7.757337
epoch=2 step=3930 total_loss=0.054890 pred_loss=0.026600 pred_uniform=0.026882 rep=0.038535 barlow=0.004895 barlow_diag=0.9821 barlow_offdiag=0.2186 sigreg_obj=0.994332 memory_barlow=0.000000 target_std=0.9612 pred_std=0.9591 decoded_loss=0.006386 decoded_dynamic=0.009013 presence_loss=0.094393 memory_norm=7.410599
epoch=2 step=3940 total_loss=0.062541 pred_loss=0.031514 pred_uniform=0.031464 rep=0.035477 barlow=0.005273 barlow_diag=0.9821 barlow_offdiag=0.2274 sigreg_obj=0.894613 memory_barlow=0.000000 target_std=0.9594 pred_std=0.9557 decoded_loss=0.007333 decoded_dynamic=0.011311 presence_loss=0.113366 memory_norm=6.208389
epoch=2 step=3950 total_loss=0.081937 pred_loss=0.040593 pred_uniform=0.040534 rep=0.047052 barlow=0.005459 barlow_diag=0.9823 barlow_offdiag=0.2315 sigreg_obj=1.367404 memory_barlow=0.000000 target_std=0.9397 pred_std=0.9266 decoded_loss=0.005484 decoded_dynamic=0.008444 presence_loss=0.069073 memory_norm=6.343591
epoch=2 step=3960 total_loss=0.078301 pred_loss=0.039992 pred_uniform=0.040196 rep=0.047887 barlow=0.005232 barlow_diag=0.9806 barlow_offdiag=0.2251 sigreg_obj=1.123266 memory_barlow=0.000000 target_std=0.9541 pred_std=0.9464 decoded_loss=0.008499 decoded_dynamic=0.011372 presence_loss=0.124546 memory_norm=6.903074
epoch=2 step=3970 total_loss=0.065961 pred_loss=0.033719 pred_uniform=0.034317 rep=0.041992 barlow=0.005663 barlow_diag=0.9813 barlow_offdiag=0.2354 sigreg_obj=1.061157 memory_barlow=0.000000 target_std=0.9488 pred_std=0.9485 decoded_loss=0.006812 decoded_dynamic=0.010700 presence_loss=0.125810 memory_norm=6.647182
epoch=2 step=3980 total_loss=0.062483 pred_loss=0.029357 pred_uniform=0.029319 rep=0.043292 barlow=0.005469 barlow_diag=0.9796 barlow_offdiag=0.2297 sigreg_obj=1.137738 memory_barlow=0.000000 target_std=0.9249 pred_std=0.9226 decoded_loss=0.004771 decoded_dynamic=0.006966 presence_loss=0.104021 memory_norm=5.568015
epoch=2 step=3990 total_loss=0.074197 pred_loss=0.035305 pred_uniform=0.035409 rep=0.042122 barlow=0.004728 barlow_diag=0.9820 barlow_offdiag=0.2146 sigreg_obj=1.439936 memory_barlow=0.000000 target_std=0.9347 pred_std=0.9295 decoded_loss=0.005687 decoded_dynamic=0.009466 presence_loss=0.133592 memory_norm=6.877176
saved_recovery_checkpoint epoch=2 step=4000 successful_updates=4000
epoch=2 step=4000 total_loss=0.066876 pred_loss=0.031750 pred_uniform=0.031533 rep=0.047185 barlow=0.005631 barlow_diag=0.9785 barlow_offdiag=0.2320 sigreg_obj=1.088943 memory_barlow=0.000000 target_std=0.9282 pred_std=0.9270 decoded_loss=0.006000 decoded_dynamic=0.008445 presence_loss=0.088406 memory_norm=5.580455
epoch=2 step=4010 total_loss=0.069561 pred_loss=0.036871 pred_uniform=0.037611 rep=0.048700 barlow=0.004817 barlow_diag=0.9796 barlow_offdiag=0.2142 sigreg_obj=0.942528 memory_barlow=0.000000 target_std=0.9666 pred_std=0.9660 decoded_loss=0.006596 decoded_dynamic=0.011160 presence_loss=0.155719 memory_norm=7.698659
epoch=2 step=4020 total_loss=0.057686 pred_loss=0.027407 pred_uniform=0.027981 rep=0.038889 barlow=0.005230 barlow_diag=0.9842 barlow_offdiag=0.2282 sigreg_obj=1.268031 memory_barlow=0.000000 target_std=0.9575 pred_std=0.9524 decoded_loss=0.006859 decoded_dynamic=0.009929 presence_loss=0.085186 memory_norm=7.536340
epoch=2 step=4030 total_loss=0.073828 pred_loss=0.036318 pred_uniform=0.036509 rep=0.040297 barlow=0.004584 barlow_diag=0.9832 barlow_offdiag=0.2121 sigreg_obj=1.310962 memory_barlow=0.000000 target_std=0.9450 pred_std=0.9448 decoded_loss=0.008679 decoded_dynamic=0.011308 presence_loss=0.138175 memory_norm=8.618452
epoch=2 step=4040 total_loss=0.051769 pred_loss=0.024066 pred_uniform=0.024117 rep=0.031237 barlow=0.005019 barlow_diag=0.9835 barlow_offdiag=0.2227 sigreg_obj=1.019742 memory_barlow=0.000000 target_std=0.9663 pred_std=0.9651 decoded_loss=0.006133 decoded_dynamic=0.008830 presence_loss=0.081565 memory_norm=7.425869
epoch=2 step=4050 total_loss=0.054272 pred_loss=0.027167 pred_uniform=0.027874 rep=0.033928 barlow=0.004882 barlow_diag=0.9823 barlow_offdiag=0.2184 sigreg_obj=1.012827 memory_barlow=0.000000 target_std=0.9788 pred_std=0.9782 decoded_loss=0.008468 decoded_dynamic=0.013011 presence_loss=0.123536 memory_norm=7.941415
epoch=2 step=4060 total_loss=0.063063 pred_loss=0.029390 pred_uniform=0.029730 rep=0.042123 barlow=0.006275 barlow_diag=0.9801 barlow_offdiag=0.2476 sigreg_obj=1.386649 memory_barlow=0.000000 target_std=0.9264 pred_std=0.9226 decoded_loss=0.004996 decoded_dynamic=0.007923 presence_loss=0.098663 memory_norm=5.664696
epoch=2 step=4070 total_loss=0.072069 pred_loss=0.036141 pred_uniform=0.036329 rep=0.047655 barlow=0.004795 barlow_diag=0.9791 barlow_offdiag=0.2132 sigreg_obj=1.098690 memory_barlow=0.000000 target_std=0.9553 pred_std=0.9540 decoded_loss=0.007238 decoded_dynamic=0.011624 presence_loss=0.120911 memory_norm=7.954635
epoch=2 step=4080 total_loss=0.064718 pred_loss=0.029652 pred_uniform=0.029903 rep=0.043935 barlow=0.004934 barlow_diag=0.9803 barlow_offdiag=0.2178 sigreg_obj=1.380743 memory_barlow=0.000000 target_std=0.9273 pred_std=0.9254 decoded_loss=0.006085 decoded_dynamic=0.008505 presence_loss=0.108181 memory_norm=7.240283
epoch=2 step=4090 total_loss=0.080233 pred_loss=0.042667 pred_uniform=0.043281 rep=0.054408 barlow=0.005481 barlow_diag=0.9778 barlow_offdiag=0.2276 sigreg_obj=1.030690 memory_barlow=0.000000 target_std=0.9546 pred_std=0.9535 decoded_loss=0.008066 decoded_dynamic=0.012166 presence_loss=0.117368 memory_norm=6.475675
epoch=2 step=4100 total_loss=0.070021 pred_loss=0.033841 pred_uniform=0.033996 rep=0.039820 barlow=0.005505 barlow_diag=0.9824 barlow_offdiag=0.2328 sigreg_obj=1.378397 memory_barlow=0.000000 target_std=0.9313 pred_std=0.9273 decoded_loss=0.005467 decoded_dynamic=0.006811 presence_loss=0.122736 memory_norm=6.122174
epoch=2 step=4110 total_loss=0.067055 pred_loss=0.034176 pred_uniform=0.034667 rep=0.043102 barlow=0.005073 barlow_diag=0.9815 barlow_offdiag=0.2222 sigreg_obj=1.080425 memory_barlow=0.000000 target_std=0.9510 pred_std=0.9505 decoded_loss=0.007102 decoded_dynamic=0.009638 presence_loss=0.135915 memory_norm=6.376607
epoch=2 step=4120 total_loss=0.060007 pred_loss=0.025714 pred_uniform=0.025756 rep=0.033846 barlow=0.005001 barlow_diag=0.9822 barlow_offdiag=0.2212 sigreg_obj=1.592779 memory_barlow=0.000000 target_std=0.9287 pred_std=0.9268 decoded_loss=0.005653 decoded_dynamic=0.008098 presence_loss=0.110409 memory_norm=7.253215
epoch=2 step=4130 total_loss=0.056087 pred_loss=0.026078 pred_uniform=0.026353 rep=0.040416 barlow=0.005269 barlow_diag=0.9833 barlow_offdiag=0.2283 sigreg_obj=1.133718 memory_barlow=0.000000 target_std=0.9468 pred_std=0.9452 decoded_loss=0.006511 decoded_dynamic=0.009899 presence_loss=0.096650 memory_norm=6.954505
epoch=2 step=4140 total_loss=0.050452 pred_loss=0.024565 pred_uniform=0.024815 rep=0.030172 barlow=0.005147 barlow_diag=0.9821 barlow_offdiag=0.2245 sigreg_obj=0.931158 memory_barlow=0.000000 target_std=0.9625 pred_std=0.9605 decoded_loss=0.007276 decoded_dynamic=0.011551 presence_loss=0.083714 memory_norm=6.973501
epoch=2 step=4150 total_loss=0.055168 pred_loss=0.027397 pred_uniform=0.027548 rep=0.040086 barlow=0.004604 barlow_diag=0.9835 barlow_offdiag=0.2127 sigreg_obj=0.893855 memory_barlow=0.000000 target_std=0.9724 pred_std=0.9681 decoded_loss=0.005756 decoded_dynamic=0.008890 presence_loss=0.094280 memory_norm=7.760902
epoch=2 step=4160 total_loss=0.069148 pred_loss=0.034170 pred_uniform=0.034460 rep=0.044016 barlow=0.004851 barlow_diag=0.9800 barlow_offdiag=0.2156 sigreg_obj=1.135471 memory_barlow=0.000000 target_std=0.9504 pred_std=0.9485 decoded_loss=0.007359 decoded_dynamic=0.011567 presence_loss=0.133748 memory_norm=7.621255
epoch=2 step=4170 total_loss=0.077248 pred_loss=0.037496 pred_uniform=0.037688 rep=0.057954 barlow=0.005023 barlow_diag=0.9824 barlow_offdiag=0.2219 sigreg_obj=1.315477 memory_barlow=0.000000 target_std=0.9317 pred_std=0.9297 decoded_loss=0.006224 decoded_dynamic=0.009647 presence_loss=0.129243 memory_norm=7.450790
epoch=2 step=4180 total_loss=0.060926 pred_loss=0.029485 pred_uniform=0.029755 rep=0.034836 barlow=0.005020 barlow_diag=0.9822 barlow_offdiag=0.2216 sigreg_obj=1.183869 memory_barlow=0.000000 target_std=0.9444 pred_std=0.9453 decoded_loss=0.006455 decoded_dynamic=0.009964 presence_loss=0.097134 memory_norm=7.017808
epoch=2 step=4190 total_loss=0.066283 pred_loss=0.034332 pred_uniform=0.034840 rep=0.040890 barlow=0.005663 barlow_diag=0.9829 barlow_offdiag=0.2367 sigreg_obj=0.962355 memory_barlow=0.000000 target_std=0.9720 pred_std=0.9697 decoded_loss=0.006442 decoded_dynamic=0.010571 presence_loss=0.162007 memory_norm=6.115070
epoch=2 step=4200 total_loss=0.067048 pred_loss=0.035509 pred_uniform=0.036687 rep=0.042916 barlow=0.004765 barlow_diag=0.9831 barlow_offdiag=0.2163 sigreg_obj=0.987090 memory_barlow=0.000000 target_std=0.9681 pred_std=0.9670 decoded_loss=0.008277 decoded_dynamic=0.013085 presence_loss=0.145770 memory_norm=8.350766
epoch=2 step=4210 total_loss=0.061293 pred_loss=0.030558 pred_uniform=0.031431 rep=0.037042 barlow=0.004989 barlow_diag=0.9846 barlow_offdiag=0.2229 sigreg_obj=1.227606 memory_barlow=0.000000 target_std=0.9759 pred_std=0.9735 decoded_loss=0.007375 decoded_dynamic=0.012486 presence_loss=0.089416 memory_norm=8.258939
epoch=2 step=4220 total_loss=0.053004 pred_loss=0.025836 pred_uniform=0.026582 rep=0.035408 barlow=0.004675 barlow_diag=0.9832 barlow_offdiag=0.2142 sigreg_obj=1.106786 memory_barlow=0.000000 target_std=0.9705 pred_std=0.9693 decoded_loss=0.006783 decoded_dynamic=0.010384 presence_loss=0.088760 memory_norm=9.356061
epoch=2 step=4230 total_loss=0.073832 pred_loss=0.036053 pred_uniform=0.036340 rep=0.057077 barlow=0.005189 barlow_diag=0.9799 barlow_offdiag=0.2233 sigreg_obj=1.113757 memory_barlow=0.000000 target_std=0.9471 pred_std=0.9388 decoded_loss=0.005189 decoded_dynamic=0.008013 presence_loss=0.079434 memory_norm=6.693639
epoch=2 step=4240 total_loss=0.050829 pred_loss=0.025531 pred_uniform=0.025874 rep=0.034367 barlow=0.004541 barlow_diag=0.9812 barlow_offdiag=0.2091 sigreg_obj=0.825746 memory_barlow=0.000000 target_std=0.9743 pred_std=0.9750 decoded_loss=0.005652 decoded_dynamic=0.008625 presence_loss=0.104522 memory_norm=8.043910
saved_recovery_checkpoint epoch=2 step=4250 successful_updates=4250
epoch=2 step=4250 total_loss=0.064778 pred_loss=0.030758 pred_uniform=0.031140 rep=0.042337 barlow=0.004840 barlow_diag=0.9844 barlow_offdiag=0.2192 sigreg_obj=1.378815 memory_barlow=0.000000 target_std=0.9549 pred_std=0.9530 decoded_loss=0.006710 decoded_dynamic=0.009239 presence_loss=0.106431 memory_norm=8.065962
epoch=2 step=4260 total_loss=0.049307 pred_loss=0.021399 pred_uniform=0.021392 rep=0.026416 barlow=0.005663 barlow_diag=0.9850 barlow_offdiag=0.2383 sigreg_obj=1.244978 memory_barlow=0.000000 target_std=0.9474 pred_std=0.9448 decoded_loss=0.004135 decoded_dynamic=0.007046 presence_loss=0.077437 memory_norm=6.464820
epoch=2 step=4270 total_loss=0.061999 pred_loss=0.031011 pred_uniform=0.031152 rep=0.038548 barlow=0.005065 barlow_diag=0.9814 barlow_offdiag=0.2218 sigreg_obj=0.933570 memory_barlow=0.000000 target_std=0.9651 pred_std=0.9632 decoded_loss=0.007489 decoded_dynamic=0.012361 presence_loss=0.087365 memory_norm=6.903772
epoch=2 step=4280 total_loss=0.058986 pred_loss=0.032124 pred_uniform=0.033337 rep=0.037955 barlow=0.004693 barlow_diag=0.9830 barlow_offdiag=0.2145 sigreg_obj=0.880044 memory_barlow=0.000000 target_std=0.9746 pred_std=0.9726 decoded_loss=0.007073 decoded_dynamic=0.011845 presence_loss=0.131320 memory_norm=8.219276
epoch=2 step=4290 total_loss=0.071704 pred_loss=0.036041 pred_uniform=0.036431 rep=0.044511 barlow=0.004789 barlow_diag=0.9829 barlow_offdiag=0.2166 sigreg_obj=1.216852 memory_barlow=0.000000 target_std=0.9513 pred_std=0.9545 decoded_loss=0.006148 decoded_dynamic=0.008808 presence_loss=0.118505 memory_norm=7.826950
epoch=2 step=4300 total_loss=0.063788 pred_loss=0.029665 pred_uniform=0.029594 rep=0.033249 barlow=0.005214 barlow_diag=0.9827 barlow_offdiag=0.2266 sigreg_obj=1.322607 memory_barlow=0.000000 target_std=0.9315 pred_std=0.9273 decoded_loss=0.006024 decoded_dynamic=0.007570 presence_loss=0.097265 memory_norm=5.966705
epoch=2 step=4310 total_loss=0.063790 pred_loss=0.031413 pred_uniform=0.031622 rep=0.034951 barlow=0.004915 barlow_diag=0.9835 barlow_offdiag=0.2202 sigreg_obj=1.108221 memory_barlow=0.000000 target_std=0.9597 pred_std=0.9595 decoded_loss=0.005249 decoded_dynamic=0.008346 presence_loss=0.143396 memory_norm=7.580909
epoch=2 step=4320 total_loss=0.060689 pred_loss=0.028755 pred_uniform=0.029037 rep=0.033656 barlow=0.004583 barlow_diag=0.9820 barlow_offdiag=0.2109 sigreg_obj=1.159197 memory_barlow=0.000000 target_std=0.9631 pred_std=0.9612 decoded_loss=0.006304 decoded_dynamic=0.009501 presence_loss=0.126148 memory_norm=8.239555
epoch=2 step=4330 total_loss=0.052278 pred_loss=0.024773 pred_uniform=0.025107 rep=0.031682 barlow=0.004776 barlow_diag=0.9837 barlow_offdiag=0.2171 sigreg_obj=1.058829 memory_barlow=0.000000 target_std=0.9625 pred_std=0.9623 decoded_loss=0.004598 decoded_dynamic=0.007549 presence_loss=0.093051 memory_norm=7.472991
epoch=2 step=4340 total_loss=0.056748 pred_loss=0.027619 pred_uniform=0.028099 rep=0.034726 barlow=0.004715 barlow_diag=0.9841 barlow_offdiag=0.2159 sigreg_obj=1.161783 memory_barlow=0.000000 target_std=0.9634 pred_std=0.9592 decoded_loss=0.006757 decoded_dynamic=0.010772 presence_loss=0.095375 memory_norm=8.183865
epoch=2 step=4350 total_loss=0.070402 pred_loss=0.036953 pred_uniform=0.037530 rep=0.043103 barlow=0.004741 barlow_diag=0.9833 barlow_offdiag=0.2159 sigreg_obj=0.967206 memory_barlow=0.000000 target_std=0.9723 pred_std=0.9716 decoded_loss=0.007963 decoded_dynamic=0.011627 presence_loss=0.133679 memory_norm=8.094297
epoch=2 step=4360 total_loss=0.052050 pred_loss=0.022998 pred_uniform=0.023027 rep=0.036240 barlow=0.004937 barlow_diag=0.9837 barlow_offdiag=0.2209 sigreg_obj=1.231291 memory_barlow=0.000000 target_std=0.9450 pred_std=0.9422 decoded_loss=0.005102 decoded_dynamic=0.007327 presence_loss=0.062683 memory_norm=7.138422
epoch=2 step=4370 total_loss=0.052542 pred_loss=0.025613 pred_uniform=0.025682 rep=0.034822 barlow=0.005031 barlow_diag=0.9807 barlow_offdiag=0.2199 sigreg_obj=0.909163 memory_barlow=0.000000 target_std=0.9732 pred_std=0.9726 decoded_loss=0.005037 decoded_dynamic=0.007551 presence_loss=0.061150 memory_norm=7.153591
epoch=2 step=4380 total_loss=0.058014 pred_loss=0.030293 pred_uniform=0.030692 rep=0.038218 barlow=0.005118 barlow_diag=0.9797 barlow_offdiag=0.2216 sigreg_obj=0.797296 memory_barlow=0.000000 target_std=0.9550 pred_std=0.9524 decoded_loss=0.005749 decoded_dynamic=0.009860 presence_loss=0.098529 memory_norm=6.593181
epoch=2 step=4390 total_loss=0.086439 pred_loss=0.043093 pred_uniform=0.043243 rep=0.050949 barlow=0.004633 barlow_diag=0.9804 barlow_offdiag=0.2106 sigreg_obj=1.394532 memory_barlow=0.000000 target_std=0.9327 pred_std=0.9356 decoded_loss=0.005723 decoded_dynamic=0.009516 presence_loss=0.182145 memory_norm=6.507555
epoch=2 step=4400 total_loss=0.053576 pred_loss=0.025800 pred_uniform=0.026550 rep=0.034416 barlow=0.004630 barlow_diag=0.9843 barlow_offdiag=0.2140 sigreg_obj=1.174281 memory_barlow=0.000000 target_std=0.9725 pred_std=0.9712 decoded_loss=0.006472 decoded_dynamic=0.010173 presence_loss=0.115642 memory_norm=9.414249
epoch=2 step=4410 total_loss=0.076878 pred_loss=0.037329 pred_uniform=0.037233 rep=0.047910 barlow=0.005564 barlow_diag=0.9806 barlow_offdiag=0.2324 sigreg_obj=1.325880 memory_barlow=0.000000 target_std=0.9335 pred_std=0.9265 decoded_loss=0.006111 decoded_dynamic=0.007496 presence_loss=0.102218 memory_norm=5.582365
epoch=2 step=4420 total_loss=0.059147 pred_loss=0.029447 pred_uniform=0.029969 rep=0.038038 barlow=0.004902 barlow_diag=0.9832 barlow_offdiag=0.2196 sigreg_obj=1.063978 memory_barlow=0.000000 target_std=0.9606 pred_std=0.9635 decoded_loss=0.005946 decoded_dynamic=0.009277 presence_loss=0.103786 memory_norm=8.079391
epoch=2 step=4430 total_loss=0.064960 pred_loss=0.033942 pred_uniform=0.034577 rep=0.040487 barlow=0.004713 barlow_diag=0.9832 barlow_offdiag=0.2151 sigreg_obj=1.020072 memory_barlow=0.000000 target_std=0.9606 pred_std=0.9579 decoded_loss=0.005633 decoded_dynamic=0.009109 presence_loss=0.107676 memory_norm=7.557106
epoch=2 step=4440 total_loss=0.044531 pred_loss=0.020828 pred_uniform=0.021129 rep=0.025881 barlow=0.004616 barlow_diag=0.9840 barlow_offdiag=0.2135 sigreg_obj=0.974906 memory_barlow=0.000000 target_std=0.9679 pred_std=0.9662 decoded_loss=0.005800 decoded_dynamic=0.008767 presence_loss=0.065880 memory_norm=7.589903
epoch=2 step=4450 total_loss=0.057031 pred_loss=0.024088 pred_uniform=0.024032 rep=0.029369 barlow=0.005475 barlow_diag=0.9825 barlow_offdiag=0.2323 sigreg_obj=1.545253 memory_barlow=0.000000 target_std=0.9216 pred_std=0.9184 decoded_loss=0.004146 decoded_dynamic=0.005800 presence_loss=0.078347 memory_norm=5.923511
epoch=2 step=4460 total_loss=0.058955 pred_loss=0.029177 pred_uniform=0.029479 rep=0.038372 barlow=0.004922 barlow_diag=0.9811 barlow_offdiag=0.2184 sigreg_obj=1.118526 memory_barlow=0.000000 target_std=0.9505 pred_std=0.9453 decoded_loss=0.004107 decoded_dynamic=0.006333 presence_loss=0.077185 memory_norm=6.308640
epoch=2 step=4470 total_loss=0.063263 pred_loss=0.032402 pred_uniform=0.033034 rep=0.038618 barlow=0.005650 barlow_diag=0.9831 barlow_offdiag=0.2367 sigreg_obj=1.094131 memory_barlow=0.000000 target_std=0.9579 pred_std=0.9573 decoded_loss=0.005363 decoded_dynamic=0.007824 presence_loss=0.100672 memory_norm=6.807958
epoch=2 step=4480 total_loss=0.051180 pred_loss=0.024542 pred_uniform=0.024530 rep=0.035659 barlow=0.004775 barlow_diag=0.9825 barlow_offdiag=0.2161 sigreg_obj=0.867244 memory_barlow=0.000000 target_std=0.9540 pred_std=0.9529 decoded_loss=0.005483 decoded_dynamic=0.007734 presence_loss=0.073929 memory_norm=6.144872
epoch=2 step=4490 total_loss=0.056197 pred_loss=0.029039 pred_uniform=0.029299 rep=0.039983 barlow=0.004948 barlow_diag=0.9818 barlow_offdiag=0.2196 sigreg_obj=0.747466 memory_barlow=0.000000 target_std=0.9644 pred_std=0.9625 decoded_loss=0.007085 decoded_dynamic=0.008310 presence_loss=0.123259 memory_norm=6.117565
saved_recovery_checkpoint epoch=2 step=4500 successful_updates=4500
epoch=2 step=4500 total_loss=0.063257 pred_loss=0.030942 pred_uniform=0.031172 rep=0.041984 barlow=0.006166 barlow_diag=0.9813 barlow_offdiag=0.2463 sigreg_obj=1.110558 memory_barlow=0.000000 target_std=0.9312 pred_std=0.9276 decoded_loss=0.006426 decoded_dynamic=0.009187 presence_loss=0.139540 memory_norm=5.570652
epoch=2 step=4510 total_loss=0.075546 pred_loss=0.039304 pred_uniform=0.040354 rep=0.043996 barlow=0.004381 barlow_diag=0.9825 barlow_offdiag=0.2063 sigreg_obj=1.339414 memory_barlow=0.000000 target_std=0.9617 pred_std=0.9619 decoded_loss=0.007998 decoded_dynamic=0.012140 presence_loss=0.147331 memory_norm=9.664603
epoch=2 step=4520 total_loss=0.046144 pred_loss=0.020345 pred_uniform=0.020797 rep=0.029680 barlow=0.004833 barlow_diag=0.9845 barlow_offdiag=0.2191 sigreg_obj=1.238133 memory_barlow=0.000000 target_std=0.9495 pred_std=0.9482 decoded_loss=0.005386 decoded_dynamic=0.007953 presence_loss=0.082124 memory_norm=8.151602
epoch=2 step=4530 total_loss=0.050877 pred_loss=0.024002 pred_uniform=0.024321 rep=0.031715 barlow=0.004930 barlow_diag=0.9855 barlow_offdiag=0.2221 sigreg_obj=1.099270 memory_barlow=0.000000 target_std=0.9720 pred_std=0.9727 decoded_loss=0.004664 decoded_dynamic=0.007688 presence_loss=0.077089 memory_norm=8.399062
epoch=2 step=4540 total_loss=0.047602 pred_loss=0.023167 pred_uniform=0.023635 rep=0.030068 barlow=0.004569 barlow_diag=0.9835 barlow_offdiag=0.2120 sigreg_obj=0.948621 memory_barlow=0.000000 target_std=0.9695 pred_std=0.9678 decoded_loss=0.006934 decoded_dynamic=0.010395 presence_loss=0.071790 memory_norm=8.332430
epoch=2 step=4550 total_loss=0.055939 pred_loss=0.028067 pred_uniform=0.028599 rep=0.039512 barlow=0.004954 barlow_diag=0.9839 barlow_offdiag=0.2215 sigreg_obj=0.955445 memory_barlow=0.000000 target_std=0.9700 pred_std=0.9678 decoded_loss=0.006246 decoded_dynamic=0.008056 presence_loss=0.090020 memory_norm=6.386978
epoch=2 step=4560 total_loss=0.050721 pred_loss=0.024635 pred_uniform=0.024949 rep=0.029781 barlow=0.005149 barlow_diag=0.9819 barlow_offdiag=0.2244 sigreg_obj=0.982889 memory_barlow=0.000000 target_std=0.9566 pred_std=0.9546 decoded_loss=0.005421 decoded_dynamic=0.007916 presence_loss=0.078407 memory_norm=6.244354
epoch=2 step=4570 total_loss=0.061005 pred_loss=0.032414 pred_uniform=0.033173 rep=0.035728 barlow=0.005337 barlow_diag=0.9812 barlow_offdiag=0.2279 sigreg_obj=0.942526 memory_barlow=0.000000 target_std=0.9595 pred_std=0.9590 decoded_loss=0.006554 decoded_dynamic=0.010023 presence_loss=0.092116 memory_norm=6.982334
epoch=2 step=4580 total_loss=0.056121 pred_loss=0.026905 pred_uniform=0.027353 rep=0.030388 barlow=0.004772 barlow_diag=0.9812 barlow_offdiag=0.2148 sigreg_obj=1.205487 memory_barlow=0.000000 target_std=0.9496 pred_std=0.9492 decoded_loss=0.004862 decoded_dynamic=0.007101 presence_loss=0.112174 memory_norm=7.728490
epoch=2 step=4590 total_loss=0.068523 pred_loss=0.035914 pred_uniform=0.036375 rep=0.039150 barlow=0.004810 barlow_diag=0.9823 barlow_offdiag=0.2167 sigreg_obj=0.887748 memory_barlow=0.000000 target_std=0.9606 pred_std=0.9594 decoded_loss=0.006951 decoded_dynamic=0.010706 presence_loss=0.135566 memory_norm=7.433818
epoch=2 step=4600 total_loss=0.052991 pred_loss=0.026691 pred_uniform=0.026970 rep=0.033494 barlow=0.004613 barlow_diag=0.9843 barlow_offdiag=0.2137 sigreg_obj=0.853930 memory_barlow=0.000000 target_std=0.9634 pred_std=0.9608 decoded_loss=0.004987 decoded_dynamic=0.007988 presence_loss=0.116316 memory_norm=7.821741
epoch=2 step=4610 total_loss=0.073367 pred_loss=0.039995 pred_uniform=0.041080 rep=0.043606 barlow=0.004557 barlow_diag=0.9836 barlow_offdiag=0.2117 sigreg_obj=0.967237 memory_barlow=0.000000 target_std=0.9636 pred_std=0.9643 decoded_loss=0.006135 decoded_dynamic=0.009987 presence_loss=0.160996 memory_norm=8.165687
epoch=2 step=4620 total_loss=0.050324 pred_loss=0.024783 pred_uniform=0.025140 rep=0.033791 barlow=0.005135 barlow_diag=0.9840 barlow_offdiag=0.2258 sigreg_obj=0.880781 memory_barlow=0.000000 target_std=0.9592 pred_std=0.9562 decoded_loss=0.005251 decoded_dynamic=0.008916 presence_loss=0.090011 memory_norm=7.574570
epoch=2 step=4630 total_loss=0.066776 pred_loss=0.032949 pred_uniform=0.033538 rep=0.035292 barlow=0.004657 barlow_diag=0.9826 barlow_offdiag=0.2132 sigreg_obj=1.103659 memory_barlow=0.000000 target_std=0.9748 pred_std=0.9718 decoded_loss=0.006297 decoded_dynamic=0.009873 presence_loss=0.167829 memory_norm=8.559329
epoch=2 step=4640 total_loss=0.056723 pred_loss=0.030303 pred_uniform=0.031247 rep=0.034389 barlow=0.005135 barlow_diag=0.9834 barlow_offdiag=0.2253 sigreg_obj=0.955909 memory_barlow=0.000000 target_std=0.9627 pred_std=0.9635 decoded_loss=0.006040 decoded_dynamic=0.008237 presence_loss=0.096507 memory_norm=7.279021
epoch=2 step=4650 total_loss=0.057043 pred_loss=0.030348 pred_uniform=0.031158 rep=0.035815 barlow=0.004830 barlow_diag=0.9824 barlow_offdiag=0.2174 sigreg_obj=0.944256 memory_barlow=0.000000 target_std=0.9651 pred_std=0.9604 decoded_loss=0.007051 decoded_dynamic=0.009733 presence_loss=0.089014 memory_norm=7.851995
epoch=2 step=4660 total_loss=0.067243 pred_loss=0.032371 pred_uniform=0.032516 rep=0.041692 barlow=0.004884 barlow_diag=0.9789 barlow_offdiag=0.2153 sigreg_obj=1.201084 memory_barlow=0.000000 target_std=0.9353 pred_std=0.9302 decoded_loss=0.006424 decoded_dynamic=0.008185 presence_loss=0.149808 memory_norm=7.148847
epoch=2 step=4670 total_loss=0.068588 pred_loss=0.036208 pred_uniform=0.037072 rep=0.041118 barlow=0.004784 barlow_diag=0.9817 barlow_offdiag=0.2153 sigreg_obj=0.955123 memory_barlow=0.000000 target_std=0.9613 pred_std=0.9585 decoded_loss=0.006872 decoded_dynamic=0.010126 presence_loss=0.125253 memory_norm=7.575269
epoch=2 step=4680 total_loss=0.062557 pred_loss=0.028155 pred_uniform=0.028148 rep=0.035747 barlow=0.004859 barlow_diag=0.9845 barlow_offdiag=0.2197 sigreg_obj=1.329306 memory_barlow=0.000000 target_std=0.9506 pred_std=0.9495 decoded_loss=0.005105 decoded_dynamic=0.007202 presence_loss=0.095223 memory_norm=6.979766
epoch=2 step=4690 total_loss=0.059715 pred_loss=0.030530 pred_uniform=0.031027 rep=0.038202 barlow=0.004578 barlow_diag=0.9825 barlow_offdiag=0.2112 sigreg_obj=0.971806 memory_barlow=0.000000 target_std=0.9609 pred_std=0.9589 decoded_loss=0.006391 decoded_dynamic=0.008943 presence_loss=0.089674 memory_norm=7.404603
epoch=2 step=4700 total_loss=0.049217 pred_loss=0.025138 pred_uniform=0.025877 rep=0.030957 barlow=0.004684 barlow_diag=0.9845 barlow_offdiag=0.2155 sigreg_obj=0.941272 memory_barlow=0.000000 target_std=0.9775 pred_std=0.9790 decoded_loss=0.005937 decoded_dynamic=0.009679 presence_loss=0.085636 memory_norm=7.653429
epoch=2 step=4710 total_loss=0.069439 pred_loss=0.035868 pred_uniform=0.036286 rep=0.046298 barlow=0.004978 barlow_diag=0.9828 barlow_offdiag=0.2210 sigreg_obj=1.034177 memory_barlow=0.000000 target_std=0.9581 pred_std=0.9580 decoded_loss=0.005022 decoded_dynamic=0.007527 presence_loss=0.101773 memory_norm=6.786773
epoch=2 step=4720 total_loss=0.047198 pred_loss=0.023524 pred_uniform=0.023950 rep=0.028736 barlow=0.004735 barlow_diag=0.9829 barlow_offdiag=0.2154 sigreg_obj=0.883033 memory_barlow=0.000000 target_std=0.9765 pred_std=0.9733 decoded_loss=0.005964 decoded_dynamic=0.009261 presence_loss=0.085317 memory_norm=7.764333
epoch=2 step=4730 total_loss=0.066281 pred_loss=0.036658 pred_uniform=0.037690 rep=0.043713 barlow=0.004686 barlow_diag=0.9823 barlow_offdiag=0.2137 sigreg_obj=0.871475 memory_barlow=0.000000 target_std=0.9637 pred_std=0.9642 decoded_loss=0.006358 decoded_dynamic=0.009946 presence_loss=0.160934 memory_norm=6.979561
epoch=2 step=4740 total_loss=0.056997 pred_loss=0.026213 pred_uniform=0.026225 rep=0.034519 barlow=0.004664 barlow_diag=0.9829 barlow_offdiag=0.2137 sigreg_obj=1.230741 memory_barlow=0.000000 target_std=0.9483 pred_std=0.9451 decoded_loss=0.004710 decoded_dynamic=0.007362 presence_loss=0.084302 memory_norm=6.933347
saved_recovery_checkpoint epoch=2 step=4750 successful_updates=4750
epoch=2 step=4750 total_loss=0.073811 pred_loss=0.037709 pred_uniform=0.038464 rep=0.046565 barlow=0.004651 barlow_diag=0.9828 barlow_offdiag=0.2133 sigreg_obj=1.133335 memory_barlow=0.000000 target_std=0.9514 pred_std=0.9528 decoded_loss=0.005382 decoded_dynamic=0.008307 presence_loss=0.120278 memory_norm=8.401373
epoch=2 step=4760 total_loss=0.066439 pred_loss=0.036079 pred_uniform=0.037059 rep=0.044568 barlow=0.004609 barlow_diag=0.9807 barlow_offdiag=0.2102 sigreg_obj=0.891659 memory_barlow=0.000000 target_std=0.9649 pred_std=0.9622 decoded_loss=0.007065 decoded_dynamic=0.010183 presence_loss=0.178103 memory_norm=8.752967
epoch=2 step=4770 total_loss=0.068738 pred_loss=0.035671 pred_uniform=0.036028 rep=0.044455 barlow=0.005214 barlow_diag=0.9815 barlow_offdiag=0.2254 sigreg_obj=0.948038 memory_barlow=0.000000 target_std=0.9500 pred_std=0.9450 decoded_loss=0.006421 decoded_dynamic=0.009658 presence_loss=0.125860 memory_norm=6.238990
epoch=2 step=4780 total_loss=0.053000 pred_loss=0.023746 pred_uniform=0.024420 rep=0.042977 barlow=0.004572 barlow_diag=0.9811 barlow_offdiag=0.2095 sigreg_obj=1.316847 memory_barlow=0.000000 target_std=0.9685 pred_std=0.9671 decoded_loss=0.006218 decoded_dynamic=0.010008 presence_loss=0.086967 memory_norm=8.715431
epoch=2 step=4790 total_loss=0.070834 pred_loss=0.036504 pred_uniform=0.036740 rep=0.047438 barlow=0.004872 barlow_diag=0.9826 barlow_offdiag=0.2184 sigreg_obj=0.964367 memory_barlow=0.000000 target_std=0.9655 pred_std=0.9641 decoded_loss=0.005504 decoded_dynamic=0.008567 presence_loss=0.117429 memory_norm=7.997051
epoch=2 step=4800 total_loss=0.053308 pred_loss=0.024012 pred_uniform=0.024229 rep=0.032869 barlow=0.005076 barlow_diag=0.9839 barlow_offdiag=0.2243 sigreg_obj=1.080087 memory_barlow=0.000000 target_std=0.9534 pred_std=0.9531 decoded_loss=0.004127 decoded_dynamic=0.006824 presence_loss=0.097986 memory_norm=6.702039
epoch=2 step=4810 total_loss=0.060737 pred_loss=0.031043 pred_uniform=0.031443 rep=0.037690 barlow=0.004463 barlow_diag=0.9830 barlow_offdiag=0.2088 sigreg_obj=0.963491 memory_barlow=0.000000 target_std=0.9760 pred_std=0.9755 decoded_loss=0.006986 decoded_dynamic=0.010622 presence_loss=0.102280 memory_norm=8.772572
epoch=2 step=4820 total_loss=0.053340 pred_loss=0.025370 pred_uniform=0.025725 rep=0.034553 barlow=0.005110 barlow_diag=0.9829 barlow_offdiag=0.2242 sigreg_obj=1.074055 memory_barlow=0.000000 target_std=0.9510 pred_std=0.9470 decoded_loss=0.006211 decoded_dynamic=0.008088 presence_loss=0.092113 memory_norm=7.255965
epoch=2 step=4830 total_loss=0.052769 pred_loss=0.025456 pred_uniform=0.025851 rep=0.032230 barlow=0.004715 barlow_diag=0.9814 barlow_offdiag=0.2134 sigreg_obj=0.944820 memory_barlow=0.000000 target_std=0.9574 pred_std=0.9563 decoded_loss=0.005310 decoded_dynamic=0.007759 presence_loss=0.098672 memory_norm=7.104869
epoch=2 step=4840 total_loss=0.051118 pred_loss=0.022010 pred_uniform=0.022106 rep=0.028760 barlow=0.004959 barlow_diag=0.9838 barlow_offdiag=0.2215 sigreg_obj=1.344793 memory_barlow=0.000000 target_std=0.9376 pred_std=0.9357 decoded_loss=0.004220 decoded_dynamic=0.006557 presence_loss=0.090548 memory_norm=6.973966
epoch=2 step=4850 total_loss=0.056649 pred_loss=0.029176 pred_uniform=0.029402 rep=0.036907 barlow=0.004843 barlow_diag=0.9836 barlow_offdiag=0.2186 sigreg_obj=0.810956 memory_barlow=0.000000 target_std=0.9638 pred_std=0.9649 decoded_loss=0.004885 decoded_dynamic=0.007325 presence_loss=0.089234 memory_norm=7.080286
epoch=2 step=4860 total_loss=0.054856 pred_loss=0.027332 pred_uniform=0.027882 rep=0.035186 barlow=0.004254 barlow_diag=0.9840 barlow_offdiag=0.2044 sigreg_obj=1.057297 memory_barlow=0.000000 target_std=0.9602 pred_std=0.9577 decoded_loss=0.006466 decoded_dynamic=0.009169 presence_loss=0.100494 memory_norm=9.004867
epoch=2 step=4870 total_loss=0.058338 pred_loss=0.029199 pred_uniform=0.029729 rep=0.035890 barlow=0.004841 barlow_diag=0.9850 barlow_offdiag=0.2196 sigreg_obj=1.068241 memory_barlow=0.000000 target_std=0.9514 pred_std=0.9505 decoded_loss=0.005262 decoded_dynamic=0.008437 presence_loss=0.101955 memory_norm=7.294981
epoch=2 step=4880 total_loss=0.043769 pred_loss=0.020344 pred_uniform=0.020723 rep=0.026025 barlow=0.005076 barlow_diag=0.9836 barlow_offdiag=0.2240 sigreg_obj=1.006643 memory_barlow=0.000000 target_std=0.9599 pred_std=0.9593 decoded_loss=0.004561 decoded_dynamic=0.006940 presence_loss=0.078569 memory_norm=7.483604
epoch=2 step=4890 total_loss=0.061940 pred_loss=0.034081 pred_uniform=0.034991 rep=0.042506 barlow=0.004844 barlow_diag=0.9807 barlow_offdiag=0.2157 sigreg_obj=0.777291 memory_barlow=0.000000 target_std=0.9734 pred_std=0.9723 decoded_loss=0.008880 decoded_dynamic=0.012197 presence_loss=0.094842 memory_norm=6.888218
epoch=2 step=4900 total_loss=0.052556 pred_loss=0.026516 pred_uniform=0.027006 rep=0.032667 barlow=0.004960 barlow_diag=0.9822 barlow_offdiag=0.2201 sigreg_obj=0.915432 memory_barlow=0.000000 target_std=0.9596 pred_std=0.9601 decoded_loss=0.005851 decoded_dynamic=0.009673 presence_loss=0.085977 memory_norm=7.066389
epoch=2 step=4910 total_loss=0.058101 pred_loss=0.029307 pred_uniform=0.029607 rep=0.036330 barlow=0.004644 barlow_diag=0.9832 barlow_offdiag=0.2133 sigreg_obj=0.943295 memory_barlow=0.000000 target_std=0.9642 pred_std=0.9621 decoded_loss=0.005352 decoded_dynamic=0.008313 presence_loss=0.107064 memory_norm=7.138556
epoch=2 step=4920 total_loss=0.046014 pred_loss=0.021710 pred_uniform=0.021869 rep=0.028153 barlow=0.004898 barlow_diag=0.9843 barlow_offdiag=0.2205 sigreg_obj=0.910608 memory_barlow=0.000000 target_std=0.9534 pred_std=0.9521 decoded_loss=0.004611 decoded_dynamic=0.007130 presence_loss=0.081145 memory_norm=6.431346
epoch=2 step=4930 total_loss=0.064025 pred_loss=0.031951 pred_uniform=0.032338 rep=0.034549 barlow=0.004854 barlow_diag=0.9822 barlow_offdiag=0.2175 sigreg_obj=1.090425 memory_barlow=0.000000 target_std=0.9502 pred_std=0.9474 decoded_loss=0.006224 decoded_dynamic=0.008601 presence_loss=0.140777 memory_norm=6.863036
epoch=2 step=4940 total_loss=0.053656 pred_loss=0.025172 pred_uniform=0.025270 rep=0.040623 barlow=0.004907 barlow_diag=0.9820 barlow_offdiag=0.2187 sigreg_obj=1.008994 memory_barlow=0.000000 target_std=0.9452 pred_std=0.9388 decoded_loss=0.005183 decoded_dynamic=0.007536 presence_loss=0.077292 memory_norm=6.685440
epoch=2 step=4950 total_loss=0.062181 pred_loss=0.029918 pred_uniform=0.030230 rep=0.037743 barlow=0.005060 barlow_diag=0.9831 barlow_offdiag=0.2232 sigreg_obj=1.251755 memory_barlow=0.000000 target_std=0.9627 pred_std=0.9628 decoded_loss=0.005917 decoded_dynamic=0.009512 presence_loss=0.116841 memory_norm=8.085492
epoch=2 step=4960 total_loss=0.055510 pred_loss=0.024624 pred_uniform=0.025043 rep=0.039161 barlow=0.004821 barlow_diag=0.9831 barlow_offdiag=0.2177 sigreg_obj=1.446388 memory_barlow=0.000000 target_std=0.9404 pred_std=0.9376 decoded_loss=0.005574 decoded_dynamic=0.007615 presence_loss=0.099700 memory_norm=8.968058
epoch=2 step=4970 total_loss=0.056218 pred_loss=0.026971 pred_uniform=0.027402 rep=0.031744 barlow=0.005423 barlow_diag=0.9824 barlow_offdiag=0.2310 sigreg_obj=1.160727 memory_barlow=0.000000 target_std=0.9578 pred_std=0.9558 decoded_loss=0.004921 decoded_dynamic=0.007490 presence_loss=0.106594 memory_norm=6.472056
epoch=2 step=4980 total_loss=0.072021 pred_loss=0.040027 pred_uniform=0.041046 rep=0.047477 barlow=0.004436 barlow_diag=0.9825 barlow_offdiag=0.2077 sigreg_obj=0.887595 memory_barlow=0.000000 target_std=0.9672 pred_std=0.9681 decoded_loss=0.006546 decoded_dynamic=0.009858 presence_loss=0.132555 memory_norm=7.813018
epoch=2 step=4990 total_loss=0.053437 pred_loss=0.028615 pred_uniform=0.029436 rep=0.033109 barlow=0.004798 barlow_diag=0.9831 barlow_offdiag=0.2171 sigreg_obj=0.845228 memory_barlow=0.000000 target_std=0.9702 pred_std=0.9655 decoded_loss=0.006274 decoded_dynamic=0.009188 presence_loss=0.068198 memory_norm=7.724960
saved_recovery_checkpoint epoch=2 step=5000 successful_updates=5000
epoch=2 step=5000 total_loss=0.047785 pred_loss=0.022310 pred_uniform=0.022475 rep=0.028001 barlow=0.005070 barlow_diag=0.9832 barlow_offdiag=0.2237 sigreg_obj=1.025388 memory_barlow=0.000000 target_std=0.9641 pred_std=0.9639 decoded_loss=0.005405 decoded_dynamic=0.006927 presence_loss=0.092891 memory_norm=7.791431
epoch=2 step=5010 total_loss=0.074237 pred_loss=0.036665 pred_uniform=0.036968 rep=0.039616 barlow=0.004456 barlow_diag=0.9805 barlow_offdiag=0.2062 sigreg_obj=1.507048 memory_barlow=0.000000 target_std=0.9284 pred_std=0.9240 decoded_loss=0.006891 decoded_dynamic=0.007874 presence_loss=0.123051 memory_norm=6.856876
epoch=2 step=5020 total_loss=0.047435 pred_loss=0.023250 pred_uniform=0.023575 rep=0.028927 barlow=0.004727 barlow_diag=0.9843 barlow_offdiag=0.2163 sigreg_obj=0.884917 memory_barlow=0.000000 target_std=0.9684 pred_std=0.9691 decoded_loss=0.005599 decoded_dynamic=0.007076 presence_loss=0.098051 memory_norm=8.293610
epoch=2 step=5030 total_loss=0.049799 pred_loss=0.023365 pred_uniform=0.023704 rep=0.031681 barlow=0.004533 barlow_diag=0.9850 barlow_offdiag=0.2122 sigreg_obj=1.037086 memory_barlow=0.000000 target_std=0.9554 pred_std=0.9542 decoded_loss=0.004943 decoded_dynamic=0.007773 presence_loss=0.085789 memory_norm=7.730180
epoch=2 step=5040 total_loss=0.043379 pred_loss=0.021177 pred_uniform=0.021671 rep=0.027398 barlow=0.004507 barlow_diag=0.9848 barlow_offdiag=0.2114 sigreg_obj=0.850848 memory_barlow=0.000000 target_std=0.9754 pred_std=0.9753 decoded_loss=0.006285 decoded_dynamic=0.009471 presence_loss=0.090593 memory_norm=6.575973
epoch=2 step=5050 total_loss=0.053663 pred_loss=0.027395 pred_uniform=0.027844 rep=0.036419 barlow=0.005081 barlow_diag=0.9851 barlow_offdiag=0.2253 sigreg_obj=0.862644 memory_barlow=0.000000 target_std=0.9702 pred_std=0.9710 decoded_loss=0.005036 decoded_dynamic=0.007736 presence_loss=0.103333 memory_norm=6.972888
epoch=2 step=5060 total_loss=0.056920 pred_loss=0.025961 pred_uniform=0.026275 rep=0.032276 barlow=0.004884 barlow_diag=0.9833 barlow_offdiag=0.2193 sigreg_obj=1.411063 memory_barlow=0.000000 target_std=0.9308 pred_std=0.9261 decoded_loss=0.005528 decoded_dynamic=0.008359 presence_loss=0.097423 memory_norm=7.663555
epoch=2 step=5070 total_loss=0.062007 pred_loss=0.032818 pred_uniform=0.033523 rep=0.041980 barlow=0.005022 barlow_diag=0.9800 barlow_offdiag=0.2194 sigreg_obj=0.940368 memory_barlow=0.000000 target_std=0.9630 pred_std=0.9651 decoded_loss=0.007313 decoded_dynamic=0.010345 presence_loss=0.106407 memory_norm=7.109807
epoch=2 step=5080 total_loss=0.057701 pred_loss=0.029173 pred_uniform=0.029660 rep=0.044085 barlow=0.004552 barlow_diag=0.9829 barlow_offdiag=0.2108 sigreg_obj=0.927552 memory_barlow=0.000000 target_std=0.9516 pred_std=0.9498 decoded_loss=0.005016 decoded_dynamic=0.007944 presence_loss=0.111768 memory_norm=6.971822
epoch=2 step=5090 total_loss=0.069063 pred_loss=0.037034 pred_uniform=0.038086 rep=0.041563 barlow=0.004405 barlow_diag=0.9826 barlow_offdiag=0.2067 sigreg_obj=1.134580 memory_barlow=0.000000 target_std=0.9759 pred_std=0.9744 decoded_loss=0.007754 decoded_dynamic=0.011390 presence_loss=0.129538 memory_norm=8.992824
epoch=2 step=5100 total_loss=0.046887 pred_loss=0.022522 pred_uniform=0.022754 rep=0.033763 barlow=0.004975 barlow_diag=0.9846 barlow_offdiag=0.2224 sigreg_obj=0.871546 memory_barlow=0.000000 target_std=0.9660 pred_std=0.9653 decoded_loss=0.004428 decoded_dynamic=0.005916 presence_loss=0.086088 memory_norm=6.994199
epoch=2 step=5110 total_loss=0.052938 pred_loss=0.025325 pred_uniform=0.025564 rep=0.034954 barlow=0.004640 barlow_diag=0.9824 barlow_offdiag=0.2126 sigreg_obj=0.998411 memory_barlow=0.000000 target_std=0.9587 pred_std=0.9570 decoded_loss=0.005472 decoded_dynamic=0.007454 presence_loss=0.107103 memory_norm=6.901285
epoch=2 step=5120 total_loss=0.057199 pred_loss=0.027824 pred_uniform=0.028045 rep=0.034985 barlow=0.005270 barlow_diag=0.9832 barlow_offdiag=0.2283 sigreg_obj=1.045374 memory_barlow=0.000000 target_std=0.9515 pred_std=0.9495 decoded_loss=0.006244 decoded_dynamic=0.009553 presence_loss=0.091780 memory_norm=6.719490
epoch=2 step=5130 total_loss=0.052505 pred_loss=0.021661 pred_uniform=0.021606 rep=0.027075 barlow=0.004791 barlow_diag=0.9838 barlow_offdiag=0.2174 sigreg_obj=1.536260 memory_barlow=0.000000 target_std=0.9335 pred_std=0.9344 decoded_loss=0.004965 decoded_dynamic=0.006610 presence_loss=0.082669 memory_norm=6.217976
epoch=2 step=5140 total_loss=0.043471 pred_loss=0.021353 pred_uniform=0.021917 rep=0.027309 barlow=0.004549 barlow_diag=0.9846 barlow_offdiag=0.2123 sigreg_obj=0.898897 memory_barlow=0.000000 target_std=0.9793 pred_std=0.9789 decoded_loss=0.005458 decoded_dynamic=0.009009 presence_loss=0.069233 memory_norm=8.349657
epoch=2 step=5150 total_loss=0.061733 pred_loss=0.034264 pred_uniform=0.035311 rep=0.038178 barlow=0.004855 barlow_diag=0.9835 barlow_offdiag=0.2188 sigreg_obj=0.844895 memory_barlow=0.000000 target_std=0.9666 pred_std=0.9648 decoded_loss=0.006105 decoded_dynamic=0.009466 presence_loss=0.095690 memory_norm=7.188564
epoch=2 step=5160 total_loss=0.050660 pred_loss=0.026150 pred_uniform=0.026795 rep=0.033146 barlow=0.004885 barlow_diag=0.9829 barlow_offdiag=0.2189 sigreg_obj=0.877646 memory_barlow=0.000000 target_std=0.9653 pred_std=0.9662 decoded_loss=0.005857 decoded_dynamic=0.008037 presence_loss=0.091402 memory_norm=7.710914
epoch=2 step=5170 total_loss=0.051507 pred_loss=0.026361 pred_uniform=0.027046 rep=0.033616 barlow=0.004449 barlow_diag=0.9832 barlow_offdiag=0.2086 sigreg_obj=0.924487 memory_barlow=0.000000 target_std=0.9713 pred_std=0.9716 decoded_loss=0.006545 decoded_dynamic=0.009425 presence_loss=0.073232 memory_norm=7.326988
epoch=2 step=5180 total_loss=0.060122 pred_loss=0.030290 pred_uniform=0.030700 rep=0.035825 barlow=0.004943 barlow_diag=0.9828 barlow_offdiag=0.2203 sigreg_obj=0.990959 memory_barlow=0.000000 target_std=0.9423 pred_std=0.9410 decoded_loss=0.005786 decoded_dynamic=0.008084 presence_loss=0.141275 memory_norm=5.996812
epoch=2 step=5190 total_loss=0.065729 pred_loss=0.034355 pred_uniform=0.035293 rep=0.040783 barlow=0.004495 barlow_diag=0.9827 barlow_offdiag=0.2092 sigreg_obj=1.110123 memory_barlow=0.000000 target_std=0.9538 pred_std=0.9503 decoded_loss=0.006127 decoded_dynamic=0.009470 presence_loss=0.090987 memory_norm=7.671733
epoch=2 step=5200 total_loss=0.054496 pred_loss=0.026239 pred_uniform=0.026787 rep=0.031105 barlow=0.004810 barlow_diag=0.9842 barlow_offdiag=0.2182 sigreg_obj=1.225548 memory_barlow=0.000000 target_std=0.9639 pred_std=0.9622 decoded_loss=0.005438 decoded_dynamic=0.008083 presence_loss=0.085394 memory_norm=8.890012
epoch=2 step=5210 total_loss=0.068228 pred_loss=0.036547 pred_uniform=0.037028 rep=0.043902 barlow=0.004575 barlow_diag=0.9812 barlow_offdiag=0.2097 sigreg_obj=0.889324 memory_barlow=0.000000 target_std=0.9647 pred_std=0.9617 decoded_loss=0.005908 decoded_dynamic=0.009114 presence_loss=0.088139 memory_norm=7.276483
epoch=2 step=5220 total_loss=0.061073 pred_loss=0.030119 pred_uniform=0.030630 rep=0.035759 barlow=0.005000 barlow_diag=0.9822 barlow_offdiag=0.2212 sigreg_obj=1.106564 memory_barlow=0.000000 target_std=0.9474 pred_std=0.9427 decoded_loss=0.006972 decoded_dynamic=0.010252 presence_loss=0.169114 memory_norm=7.356024
epoch=2 step=5230 total_loss=0.061058 pred_loss=0.031775 pred_uniform=0.032444 rep=0.040239 barlow=0.005230 barlow_diag=0.9839 barlow_offdiag=0.2279 sigreg_obj=0.860840 memory_barlow=0.000000 target_std=0.9712 pred_std=0.9700 decoded_loss=0.004921 decoded_dynamic=0.007738 presence_loss=0.119994 memory_norm=6.940594
epoch=2 step=5240 total_loss=0.051367 pred_loss=0.024973 pred_uniform=0.025228 rep=0.030069 barlow=0.004620 barlow_diag=0.9843 barlow_offdiag=0.2138 sigreg_obj=1.003236 memory_barlow=0.000000 target_std=0.9581 pred_std=0.9544 decoded_loss=0.004465 decoded_dynamic=0.006835 presence_loss=0.085985 memory_norm=7.705307
saved_recovery_checkpoint epoch=2 step=5250 successful_updates=5250
epoch=2 step=5250 total_loss=0.061181 pred_loss=0.028451 pred_uniform=0.028733 rep=0.033599 barlow=0.004711 barlow_diag=0.9827 barlow_offdiag=0.2147 sigreg_obj=1.373366 memory_barlow=0.000000 target_std=0.9473 pred_std=0.9463 decoded_loss=0.005117 decoded_dynamic=0.008101 presence_loss=0.135675 memory_norm=6.832378
epoch=2 step=5260 total_loss=0.047358 pred_loss=0.023082 pred_uniform=0.023328 rep=0.031410 barlow=0.005523 barlow_diag=0.9827 barlow_offdiag=0.2334 sigreg_obj=0.864674 memory_barlow=0.000000 target_std=0.9600 pred_std=0.9588 decoded_loss=0.003760 decoded_dynamic=0.006164 presence_loss=0.109102 memory_norm=5.883319
epoch=2 step=5270 total_loss=0.043180 pred_loss=0.019096 pred_uniform=0.019295 rep=0.024431 barlow=0.005053 barlow_diag=0.9851 barlow_offdiag=0.2246 sigreg_obj=1.123516 memory_barlow=0.000000 target_std=0.9584 pred_std=0.9563 decoded_loss=0.003776 decoded_dynamic=0.006159 presence_loss=0.049168 memory_norm=6.663003
epoch=2 step=5280 total_loss=0.043265 pred_loss=0.021106 pred_uniform=0.021511 rep=0.027318 barlow=0.004509 barlow_diag=0.9827 barlow_offdiag=0.2097 sigreg_obj=0.856253 memory_barlow=0.000000 target_std=0.9707 pred_std=0.9703 decoded_loss=0.004697 decoded_dynamic=0.007306 presence_loss=0.073305 memory_norm=7.558580
epoch=2 step=5290 total_loss=0.059474 pred_loss=0.032320 pred_uniform=0.033111 rep=0.039476 barlow=0.004551 barlow_diag=0.9821 barlow_offdiag=0.2102 sigreg_obj=0.790905 memory_barlow=0.000000 target_std=0.9663 pred_std=0.9659 decoded_loss=0.005848 decoded_dynamic=0.008978 presence_loss=0.129451 memory_norm=7.474529
epoch=2 step=5300 total_loss=0.051981 pred_loss=0.023990 pred_uniform=0.024305 rep=0.027258 barlow=0.004640 barlow_diag=0.9843 barlow_offdiag=0.2143 sigreg_obj=1.200705 memory_barlow=0.000000 target_std=0.9419 pred_std=0.9404 decoded_loss=0.004314 decoded_dynamic=0.006906 presence_loss=0.099975 memory_norm=6.379232
epoch=2 step=5310 total_loss=0.049842 pred_loss=0.025627 pred_uniform=0.026078 rep=0.032889 barlow=0.004610 barlow_diag=0.9838 barlow_offdiag=0.2131 sigreg_obj=0.778947 memory_barlow=0.000000 target_std=0.9680 pred_std=0.9683 decoded_loss=0.004593 decoded_dynamic=0.007193 presence_loss=0.092337 memory_norm=6.508244
epoch=2 step=5320 total_loss=0.049647 pred_loss=0.021924 pred_uniform=0.022220 rep=0.028857 barlow=0.004537 barlow_diag=0.9837 barlow_offdiag=0.2113 sigreg_obj=1.305777 memory_barlow=0.000000 target_std=0.9456 pred_std=0.9445 decoded_loss=0.005034 decoded_dynamic=0.007557 presence_loss=0.076863 memory_norm=7.375457
epoch=2 step=5330 total_loss=0.065333 pred_loss=0.032176 pred_uniform=0.032516 rep=0.038150 barlow=0.004309 barlow_diag=0.9832 barlow_offdiag=0.2051 sigreg_obj=1.159712 memory_barlow=0.000000 target_std=0.9431 pred_std=0.9432 decoded_loss=0.006258 decoded_dynamic=0.008944 presence_loss=0.089091 memory_norm=7.136295
epoch=2 step=5340 total_loss=0.052503 pred_loss=0.026601 pred_uniform=0.027548 rep=0.033982 barlow=0.004870 barlow_diag=0.9852 barlow_offdiag=0.2204 sigreg_obj=1.015098 memory_barlow=0.000000 target_std=0.9840 pred_std=0.9831 decoded_loss=0.005031 decoded_dynamic=0.008661 presence_loss=0.085639 memory_norm=8.287251
epoch=2 step=5350 total_loss=0.047783 pred_loss=0.023714 pred_uniform=0.024094 rep=0.030630 barlow=0.004710 barlow_diag=0.9850 barlow_offdiag=0.2165 sigreg_obj=0.914020 memory_barlow=0.000000 target_std=0.9624 pred_std=0.9597 decoded_loss=0.003902 decoded_dynamic=0.006511 presence_loss=0.081469 memory_norm=7.091351
epoch=2 step=5360 total_loss=0.058469 pred_loss=0.020242 pred_uniform=0.020181 rep=0.024975 barlow=0.004975 barlow_diag=0.9818 barlow_offdiag=0.2202 sigreg_obj=2.367178 memory_barlow=0.000000 target_std=0.9059 pred_std=0.9051 decoded_loss=0.004325 decoded_dynamic=0.005342 presence_loss=0.073296 memory_norm=6.322332
epoch=2 step=5370 total_loss=0.061275 pred_loss=0.027986 pred_uniform=0.027949 rep=0.037706 barlow=0.004469 barlow_diag=0.9820 barlow_offdiag=0.2081 sigreg_obj=1.335230 memory_barlow=0.000000 target_std=0.9385 pred_std=0.9376 decoded_loss=0.005472 decoded_dynamic=0.008328 presence_loss=0.069201 memory_norm=6.056230
epoch=2 step=5380 total_loss=0.053582 pred_loss=0.021178 pred_uniform=0.021079 rep=0.037140 barlow=0.004898 barlow_diag=0.9836 barlow_offdiag=0.2198 sigreg_obj=1.601196 memory_barlow=0.000000 target_std=0.9226 pred_std=0.9189 decoded_loss=0.004253 decoded_dynamic=0.006476 presence_loss=0.066247 memory_norm=6.680525
epoch=2 step=5390 total_loss=0.055535 pred_loss=0.027918 pred_uniform=0.028446 rep=0.038080 barlow=0.004472 barlow_diag=0.9834 barlow_offdiag=0.2092 sigreg_obj=1.007557 memory_barlow=0.000000 target_std=0.9692 pred_std=0.9689 decoded_loss=0.006390 decoded_dynamic=0.009400 presence_loss=0.080660 memory_norm=8.180159
epoch=2 step=5400 total_loss=0.048573 pred_loss=0.022482 pred_uniform=0.022850 rep=0.028886 barlow=0.004806 barlow_diag=0.9847 barlow_offdiag=0.2185 sigreg_obj=1.152207 memory_barlow=0.000000 target_std=0.9626 pred_std=0.9603 decoded_loss=0.004496 decoded_dynamic=0.007267 presence_loss=0.079713 memory_norm=8.165937
epoch=2 step=5410 total_loss=0.046516 pred_loss=0.022324 pred_uniform=0.022420 rep=0.026808 barlow=0.004499 barlow_diag=0.9840 barlow_offdiag=0.2105 sigreg_obj=0.919374 memory_barlow=0.000000 target_std=0.9595 pred_std=0.9565 decoded_loss=0.004029 decoded_dynamic=0.006393 presence_loss=0.058139 memory_norm=6.780658
epoch=2 step=5420 total_loss=0.046351 pred_loss=0.022479 pred_uniform=0.022963 rep=0.028604 barlow=0.004805 barlow_diag=0.9837 barlow_offdiag=0.2177 sigreg_obj=0.995836 memory_barlow=0.000000 target_std=0.9527 pred_std=0.9531 decoded_loss=0.005948 decoded_dynamic=0.006324 presence_loss=0.080182 memory_norm=6.463778
epoch=2 step=5430 total_loss=0.054603 pred_loss=0.027325 pred_uniform=0.027750 rep=0.032965 barlow=0.005138 barlow_diag=0.9760 barlow_offdiag=0.2165 sigreg_obj=1.007789 memory_barlow=0.000000 target_std=0.9499 pred_std=0.9456 decoded_loss=0.005283 decoded_dynamic=0.007201 presence_loss=0.092921 memory_norm=6.455343
epoch=2 step=5440 total_loss=0.049761 pred_loss=0.022766 pred_uniform=0.023083 rep=0.036953 barlow=0.005092 barlow_diag=0.9826 barlow_offdiag=0.2235 sigreg_obj=1.025933 memory_barlow=0.000000 target_std=0.9490 pred_std=0.9486 decoded_loss=0.004881 decoded_dynamic=0.007950 presence_loss=0.095843 memory_norm=6.947469
epoch=2 step=5450 total_loss=0.069815 pred_loss=0.037208 pred_uniform=0.037922 rep=0.047180 barlow=0.004772 barlow_diag=0.9824 barlow_offdiag=0.2159 sigreg_obj=0.961655 memory_barlow=0.000000 target_std=0.9573 pred_std=0.9552 decoded_loss=0.005278 decoded_dynamic=0.008648 presence_loss=0.118958 memory_norm=7.159034
epoch=2 step=5460 total_loss=0.045154 pred_loss=0.019869 pred_uniform=0.019921 rep=0.027177 barlow=0.004983 barlow_diag=0.9826 barlow_offdiag=0.2211 sigreg_obj=1.109569 memory_barlow=0.000000 target_std=0.9446 pred_std=0.9441 decoded_loss=0.003600 decoded_dynamic=0.005459 presence_loss=0.070586 memory_norm=6.366768
epoch=2 step=5470 total_loss=0.050938 pred_loss=0.024781 pred_uniform=0.025314 rep=0.031512 barlow=0.005179 barlow_diag=0.9857 barlow_offdiag=0.2280 sigreg_obj=1.080271 memory_barlow=0.000000 target_std=0.9672 pred_std=0.9652 decoded_loss=0.004324 decoded_dynamic=0.007162 presence_loss=0.099503 memory_norm=6.936408
epoch=2 step=5480 total_loss=0.056398 pred_loss=0.027438 pred_uniform=0.027703 rep=0.033966 barlow=0.004717 barlow_diag=0.9839 barlow_offdiag=0.2157 sigreg_obj=1.073436 memory_barlow=0.000000 target_std=0.9468 pred_std=0.9495 decoded_loss=0.004620 decoded_dynamic=0.007358 presence_loss=0.106780 memory_norm=7.275953
epoch=2 step=5490 total_loss=0.060636 pred_loss=0.031719 pred_uniform=0.032489 rep=0.036688 barlow=0.004917 barlow_diag=0.9829 barlow_offdiag=0.2197 sigreg_obj=1.003921 memory_barlow=0.000000 target_std=0.9630 pred_std=0.9658 decoded_loss=0.004966 decoded_dynamic=0.007671 presence_loss=0.086885 memory_norm=7.544748
saved_recovery_checkpoint epoch=2 step=5500 successful_updates=5500
epoch=2 step=5500 total_loss=0.048811 pred_loss=0.024348 pred_uniform=0.024792 rep=0.034126 barlow=0.004484 barlow_diag=0.9834 barlow_offdiag=0.2097 sigreg_obj=0.861796 memory_barlow=0.000000 target_std=0.9653 pred_std=0.9634 decoded_loss=0.006368 decoded_dynamic=0.009554 presence_loss=0.094807 memory_norm=7.661668
epoch=2 step=5510 total_loss=0.055171 pred_loss=0.029006 pred_uniform=0.029718 rep=0.032748 barlow=0.004341 barlow_diag=0.9841 barlow_offdiag=0.2067 sigreg_obj=0.875818 memory_barlow=0.000000 target_std=0.9726 pred_std=0.9706 decoded_loss=0.005153 decoded_dynamic=0.008459 presence_loss=0.087542 memory_norm=8.299730
epoch=2 step=5520 total_loss=0.048260 pred_loss=0.023147 pred_uniform=0.023513 rep=0.028328 barlow=0.004441 barlow_diag=0.9839 barlow_offdiag=0.2091 sigreg_obj=0.989204 memory_barlow=0.000000 target_std=0.9621 pred_std=0.9611 decoded_loss=0.005736 decoded_dynamic=0.007433 presence_loss=0.083718 memory_norm=8.006392
epoch=2 step=5530 total_loss=0.047373 pred_loss=0.022851 pred_uniform=0.023145 rep=0.027082 barlow=0.005010 barlow_diag=0.9834 barlow_offdiag=0.2223 sigreg_obj=0.936086 memory_barlow=0.000000 target_std=0.9581 pred_std=0.9537 decoded_loss=0.005774 decoded_dynamic=0.007290 presence_loss=0.101932 memory_norm=6.651712
epoch=2 step=5540 total_loss=0.049351 pred_loss=0.023497 pred_uniform=0.023709 rep=0.028613 barlow=0.004750 barlow_diag=0.9842 barlow_offdiag=0.2168 sigreg_obj=1.008847 memory_barlow=0.000000 target_std=0.9552 pred_std=0.9559 decoded_loss=0.005020 decoded_dynamic=0.006641 presence_loss=0.077002 memory_norm=7.070834
epoch=2 step=5550 total_loss=0.041043 pred_loss=0.018672 pred_uniform=0.018917 rep=0.022090 barlow=0.004905 barlow_diag=0.9846 barlow_offdiag=0.2209 sigreg_obj=1.031458 memory_barlow=0.000000 target_std=0.9545 pred_std=0.9524 decoded_loss=0.004185 decoded_dynamic=0.006095 presence_loss=0.055832 memory_norm=6.317794
epoch=2 step=5560 total_loss=0.059267 pred_loss=0.031442 pred_uniform=0.032199 rep=0.038896 barlow=0.004223 barlow_diag=0.9838 barlow_offdiag=0.2035 sigreg_obj=0.856203 memory_barlow=0.000000 target_std=0.9639 pred_std=0.9647 decoded_loss=0.005888 decoded_dynamic=0.008703 presence_loss=0.112988 memory_norm=8.627237
epoch=2 step=5570 total_loss=0.058508 pred_loss=0.029480 pred_uniform=0.030050 rep=0.035168 barlow=0.004646 barlow_diag=0.9836 barlow_offdiag=0.2138 sigreg_obj=1.103775 memory_barlow=0.000000 target_std=0.9500 pred_std=0.9507 decoded_loss=0.005299 decoded_dynamic=0.006945 presence_loss=0.081252 memory_norm=6.580585
epoch=2 step=5580 total_loss=0.048024 pred_loss=0.021118 pred_uniform=0.021601 rep=0.027259 barlow=0.004785 barlow_diag=0.9811 barlow_offdiag=0.2146 sigreg_obj=1.334039 memory_barlow=0.000000 target_std=0.9514 pred_std=0.9492 decoded_loss=0.004868 decoded_dynamic=0.007664 presence_loss=0.074042 memory_norm=7.988924
epoch=2 step=5590 total_loss=0.058908 pred_loss=0.032062 pred_uniform=0.033167 rep=0.042687 barlow=0.004330 barlow_diag=0.9837 barlow_offdiag=0.2061 sigreg_obj=0.874224 memory_barlow=0.000000 target_std=0.9685 pred_std=0.9645 decoded_loss=0.006680 decoded_dynamic=0.010469 presence_loss=0.093969 memory_norm=8.622873
epoch=2 step=5600 total_loss=0.051174 pred_loss=0.026205 pred_uniform=0.026742 rep=0.031527 barlow=0.004472 barlow_diag=0.9842 barlow_offdiag=0.2100 sigreg_obj=0.865404 memory_barlow=0.000000 target_std=0.9645 pred_std=0.9643 decoded_loss=0.005311 decoded_dynamic=0.007253 presence_loss=0.085664 memory_norm=7.516447
epoch=2 step=5610 total_loss=0.065659 pred_loss=0.034011 pred_uniform=0.034968 rep=0.043171 barlow=0.004508 barlow_diag=0.9829 barlow_offdiag=0.2099 sigreg_obj=1.158462 memory_barlow=0.000000 target_std=0.9547 pred_std=0.9549 decoded_loss=0.006094 decoded_dynamic=0.008483 presence_loss=0.139046 memory_norm=7.773481
epoch=2 step=5620 total_loss=0.064426 pred_loss=0.030077 pred_uniform=0.030241 rep=0.045701 barlow=0.004499 barlow_diag=0.9820 barlow_offdiag=0.2088 sigreg_obj=1.288189 memory_barlow=0.000000 target_std=0.9385 pred_std=0.9397 decoded_loss=0.006737 decoded_dynamic=0.009113 presence_loss=0.113041 memory_norm=7.451963
epoch=2 step=5630 total_loss=0.049594 pred_loss=0.023930 pred_uniform=0.024349 rep=0.037838 barlow=0.004729 barlow_diag=0.9793 barlow_offdiag=0.2113 sigreg_obj=0.990136 memory_barlow=0.000000 target_std=0.9478 pred_std=0.9472 decoded_loss=0.005429 decoded_dynamic=0.007894 presence_loss=0.071742 memory_norm=6.676988
epoch=2 step=5640 total_loss=0.053125 pred_loss=0.025773 pred_uniform=0.026049 rep=0.033493 barlow=0.004801 barlow_diag=0.9815 barlow_offdiag=0.2157 sigreg_obj=1.044786 memory_barlow=0.000000 target_std=0.9509 pred_std=0.9502 decoded_loss=0.005209 decoded_dynamic=0.007182 presence_loss=0.091544 memory_norm=7.639461
epoch=2 step=5650 total_loss=0.049739 pred_loss=0.021706 pred_uniform=0.022285 rep=0.034091 barlow=0.004494 barlow_diag=0.9852 barlow_offdiag=0.2113 sigreg_obj=1.395925 memory_barlow=0.000000 target_std=0.9688 pred_std=0.9677 decoded_loss=0.004227 decoded_dynamic=0.005707 presence_loss=0.057719 memory_norm=8.575416
epoch=2 step=5660 total_loss=0.056799 pred_loss=0.030664 pred_uniform=0.031456 rep=0.037626 barlow=0.004524 barlow_diag=0.9843 barlow_offdiag=0.2113 sigreg_obj=0.795293 memory_barlow=0.000000 target_std=0.9632 pred_std=0.9611 decoded_loss=0.004880 decoded_dynamic=0.007949 presence_loss=0.147023 memory_norm=6.949879
epoch=2 step=5670 total_loss=0.049255 pred_loss=0.024278 pred_uniform=0.024968 rep=0.031120 barlow=0.004297 barlow_diag=0.9845 barlow_offdiag=0.2059 sigreg_obj=1.051524 memory_barlow=0.000000 target_std=0.9769 pred_std=0.9771 decoded_loss=0.005196 decoded_dynamic=0.008578 presence_loss=0.079294 memory_norm=9.153503
epoch=2 step=5680 total_loss=0.050530 pred_loss=0.023377 pred_uniform=0.023919 rep=0.030605 barlow=0.004743 barlow_diag=0.9846 barlow_offdiag=0.2170 sigreg_obj=1.244545 memory_barlow=0.000000 target_std=0.9603 pred_std=0.9584 decoded_loss=0.004675 decoded_dynamic=0.007967 presence_loss=0.104573 memory_norm=8.606590
epoch=2 step=5690 total_loss=0.059948 pred_loss=0.031821 pred_uniform=0.032728 rep=0.042368 barlow=0.004405 barlow_diag=0.9852 barlow_offdiag=0.2091 sigreg_obj=0.947028 memory_barlow=0.000000 target_std=0.9752 pred_std=0.9732 decoded_loss=0.006070 decoded_dynamic=0.009582 presence_loss=0.097515 memory_norm=8.112303
epoch=2 step=5700 total_loss=0.069203 pred_loss=0.036201 pred_uniform=0.037313 rep=0.044541 barlow=0.004475 barlow_diag=0.9833 barlow_offdiag=0.2093 sigreg_obj=0.770175 memory_barlow=0.000000 target_std=0.9738 pred_std=0.9740 decoded_loss=0.006998 decoded_dynamic=0.010728 presence_loss=0.191334 memory_norm=8.430518
epoch=2 step=5710 total_loss=0.058930 pred_loss=0.030542 pred_uniform=0.031396 rep=0.041784 barlow=0.004340 barlow_diag=0.9838 barlow_offdiag=0.2063 sigreg_obj=0.929696 memory_barlow=0.000000 target_std=0.9768 pred_std=0.9760 decoded_loss=0.007708 decoded_dynamic=0.012858 presence_loss=0.182893 memory_norm=8.305695
epoch=2 step=5720 total_loss=0.044552 pred_loss=0.020087 pred_uniform=0.020199 rep=0.026283 barlow=0.004737 barlow_diag=0.9831 barlow_offdiag=0.2156 sigreg_obj=1.042958 memory_barlow=0.000000 target_std=0.9462 pred_std=0.9447 decoded_loss=0.004822 decoded_dynamic=0.007126 presence_loss=0.061710 memory_norm=6.408012
epoch=2 step=5730 total_loss=0.057650 pred_loss=0.029686 pred_uniform=0.030184 rep=0.033800 barlow=0.004088 barlow_diag=0.9829 barlow_offdiag=0.1992 sigreg_obj=0.818025 memory_barlow=0.000000 target_std=0.9712 pred_std=0.9694 decoded_loss=0.005850 decoded_dynamic=0.008613 presence_loss=0.112146 memory_norm=7.289760
epoch=2 step=5740 total_loss=0.053989 pred_loss=0.026600 pred_uniform=0.027087 rep=0.029411 barlow=0.005198 barlow_diag=0.9836 barlow_offdiag=0.2266 sigreg_obj=1.111774 memory_barlow=0.000000 target_std=0.9673 pred_std=0.9706 decoded_loss=0.005382 decoded_dynamic=0.008166 presence_loss=0.082747 memory_norm=6.792937
saved_recovery_checkpoint epoch=2 step=5750 successful_updates=5750
epoch=2 step=5750 total_loss=0.056721 pred_loss=0.029336 pred_uniform=0.029840 rep=0.034607 barlow=0.004880 barlow_diag=0.9848 barlow_offdiag=0.2204 sigreg_obj=0.897886 memory_barlow=0.000000 target_std=0.9661 pred_std=0.9666 decoded_loss=0.005799 decoded_dynamic=0.009305 presence_loss=0.101297 memory_norm=6.713438
epoch=2 step=5760 total_loss=0.053611 pred_loss=0.028115 pred_uniform=0.028789 rep=0.034339 barlow=0.004286 barlow_diag=0.9842 barlow_offdiag=0.2054 sigreg_obj=0.680066 memory_barlow=0.000000 target_std=0.9747 pred_std=0.9727 decoded_loss=0.006193 decoded_dynamic=0.008831 presence_loss=0.173210 memory_norm=7.199369
epoch=2 step=5770 total_loss=0.050515 pred_loss=0.025659 pred_uniform=0.026052 rep=0.030416 barlow=0.004343 barlow_diag=0.9830 barlow_offdiag=0.2057 sigreg_obj=0.881124 memory_barlow=0.000000 target_std=0.9654 pred_std=0.9662 decoded_loss=0.005319 decoded_dynamic=0.008437 presence_loss=0.100433 memory_norm=7.651037
epoch=2 step=5780 total_loss=0.041629 pred_loss=0.020389 pred_uniform=0.020893 rep=0.024134 barlow=0.004455 barlow_diag=0.9856 barlow_offdiag=0.2107 sigreg_obj=0.860601 memory_barlow=0.000000 target_std=0.9721 pred_std=0.9716 decoded_loss=0.004765 decoded_dynamic=0.007663 presence_loss=0.077160 memory_norm=7.866802
epoch=2 step=5790 total_loss=0.062469 pred_loss=0.035303 pred_uniform=0.036454 rep=0.045210 barlow=0.004328 barlow_diag=0.9845 barlow_offdiag=0.2067 sigreg_obj=0.754229 memory_barlow=0.000000 target_std=0.9739 pred_std=0.9716 decoded_loss=0.006226 decoded_dynamic=0.009702 presence_loss=0.110423 memory_norm=7.633665
epoch=2 step=5800 total_loss=0.044904 pred_loss=0.020279 pred_uniform=0.020499 rep=0.029467 barlow=0.004383 barlow_diag=0.9846 barlow_offdiag=0.2082 sigreg_obj=1.059887 memory_barlow=0.000000 target_std=0.9626 pred_std=0.9607 decoded_loss=0.004948 decoded_dynamic=0.006943 presence_loss=0.076185 memory_norm=8.635943
epoch=2 step=5810 total_loss=0.043921 pred_loss=0.020677 pred_uniform=0.020872 rep=0.023677 barlow=0.005047 barlow_diag=0.9834 barlow_offdiag=0.2231 sigreg_obj=0.945686 memory_barlow=0.000000 target_std=0.9539 pred_std=0.9524 decoded_loss=0.004862 decoded_dynamic=0.006333 presence_loss=0.061673 memory_norm=6.118394
epoch=2 step=5820 total_loss=0.045571 pred_loss=0.023775 pred_uniform=0.024365 rep=0.028704 barlow=0.004234 barlow_diag=0.9845 barlow_offdiag=0.2043 sigreg_obj=0.733450 memory_barlow=0.000000 target_std=0.9731 pred_std=0.9730 decoded_loss=0.004479 decoded_dynamic=0.007507 presence_loss=0.097216 memory_norm=7.432273
epoch=2 step=5830 total_loss=0.066361 pred_loss=0.037824 pred_uniform=0.039106 rep=0.038696 barlow=0.004468 barlow_diag=0.9837 barlow_offdiag=0.2095 sigreg_obj=0.884996 memory_barlow=0.000000 target_std=0.9643 pred_std=0.9612 decoded_loss=0.004732 decoded_dynamic=0.007709 presence_loss=0.097905 memory_norm=8.330640
epoch=2 step=5840 total_loss=0.042493 pred_loss=0.020811 pred_uniform=0.021199 rep=0.024117 barlow=0.004684 barlow_diag=0.9842 barlow_offdiag=0.2153 sigreg_obj=0.830519 memory_barlow=0.000000 target_std=0.9618 pred_std=0.9618 decoded_loss=0.005648 decoded_dynamic=0.008026 presence_loss=0.084880 memory_norm=7.559525
epoch=2 step=5850 total_loss=0.060106 pred_loss=0.031301 pred_uniform=0.031998 rep=0.034674 barlow=0.004100 barlow_diag=0.9826 barlow_offdiag=0.1990 sigreg_obj=0.952130 memory_barlow=0.000000 target_std=0.9675 pred_std=0.9670 decoded_loss=0.007056 decoded_dynamic=0.009836 presence_loss=0.108515 memory_norm=9.159298
epoch=2 step=5860 total_loss=0.042714 pred_loss=0.022105 pred_uniform=0.022640 rep=0.026723 barlow=0.004765 barlow_diag=0.9834 barlow_offdiag=0.2165 sigreg_obj=0.721003 memory_barlow=0.000000 target_std=0.9711 pred_std=0.9710 decoded_loss=0.006457 decoded_dynamic=0.008646 presence_loss=0.098794 memory_norm=7.311069
epoch=2 step=5870 total_loss=0.060070 pred_loss=0.030237 pred_uniform=0.030586 rep=0.036949 barlow=0.004596 barlow_diag=0.9845 barlow_offdiag=0.2134 sigreg_obj=1.056981 memory_barlow=0.000000 target_std=0.9531 pred_std=0.9553 decoded_loss=0.005507 decoded_dynamic=0.008406 presence_loss=0.101161 memory_norm=7.834386
epoch=2 step=5880 total_loss=0.047366 pred_loss=0.022777 pred_uniform=0.023212 rep=0.029764 barlow=0.004395 barlow_diag=0.9850 barlow_offdiag=0.2087 sigreg_obj=0.947962 memory_barlow=0.000000 target_std=0.9526 pred_std=0.9544 decoded_loss=0.004292 decoded_dynamic=0.006493 presence_loss=0.095560 memory_norm=8.045040
epoch=2 step=5890 total_loss=0.057983 pred_loss=0.028516 pred_uniform=0.028770 rep=0.053531 barlow=0.004422 barlow_diag=0.9825 barlow_offdiag=0.2070 sigreg_obj=0.900785 memory_barlow=0.000000 target_std=0.9654 pred_std=0.9646 decoded_loss=0.004212 decoded_dynamic=0.006079 presence_loss=0.094487 memory_norm=7.151968
epoch=2 step=5900 total_loss=0.049442 pred_loss=0.023936 pred_uniform=0.024339 rep=0.030963 barlow=0.004426 barlow_diag=0.9846 barlow_offdiag=0.2092 sigreg_obj=1.034244 memory_barlow=0.000000 target_std=0.9674 pred_std=0.9654 decoded_loss=0.004908 decoded_dynamic=0.007707 presence_loss=0.090780 memory_norm=8.408615
epoch=2 step=5910 total_loss=0.058041 pred_loss=0.029500 pred_uniform=0.030083 rep=0.033776 barlow=0.004290 barlow_diag=0.9858 barlow_offdiag=0.2067 sigreg_obj=1.028007 memory_barlow=0.000000 target_std=0.9674 pred_std=0.9671 decoded_loss=0.006082 decoded_dynamic=0.007622 presence_loss=0.137799 memory_norm=8.721297
epoch=2 step=5920 total_loss=0.042692 pred_loss=0.021002 pred_uniform=0.021359 rep=0.027179 barlow=0.004499 barlow_diag=0.9835 barlow_offdiag=0.2100 sigreg_obj=0.822623 memory_barlow=0.000000 target_std=0.9776 pred_std=0.9772 decoded_loss=0.005022 decoded_dynamic=0.007314 presence_loss=0.078857 memory_norm=7.314491
epoch=2 step=5930 total_loss=0.060242 pred_loss=0.031940 pred_uniform=0.032606 rep=0.039246 barlow=0.004305 barlow_diag=0.9838 barlow_offdiag=0.2055 sigreg_obj=0.868938 memory_barlow=0.000000 target_std=0.9618 pred_std=0.9578 decoded_loss=0.007441 decoded_dynamic=0.009965 presence_loss=0.128766 memory_norm=8.017013
epoch=2 step=5940 total_loss=0.054554 pred_loss=0.024761 pred_uniform=0.024947 rep=0.034494 barlow=0.004502 barlow_diag=0.9819 barlow_offdiag=0.2086 sigreg_obj=1.300970 memory_barlow=0.000000 target_std=0.9412 pred_std=0.9412 decoded_loss=0.004974 decoded_dynamic=0.006576 presence_loss=0.067832 memory_norm=7.057879
epoch=2 step=5950 total_loss=0.065929 pred_loss=0.036606 pred_uniform=0.037968 rep=0.046061 barlow=0.004268 barlow_diag=0.9837 barlow_offdiag=0.2043 sigreg_obj=0.884149 memory_barlow=0.000000 target_std=0.9814 pred_std=0.9816 decoded_loss=0.006184 decoded_dynamic=0.009971 presence_loss=0.193386 memory_norm=8.880791
epoch=2 step=5960 total_loss=0.051403 pred_loss=0.025600 pred_uniform=0.026151 rep=0.044892 barlow=0.004314 barlow_diag=0.9836 barlow_offdiag=0.2056 sigreg_obj=0.889444 memory_barlow=0.000000 target_std=0.9689 pred_std=0.9643 decoded_loss=0.004231 decoded_dynamic=0.006634 presence_loss=0.083937 memory_norm=8.037876
epoch=2 step=5970 total_loss=0.054412 pred_loss=0.029141 pred_uniform=0.030055 rep=0.035416 barlow=0.004510 barlow_diag=0.9846 barlow_offdiag=0.2112 sigreg_obj=0.883780 memory_barlow=0.000000 target_std=0.9740 pred_std=0.9715 decoded_loss=0.004783 decoded_dynamic=0.007772 presence_loss=0.090781 memory_norm=7.848314
epoch=2 step=5980 total_loss=0.044764 pred_loss=0.021606 pred_uniform=0.021968 rep=0.030197 barlow=0.004313 barlow_diag=0.9847 barlow_offdiag=0.2064 sigreg_obj=0.915574 memory_barlow=0.000000 target_std=0.9654 pred_std=0.9656 decoded_loss=0.005244 decoded_dynamic=0.007560 presence_loss=0.060430 memory_norm=7.989053
epoch=2 step=5990 total_loss=0.060242 pred_loss=0.031055 pred_uniform=0.031626 rep=0.041183 barlow=0.004269 barlow_diag=0.9822 barlow_offdiag=0.2029 sigreg_obj=0.915677 memory_barlow=0.000000 target_std=0.9651 pred_std=0.9640 decoded_loss=0.006450 decoded_dynamic=0.009478 presence_loss=0.135569 memory_norm=8.703871
saved_recovery_checkpoint epoch=2 step=6000 successful_updates=6000
epoch=2 step=6000 total_loss=0.039895 pred_loss=0.018363 pred_uniform=0.018681 rep=0.025229 barlow=0.004537 barlow_diag=0.9860 barlow_offdiag=0.2130 sigreg_obj=0.963408 memory_barlow=0.000000 target_std=0.9648 pred_std=0.9637 decoded_loss=0.004801 decoded_dynamic=0.006513 presence_loss=0.062565 memory_norm=7.833208
epoch=2 step=6010 total_loss=0.047068 pred_loss=0.022927 pred_uniform=0.023400 rep=0.041473 barlow=0.004814 barlow_diag=0.9850 barlow_offdiag=0.2188 sigreg_obj=0.885662 memory_barlow=0.000000 target_std=0.9617 pred_std=0.9617 decoded_loss=0.004143 decoded_dynamic=0.006017 presence_loss=0.060054 memory_norm=6.556732
epoch=2 step=6020 total_loss=0.062020 pred_loss=0.032214 pred_uniform=0.032741 rep=0.047527 barlow=0.004506 barlow_diag=0.9824 barlow_offdiag=0.2092 sigreg_obj=0.839012 memory_barlow=0.000000 target_std=0.9681 pred_std=0.9658 decoded_loss=0.005835 decoded_dynamic=0.008200 presence_loss=0.097359 memory_norm=7.354177
epoch=2 step=6030 total_loss=0.055741 pred_loss=0.027539 pred_uniform=0.027940 rep=0.040469 barlow=0.004423 barlow_diag=0.9840 barlow_offdiag=0.2087 sigreg_obj=1.021375 memory_barlow=0.000000 target_std=0.9615 pred_std=0.9618 decoded_loss=0.004586 decoded_dynamic=0.007273 presence_loss=0.102851 memory_norm=7.865918
epoch=2 step=6040 total_loss=0.047392 pred_loss=0.021249 pred_uniform=0.021566 rep=0.026983 barlow=0.004535 barlow_diag=0.9846 barlow_offdiag=0.2119 sigreg_obj=1.151551 memory_barlow=0.000000 target_std=0.9513 pred_std=0.9493 decoded_loss=0.003595 decoded_dynamic=0.005635 presence_loss=0.090455 memory_norm=7.731185
epoch=2 step=6050 total_loss=0.060388 pred_loss=0.032938 pred_uniform=0.034242 rep=0.045474 barlow=0.004428 barlow_diag=0.9843 barlow_offdiag=0.2090 sigreg_obj=0.919870 memory_barlow=0.000000 target_std=0.9682 pred_std=0.9630 decoded_loss=0.006670 decoded_dynamic=0.009967 presence_loss=0.129363 memory_norm=8.009836
epoch=2 step=6060 total_loss=0.046186 pred_loss=0.021273 pred_uniform=0.021440 rep=0.024474 barlow=0.004438 barlow_diag=0.9846 barlow_offdiag=0.2095 sigreg_obj=1.078266 memory_barlow=0.000000 target_std=0.9426 pred_std=0.9408 decoded_loss=0.004718 decoded_dynamic=0.006602 presence_loss=0.084508 memory_norm=6.999373
epoch=2 step=6070 total_loss=0.066549 pred_loss=0.035896 pred_uniform=0.036753 rep=0.041618 barlow=0.004266 barlow_diag=0.9826 barlow_offdiag=0.2034 sigreg_obj=0.884845 memory_barlow=0.000000 target_std=0.9647 pred_std=0.9630 decoded_loss=0.006735 decoded_dynamic=0.009576 presence_loss=0.110042 memory_norm=7.811100
epoch=2 step=6080 total_loss=0.042551 pred_loss=0.021405 pred_uniform=0.021857 rep=0.025656 barlow=0.004771 barlow_diag=0.9842 barlow_offdiag=0.2173 sigreg_obj=0.776714 memory_barlow=0.000000 target_std=0.9636 pred_std=0.9647 decoded_loss=0.004914 decoded_dynamic=0.007397 presence_loss=0.095817 memory_norm=6.368947
epoch=2 step=6090 total_loss=0.046281 pred_loss=0.022667 pred_uniform=0.023140 rep=0.030486 barlow=0.004308 barlow_diag=0.9848 barlow_offdiag=0.2064 sigreg_obj=0.920193 memory_barlow=0.000000 target_std=0.9794 pred_std=0.9779 decoded_loss=0.004797 decoded_dynamic=0.007812 presence_loss=0.087011 memory_norm=7.557549
epoch=2 step=6100 total_loss=0.044812 pred_loss=0.022631 pred_uniform=0.023109 rep=0.031348 barlow=0.004244 barlow_diag=0.9852 barlow_offdiag=0.2051 sigreg_obj=0.789138 memory_barlow=0.000000 target_std=0.9736 pred_std=0.9719 decoded_loss=0.005252 decoded_dynamic=0.007769 presence_loss=0.079829 memory_norm=8.697889
epoch=2 step=6110 total_loss=0.055013 pred_loss=0.028104 pred_uniform=0.028863 rep=0.031685 barlow=0.004475 barlow_diag=0.9830 barlow_offdiag=0.2091 sigreg_obj=1.093086 memory_barlow=0.000000 target_std=0.9522 pred_std=0.9441 decoded_loss=0.004687 decoded_dynamic=0.007479 presence_loss=0.072589 memory_norm=6.524978
epoch=2 step=6120 total_loss=0.043104 pred_loss=0.020564 pred_uniform=0.021135 rep=0.029237 barlow=0.004770 barlow_diag=0.9842 barlow_offdiag=0.2173 sigreg_obj=0.964101 memory_barlow=0.000000 target_std=0.9563 pred_std=0.9563 decoded_loss=0.005529 decoded_dynamic=0.007999 presence_loss=0.089254 memory_norm=7.384029
epoch=2 step=6130 total_loss=0.047310 pred_loss=0.023981 pred_uniform=0.024862 rep=0.029874 barlow=0.004480 barlow_diag=0.9840 barlow_offdiag=0.2101 sigreg_obj=0.996586 memory_barlow=0.000000 target_std=0.9661 pred_std=0.9654 decoded_loss=0.005159 decoded_dynamic=0.008695 presence_loss=0.079974 memory_norm=8.319897
epoch=2 step=6140 total_loss=0.054374 pred_loss=0.027990 pred_uniform=0.028549 rep=0.035257 barlow=0.004786 barlow_diag=0.9844 barlow_offdiag=0.2178 sigreg_obj=0.848717 memory_barlow=0.000000 target_std=0.9758 pred_std=0.9745 decoded_loss=0.006027 decoded_dynamic=0.008290 presence_loss=0.101515 memory_norm=7.949810
epoch=2 step=6150 total_loss=0.049081 pred_loss=0.023759 pred_uniform=0.024468 rep=0.034239 barlow=0.004422 barlow_diag=0.9838 barlow_offdiag=0.2084 sigreg_obj=1.055118 memory_barlow=0.000000 target_std=0.9657 pred_std=0.9621 decoded_loss=0.004789 decoded_dynamic=0.007777 presence_loss=0.090762 memory_norm=8.825932
epoch=2 step=6160 total_loss=0.046447 pred_loss=0.023282 pred_uniform=0.023538 rep=0.033822 barlow=0.004696 barlow_diag=0.9849 barlow_offdiag=0.2161 sigreg_obj=0.734464 memory_barlow=0.000000 target_std=0.9658 pred_std=0.9648 decoded_loss=0.004707 decoded_dynamic=0.005983 presence_loss=0.090339 memory_norm=6.254632
epoch=2 step=6170 total_loss=0.038620 pred_loss=0.016738 pred_uniform=0.016783 rep=0.025983 barlow=0.004898 barlow_diag=0.9842 barlow_offdiag=0.2202 sigreg_obj=0.934715 memory_barlow=0.000000 target_std=0.9639 pred_std=0.9613 decoded_loss=0.004334 decoded_dynamic=0.006800 presence_loss=0.049762 memory_norm=7.083043
epoch=2 step=6180 total_loss=0.050898 pred_loss=0.022958 pred_uniform=0.023382 rep=0.031111 barlow=0.004630 barlow_diag=0.9815 barlow_offdiag=0.2112 sigreg_obj=1.305698 memory_barlow=0.000000 target_std=0.9380 pred_std=0.9378 decoded_loss=0.004580 decoded_dynamic=0.006016 presence_loss=0.080602 memory_norm=7.059244
epoch=2 step=6190 total_loss=0.047840 pred_loss=0.023629 pred_uniform=0.024109 rep=0.030231 barlow=0.005114 barlow_diag=0.9837 barlow_offdiag=0.2250 sigreg_obj=0.963889 memory_barlow=0.000000 target_std=0.9621 pred_std=0.9590 decoded_loss=0.004906 decoded_dynamic=0.007272 presence_loss=0.063575 memory_norm=7.145200
epoch=2 step=6200 total_loss=0.055445 pred_loss=0.026842 pred_uniform=0.027277 rep=0.033198 barlow=0.004353 barlow_diag=0.9838 barlow_offdiag=0.2068 sigreg_obj=1.176684 memory_barlow=0.000000 target_std=0.9556 pred_std=0.9552 decoded_loss=0.004286 decoded_dynamic=0.006594 presence_loss=0.091815 memory_norm=8.775663
epoch=2 step=6210 total_loss=0.039854 pred_loss=0.019166 pred_uniform=0.019561 rep=0.031423 barlow=0.004539 barlow_diag=0.9844 barlow_offdiag=0.2118 sigreg_obj=0.799847 memory_barlow=0.000000 target_std=0.9737 pred_std=0.9736 decoded_loss=0.004114 decoded_dynamic=0.006389 presence_loss=0.064126 memory_norm=7.380929
epoch=2 step=6220 total_loss=0.046880 pred_loss=0.023530 pred_uniform=0.024220 rep=0.033038 barlow=0.004630 barlow_diag=0.9828 barlow_offdiag=0.2125 sigreg_obj=0.847518 memory_barlow=0.000000 target_std=0.9614 pred_std=0.9613 decoded_loss=0.004380 decoded_dynamic=0.006908 presence_loss=0.082867 memory_norm=7.212001
epoch=2 step=6230 total_loss=0.047531 pred_loss=0.022295 pred_uniform=0.022456 rep=0.036649 barlow=0.005017 barlow_diag=0.9840 barlow_offdiag=0.2229 sigreg_obj=0.934052 memory_barlow=0.000000 target_std=0.9591 pred_std=0.9588 decoded_loss=0.003840 decoded_dynamic=0.006251 presence_loss=0.067924 memory_norm=6.637506
epoch=2 step=6240 total_loss=0.043802 pred_loss=0.021694 pred_uniform=0.022232 rep=0.029782 barlow=0.004170 barlow_diag=0.9844 barlow_offdiag=0.2025 sigreg_obj=0.878638 memory_barlow=0.000000 target_std=0.9748 pred_std=0.9743 decoded_loss=0.005911 decoded_dynamic=0.008257 presence_loss=0.086406 memory_norm=9.143789
saved_recovery_checkpoint epoch=2 step=6250 successful_updates=6250
epoch=2 step=6250 total_loss=0.041947 pred_loss=0.019751 pred_uniform=0.019784 rep=0.023181 barlow=0.004695 barlow_diag=0.9851 barlow_offdiag=0.2162 sigreg_obj=0.865697 memory_barlow=0.000000 target_std=0.9638 pred_std=0.9639 decoded_loss=0.004322 decoded_dynamic=0.005371 presence_loss=0.049362 memory_norm=7.133697
epoch_summary epoch=2 step=6250 total_loss=0.058413 pred_loss=0.028646 pred_uniform=0.029018 rep=0.036640 barlow=0.004900 barlow_diag=0.9827 barlow_offdiag=0.2189 sigreg_obj=1.070942 memory_barlow=0.000000 target_std=0.9567 pred_std=0.9549 decoded_loss=0.006248 presence_loss=0.103777 memory_norm=7.365827
saved_checkpoint runs/rnn_seqmem_exp34_two_mask_complex_5ep_20260707_100311/checkpoint_epoch_002.pt and runs/rnn_seqmem_exp34_two_mask_complex_5ep_20260707_100311/checkpoint.pt
epoch_schedule epoch=3 active_sigreg_weight=0.010000
epoch=3 step=6260 total_loss=0.050625 pred_loss=0.025533 pred_uniform=0.026087 rep=0.030949 barlow=0.004877 barlow_diag=0.9823 barlow_offdiag=0.2180 sigreg_obj=0.900943 memory_barlow=0.000000 target_std=0.9633 pred_std=0.9599 decoded_loss=0.004757 decoded_dynamic=0.006497 presence_loss=0.062659 memory_norm=7.065593
epoch=3 step=6270 total_loss=0.042476 pred_loss=0.020095 pred_uniform=0.020743 rep=0.030869 barlow=0.004142 barlow_diag=0.9855 barlow_offdiag=0.2027 sigreg_obj=0.986327 memory_barlow=0.000000 target_std=0.9697 pred_std=0.9682 decoded_loss=0.004423 decoded_dynamic=0.006294 presence_loss=0.084618 memory_norm=8.762329
epoch=3 step=6280 total_loss=0.048133 pred_loss=0.025312 pred_uniform=0.026026 rep=0.030379 barlow=0.004242 barlow_diag=0.9844 barlow_offdiag=0.2045 sigreg_obj=0.779055 memory_barlow=0.000000 target_std=0.9672 pred_std=0.9668 decoded_loss=0.004537 decoded_dynamic=0.007500 presence_loss=0.075669 memory_norm=7.066383
epoch=3 step=6290 total_loss=0.047425 pred_loss=0.025489 pred_uniform=0.026394 rep=0.030480 barlow=0.004327 barlow_diag=0.9842 barlow_offdiag=0.2064 sigreg_obj=0.809158 memory_barlow=0.000000 target_std=0.9772 pred_std=0.9764 decoded_loss=0.005185 decoded_dynamic=0.007673 presence_loss=0.084044 memory_norm=8.328145
epoch=3 step=6300 total_loss=0.045613 pred_loss=0.023588 pred_uniform=0.024179 rep=0.031836 barlow=0.004300 barlow_diag=0.9852 barlow_offdiag=0.2065 sigreg_obj=0.816816 memory_barlow=0.000000 target_std=0.9675 pred_std=0.9651 decoded_loss=0.004747 decoded_dynamic=0.007168 presence_loss=0.060970 memory_norm=6.969405
epoch=3 step=6310 total_loss=0.050551 pred_loss=0.024871 pred_uniform=0.025357 rep=0.028730 barlow=0.004257 barlow_diag=0.9845 barlow_offdiag=0.2048 sigreg_obj=0.797591 memory_barlow=0.000000 target_std=0.9684 pred_std=0.9688 decoded_loss=0.005277 decoded_dynamic=0.007466 presence_loss=0.107754 memory_norm=8.081568
epoch=3 step=6320 total_loss=0.050810 pred_loss=0.024860 pred_uniform=0.025443 rep=0.028559 barlow=0.004539 barlow_diag=0.9849 barlow_offdiag=0.2122 sigreg_obj=1.074059 memory_barlow=0.000000 target_std=0.9461 pred_std=0.9427 decoded_loss=0.005038 decoded_dynamic=0.006251 presence_loss=0.074609 memory_norm=7.237525
epoch=3 step=6330 total_loss=0.047630 pred_loss=0.024685 pred_uniform=0.025413 rep=0.029406 barlow=0.004466 barlow_diag=0.9838 barlow_offdiag=0.2096 sigreg_obj=0.843427 memory_barlow=0.000000 target_std=0.9648 pred_std=0.9625 decoded_loss=0.004936 decoded_dynamic=0.007162 presence_loss=0.095006 memory_norm=8.067430
epoch=3 step=6340 total_loss=0.048942 pred_loss=0.025213 pred_uniform=0.025825 rep=0.032682 barlow=0.004076 barlow_diag=0.9850 barlow_offdiag=0.2006 sigreg_obj=0.807629 memory_barlow=0.000000 target_std=0.9760 pred_std=0.9763 decoded_loss=0.005118 decoded_dynamic=0.007523 presence_loss=0.076802 memory_norm=8.153910
epoch=3 step=6350 total_loss=0.045034 pred_loss=0.021472 pred_uniform=0.021582 rep=0.027368 barlow=0.004354 barlow_diag=0.9857 barlow_offdiag=0.2082 sigreg_obj=0.875004 memory_barlow=0.000000 target_std=0.9534 pred_std=0.9536 decoded_loss=0.004291 decoded_dynamic=0.006569 presence_loss=0.091508 memory_norm=7.235264
epoch=3 step=6360 total_loss=0.050437 pred_loss=0.026304 pred_uniform=0.026825 rep=0.032657 barlow=0.004632 barlow_diag=0.9849 barlow_offdiag=0.2145 sigreg_obj=0.736047 memory_barlow=0.000000 target_std=0.9750 pred_std=0.9736 decoded_loss=0.004710 decoded_dynamic=0.007750 presence_loss=0.106962 memory_norm=6.357864
epoch=3 step=6370 total_loss=0.042957 pred_loss=0.021570 pred_uniform=0.022016 rep=0.026961 barlow=0.004196 barlow_diag=0.9841 barlow_offdiag=0.2030 sigreg_obj=0.737382 memory_barlow=0.000000 target_std=0.9744 pred_std=0.9743 decoded_loss=0.006642 decoded_dynamic=0.009187 presence_loss=0.112324 memory_norm=7.769964
epoch=3 step=6380 total_loss=0.040243 pred_loss=0.017789 pred_uniform=0.018127 rep=0.022857 barlow=0.004572 barlow_diag=0.9850 barlow_offdiag=0.2130 sigreg_obj=1.113069 memory_barlow=0.000000 target_std=0.9614 pred_std=0.9605 decoded_loss=0.005019 decoded_dynamic=0.006899 presence_loss=0.051255 memory_norm=8.365972
epoch=3 step=6390 total_loss=0.040587 pred_loss=0.020968 pred_uniform=0.021686 rep=0.026329 barlow=0.004017 barlow_diag=0.9859 barlow_offdiag=0.1998 sigreg_obj=0.767697 memory_barlow=0.000000 target_std=0.9759 pred_std=0.9755 decoded_loss=0.004568 decoded_dynamic=0.007070 presence_loss=0.074524 memory_norm=8.621559
epoch=3 step=6400 total_loss=0.052979 pred_loss=0.025876 pred_uniform=0.026494 rep=0.029363 barlow=0.004272 barlow_diag=0.9840 barlow_offdiag=0.2048 sigreg_obj=1.086967 memory_barlow=0.000000 target_std=0.9574 pred_std=0.9571 decoded_loss=0.004895 decoded_dynamic=0.007663 presence_loss=0.115829 memory_norm=7.165890
epoch=3 step=6410 total_loss=0.062268 pred_loss=0.031761 pred_uniform=0.032370 rep=0.037914 barlow=0.004186 barlow_diag=0.9821 barlow_offdiag=0.2010 sigreg_obj=1.111064 memory_barlow=0.000000 target_std=0.9527 pred_std=0.9521 decoded_loss=0.005849 decoded_dynamic=0.008470 presence_loss=0.092970 memory_norm=8.063337
epoch=3 step=6420 total_loss=0.048424 pred_loss=0.020926 pred_uniform=0.021009 rep=0.030677 barlow=0.005013 barlow_diag=0.9842 barlow_offdiag=0.2230 sigreg_obj=1.236190 memory_barlow=0.000000 target_std=0.9340 pred_std=0.9342 decoded_loss=0.003660 decoded_dynamic=0.005757 presence_loss=0.063786 memory_norm=6.054075
epoch=3 step=6430 total_loss=0.036833 pred_loss=0.017609 pred_uniform=0.017856 rep=0.026889 barlow=0.004319 barlow_diag=0.9830 barlow_offdiag=0.2051 sigreg_obj=0.736987 memory_barlow=0.000000 target_std=0.9714 pred_std=0.9684 decoded_loss=0.003468 decoded_dynamic=0.005355 presence_loss=0.051569 memory_norm=6.463324
epoch=3 step=6440 total_loss=0.042057 pred_loss=0.018391 pred_uniform=0.018488 rep=0.027241 barlow=0.004577 barlow_diag=0.9833 barlow_offdiag=0.2117 sigreg_obj=1.064998 memory_barlow=0.000000 target_std=0.9479 pred_std=0.9490 decoded_loss=0.003340 decoded_dynamic=0.005063 presence_loss=0.051157 memory_norm=6.678940
epoch=3 step=6450 total_loss=0.035070 pred_loss=0.016186 pred_uniform=0.016472 rep=0.023549 barlow=0.004465 barlow_diag=0.9838 barlow_offdiag=0.2093 sigreg_obj=0.776972 memory_barlow=0.000000 target_std=0.9657 pred_std=0.9648 decoded_loss=0.003964 decoded_dynamic=0.005632 presence_loss=0.047630 memory_norm=6.710064
epoch=3 step=6460 total_loss=0.042355 pred_loss=0.018567 pred_uniform=0.018531 rep=0.024030 barlow=0.004600 barlow_diag=0.9832 barlow_offdiag=0.2123 sigreg_obj=1.047671 memory_barlow=0.000000 target_std=0.9452 pred_std=0.9433 decoded_loss=0.003321 decoded_dynamic=0.005052 presence_loss=0.047969 memory_norm=6.137451
epoch=3 step=6470 total_loss=0.037510 pred_loss=0.017380 pred_uniform=0.017928 rep=0.021922 barlow=0.004522 barlow_diag=0.9848 barlow_offdiag=0.2117 sigreg_obj=0.943712 memory_barlow=0.000000 target_std=0.9635 pred_std=0.9634 decoded_loss=0.004416 decoded_dynamic=0.006871 presence_loss=0.076758 memory_norm=7.642130
epoch=3 step=6480 total_loss=0.042672 pred_loss=0.021784 pred_uniform=0.022437 rep=0.029987 barlow=0.004265 barlow_diag=0.9834 barlow_offdiag=0.2041 sigreg_obj=0.796312 memory_barlow=0.000000 target_std=0.9644 pred_std=0.9638 decoded_loss=0.003661 decoded_dynamic=0.006093 presence_loss=0.070491 memory_norm=7.048969
epoch=3 step=6490 total_loss=0.037134 pred_loss=0.017746 pred_uniform=0.018037 rep=0.024990 barlow=0.004163 barlow_diag=0.9851 barlow_offdiag=0.2030 sigreg_obj=0.745371 memory_barlow=0.000000 target_std=0.9684 pred_std=0.9684 decoded_loss=0.003716 decoded_dynamic=0.005843 presence_loss=0.068784 memory_norm=7.493316
saved_recovery_checkpoint epoch=3 step=6500 successful_updates=6500
epoch=3 step=6500 total_loss=0.040113 pred_loss=0.019480 pred_uniform=0.020010 rep=0.024195 barlow=0.004631 barlow_diag=0.9848 barlow_offdiag=0.2143 sigreg_obj=0.906605 memory_barlow=0.000000 target_std=0.9602 pred_std=0.9600 decoded_loss=0.003472 decoded_dynamic=0.005220 presence_loss=0.062079 memory_norm=7.174018
epoch=3 step=6510 total_loss=0.042234 pred_loss=0.021213 pred_uniform=0.021762 rep=0.025931 barlow=0.003910 barlow_diag=0.9852 barlow_offdiag=0.1964 sigreg_obj=0.822165 memory_barlow=0.000000 target_std=0.9673 pred_std=0.9640 decoded_loss=0.004287 decoded_dynamic=0.007102 presence_loss=0.100547 memory_norm=8.138298
epoch=3 step=6520 total_loss=0.049367 pred_loss=0.025152 pred_uniform=0.025721 rep=0.031226 barlow=0.004695 barlow_diag=0.9841 barlow_offdiag=0.2153 sigreg_obj=0.851103 memory_barlow=0.000000 target_std=0.9535 pred_std=0.9529 decoded_loss=0.003761 decoded_dynamic=0.005972 presence_loss=0.087015 memory_norm=7.063011
epoch=3 step=6530 total_loss=0.046691 pred_loss=0.023868 pred_uniform=0.024756 rep=0.032902 barlow=0.004081 barlow_diag=0.9853 barlow_offdiag=0.2009 sigreg_obj=0.880078 memory_barlow=0.000000 target_std=0.9807 pred_std=0.9808 decoded_loss=0.005482 decoded_dynamic=0.008323 presence_loss=0.088548 memory_norm=9.279652
epoch=3 step=6540 total_loss=0.043967 pred_loss=0.020609 pred_uniform=0.020948 rep=0.035151 barlow=0.004750 barlow_diag=0.9854 barlow_offdiag=0.2176 sigreg_obj=0.897458 memory_barlow=0.000000 target_std=0.9540 pred_std=0.9489 decoded_loss=0.004283 decoded_dynamic=0.005736 presence_loss=0.071056 memory_norm=5.961434
epoch=3 step=6550 total_loss=0.048558 pred_loss=0.020619 pred_uniform=0.020905 rep=0.025187 barlow=0.004298 barlow_diag=0.9835 barlow_offdiag=0.2051 sigreg_obj=1.459682 memory_barlow=0.000000 target_std=0.9374 pred_std=0.9388 decoded_loss=0.003461 decoded_dynamic=0.005365 presence_loss=0.080258 memory_norm=8.152327
epoch=3 step=6560 total_loss=0.047637 pred_loss=0.024105 pred_uniform=0.024587 rep=0.035791 barlow=0.004771 barlow_diag=0.9832 barlow_offdiag=0.2164 sigreg_obj=0.850728 memory_barlow=0.000000 target_std=0.9510 pred_std=0.9477 decoded_loss=0.003606 decoded_dynamic=0.005761 presence_loss=0.068027 memory_norm=7.069731
epoch=3 step=6570 total_loss=0.047252 pred_loss=0.024453 pred_uniform=0.025153 rep=0.030556 barlow=0.004206 barlow_diag=0.9846 barlow_offdiag=0.2035 sigreg_obj=0.843603 memory_barlow=0.000000 target_std=0.9645 pred_std=0.9662 decoded_loss=0.004838 decoded_dynamic=0.007187 presence_loss=0.093635 memory_norm=8.499129
epoch=3 step=6580 total_loss=0.054921 pred_loss=0.028671 pred_uniform=0.028989 rep=0.036077 barlow=0.004709 barlow_diag=0.9825 barlow_offdiag=0.2141 sigreg_obj=0.796546 memory_barlow=0.000000 target_std=0.9574 pred_std=0.9562 decoded_loss=0.004864 decoded_dynamic=0.006218 presence_loss=0.079893 memory_norm=6.964815
epoch=3 step=6590 total_loss=0.039169 pred_loss=0.016792 pred_uniform=0.016893 rep=0.020354 barlow=0.004523 barlow_diag=0.9842 barlow_offdiag=0.2111 sigreg_obj=1.044506 memory_barlow=0.000000 target_std=0.9598 pred_std=0.9565 decoded_loss=0.004543 decoded_dynamic=0.006075 presence_loss=0.064956 memory_norm=7.716522
epoch=3 step=6600 total_loss=0.063576 pred_loss=0.033816 pred_uniform=0.034208 rep=0.042235 barlow=0.004210 barlow_diag=0.9847 barlow_offdiag=0.2038 sigreg_obj=0.759932 memory_barlow=0.000000 target_std=0.9653 pred_std=0.9647 decoded_loss=0.005311 decoded_dynamic=0.007724 presence_loss=0.118595 memory_norm=7.534110
epoch=3 step=6610 total_loss=0.040151 pred_loss=0.018978 pred_uniform=0.019349 rep=0.025923 barlow=0.004695 barlow_diag=0.9853 barlow_offdiag=0.2163 sigreg_obj=0.877375 memory_barlow=0.000000 target_std=0.9540 pred_std=0.9517 decoded_loss=0.003581 decoded_dynamic=0.005319 presence_loss=0.076628 memory_norm=6.545574
epoch=3 step=6620 total_loss=0.045137 pred_loss=0.022228 pred_uniform=0.022969 rep=0.031314 barlow=0.004146 barlow_diag=0.9850 barlow_offdiag=0.2025 sigreg_obj=0.974558 memory_barlow=0.000000 target_std=0.9773 pred_std=0.9764 decoded_loss=0.004622 decoded_dynamic=0.007822 presence_loss=0.092803 memory_norm=8.298625
epoch=3 step=6630 total_loss=0.039526 pred_loss=0.018234 pred_uniform=0.018600 rep=0.026245 barlow=0.004488 barlow_diag=0.9856 barlow_offdiag=0.2114 sigreg_obj=0.902935 memory_barlow=0.000000 target_std=0.9656 pred_std=0.9662 decoded_loss=0.003915 decoded_dynamic=0.006321 presence_loss=0.090089 memory_norm=7.640970
epoch=3 step=6640 total_loss=0.062463 pred_loss=0.032556 pred_uniform=0.033066 rep=0.037559 barlow=0.004266 barlow_diag=0.9836 barlow_offdiag=0.2042 sigreg_obj=1.056279 memory_barlow=0.000000 target_std=0.9558 pred_std=0.9545 decoded_loss=0.005890 decoded_dynamic=0.009319 presence_loss=0.141555 memory_norm=7.934037
epoch=3 step=6650 total_loss=0.042971 pred_loss=0.022224 pred_uniform=0.022702 rep=0.026762 barlow=0.004175 barlow_diag=0.9858 barlow_offdiag=0.2038 sigreg_obj=0.699428 memory_barlow=0.000000 target_std=0.9745 pred_std=0.9747 decoded_loss=0.003862 decoded_dynamic=0.006410 presence_loss=0.093947 memory_norm=8.043520
epoch=3 step=6660 total_loss=0.054695 pred_loss=0.029460 pred_uniform=0.030340 rep=0.034595 barlow=0.004301 barlow_diag=0.9841 barlow_offdiag=0.2056 sigreg_obj=0.826402 memory_barlow=0.000000 target_std=0.9572 pred_std=0.9572 decoded_loss=0.005728 decoded_dynamic=0.007053 presence_loss=0.090290 memory_norm=6.681521
epoch=3 step=6670 total_loss=0.041199 pred_loss=0.020064 pred_uniform=0.020331 rep=0.026195 barlow=0.004391 barlow_diag=0.9852 barlow_offdiag=0.2088 sigreg_obj=0.785492 memory_barlow=0.000000 target_std=0.9723 pred_std=0.9702 decoded_loss=0.004596 decoded_dynamic=0.006754 presence_loss=0.092682 memory_norm=7.659849
epoch=3 step=6680 total_loss=0.051616 pred_loss=0.027280 pred_uniform=0.028090 rep=0.033814 barlow=0.004280 barlow_diag=0.9847 barlow_offdiag=0.2056 sigreg_obj=0.807232 memory_barlow=0.000000 target_std=0.9674 pred_std=0.9658 decoded_loss=0.006146 decoded_dynamic=0.008726 presence_loss=0.088139 memory_norm=8.327405
epoch=3 step=6690 total_loss=0.044976 pred_loss=0.021299 pred_uniform=0.021848 rep=0.026640 barlow=0.004411 barlow_diag=0.9857 barlow_offdiag=0.2097 sigreg_obj=1.092587 memory_barlow=0.000000 target_std=0.9551 pred_std=0.9529 decoded_loss=0.005155 decoded_dynamic=0.007733 presence_loss=0.080623 memory_norm=7.959886
epoch=3 step=6700 total_loss=0.047466 pred_loss=0.022811 pred_uniform=0.023282 rep=0.029734 barlow=0.004230 barlow_diag=0.9860 barlow_offdiag=0.2054 sigreg_obj=0.980321 memory_barlow=0.000000 target_std=0.9642 pred_std=0.9635 decoded_loss=0.004764 decoded_dynamic=0.005656 presence_loss=0.099270 memory_norm=8.155714
epoch=3 step=6710 total_loss=0.041649 pred_loss=0.020505 pred_uniform=0.020797 rep=0.028569 barlow=0.004177 barlow_diag=0.9853 barlow_offdiag=0.2035 sigreg_obj=0.779907 memory_barlow=0.000000 target_std=0.9759 pred_std=0.9745 decoded_loss=0.003469 decoded_dynamic=0.005689 presence_loss=0.060803 memory_norm=7.805681
epoch=3 step=6720 total_loss=0.035445 pred_loss=0.016148 pred_uniform=0.016367 rep=0.026755 barlow=0.004213 barlow_diag=0.9853 barlow_offdiag=0.2044 sigreg_obj=0.781960 memory_barlow=0.000000 target_std=0.9701 pred_std=0.9694 decoded_loss=0.004361 decoded_dynamic=0.007119 presence_loss=0.059508 memory_norm=7.713778
epoch=3 step=6730 total_loss=0.038804 pred_loss=0.016357 pred_uniform=0.016618 rep=0.020667 barlow=0.004299 barlow_diag=0.9857 barlow_offdiag=0.2068 sigreg_obj=1.208305 memory_barlow=0.000000 target_std=0.9567 pred_std=0.9573 decoded_loss=0.004045 decoded_dynamic=0.005147 presence_loss=0.049007 memory_norm=7.671808
epoch=3 step=6740 total_loss=0.038190 pred_loss=0.017229 pred_uniform=0.017511 rep=0.026359 barlow=0.004223 barlow_diag=0.9845 barlow_offdiag=0.2039 sigreg_obj=0.946122 memory_barlow=0.000000 target_std=0.9636 pred_std=0.9631 decoded_loss=0.004649 decoded_dynamic=0.006818 presence_loss=0.057883 memory_norm=7.872125
saved_recovery_checkpoint epoch=3 step=6750 successful_updates=6750
epoch=3 step=6750 total_loss=0.040050 pred_loss=0.020986 pred_uniform=0.021675 rep=0.026823 barlow=0.004074 barlow_diag=0.9855 barlow_offdiag=0.2010 sigreg_obj=0.694410 memory_barlow=0.000000 target_std=0.9757 pred_std=0.9726 decoded_loss=0.005071 decoded_dynamic=0.007539 presence_loss=0.069753 memory_norm=7.847689
epoch=3 step=6760 total_loss=0.044684 pred_loss=0.020212 pred_uniform=0.020835 rep=0.034214 barlow=0.004109 barlow_diag=0.9837 barlow_offdiag=0.2003 sigreg_obj=1.167028 memory_barlow=0.000000 target_std=0.9779 pred_std=0.9771 decoded_loss=0.005906 decoded_dynamic=0.008213 presence_loss=0.064220 memory_norm=10.434914
epoch=3 step=6770 total_loss=0.037770 pred_loss=0.018103 pred_uniform=0.018496 rep=0.027223 barlow=0.004509 barlow_diag=0.9811 barlow_offdiag=0.2078 sigreg_obj=0.779440 memory_barlow=0.000000 target_std=0.9731 pred_std=0.9728 decoded_loss=0.004347 decoded_dynamic=0.006064 presence_loss=0.055083 memory_norm=8.177168
epoch=3 step=6780 total_loss=0.048378 pred_loss=0.021467 pred_uniform=0.021751 rep=0.029923 barlow=0.004535 barlow_diag=0.9850 barlow_offdiag=0.2121 sigreg_obj=1.249281 memory_barlow=0.000000 target_std=0.9499 pred_std=0.9469 decoded_loss=0.003961 decoded_dynamic=0.005429 presence_loss=0.069067 memory_norm=7.053165
epoch=3 step=6790 total_loss=0.046075 pred_loss=0.023109 pred_uniform=0.023685 rep=0.032286 barlow=0.005058 barlow_diag=0.9815 barlow_offdiag=0.2216 sigreg_obj=0.808504 memory_barlow=0.000000 target_std=0.9692 pred_std=0.9689 decoded_loss=0.005243 decoded_dynamic=0.007878 presence_loss=0.075529 memory_norm=7.227291
epoch=3 step=6800 total_loss=0.042742 pred_loss=0.020932 pred_uniform=0.021550 rep=0.028472 barlow=0.004393 barlow_diag=0.9851 barlow_offdiag=0.2087 sigreg_obj=0.917453 memory_barlow=0.000000 target_std=0.9651 pred_std=0.9650 decoded_loss=0.004183 decoded_dynamic=0.006792 presence_loss=0.080204 memory_norm=8.085966
epoch=3 step=6810 total_loss=0.042748 pred_loss=0.021688 pred_uniform=0.022177 rep=0.026740 barlow=0.004514 barlow_diag=0.9859 barlow_offdiag=0.2123 sigreg_obj=0.804095 memory_barlow=0.000000 target_std=0.9734 pred_std=0.9742 decoded_loss=0.003146 decoded_dynamic=0.005181 presence_loss=0.079304 memory_norm=7.009517
epoch=3 step=6820 total_loss=0.041180 pred_loss=0.018898 pred_uniform=0.019388 rep=0.025149 barlow=0.004189 barlow_diag=0.9845 barlow_offdiag=0.2030 sigreg_obj=1.087615 memory_barlow=0.000000 target_std=0.9594 pred_std=0.9586 decoded_loss=0.004593 decoded_dynamic=0.006207 presence_loss=0.060936 memory_norm=7.984795
epoch=3 step=6830 total_loss=0.038961 pred_loss=0.018712 pred_uniform=0.018935 rep=0.024736 barlow=0.004751 barlow_diag=0.9835 barlow_offdiag=0.2162 sigreg_obj=0.795756 memory_barlow=0.000000 target_std=0.9625 pred_std=0.9617 decoded_loss=0.003348 decoded_dynamic=0.005301 presence_loss=0.077263 memory_norm=6.914216
epoch=3 step=6840 total_loss=0.065593 pred_loss=0.034264 pred_uniform=0.035330 rep=0.041063 barlow=0.004572 barlow_diag=0.9821 barlow_offdiag=0.2107 sigreg_obj=1.224972 memory_barlow=0.000000 target_std=0.9361 pred_std=0.9352 decoded_loss=0.005776 decoded_dynamic=0.008179 presence_loss=0.128573 memory_norm=6.961311
epoch=3 step=6850 total_loss=0.057344 pred_loss=0.024177 pred_uniform=0.024087 rep=0.031474 barlow=0.004770 barlow_diag=0.9839 barlow_offdiag=0.2171 sigreg_obj=1.612057 memory_barlow=0.000000 target_std=0.9285 pred_std=0.9291 decoded_loss=0.003228 decoded_dynamic=0.004863 presence_loss=0.062113 memory_norm=6.887819
epoch=3 step=6860 total_loss=0.042248 pred_loss=0.020261 pred_uniform=0.020639 rep=0.030103 barlow=0.004439 barlow_diag=0.9849 barlow_offdiag=0.2098 sigreg_obj=0.864842 memory_barlow=0.000000 target_std=0.9577 pred_std=0.9567 decoded_loss=0.004566 decoded_dynamic=0.006990 presence_loss=0.087224 memory_norm=7.529408
epoch=3 step=6870 total_loss=0.037007 pred_loss=0.017981 pred_uniform=0.018372 rep=0.024460 barlow=0.004649 barlow_diag=0.9843 barlow_offdiag=0.2145 sigreg_obj=0.747717 memory_barlow=0.000000 target_std=0.9636 pred_std=0.9643 decoded_loss=0.004195 decoded_dynamic=0.006157 presence_loss=0.084062 memory_norm=6.431325
epoch=3 step=6880 total_loss=0.047137 pred_loss=0.023512 pred_uniform=0.024203 rep=0.029587 barlow=0.004251 barlow_diag=0.9843 barlow_offdiag=0.2045 sigreg_obj=0.949465 memory_barlow=0.000000 target_std=0.9638 pred_std=0.9630 decoded_loss=0.004593 decoded_dynamic=0.006495 presence_loss=0.068712 memory_norm=8.236434
epoch=3 step=6890 total_loss=0.038968 pred_loss=0.018912 pred_uniform=0.019219 rep=0.023757 barlow=0.004315 barlow_diag=0.9834 barlow_offdiag=0.2054 sigreg_obj=0.776250 memory_barlow=0.000000 target_std=0.9668 pred_std=0.9655 decoded_loss=0.003449 decoded_dynamic=0.005600 presence_loss=0.063911 memory_norm=7.474888
epoch=3 step=6900 total_loss=0.037625 pred_loss=0.018314 pred_uniform=0.018666 rep=0.023218 barlow=0.004343 barlow_diag=0.9837 barlow_offdiag=0.2063 sigreg_obj=0.739257 memory_barlow=0.000000 target_std=0.9628 pred_std=0.9625 decoded_loss=0.003929 decoded_dynamic=0.005636 presence_loss=0.103192 memory_norm=6.773578
epoch=3 step=6910 total_loss=0.039209 pred_loss=0.019310 pred_uniform=0.019640 rep=0.024394 barlow=0.004566 barlow_diag=0.9838 barlow_offdiag=0.2121 sigreg_obj=0.760117 memory_barlow=0.000000 target_std=0.9656 pred_std=0.9651 decoded_loss=0.004725 decoded_dynamic=0.007010 presence_loss=0.064301 memory_norm=6.876806
epoch=3 step=6920 total_loss=0.051964 pred_loss=0.027841 pred_uniform=0.028631 rep=0.032556 barlow=0.004522 barlow_diag=0.9859 barlow_offdiag=0.2125 sigreg_obj=0.773050 memory_barlow=0.000000 target_std=0.9783 pred_std=0.9775 decoded_loss=0.005247 decoded_dynamic=0.007297 presence_loss=0.094148 memory_norm=7.459235
epoch=3 step=6930 total_loss=0.031113 pred_loss=0.013500 pred_uniform=0.013655 rep=0.018775 barlow=0.004586 barlow_diag=0.9858 barlow_offdiag=0.2139 sigreg_obj=0.838089 memory_barlow=0.000000 target_std=0.9590 pred_std=0.9583 decoded_loss=0.003097 decoded_dynamic=0.004291 presence_loss=0.038175 memory_norm=6.106056
epoch=3 step=6940 total_loss=0.044661 pred_loss=0.021015 pred_uniform=0.021408 rep=0.024715 barlow=0.004167 barlow_diag=0.9847 barlow_offdiag=0.2027 sigreg_obj=0.851425 memory_barlow=0.000000 target_std=0.9709 pred_std=0.9686 decoded_loss=0.005791 decoded_dynamic=0.007356 presence_loss=0.052496 memory_norm=7.928714
epoch=3 step=6950 total_loss=0.041755 pred_loss=0.020843 pred_uniform=0.021425 rep=0.024991 barlow=0.004076 barlow_diag=0.9851 barlow_offdiag=0.2007 sigreg_obj=0.849774 memory_barlow=0.000000 target_std=0.9784 pred_std=0.9779 decoded_loss=0.004512 decoded_dynamic=0.006722 presence_loss=0.078694 memory_norm=8.873323
epoch=3 step=6960 total_loss=0.045770 pred_loss=0.022116 pred_uniform=0.022487 rep=0.026091 barlow=0.004422 barlow_diag=0.9836 barlow_offdiag=0.2082 sigreg_obj=0.936092 memory_barlow=0.000000 target_std=0.9522 pred_std=0.9534 decoded_loss=0.005221 decoded_dynamic=0.007660 presence_loss=0.111490 memory_norm=6.984199
epoch=3 step=6970 total_loss=0.038256 pred_loss=0.018888 pred_uniform=0.019211 rep=0.022909 barlow=0.004235 barlow_diag=0.9854 barlow_offdiag=0.2051 sigreg_obj=0.761138 memory_barlow=0.000000 target_std=0.9660 pred_std=0.9683 decoded_loss=0.004005 decoded_dynamic=0.005760 presence_loss=0.053778 memory_norm=7.343406
epoch=3 step=6980 total_loss=0.056267 pred_loss=0.030893 pred_uniform=0.031731 rep=0.033714 barlow=0.004310 barlow_diag=0.9825 barlow_offdiag=0.2045 sigreg_obj=0.751818 memory_barlow=0.000000 target_std=0.9694 pred_std=0.9691 decoded_loss=0.007417 decoded_dynamic=0.009342 presence_loss=0.142781 memory_norm=8.339334
epoch=3 step=6990 total_loss=0.041146 pred_loss=0.020460 pred_uniform=0.020967 rep=0.025566 barlow=0.004122 barlow_diag=0.9857 barlow_offdiag=0.2023 sigreg_obj=0.791334 memory_barlow=0.000000 target_std=0.9681 pred_std=0.9669 decoded_loss=0.005048 decoded_dynamic=0.007839 presence_loss=0.067983 memory_norm=8.474169
saved_recovery_checkpoint epoch=3 step=7000 successful_updates=7000
epoch=3 step=7000 total_loss=0.043224 pred_loss=0.022655 pred_uniform=0.023440 rep=0.030604 barlow=0.004680 barlow_diag=0.9858 barlow_offdiag=0.2162 sigreg_obj=0.796174 memory_barlow=0.000000 target_std=0.9662 pred_std=0.9659 decoded_loss=0.003815 decoded_dynamic=0.006024 presence_loss=0.053152 memory_norm=7.077010
epoch=3 step=7010 total_loss=0.040160 pred_loss=0.017666 pred_uniform=0.018137 rep=0.023259 barlow=0.004315 barlow_diag=0.9857 barlow_offdiag=0.2072 sigreg_obj=1.114191 memory_barlow=0.000000 target_std=0.9690 pred_std=0.9692 decoded_loss=0.004685 decoded_dynamic=0.007885 presence_loss=0.062725 memory_norm=8.854120
epoch=3 step=7020 total_loss=0.041917 pred_loss=0.018869 pred_uniform=0.019121 rep=0.021947 barlow=0.004392 barlow_diag=0.9849 barlow_offdiag=0.2085 sigreg_obj=1.075986 memory_barlow=0.000000 target_std=0.9509 pred_std=0.9522 decoded_loss=0.003869 decoded_dynamic=0.005210 presence_loss=0.070038 memory_norm=6.835600
epoch=3 step=7030 total_loss=0.043216 pred_loss=0.020012 pred_uniform=0.020466 rep=0.033099 barlow=0.004396 barlow_diag=0.9836 barlow_offdiag=0.2076 sigreg_obj=1.009805 memory_barlow=0.000000 target_std=0.9488 pred_std=0.9471 decoded_loss=0.003907 decoded_dynamic=0.006250 presence_loss=0.072586 memory_norm=7.609628
epoch=3 step=7040 total_loss=0.035516 pred_loss=0.017455 pred_uniform=0.017850 rep=0.023773 barlow=0.004288 barlow_diag=0.9849 barlow_offdiag=0.2058 sigreg_obj=0.726055 memory_barlow=0.000000 target_std=0.9724 pred_std=0.9704 decoded_loss=0.004893 decoded_dynamic=0.005267 presence_loss=0.043446 memory_norm=7.118707
epoch=3 step=7050 total_loss=0.047962 pred_loss=0.024098 pred_uniform=0.024695 rep=0.030758 barlow=0.004277 barlow_diag=0.9832 barlow_offdiag=0.2043 sigreg_obj=0.912216 memory_barlow=0.000000 target_std=0.9456 pred_std=0.9432 decoded_loss=0.004570 decoded_dynamic=0.006602 presence_loss=0.072530 memory_norm=6.452504
epoch=3 step=7060 total_loss=0.053461 pred_loss=0.029476 pred_uniform=0.030414 rep=0.036568 barlow=0.004058 barlow_diag=0.9840 barlow_offdiag=0.1993 sigreg_obj=0.750529 memory_barlow=0.000000 target_std=0.9702 pred_std=0.9695 decoded_loss=0.004705 decoded_dynamic=0.007003 presence_loss=0.102399 memory_norm=8.521101
epoch=3 step=7070 total_loss=0.037208 pred_loss=0.018396 pred_uniform=0.019067 rep=0.023460 barlow=0.004231 barlow_diag=0.9850 barlow_offdiag=0.2046 sigreg_obj=0.836890 memory_barlow=0.000000 target_std=0.9749 pred_std=0.9747 decoded_loss=0.004357 decoded_dynamic=0.006665 presence_loss=0.059383 memory_norm=7.661695
epoch=3 step=7080 total_loss=0.056614 pred_loss=0.028583 pred_uniform=0.028999 rep=0.035203 barlow=0.004181 barlow_diag=0.9791 barlow_offdiag=0.1972 sigreg_obj=0.990178 memory_barlow=0.000000 target_std=0.9563 pred_std=0.9570 decoded_loss=0.004966 decoded_dynamic=0.007640 presence_loss=0.108447 memory_norm=7.508876
epoch=3 step=7090 total_loss=0.044935 pred_loss=0.022668 pred_uniform=0.022966 rep=0.033302 barlow=0.004322 barlow_diag=0.9796 barlow_offdiag=0.2015 sigreg_obj=0.693267 memory_barlow=0.000000 target_std=0.9616 pred_std=0.9576 decoded_loss=0.004773 decoded_dynamic=0.006990 presence_loss=0.085656 memory_norm=8.314692
epoch=3 step=7100 total_loss=0.046603 pred_loss=0.021516 pred_uniform=0.021795 rep=0.032774 barlow=0.004613 barlow_diag=0.9804 barlow_offdiag=0.2098 sigreg_obj=1.054196 memory_barlow=0.000000 target_std=0.9399 pred_std=0.9363 decoded_loss=0.003476 decoded_dynamic=0.005001 presence_loss=0.077383 memory_norm=6.002031
epoch=3 step=7110 total_loss=0.047712 pred_loss=0.024018 pred_uniform=0.024622 rep=0.034364 barlow=0.004030 barlow_diag=0.9837 barlow_offdiag=0.1983 sigreg_obj=0.798796 memory_barlow=0.000000 target_std=0.9689 pred_std=0.9694 decoded_loss=0.005749 decoded_dynamic=0.008014 presence_loss=0.124799 memory_norm=7.890893
epoch=3 step=7120 total_loss=0.040289 pred_loss=0.018200 pred_uniform=0.018442 rep=0.026072 barlow=0.004873 barlow_diag=0.9822 barlow_offdiag=0.2178 sigreg_obj=0.992948 memory_barlow=0.000000 target_std=0.9462 pred_std=0.9462 decoded_loss=0.004208 decoded_dynamic=0.004855 presence_loss=0.061088 memory_norm=6.138629
epoch=3 step=7130 total_loss=0.041346 pred_loss=0.019012 pred_uniform=0.019640 rep=0.026748 barlow=0.004176 barlow_diag=0.9848 barlow_offdiag=0.2030 sigreg_obj=1.076573 memory_barlow=0.000000 target_std=0.9714 pred_std=0.9722 decoded_loss=0.004251 decoded_dynamic=0.006890 presence_loss=0.059040 memory_norm=9.109278
epoch=3 step=7140 total_loss=0.048259 pred_loss=0.024382 pred_uniform=0.024893 rep=0.029687 barlow=0.004023 barlow_diag=0.9826 barlow_offdiag=0.1971 sigreg_obj=0.868612 memory_barlow=0.000000 target_std=0.9610 pred_std=0.9603 decoded_loss=0.005160 decoded_dynamic=0.008004 presence_loss=0.090208 memory_norm=8.016092
epoch=3 step=7150 total_loss=0.035413 pred_loss=0.016594 pred_uniform=0.016913 rep=0.022690 barlow=0.004292 barlow_diag=0.9863 barlow_offdiag=0.2071 sigreg_obj=0.782421 memory_barlow=0.000000 target_std=0.9617 pred_std=0.9612 decoded_loss=0.003626 decoded_dynamic=0.005972 presence_loss=0.069270 memory_norm=7.108787
epoch=3 step=7160 total_loss=0.045091 pred_loss=0.022544 pred_uniform=0.023132 rep=0.028050 barlow=0.004480 barlow_diag=0.9831 barlow_offdiag=0.2091 sigreg_obj=0.934026 memory_barlow=0.000000 target_std=0.9559 pred_std=0.9537 decoded_loss=0.003535 decoded_dynamic=0.005768 presence_loss=0.075900 memory_norm=6.903982
epoch=3 step=7170 total_loss=0.031008 pred_loss=0.014049 pred_uniform=0.014269 rep=0.018560 barlow=0.004350 barlow_diag=0.9863 barlow_offdiag=0.2086 sigreg_obj=0.747724 memory_barlow=0.000000 target_std=0.9670 pred_std=0.9667 decoded_loss=0.003204 decoded_dynamic=0.004964 presence_loss=0.057852 memory_norm=6.787492
epoch=3 step=7180 total_loss=0.049247 pred_loss=0.020122 pred_uniform=0.020276 rep=0.024146 barlow=0.004699 barlow_diag=0.9841 barlow_offdiag=0.2153 sigreg_obj=1.509541 memory_barlow=0.000000 target_std=0.9259 pred_std=0.9241 decoded_loss=0.003491 decoded_dynamic=0.005425 presence_loss=0.074916 memory_norm=6.451334
epoch=3 step=7190 total_loss=0.039576 pred_loss=0.019433 pred_uniform=0.020136 rep=0.030022 barlow=0.004070 barlow_diag=0.9844 barlow_offdiag=0.1999 sigreg_obj=0.835943 memory_barlow=0.000000 target_std=0.9709 pred_std=0.9703 decoded_loss=0.004677 decoded_dynamic=0.006839 presence_loss=0.078435 memory_norm=8.765032
epoch=3 step=7200 total_loss=0.037598 pred_loss=0.017097 pred_uniform=0.017338 rep=0.023348 barlow=0.004212 barlow_diag=0.9840 barlow_offdiag=0.2031 sigreg_obj=0.913362 memory_barlow=0.000000 target_std=0.9599 pred_std=0.9586 decoded_loss=0.004753 decoded_dynamic=0.006444 presence_loss=0.040696 memory_norm=7.426727
epoch=3 step=7210 total_loss=0.054000 pred_loss=0.027067 pred_uniform=0.027545 rep=0.034959 barlow=0.004330 barlow_diag=0.9841 barlow_offdiag=0.2063 sigreg_obj=0.952007 memory_barlow=0.000000 target_std=0.9571 pred_std=0.9548 decoded_loss=0.004948 decoded_dynamic=0.007414 presence_loss=0.123270 memory_norm=8.329115
epoch=3 step=7220 total_loss=0.038158 pred_loss=0.018091 pred_uniform=0.018563 rep=0.028060 barlow=0.004305 barlow_diag=0.9857 barlow_offdiag=0.2070 sigreg_obj=0.860738 memory_barlow=0.000000 target_std=0.9794 pred_std=0.9796 decoded_loss=0.004259 decoded_dynamic=0.006605 presence_loss=0.049977 memory_norm=8.952422
epoch=3 step=7230 total_loss=0.042395 pred_loss=0.017033 pred_uniform=0.016949 rep=0.027714 barlow=0.004530 barlow_diag=0.9842 barlow_offdiag=0.2115 sigreg_obj=1.244974 memory_barlow=0.000000 target_std=0.9322 pred_std=0.9314 decoded_loss=0.003641 decoded_dynamic=0.004807 presence_loss=0.052383 memory_norm=6.393331
epoch=3 step=7240 total_loss=0.054702 pred_loss=0.029576 pred_uniform=0.030641 rep=0.042148 barlow=0.004258 barlow_diag=0.9825 barlow_offdiag=0.2029 sigreg_obj=0.816770 memory_barlow=0.000000 target_std=0.9705 pred_std=0.9694 decoded_loss=0.006545 decoded_dynamic=0.009798 presence_loss=0.093098 memory_norm=7.192508
saved_recovery_checkpoint epoch=3 step=7250 successful_updates=7250
epoch=3 step=7250 total_loss=0.044816 pred_loss=0.021579 pred_uniform=0.022136 rep=0.041815 barlow=0.004785 barlow_diag=0.9825 barlow_offdiag=0.2161 sigreg_obj=0.833970 memory_barlow=0.000000 target_std=0.9587 pred_std=0.9563 decoded_loss=0.003825 decoded_dynamic=0.005658 presence_loss=0.104008 memory_norm=6.764453
epoch=3 step=7260 total_loss=0.040108 pred_loss=0.019510 pred_uniform=0.019842 rep=0.028780 barlow=0.004395 barlow_diag=0.9836 barlow_offdiag=0.2073 sigreg_obj=0.767730 memory_barlow=0.000000 target_std=0.9723 pred_std=0.9706 decoded_loss=0.003906 decoded_dynamic=0.005598 presence_loss=0.065540 memory_norm=7.020158
epoch=3 step=7270 total_loss=0.045132 pred_loss=0.018925 pred_uniform=0.018870 rep=0.029306 barlow=0.004541 barlow_diag=0.9836 barlow_offdiag=0.2112 sigreg_obj=1.201170 memory_barlow=0.000000 target_std=0.9311 pred_std=0.9291 decoded_loss=0.004300 decoded_dynamic=0.005583 presence_loss=0.059873 memory_norm=5.613483
epoch=3 step=7280 total_loss=0.048140 pred_loss=0.024995 pred_uniform=0.025667 rep=0.032701 barlow=0.004113 barlow_diag=0.9847 barlow_offdiag=0.2012 sigreg_obj=0.763379 memory_barlow=0.000000 target_std=0.9766 pred_std=0.9757 decoded_loss=0.004940 decoded_dynamic=0.007950 presence_loss=0.107774 memory_norm=7.483051
epoch=3 step=7290 total_loss=0.035628 pred_loss=0.015083 pred_uniform=0.014991 rep=0.021527 barlow=0.005081 barlow_diag=0.9847 barlow_offdiag=0.2250 sigreg_obj=0.950226 memory_barlow=0.000000 target_std=0.9443 pred_std=0.9455 decoded_loss=0.002563 decoded_dynamic=0.003785 presence_loss=0.044431 memory_norm=5.456507
epoch=3 step=7300 total_loss=0.047344 pred_loss=0.024170 pred_uniform=0.024914 rep=0.031116 barlow=0.004275 barlow_diag=0.9858 barlow_offdiag=0.2063 sigreg_obj=0.851897 memory_barlow=0.000000 target_std=0.9759 pred_std=0.9760 decoded_loss=0.005219 decoded_dynamic=0.008955 presence_loss=0.103140 memory_norm=8.090479
epoch=3 step=7310 total_loss=0.035852 pred_loss=0.017233 pred_uniform=0.017697 rep=0.021897 barlow=0.004020 barlow_diag=0.9852 barlow_offdiag=0.1993 sigreg_obj=0.813686 memory_barlow=0.000000 target_std=0.9743 pred_std=0.9741 decoded_loss=0.003464 decoded_dynamic=0.005531 presence_loss=0.051042 memory_norm=7.848301
epoch=3 step=7320 total_loss=0.044762 pred_loss=0.021706 pred_uniform=0.022200 rep=0.027179 barlow=0.004180 barlow_diag=0.9853 barlow_offdiag=0.2035 sigreg_obj=0.986908 memory_barlow=0.000000 target_std=0.9662 pred_std=0.9658 decoded_loss=0.003990 decoded_dynamic=0.005969 presence_loss=0.057701 memory_norm=7.793053
epoch=3 step=7330 total_loss=0.046057 pred_loss=0.022897 pred_uniform=0.023018 rep=0.028595 barlow=0.004085 barlow_diag=0.9849 barlow_offdiag=0.2007 sigreg_obj=0.760241 memory_barlow=0.000000 target_std=0.9639 pred_std=0.9646 decoded_loss=0.004943 decoded_dynamic=0.007490 presence_loss=0.071849 memory_norm=7.836839
epoch=3 step=7340 total_loss=0.053560 pred_loss=0.029267 pred_uniform=0.030402 rep=0.036886 barlow=0.004537 barlow_diag=0.9843 barlow_offdiag=0.2116 sigreg_obj=0.793050 memory_barlow=0.000000 target_std=0.9718 pred_std=0.9695 decoded_loss=0.005802 decoded_dynamic=0.009348 presence_loss=0.119949 memory_norm=7.043104
epoch=3 step=7350 total_loss=0.035462 pred_loss=0.016935 pred_uniform=0.017274 rep=0.025277 barlow=0.004023 barlow_diag=0.9856 barlow_offdiag=0.1997 sigreg_obj=0.770322 memory_barlow=0.000000 target_std=0.9692 pred_std=0.9686 decoded_loss=0.004050 decoded_dynamic=0.005161 presence_loss=0.052164 memory_norm=7.378816
epoch=3 step=7360 total_loss=0.042798 pred_loss=0.020224 pred_uniform=0.020619 rep=0.026807 barlow=0.004283 barlow_diag=0.9843 barlow_offdiag=0.2053 sigreg_obj=0.978271 memory_barlow=0.000000 target_std=0.9592 pred_std=0.9594 decoded_loss=0.004773 decoded_dynamic=0.006138 presence_loss=0.084398 memory_norm=8.257481
epoch=3 step=7370 total_loss=0.039108 pred_loss=0.019500 pred_uniform=0.019931 rep=0.025074 barlow=0.003942 barlow_diag=0.9858 barlow_offdiag=0.1977 sigreg_obj=0.765669 memory_barlow=0.000000 target_std=0.9695 pred_std=0.9697 decoded_loss=0.004254 decoded_dynamic=0.005960 presence_loss=0.053715 memory_norm=7.814097
epoch=3 step=7380 total_loss=0.035522 pred_loss=0.016344 pred_uniform=0.016784 rep=0.023820 barlow=0.004307 barlow_diag=0.9860 barlow_offdiag=0.2072 sigreg_obj=0.868357 memory_barlow=0.000000 target_std=0.9637 pred_std=0.9634 decoded_loss=0.004328 decoded_dynamic=0.005842 presence_loss=0.062248 memory_norm=7.224352
epoch=3 step=7390 total_loss=0.035535 pred_loss=0.016528 pred_uniform=0.016870 rep=0.020186 barlow=0.004366 barlow_diag=0.9842 barlow_offdiag=0.2073 sigreg_obj=0.834915 memory_barlow=0.000000 target_std=0.9628 pred_std=0.9620 decoded_loss=0.003487 decoded_dynamic=0.005251 presence_loss=0.064255 memory_norm=7.077518
epoch=3 step=7400 total_loss=0.054049 pred_loss=0.028703 pred_uniform=0.029462 rep=0.034441 barlow=0.004104 barlow_diag=0.9836 barlow_offdiag=0.2001 sigreg_obj=0.846137 memory_barlow=0.000000 target_std=0.9650 pred_std=0.9646 decoded_loss=0.004981 decoded_dynamic=0.007290 presence_loss=0.086387 memory_norm=8.723072
epoch=3 step=7410 total_loss=0.037772 pred_loss=0.018961 pred_uniform=0.019506 rep=0.022705 barlow=0.004170 barlow_diag=0.9849 barlow_offdiag=0.2030 sigreg_obj=0.786204 memory_barlow=0.000000 target_std=0.9582 pred_std=0.9613 decoded_loss=0.004654 decoded_dynamic=0.007260 presence_loss=0.061292 memory_norm=6.929138
epoch=3 step=7420 total_loss=0.060075 pred_loss=0.031347 pred_uniform=0.031879 rep=0.042460 barlow=0.004084 barlow_diag=0.9848 barlow_offdiag=0.2006 sigreg_obj=0.919002 memory_barlow=0.000000 target_std=0.9645 pred_std=0.9645 decoded_loss=0.005127 decoded_dynamic=0.007582 presence_loss=0.105705 memory_norm=8.009850
epoch=3 step=7430 total_loss=0.042336 pred_loss=0.022332 pred_uniform=0.023019 rep=0.027201 barlow=0.003923 barlow_diag=0.9860 barlow_offdiag=0.1974 sigreg_obj=0.661706 memory_barlow=0.000000 target_std=0.9759 pred_std=0.9757 decoded_loss=0.004328 decoded_dynamic=0.006792 presence_loss=0.094015 memory_norm=8.399955
epoch=3 step=7440 total_loss=0.041774 pred_loss=0.021063 pred_uniform=0.021727 rep=0.026356 barlow=0.004408 barlow_diag=0.9848 barlow_offdiag=0.2089 sigreg_obj=0.854006 memory_barlow=0.000000 target_std=0.9709 pred_std=0.9697 decoded_loss=0.004537 decoded_dynamic=0.006405 presence_loss=0.079725 memory_norm=7.650725
epoch=3 step=7450 total_loss=0.041637 pred_loss=0.019731 pred_uniform=0.020061 rep=0.027403 barlow=0.004311 barlow_diag=0.9828 barlow_offdiag=0.2047 sigreg_obj=0.870156 memory_barlow=0.000000 target_std=0.9572 pred_std=0.9552 decoded_loss=0.003671 decoded_dynamic=0.005858 presence_loss=0.091083 memory_norm=7.110446
epoch=3 step=7460 total_loss=0.045796 pred_loss=0.021436 pred_uniform=0.021725 rep=0.027895 barlow=0.004316 barlow_diag=0.9844 barlow_offdiag=0.2061 sigreg_obj=0.949297 memory_barlow=0.000000 target_std=0.9541 pred_std=0.9538 decoded_loss=0.004304 decoded_dynamic=0.006034 presence_loss=0.109103 memory_norm=6.888335
epoch=3 step=7470 total_loss=0.040404 pred_loss=0.020535 pred_uniform=0.021286 rep=0.025284 barlow=0.003935 barlow_diag=0.9853 barlow_offdiag=0.1972 sigreg_obj=0.839601 memory_barlow=0.000000 target_std=0.9736 pred_std=0.9748 decoded_loss=0.004552 decoded_dynamic=0.006654 presence_loss=0.078869 memory_norm=8.586856
epoch=3 step=7480 total_loss=0.050201 pred_loss=0.023948 pred_uniform=0.024281 rep=0.029195 barlow=0.004553 barlow_diag=0.9845 barlow_offdiag=0.2122 sigreg_obj=1.114874 memory_barlow=0.000000 target_std=0.9426 pred_std=0.9419 decoded_loss=0.004876 decoded_dynamic=0.006524 presence_loss=0.064027 memory_norm=6.266210
epoch=3 step=7490 total_loss=0.048963 pred_loss=0.026187 pred_uniform=0.027041 rep=0.033791 barlow=0.004185 barlow_diag=0.9847 barlow_offdiag=0.2031 sigreg_obj=0.767958 memory_barlow=0.000000 target_std=0.9727 pred_std=0.9722 decoded_loss=0.005330 decoded_dynamic=0.008385 presence_loss=0.096269 memory_norm=8.629789
saved_recovery_checkpoint epoch=3 step=7500 successful_updates=7500
epoch=3 step=7500 total_loss=0.036279 pred_loss=0.016909 pred_uniform=0.016956 rep=0.021198 barlow=0.004014 barlow_diag=0.9840 barlow_offdiag=0.1981 sigreg_obj=0.738126 memory_barlow=0.000000 target_std=0.9671 pred_std=0.9654 decoded_loss=0.003740 decoded_dynamic=0.005768 presence_loss=0.048564 memory_norm=6.967487
epoch=3 step=7510 total_loss=0.040831 pred_loss=0.020542 pred_uniform=0.021092 rep=0.025953 barlow=0.004151 barlow_diag=0.9855 barlow_offdiag=0.2030 sigreg_obj=0.795263 memory_barlow=0.000000 target_std=0.9641 pred_std=0.9631 decoded_loss=0.004198 decoded_dynamic=0.006249 presence_loss=0.069586 memory_norm=7.889835
epoch=3 step=7520 total_loss=0.048756 pred_loss=0.024992 pred_uniform=0.025584 rep=0.030102 barlow=0.004255 barlow_diag=0.9817 barlow_offdiag=0.2019 sigreg_obj=0.881128 memory_barlow=0.000000 target_std=0.9736 pred_std=0.9731 decoded_loss=0.005032 decoded_dynamic=0.007969 presence_loss=0.074210 memory_norm=8.519736
epoch=3 step=7530 total_loss=0.041236 pred_loss=0.018536 pred_uniform=0.018925 rep=0.026824 barlow=0.004301 barlow_diag=0.9853 barlow_offdiag=0.2066 sigreg_obj=1.091609 memory_barlow=0.000000 target_std=0.9598 pred_std=0.9606 decoded_loss=0.004690 decoded_dynamic=0.006462 presence_loss=0.056610 memory_norm=8.602365
epoch=3 step=7540 total_loss=0.050652 pred_loss=0.027024 pred_uniform=0.027805 rep=0.033403 barlow=0.003905 barlow_diag=0.9841 barlow_offdiag=0.1954 sigreg_obj=0.795502 memory_barlow=0.000000 target_std=0.9724 pred_std=0.9729 decoded_loss=0.004881 decoded_dynamic=0.007138 presence_loss=0.090867 memory_norm=8.656551
epoch=3 step=7550 total_loss=0.036372 pred_loss=0.017287 pred_uniform=0.017613 rep=0.023578 barlow=0.004137 barlow_diag=0.9848 barlow_offdiag=0.2020 sigreg_obj=0.788167 memory_barlow=0.000000 target_std=0.9643 pred_std=0.9632 decoded_loss=0.004079 decoded_dynamic=0.005532 presence_loss=0.063674 memory_norm=7.133659
epoch=3 step=7560 total_loss=0.039828 pred_loss=0.019845 pred_uniform=0.020350 rep=0.025701 barlow=0.004107 barlow_diag=0.9855 barlow_offdiag=0.2018 sigreg_obj=0.808354 memory_barlow=0.000000 target_std=0.9736 pred_std=0.9738 decoded_loss=0.004660 decoded_dynamic=0.006279 presence_loss=0.069153 memory_norm=7.932135
epoch=3 step=7570 total_loss=0.034786 pred_loss=0.016464 pred_uniform=0.016784 rep=0.022025 barlow=0.004701 barlow_diag=0.9857 barlow_offdiag=0.2168 sigreg_obj=0.762256 memory_barlow=0.000000 target_std=0.9712 pred_std=0.9710 decoded_loss=0.003472 decoded_dynamic=0.005480 presence_loss=0.065866 memory_norm=6.474612
epoch=3 step=7580 total_loss=0.037791 pred_loss=0.018653 pred_uniform=0.019256 rep=0.025181 barlow=0.003971 barlow_diag=0.9853 barlow_offdiag=0.1980 sigreg_obj=0.860123 memory_barlow=0.000000 target_std=0.9665 pred_std=0.9667 decoded_loss=0.003866 decoded_dynamic=0.005694 presence_loss=0.057999 memory_norm=7.694339
epoch=3 step=7590 total_loss=0.044129 pred_loss=0.021518 pred_uniform=0.021722 rep=0.027220 barlow=0.003947 barlow_diag=0.9839 barlow_offdiag=0.1963 sigreg_obj=0.875083 memory_barlow=0.000000 target_std=0.9499 pred_std=0.9485 decoded_loss=0.004439 decoded_dynamic=0.005455 presence_loss=0.082504 memory_norm=7.479663
epoch=3 step=7600 total_loss=0.038885 pred_loss=0.015467 pred_uniform=0.015572 rep=0.020114 barlow=0.005143 barlow_diag=0.9851 barlow_offdiag=0.2267 sigreg_obj=1.230800 memory_barlow=0.000000 target_std=0.9387 pred_std=0.9400 decoded_loss=0.003925 decoded_dynamic=0.005346 presence_loss=0.047836 memory_norm=6.869054
epoch=3 step=7610 total_loss=0.036673 pred_loss=0.017475 pred_uniform=0.017753 rep=0.022916 barlow=0.004452 barlow_diag=0.9855 barlow_offdiag=0.2106 sigreg_obj=0.761002 memory_barlow=0.000000 target_std=0.9745 pred_std=0.9735 decoded_loss=0.004845 decoded_dynamic=0.007056 presence_loss=0.063392 memory_norm=7.387029
epoch=3 step=7620 total_loss=0.046250 pred_loss=0.023211 pred_uniform=0.023864 rep=0.030366 barlow=0.004163 barlow_diag=0.9844 barlow_offdiag=0.2023 sigreg_obj=0.780249 memory_barlow=0.000000 target_std=0.9693 pred_std=0.9698 decoded_loss=0.004654 decoded_dynamic=0.007365 presence_loss=0.084303 memory_norm=8.201433
epoch=3 step=7630 total_loss=0.045004 pred_loss=0.023061 pred_uniform=0.023678 rep=0.028685 barlow=0.004371 barlow_diag=0.9853 barlow_offdiag=0.2083 sigreg_obj=0.773395 memory_barlow=0.000000 target_std=0.9727 pred_std=0.9727 decoded_loss=0.004309 decoded_dynamic=0.006538 presence_loss=0.080276 memory_norm=7.541685
epoch=3 step=7640 total_loss=0.044017 pred_loss=0.023109 pred_uniform=0.023772 rep=0.030503 barlow=0.004024 barlow_diag=0.9849 barlow_offdiag=0.1991 sigreg_obj=0.671581 memory_barlow=0.000000 target_std=0.9789 pred_std=0.9774 decoded_loss=0.004178 decoded_dynamic=0.006995 presence_loss=0.094719 memory_norm=7.532920
epoch=3 step=7650 total_loss=0.033102 pred_loss=0.014789 pred_uniform=0.015156 rep=0.021577 barlow=0.004868 barlow_diag=0.9848 barlow_offdiag=0.2200 sigreg_obj=0.897816 memory_barlow=0.000000 target_std=0.9564 pred_std=0.9566 decoded_loss=0.003208 decoded_dynamic=0.004753 presence_loss=0.055398 memory_norm=6.763278
epoch=3 step=7660 total_loss=0.042564 pred_loss=0.021623 pred_uniform=0.022153 rep=0.025684 barlow=0.004173 barlow_diag=0.9848 barlow_offdiag=0.2029 sigreg_obj=0.793756 memory_barlow=0.000000 target_std=0.9678 pred_std=0.9666 decoded_loss=0.004619 decoded_dynamic=0.005492 presence_loss=0.126060 memory_norm=7.034151
epoch=3 step=7670 total_loss=0.041681 pred_loss=0.018658 pred_uniform=0.018884 rep=0.023505 barlow=0.004406 barlow_diag=0.9840 barlow_offdiag=0.2081 sigreg_obj=0.966705 memory_barlow=0.000000 target_std=0.9572 pred_std=0.9579 decoded_loss=0.004606 decoded_dynamic=0.004767 presence_loss=0.051571 memory_norm=6.883255
epoch=3 step=7680 total_loss=0.044817 pred_loss=0.022427 pred_uniform=0.022981 rep=0.029084 barlow=0.004216 barlow_diag=0.9841 barlow_offdiag=0.2034 sigreg_obj=0.909646 memory_barlow=0.000000 target_std=0.9588 pred_std=0.9593 decoded_loss=0.003816 decoded_dynamic=0.005337 presence_loss=0.058679 memory_norm=6.641684
epoch=3 step=7690 total_loss=0.049220 pred_loss=0.025033 pred_uniform=0.025681 rep=0.028945 barlow=0.004254 barlow_diag=0.9844 barlow_offdiag=0.2047 sigreg_obj=0.864568 memory_barlow=0.000000 target_std=0.9633 pred_std=0.9631 decoded_loss=0.004673 decoded_dynamic=0.007462 presence_loss=0.149288 memory_norm=7.608471
epoch=3 step=7700 total_loss=0.039254 pred_loss=0.019789 pred_uniform=0.020337 rep=0.026235 barlow=0.004057 barlow_diag=0.9858 barlow_offdiag=0.2006 sigreg_obj=0.722890 memory_barlow=0.000000 target_std=0.9778 pred_std=0.9771 decoded_loss=0.004413 decoded_dynamic=0.007461 presence_loss=0.080357 memory_norm=8.952864
epoch=3 step=7710 total_loss=0.050127 pred_loss=0.024402 pred_uniform=0.024655 rep=0.030164 barlow=0.004217 barlow_diag=0.9854 barlow_offdiag=0.2046 sigreg_obj=0.923941 memory_barlow=0.000000 target_std=0.9565 pred_std=0.9553 decoded_loss=0.004730 decoded_dynamic=0.006068 presence_loss=0.082800 memory_norm=7.967535
epoch=3 step=7720 total_loss=0.040881 pred_loss=0.019869 pred_uniform=0.020278 rep=0.026837 barlow=0.004436 barlow_diag=0.9853 barlow_offdiag=0.2100 sigreg_obj=0.852881 memory_barlow=0.000000 target_std=0.9619 pred_std=0.9621 decoded_loss=0.004660 decoded_dynamic=0.006434 presence_loss=0.073182 memory_norm=7.519279
epoch=3 step=7730 total_loss=0.039727 pred_loss=0.020692 pred_uniform=0.021180 rep=0.025016 barlow=0.004062 barlow_diag=0.9842 barlow_offdiag=0.1996 sigreg_obj=0.678201 memory_barlow=0.000000 target_std=0.9602 pred_std=0.9588 decoded_loss=0.004992 decoded_dynamic=0.006311 presence_loss=0.072163 memory_norm=6.926176
epoch=3 step=7740 total_loss=0.040330 pred_loss=0.019543 pred_uniform=0.019815 rep=0.025833 barlow=0.004453 barlow_diag=0.9844 barlow_offdiag=0.2095 sigreg_obj=0.801487 memory_barlow=0.000000 target_std=0.9618 pred_std=0.9613 decoded_loss=0.003671 decoded_dynamic=0.005845 presence_loss=0.073877 memory_norm=5.968337
saved_recovery_checkpoint epoch=3 step=7750 successful_updates=7750
epoch=3 step=7750 total_loss=0.026794 pred_loss=0.011644 pred_uniform=0.011817 rep=0.016404 barlow=0.004344 barlow_diag=0.9856 barlow_offdiag=0.2079 sigreg_obj=0.707549 memory_barlow=0.000000 target_std=0.9675 pred_std=0.9668 decoded_loss=0.003235 decoded_dynamic=0.004602 presence_loss=0.048778 memory_norm=6.242452
epoch=3 step=7760 total_loss=0.038369 pred_loss=0.019074 pred_uniform=0.019534 rep=0.023839 barlow=0.004505 barlow_diag=0.9835 barlow_offdiag=0.2101 sigreg_obj=0.769644 memory_barlow=0.000000 target_std=0.9655 pred_std=0.9638 decoded_loss=0.005229 decoded_dynamic=0.006619 presence_loss=0.073576 memory_norm=6.084760
epoch=3 step=7770 total_loss=0.027241 pred_loss=0.011903 pred_uniform=0.012048 rep=0.016073 barlow=0.004281 barlow_diag=0.9864 barlow_offdiag=0.2069 sigreg_obj=0.714206 memory_barlow=0.000000 target_std=0.9731 pred_std=0.9726 decoded_loss=0.003858 decoded_dynamic=0.005176 presence_loss=0.043801 memory_norm=6.922426
epoch=3 step=7780 total_loss=0.036477 pred_loss=0.015296 pred_uniform=0.015484 rep=0.018836 barlow=0.004345 barlow_diag=0.9844 barlow_offdiag=0.2070 sigreg_obj=1.079939 memory_barlow=0.000000 target_std=0.9522 pred_std=0.9505 decoded_loss=0.003369 decoded_dynamic=0.005349 presence_loss=0.043577 memory_norm=6.454200
epoch=3 step=7790 total_loss=0.050788 pred_loss=0.025949 pred_uniform=0.026598 rep=0.038518 barlow=0.004163 barlow_diag=0.9832 barlow_offdiag=0.2012 sigreg_obj=0.871941 memory_barlow=0.000000 target_std=0.9502 pred_std=0.9478 decoded_loss=0.004312 decoded_dynamic=0.006309 presence_loss=0.114535 memory_norm=7.811672
epoch=3 step=7800 total_loss=0.033826 pred_loss=0.015893 pred_uniform=0.016200 rep=0.022496 barlow=0.004126 barlow_diag=0.9811 barlow_offdiag=0.1980 sigreg_obj=0.704449 memory_barlow=0.000000 target_std=0.9657 pred_std=0.9655 decoded_loss=0.003407 decoded_dynamic=0.005731 presence_loss=0.054023 memory_norm=6.907495
epoch=3 step=7810 total_loss=0.036878 pred_loss=0.018102 pred_uniform=0.018577 rep=0.024055 barlow=0.004149 barlow_diag=0.9856 barlow_offdiag=0.2030 sigreg_obj=0.756438 memory_barlow=0.000000 target_std=0.9804 pred_std=0.9792 decoded_loss=0.003457 decoded_dynamic=0.005960 presence_loss=0.077187 memory_norm=7.986425
epoch=3 step=7820 total_loss=0.052742 pred_loss=0.029324 pred_uniform=0.030393 rep=0.038070 barlow=0.004145 barlow_diag=0.9856 barlow_offdiag=0.2028 sigreg_obj=0.784184 memory_barlow=0.000000 target_std=0.9768 pred_std=0.9772 decoded_loss=0.004987 decoded_dynamic=0.007333 presence_loss=0.118932 memory_norm=8.023143
epoch=3 step=7830 total_loss=0.032639 pred_loss=0.014778 pred_uniform=0.015077 rep=0.021273 barlow=0.004833 barlow_diag=0.9848 barlow_offdiag=0.2193 sigreg_obj=0.826790 memory_barlow=0.000000 target_std=0.9606 pred_std=0.9586 decoded_loss=0.002828 decoded_dynamic=0.004265 presence_loss=0.054024 memory_norm=6.127605
epoch=3 step=7840 total_loss=0.040326 pred_loss=0.020044 pred_uniform=0.020459 rep=0.025292 barlow=0.004220 barlow_diag=0.9823 barlow_offdiag=0.2016 sigreg_obj=0.751874 memory_barlow=0.000000 target_std=0.9592 pred_std=0.9586 decoded_loss=0.004696 decoded_dynamic=0.007132 presence_loss=0.069176 memory_norm=6.385154
epoch=3 step=7850 total_loss=0.034715 pred_loss=0.016971 pred_uniform=0.017293 rep=0.024037 barlow=0.004087 barlow_diag=0.9858 barlow_offdiag=0.2015 sigreg_obj=0.656023 memory_barlow=0.000000 target_std=0.9763 pred_std=0.9756 decoded_loss=0.004700 decoded_dynamic=0.006434 presence_loss=0.059696 memory_norm=7.563857
epoch=3 step=7860 total_loss=0.038772 pred_loss=0.018687 pred_uniform=0.019255 rep=0.025312 barlow=0.003881 barlow_diag=0.9863 barlow_offdiag=0.1964 sigreg_obj=0.853354 memory_barlow=0.000000 target_std=0.9749 pred_std=0.9742 decoded_loss=0.003991 decoded_dynamic=0.006212 presence_loss=0.060062 memory_norm=8.625227
epoch=3 step=7870 total_loss=0.049383 pred_loss=0.025219 pred_uniform=0.025621 rep=0.028046 barlow=0.004735 barlow_diag=0.9834 barlow_offdiag=0.2157 sigreg_obj=0.847096 memory_barlow=0.000000 target_std=0.9501 pred_std=0.9445 decoded_loss=0.003809 decoded_dynamic=0.006071 presence_loss=0.122158 memory_norm=5.561902
epoch=3 step=7880 total_loss=0.046685 pred_loss=0.022805 pred_uniform=0.023503 rep=0.031405 barlow=0.003905 barlow_diag=0.9852 barlow_offdiag=0.1962 sigreg_obj=1.012838 memory_barlow=0.000000 target_std=0.9795 pred_std=0.9795 decoded_loss=0.006109 decoded_dynamic=0.009721 presence_loss=0.084566 memory_norm=10.356166
epoch=3 step=7890 total_loss=0.037824 pred_loss=0.017089 pred_uniform=0.017393 rep=0.026102 barlow=0.004692 barlow_diag=0.9841 barlow_offdiag=0.2153 sigreg_obj=0.904947 memory_barlow=0.000000 target_std=0.9541 pred_std=0.9547 decoded_loss=0.004010 decoded_dynamic=0.005458 presence_loss=0.070965 memory_norm=7.415903
epoch=3 step=7900 total_loss=0.061035 pred_loss=0.030463 pred_uniform=0.031010 rep=0.041084 barlow=0.004234 barlow_diag=0.9816 barlow_offdiag=0.2013 sigreg_obj=1.082365 memory_barlow=0.000000 target_std=0.9405 pred_std=0.9365 decoded_loss=0.005543 decoded_dynamic=0.006635 presence_loss=0.068023 memory_norm=7.120522
epoch=3 step=7910 total_loss=0.042464 pred_loss=0.019865 pred_uniform=0.020297 rep=0.031948 barlow=0.004065 barlow_diag=0.9814 barlow_offdiag=0.1969 sigreg_obj=0.949361 memory_barlow=0.000000 target_std=0.9722 pred_std=0.9709 decoded_loss=0.004943 decoded_dynamic=0.007014 presence_loss=0.058076 memory_norm=8.685734
epoch=3 step=7920 total_loss=0.054459 pred_loss=0.029436 pred_uniform=0.030416 rep=0.036192 barlow=0.004138 barlow_diag=0.9842 barlow_offdiag=0.2015 sigreg_obj=0.829938 memory_barlow=0.000000 target_std=0.9697 pred_std=0.9702 decoded_loss=0.004773 decoded_dynamic=0.008144 presence_loss=0.118975 memory_norm=8.406605
epoch=3 step=7930 total_loss=0.035624 pred_loss=0.016407 pred_uniform=0.016806 rep=0.024087 barlow=0.004370 barlow_diag=0.9844 barlow_offdiag=0.2076 sigreg_obj=0.908144 memory_barlow=0.000000 target_std=0.9605 pred_std=0.9585 decoded_loss=0.003432 decoded_dynamic=0.005378 presence_loss=0.055568 memory_norm=7.657070
epoch=3 step=7940 total_loss=0.041438 pred_loss=0.019137 pred_uniform=0.019712 rep=0.024822 barlow=0.004047 barlow_diag=0.9852 barlow_offdiag=0.2000 sigreg_obj=1.072891 memory_barlow=0.000000 target_std=0.9637 pred_std=0.9632 decoded_loss=0.004289 decoded_dynamic=0.006764 presence_loss=0.073453 memory_norm=8.762806
epoch=3 step=7950 total_loss=0.037707 pred_loss=0.018508 pred_uniform=0.018979 rep=0.026745 barlow=0.004434 barlow_diag=0.9857 barlow_offdiag=0.2102 sigreg_obj=0.770964 memory_barlow=0.000000 target_std=0.9634 pred_std=0.9629 decoded_loss=0.003308 decoded_dynamic=0.005460 presence_loss=0.058165 memory_norm=7.357137
epoch=3 step=7960 total_loss=0.048728 pred_loss=0.023711 pred_uniform=0.024307 rep=0.031363 barlow=0.004154 barlow_diag=0.9840 barlow_offdiag=0.2017 sigreg_obj=0.984247 memory_barlow=0.000000 target_std=0.9663 pred_std=0.9663 decoded_loss=0.006344 decoded_dynamic=0.008223 presence_loss=0.107753 memory_norm=9.250484
epoch=3 step=7970 total_loss=0.037765 pred_loss=0.017096 pred_uniform=0.017539 rep=0.024552 barlow=0.004338 barlow_diag=0.9851 barlow_offdiag=0.2073 sigreg_obj=1.022465 memory_barlow=0.000000 target_std=0.9607 pred_std=0.9602 decoded_loss=0.003818 decoded_dynamic=0.005825 presence_loss=0.061581 memory_norm=8.399427
epoch=3 step=7980 total_loss=0.044044 pred_loss=0.021068 pred_uniform=0.021246 rep=0.028026 barlow=0.004081 barlow_diag=0.9851 barlow_offdiag=0.2006 sigreg_obj=0.885448 memory_barlow=0.000000 target_std=0.9608 pred_std=0.9599 decoded_loss=0.003294 decoded_dynamic=0.005254 presence_loss=0.054564 memory_norm=7.869762
epoch=3 step=7990 total_loss=0.034229 pred_loss=0.016156 pred_uniform=0.016606 rep=0.022354 barlow=0.004315 barlow_diag=0.9870 barlow_offdiag=0.2082 sigreg_obj=0.802397 memory_barlow=0.000000 target_std=0.9771 pred_std=0.9769 decoded_loss=0.003570 decoded_dynamic=0.005945 presence_loss=0.057940 memory_norm=7.483202
saved_recovery_checkpoint epoch=3 step=8000 successful_updates=8000
epoch=3 step=8000 total_loss=0.049020 pred_loss=0.025229 pred_uniform=0.025889 rep=0.032868 barlow=0.004229 barlow_diag=0.9859 barlow_offdiag=0.2052 sigreg_obj=0.871316 memory_barlow=0.000000 target_std=0.9632 pred_std=0.9623 decoded_loss=0.003685 decoded_dynamic=0.006053 presence_loss=0.082994 memory_norm=7.356422
epoch=3 step=8010 total_loss=0.042394 pred_loss=0.020262 pred_uniform=0.020707 rep=0.028699 barlow=0.004163 barlow_diag=0.9856 barlow_offdiag=0.2033 sigreg_obj=0.831207 memory_barlow=0.000000 target_std=0.9559 pred_std=0.9566 decoded_loss=0.004514 decoded_dynamic=0.007267 presence_loss=0.128754 memory_norm=7.437065
epoch=3 step=8020 total_loss=0.038096 pred_loss=0.017937 pred_uniform=0.018162 rep=0.024328 barlow=0.004513 barlow_diag=0.9828 barlow_offdiag=0.2096 sigreg_obj=0.850153 memory_barlow=0.000000 target_std=0.9662 pred_std=0.9662 decoded_loss=0.003671 decoded_dynamic=0.005671 presence_loss=0.047225 memory_norm=6.712137
epoch=3 step=8030 total_loss=0.045224 pred_loss=0.023374 pred_uniform=0.023894 rep=0.031217 barlow=0.004328 barlow_diag=0.9842 barlow_offdiag=0.2064 sigreg_obj=0.714454 memory_barlow=0.000000 target_std=0.9663 pred_std=0.9640 decoded_loss=0.004261 decoded_dynamic=0.005758 presence_loss=0.088138 memory_norm=7.704700
epoch=3 step=8040 total_loss=0.043323 pred_loss=0.019773 pred_uniform=0.020114 rep=0.024695 barlow=0.004002 barlow_diag=0.9841 barlow_offdiag=0.1978 sigreg_obj=1.026735 memory_barlow=0.000000 target_std=0.9586 pred_std=0.9562 decoded_loss=0.004505 decoded_dynamic=0.005852 presence_loss=0.056968 memory_norm=7.993488
epoch=3 step=8050 total_loss=0.051085 pred_loss=0.027138 pred_uniform=0.027492 rep=0.031595 barlow=0.003953 barlow_diag=0.9841 barlow_offdiag=0.1965 sigreg_obj=0.764562 memory_barlow=0.000000 target_std=0.9633 pred_std=0.9604 decoded_loss=0.003839 decoded_dynamic=0.005951 presence_loss=0.098105 memory_norm=7.816302
epoch=3 step=8060 total_loss=0.044658 pred_loss=0.019117 pred_uniform=0.019391 rep=0.023085 barlow=0.004656 barlow_diag=0.9867 barlow_offdiag=0.2164 sigreg_obj=1.329974 memory_barlow=0.000000 target_std=0.9323 pred_std=0.9319 decoded_loss=0.002808 decoded_dynamic=0.004217 presence_loss=0.053755 memory_norm=6.023857
epoch=3 step=8070 total_loss=0.039967 pred_loss=0.019355 pred_uniform=0.019962 rep=0.030464 barlow=0.004180 barlow_diag=0.9855 barlow_offdiag=0.2037 sigreg_obj=0.860672 memory_barlow=0.000000 target_std=0.9829 pred_std=0.9829 decoded_loss=0.004466 decoded_dynamic=0.007048 presence_loss=0.083919 memory_norm=7.694795
epoch=3 step=8080 total_loss=0.040389 pred_loss=0.018959 pred_uniform=0.019217 rep=0.025797 barlow=0.004179 barlow_diag=0.9836 barlow_offdiag=0.2020 sigreg_obj=0.904236 memory_barlow=0.000000 target_std=0.9617 pred_std=0.9621 decoded_loss=0.003793 decoded_dynamic=0.005733 presence_loss=0.066964 memory_norm=7.401942
epoch=3 step=8090 total_loss=0.030062 pred_loss=0.013265 pred_uniform=0.013467 rep=0.023137 barlow=0.004122 barlow_diag=0.9847 barlow_offdiag=0.2015 sigreg_obj=0.694021 memory_barlow=0.000000 target_std=0.9675 pred_std=0.9673 decoded_loss=0.003939 decoded_dynamic=0.005173 presence_loss=0.070756 memory_norm=7.423561
epoch=3 step=8100 total_loss=0.051579 pred_loss=0.028571 pred_uniform=0.029501 rep=0.036504 barlow=0.004432 barlow_diag=0.9839 barlow_offdiag=0.2086 sigreg_obj=0.708778 memory_barlow=0.000000 target_std=0.9721 pred_std=0.9711 decoded_loss=0.003913 decoded_dynamic=0.006527 presence_loss=0.092544 memory_norm=7.028982
epoch=3 step=8110 total_loss=0.046521 pred_loss=0.024039 pred_uniform=0.024652 rep=0.030622 barlow=0.004011 barlow_diag=0.9838 barlow_offdiag=0.1978 sigreg_obj=0.787203 memory_barlow=0.000000 target_std=0.9776 pred_std=0.9762 decoded_loss=0.005395 decoded_dynamic=0.008056 presence_loss=0.067385 memory_norm=8.368004
epoch=3 step=8120 total_loss=0.046524 pred_loss=0.023445 pred_uniform=0.024049 rep=0.031832 barlow=0.004277 barlow_diag=0.9844 barlow_offdiag=0.2052 sigreg_obj=0.942965 memory_barlow=0.000000 target_std=0.9573 pred_std=0.9567 decoded_loss=0.003939 decoded_dynamic=0.006141 presence_loss=0.061679 memory_norm=7.073056
epoch=3 step=8130 total_loss=0.040764 pred_loss=0.019487 pred_uniform=0.019774 rep=0.024782 barlow=0.004730 barlow_diag=0.9848 barlow_offdiag=0.2168 sigreg_obj=0.867226 memory_barlow=0.000000 target_std=0.9501 pred_std=0.9496 decoded_loss=0.003635 decoded_dynamic=0.006196 presence_loss=0.077510 memory_norm=6.336764
epoch=3 step=8140 total_loss=0.064402 pred_loss=0.034468 pred_uniform=0.035334 rep=0.044896 barlow=0.004502 barlow_diag=0.9837 barlow_offdiag=0.2102 sigreg_obj=0.939391 memory_barlow=0.000000 target_std=0.9568 pred_std=0.9554 decoded_loss=0.004832 decoded_dynamic=0.007386 presence_loss=0.102702 memory_norm=7.752757
epoch=3 step=8150 total_loss=0.040323 pred_loss=0.019060 pred_uniform=0.019361 rep=0.026865 barlow=0.004604 barlow_diag=0.9828 barlow_offdiag=0.2121 sigreg_obj=0.889195 memory_barlow=0.000000 target_std=0.9530 pred_std=0.9511 decoded_loss=0.003883 decoded_dynamic=0.006139 presence_loss=0.065623 memory_norm=6.145439
epoch=3 step=8160 total_loss=0.040346 pred_loss=0.019154 pred_uniform=0.019430 rep=0.024488 barlow=0.003906 barlow_diag=0.9865 barlow_offdiag=0.1973 sigreg_obj=0.827875 memory_barlow=0.000000 target_std=0.9700 pred_std=0.9693 decoded_loss=0.005454 decoded_dynamic=0.008438 presence_loss=0.075232 memory_norm=8.370787
epoch=3 step=8170 total_loss=0.034467 pred_loss=0.016471 pred_uniform=0.016863 rep=0.022857 barlow=0.004019 barlow_diag=0.9860 barlow_offdiag=0.1999 sigreg_obj=0.750492 memory_barlow=0.000000 target_std=0.9652 pred_std=0.9636 decoded_loss=0.004152 decoded_dynamic=0.005750 presence_loss=0.067140 memory_norm=7.243472
epoch=3 step=8180 total_loss=0.045453 pred_loss=0.023608 pred_uniform=0.024204 rep=0.030527 barlow=0.003858 barlow_diag=0.9844 barlow_offdiag=0.1943 sigreg_obj=0.741310 memory_barlow=0.000000 target_std=0.9672 pred_std=0.9677 decoded_loss=0.004502 decoded_dynamic=0.007011 presence_loss=0.097489 memory_norm=7.543472
epoch=3 step=8190 total_loss=0.037984 pred_loss=0.019117 pred_uniform=0.019629 rep=0.027821 barlow=0.004104 barlow_diag=0.9846 barlow_offdiag=0.2009 sigreg_obj=0.710473 memory_barlow=0.000000 target_std=0.9744 pred_std=0.9744 decoded_loss=0.003869 decoded_dynamic=0.005806 presence_loss=0.057208 memory_norm=7.788335
epoch=3 step=8200 total_loss=0.052446 pred_loss=0.023662 pred_uniform=0.024134 rep=0.028752 barlow=0.004401 barlow_diag=0.9816 barlow_offdiag=0.2058 sigreg_obj=1.349198 memory_barlow=0.000000 target_std=0.9442 pred_std=0.9414 decoded_loss=0.003660 decoded_dynamic=0.005314 presence_loss=0.051331 memory_norm=6.640136
epoch=3 step=8210 total_loss=0.047906 pred_loss=0.024894 pred_uniform=0.025441 rep=0.038687 barlow=0.003994 barlow_diag=0.9837 barlow_offdiag=0.1973 sigreg_obj=0.605585 memory_barlow=0.000000 target_std=0.9745 pred_std=0.9711 decoded_loss=0.004516 decoded_dynamic=0.007158 presence_loss=0.135014 memory_norm=7.334689
epoch=3 step=8220 total_loss=0.042812 pred_loss=0.021862 pred_uniform=0.022305 rep=0.029828 barlow=0.003956 barlow_diag=0.9842 barlow_offdiag=0.1966 sigreg_obj=0.751820 memory_barlow=0.000000 target_std=0.9697 pred_std=0.9708 decoded_loss=0.004639 decoded_dynamic=0.007292 presence_loss=0.067004 memory_norm=8.246283
epoch=3 step=8230 total_loss=0.046968 pred_loss=0.021300 pred_uniform=0.021729 rep=0.030381 barlow=0.004246 barlow_diag=0.9844 barlow_offdiag=0.2044 sigreg_obj=1.122934 memory_barlow=0.000000 target_std=0.9524 pred_std=0.9506 decoded_loss=0.004865 decoded_dynamic=0.006329 presence_loss=0.079926 memory_norm=7.143044
epoch=3 step=8240 total_loss=0.057005 pred_loss=0.030382 pred_uniform=0.031276 rep=0.037041 barlow=0.004003 barlow_diag=0.9829 barlow_offdiag=0.1967 sigreg_obj=0.894170 memory_barlow=0.000000 target_std=0.9587 pred_std=0.9593 decoded_loss=0.005948 decoded_dynamic=0.008969 presence_loss=0.106119 memory_norm=7.412620
saved_recovery_checkpoint epoch=3 step=8250 successful_updates=8250
epoch=3 step=8250 total_loss=0.040854 pred_loss=0.019712 pred_uniform=0.020081 rep=0.028405 barlow=0.003957 barlow_diag=0.9859 barlow_offdiag=0.1982 sigreg_obj=0.753445 memory_barlow=0.000000 target_std=0.9716 pred_std=0.9720 decoded_loss=0.004795 decoded_dynamic=0.007250 presence_loss=0.081964 memory_norm=7.930121
epoch=3 step=8260 total_loss=0.041671 pred_loss=0.022044 pred_uniform=0.022619 rep=0.028934 barlow=0.004308 barlow_diag=0.9849 barlow_offdiag=0.2064 sigreg_obj=0.638910 memory_barlow=0.000000 target_std=0.9713 pred_std=0.9694 decoded_loss=0.003515 decoded_dynamic=0.005933 presence_loss=0.070799 memory_norm=7.051027
epoch=3 step=8270 total_loss=0.037962 pred_loss=0.018854 pred_uniform=0.019149 rep=0.023735 barlow=0.004087 barlow_diag=0.9836 barlow_offdiag=0.1997 sigreg_obj=0.715242 memory_barlow=0.000000 target_std=0.9667 pred_std=0.9662 decoded_loss=0.004116 decoded_dynamic=0.005181 presence_loss=0.048503 memory_norm=7.342773
epoch=3 step=8280 total_loss=0.045076 pred_loss=0.022970 pred_uniform=0.023596 rep=0.030397 barlow=0.003885 barlow_diag=0.9855 barlow_offdiag=0.1960 sigreg_obj=0.790006 memory_barlow=0.000000 target_std=0.9603 pred_std=0.9586 decoded_loss=0.003747 decoded_dynamic=0.006175 presence_loss=0.062600 memory_norm=7.879631
epoch=3 step=8290 total_loss=0.032205 pred_loss=0.015125 pred_uniform=0.015331 rep=0.021430 barlow=0.003933 barlow_diag=0.9839 barlow_offdiag=0.1959 sigreg_obj=0.622251 memory_barlow=0.000000 target_std=0.9760 pred_std=0.9762 decoded_loss=0.003776 decoded_dynamic=0.006125 presence_loss=0.056534 memory_norm=6.939233
epoch=3 step=8300 total_loss=0.045938 pred_loss=0.023892 pred_uniform=0.024462 rep=0.026810 barlow=0.004256 barlow_diag=0.9856 barlow_offdiag=0.2056 sigreg_obj=0.763622 memory_barlow=0.000000 target_std=0.9686 pred_std=0.9674 decoded_loss=0.004509 decoded_dynamic=0.007043 presence_loss=0.110612 memory_norm=7.602303
epoch=3 step=8310 total_loss=0.050749 pred_loss=0.027923 pred_uniform=0.028761 rep=0.033995 barlow=0.003849 barlow_diag=0.9823 barlow_offdiag=0.1921 sigreg_obj=0.711758 memory_barlow=0.000000 target_std=0.9663 pred_std=0.9633 decoded_loss=0.004880 decoded_dynamic=0.006912 presence_loss=0.079048 memory_norm=7.022424
epoch=3 step=8320 total_loss=0.053840 pred_loss=0.029372 pred_uniform=0.029993 rep=0.036308 barlow=0.004445 barlow_diag=0.9807 barlow_offdiag=0.2058 sigreg_obj=0.716162 memory_barlow=0.000000 target_std=0.9604 pred_std=0.9598 decoded_loss=0.004235 decoded_dynamic=0.006659 presence_loss=0.101903 memory_norm=6.208304
epoch=3 step=8330 total_loss=0.040189 pred_loss=0.019061 pred_uniform=0.019312 rep=0.025104 barlow=0.004661 barlow_diag=0.9838 barlow_offdiag=0.2143 sigreg_obj=0.796957 memory_barlow=0.000000 target_std=0.9528 pred_std=0.9507 decoded_loss=0.004134 decoded_dynamic=0.005323 presence_loss=0.067749 memory_norm=6.703325
epoch=3 step=8340 total_loss=0.055510 pred_loss=0.030693 pred_uniform=0.031772 rep=0.040340 barlow=0.004273 barlow_diag=0.9835 barlow_offdiag=0.2044 sigreg_obj=0.796610 memory_barlow=0.000000 target_std=0.9659 pred_std=0.9649 decoded_loss=0.006411 decoded_dynamic=0.008592 presence_loss=0.084432 memory_norm=8.092932
epoch=3 step=8350 total_loss=0.043134 pred_loss=0.020774 pred_uniform=0.021029 rep=0.026055 barlow=0.004370 barlow_diag=0.9832 barlow_offdiag=0.2066 sigreg_obj=0.838687 memory_barlow=0.000000 target_std=0.9549 pred_std=0.9549 decoded_loss=0.005226 decoded_dynamic=0.007178 presence_loss=0.119109 memory_norm=6.482373
epoch=3 step=8360 total_loss=0.047377 pred_loss=0.025492 pred_uniform=0.026372 rep=0.030814 barlow=0.003767 barlow_diag=0.9850 barlow_offdiag=0.1924 sigreg_obj=0.775661 memory_barlow=0.000000 target_std=0.9807 pred_std=0.9798 decoded_loss=0.005009 decoded_dynamic=0.008013 presence_loss=0.089355 memory_norm=9.191101
epoch=3 step=8370 total_loss=0.035777 pred_loss=0.015579 pred_uniform=0.015960 rep=0.022281 barlow=0.004143 barlow_diag=0.9851 barlow_offdiag=0.2025 sigreg_obj=1.014420 memory_barlow=0.000000 target_std=0.9563 pred_std=0.9567 decoded_loss=0.003694 decoded_dynamic=0.005232 presence_loss=0.058668 memory_norm=7.461303
epoch=3 step=8380 total_loss=0.037059 pred_loss=0.017775 pred_uniform=0.018172 rep=0.026133 barlow=0.004259 barlow_diag=0.9829 barlow_offdiag=0.2033 sigreg_obj=0.782201 memory_barlow=0.000000 target_std=0.9617 pred_std=0.9599 decoded_loss=0.004304 decoded_dynamic=0.005060 presence_loss=0.053877 memory_norm=6.684803
epoch=3 step=8390 total_loss=0.036220 pred_loss=0.018397 pred_uniform=0.018829 rep=0.024247 barlow=0.004211 barlow_diag=0.9839 barlow_offdiag=0.2031 sigreg_obj=0.619439 memory_barlow=0.000000 target_std=0.9709 pred_std=0.9700 decoded_loss=0.003917 decoded_dynamic=0.005621 presence_loss=0.082062 memory_norm=6.791314
epoch=3 step=8400 total_loss=0.056625 pred_loss=0.031098 pred_uniform=0.032126 rep=0.037463 barlow=0.004367 barlow_diag=0.9834 barlow_offdiag=0.2066 sigreg_obj=0.743784 memory_barlow=0.000000 target_std=0.9690 pred_std=0.9668 decoded_loss=0.005922 decoded_dynamic=0.009719 presence_loss=0.105989 memory_norm=7.982586
epoch=3 step=8410 total_loss=0.039987 pred_loss=0.018146 pred_uniform=0.018386 rep=0.023780 barlow=0.004628 barlow_diag=0.9850 barlow_offdiag=0.2145 sigreg_obj=0.978517 memory_barlow=0.000000 target_std=0.9591 pred_std=0.9577 decoded_loss=0.003429 decoded_dynamic=0.004502 presence_loss=0.066253 memory_norm=7.937144
epoch=3 step=8420 total_loss=0.040374 pred_loss=0.021079 pred_uniform=0.021641 rep=0.027182 barlow=0.004075 barlow_diag=0.9861 barlow_offdiag=0.2013 sigreg_obj=0.665529 memory_barlow=0.000000 target_std=0.9714 pred_std=0.9713 decoded_loss=0.004404 decoded_dynamic=0.006011 presence_loss=0.074706 memory_norm=7.444085
epoch=3 step=8430 total_loss=0.035458 pred_loss=0.017431 pred_uniform=0.017919 rep=0.023625 barlow=0.003890 barlow_diag=0.9848 barlow_offdiag=0.1956 sigreg_obj=0.714105 memory_barlow=0.000000 target_std=0.9647 pred_std=0.9631 decoded_loss=0.003966 decoded_dynamic=0.006137 presence_loss=0.076780 memory_norm=7.767394
epoch=3 step=8440 total_loss=0.042814 pred_loss=0.022137 pred_uniform=0.023114 rep=0.025405 barlow=0.003841 barlow_diag=0.9847 barlow_offdiag=0.1941 sigreg_obj=0.928275 memory_barlow=0.000000 target_std=0.9708 pred_std=0.9697 decoded_loss=0.003670 decoded_dynamic=0.006147 presence_loss=0.063089 memory_norm=9.114399
epoch=3 step=8450 total_loss=0.036742 pred_loss=0.015687 pred_uniform=0.015732 rep=0.022363 barlow=0.003877 barlow_diag=0.9847 barlow_offdiag=0.1951 sigreg_obj=0.971055 memory_barlow=0.000000 target_std=0.9550 pred_std=0.9528 decoded_loss=0.003594 decoded_dynamic=0.004593 presence_loss=0.056282 memory_norm=6.449649
epoch=3 step=8460 total_loss=0.057735 pred_loss=0.032242 pred_uniform=0.033356 rep=0.043544 barlow=0.003931 barlow_diag=0.9856 barlow_offdiag=0.1973 sigreg_obj=0.720834 memory_barlow=0.000000 target_std=0.9776 pred_std=0.9765 decoded_loss=0.004305 decoded_dynamic=0.007214 presence_loss=0.143444 memory_norm=7.381452
epoch=3 step=8470 total_loss=0.042228 pred_loss=0.023227 pred_uniform=0.023985 rep=0.030537 barlow=0.003928 barlow_diag=0.9839 barlow_offdiag=0.1957 sigreg_obj=0.594607 memory_barlow=0.000000 target_std=0.9720 pred_std=0.9733 decoded_loss=0.003891 decoded_dynamic=0.006182 presence_loss=0.072871 memory_norm=6.745310
epoch=3 step=8480 total_loss=0.051996 pred_loss=0.026699 pred_uniform=0.027058 rep=0.036202 barlow=0.004178 barlow_diag=0.9843 barlow_offdiag=0.2026 sigreg_obj=0.790096 memory_barlow=0.000000 target_std=0.9542 pred_std=0.9506 decoded_loss=0.003827 decoded_dynamic=0.005876 presence_loss=0.148566 memory_norm=6.542253
epoch=3 step=8490 total_loss=0.046689 pred_loss=0.024068 pred_uniform=0.024648 rep=0.033305 barlow=0.004153 barlow_diag=0.9836 barlow_offdiag=0.2014 sigreg_obj=0.769992 memory_barlow=0.000000 target_std=0.9765 pred_std=0.9762 decoded_loss=0.004813 decoded_dynamic=0.007083 presence_loss=0.080063 memory_norm=8.093153
saved_recovery_checkpoint epoch=3 step=8500 successful_updates=8500
epoch=3 step=8500 total_loss=0.041075 pred_loss=0.020186 pred_uniform=0.020456 rep=0.027580 barlow=0.004005 barlow_diag=0.9833 barlow_offdiag=0.1973 sigreg_obj=0.774616 memory_barlow=0.000000 target_std=0.9628 pred_std=0.9631 decoded_loss=0.004201 decoded_dynamic=0.005937 presence_loss=0.064805 memory_norm=7.561918
epoch=3 step=8510 total_loss=0.037498 pred_loss=0.018770 pred_uniform=0.018934 rep=0.025624 barlow=0.004419 barlow_diag=0.9849 barlow_offdiag=0.2092 sigreg_obj=0.619646 memory_barlow=0.000000 target_std=0.9730 pred_std=0.9722 decoded_loss=0.004140 decoded_dynamic=0.005373 presence_loss=0.061881 memory_norm=5.906309
epoch=3 step=8520 total_loss=0.034999 pred_loss=0.013883 pred_uniform=0.013979 rep=0.020925 barlow=0.004019 barlow_diag=0.9859 barlow_offdiag=0.1998 sigreg_obj=1.101619 memory_barlow=0.000000 target_std=0.9547 pred_std=0.9531 decoded_loss=0.003406 decoded_dynamic=0.005283 presence_loss=0.042040 memory_norm=6.771857
epoch=3 step=8530 total_loss=0.033099 pred_loss=0.016052 pred_uniform=0.016467 rep=0.022418 barlow=0.004334 barlow_diag=0.9861 barlow_offdiag=0.2080 sigreg_obj=0.682395 memory_barlow=0.000000 target_std=0.9662 pred_std=0.9671 decoded_loss=0.004138 decoded_dynamic=0.006476 presence_loss=0.058868 memory_norm=6.963779
epoch=3 step=8540 total_loss=0.037662 pred_loss=0.018134 pred_uniform=0.018594 rep=0.023428 barlow=0.004240 barlow_diag=0.9850 barlow_offdiag=0.2048 sigreg_obj=0.876725 memory_barlow=0.000000 target_std=0.9583 pred_std=0.9588 decoded_loss=0.003563 decoded_dynamic=0.005023 presence_loss=0.045524 memory_norm=6.289959
epoch=3 step=8550 total_loss=0.035687 pred_loss=0.017932 pred_uniform=0.018363 rep=0.021613 barlow=0.004039 barlow_diag=0.9846 barlow_offdiag=0.1992 sigreg_obj=0.758675 memory_barlow=0.000000 target_std=0.9610 pred_std=0.9607 decoded_loss=0.005082 decoded_dynamic=0.005708 presence_loss=0.054916 memory_norm=7.514612
epoch=3 step=8560 total_loss=0.039671 pred_loss=0.017962 pred_uniform=0.018141 rep=0.023422 barlow=0.004275 barlow_diag=0.9812 barlow_offdiag=0.2018 sigreg_obj=0.964597 memory_barlow=0.000000 target_std=0.9478 pred_std=0.9474 decoded_loss=0.003735 decoded_dynamic=0.005360 presence_loss=0.050608 memory_norm=6.925989
epoch=3 step=8570 total_loss=0.043588 pred_loss=0.021344 pred_uniform=0.021640 rep=0.026883 barlow=0.004031 barlow_diag=0.9849 barlow_offdiag=0.1993 sigreg_obj=0.909490 memory_barlow=0.000000 target_std=0.9584 pred_std=0.9565 decoded_loss=0.004093 decoded_dynamic=0.005146 presence_loss=0.085650 memory_norm=7.482239
epoch=3 step=8580 total_loss=0.050869 pred_loss=0.026557 pred_uniform=0.027474 rep=0.032304 barlow=0.003837 barlow_diag=0.9851 barlow_offdiag=0.1943 sigreg_obj=0.978142 memory_barlow=0.000000 target_std=0.9670 pred_std=0.9668 decoded_loss=0.004568 decoded_dynamic=0.007058 presence_loss=0.090545 memory_norm=9.363304
epoch=3 step=8590 total_loss=0.041490 pred_loss=0.020456 pred_uniform=0.020942 rep=0.024872 barlow=0.004208 barlow_diag=0.9842 barlow_offdiag=0.2033 sigreg_obj=0.877268 memory_barlow=0.000000 target_std=0.9589 pred_std=0.9574 decoded_loss=0.003744 decoded_dynamic=0.005116 presence_loss=0.074036 memory_norm=7.925674
epoch=3 step=8600 total_loss=0.034735 pred_loss=0.016722 pred_uniform=0.017132 rep=0.021679 barlow=0.004132 barlow_diag=0.9839 barlow_offdiag=0.2011 sigreg_obj=0.787181 memory_barlow=0.000000 target_std=0.9565 pred_std=0.9543 decoded_loss=0.003516 decoded_dynamic=0.005149 presence_loss=0.047257 memory_norm=6.670476
epoch=3 step=8610 total_loss=0.033686 pred_loss=0.017031 pred_uniform=0.017564 rep=0.022563 barlow=0.003905 barlow_diag=0.9846 barlow_offdiag=0.1957 sigreg_obj=0.660977 memory_barlow=0.000000 target_std=0.9696 pred_std=0.9682 decoded_loss=0.003266 decoded_dynamic=0.004929 presence_loss=0.058022 memory_norm=7.800273
epoch=3 step=8620 total_loss=0.030270 pred_loss=0.014043 pred_uniform=0.014217 rep=0.018438 barlow=0.003839 barlow_diag=0.9850 barlow_offdiag=0.1943 sigreg_obj=0.676405 memory_barlow=0.000000 target_std=0.9710 pred_std=0.9698 decoded_loss=0.003373 decoded_dynamic=0.004959 presence_loss=0.051086 memory_norm=7.224955
epoch=3 step=8630 total_loss=0.040252 pred_loss=0.020524 pred_uniform=0.020918 rep=0.024640 barlow=0.003811 barlow_diag=0.9851 barlow_offdiag=0.1936 sigreg_obj=0.730078 memory_barlow=0.000000 target_std=0.9717 pred_std=0.9720 decoded_loss=0.003044 decoded_dynamic=0.004675 presence_loss=0.061826 memory_norm=8.164957
epoch=3 step=8640 total_loss=0.057003 pred_loss=0.030853 pred_uniform=0.031513 rep=0.035326 barlow=0.004234 barlow_diag=0.9840 barlow_offdiag=0.2039 sigreg_obj=0.743469 memory_barlow=0.000000 target_std=0.9680 pred_std=0.9667 decoded_loss=0.005570 decoded_dynamic=0.007161 presence_loss=0.123521 memory_norm=7.038471
epoch=3 step=8650 total_loss=0.040548 pred_loss=0.020767 pred_uniform=0.021382 rep=0.024162 barlow=0.004243 barlow_diag=0.9842 barlow_offdiag=0.2042 sigreg_obj=0.782713 memory_barlow=0.000000 target_std=0.9609 pred_std=0.9622 decoded_loss=0.004472 decoded_dynamic=0.005923 presence_loss=0.073205 memory_norm=6.897137
epoch=3 step=8660 total_loss=0.041034 pred_loss=0.019359 pred_uniform=0.020043 rep=0.024587 barlow=0.003981 barlow_diag=0.9872 barlow_offdiag=0.1997 sigreg_obj=1.102186 memory_barlow=0.000000 target_std=0.9813 pred_std=0.9807 decoded_loss=0.003964 decoded_dynamic=0.006612 presence_loss=0.053733 memory_norm=9.818876
epoch=3 step=8670 total_loss=0.032899 pred_loss=0.016456 pred_uniform=0.016892 rep=0.023505 barlow=0.004040 barlow_diag=0.9855 barlow_offdiag=0.2001 sigreg_obj=0.655138 memory_barlow=0.000000 target_std=0.9772 pred_std=0.9778 decoded_loss=0.003944 decoded_dynamic=0.005435 presence_loss=0.038377 memory_norm=7.089584
epoch=3 step=8680 total_loss=0.045749 pred_loss=0.023253 pred_uniform=0.023911 rep=0.028192 barlow=0.004077 barlow_diag=0.9846 barlow_offdiag=0.2003 sigreg_obj=0.938179 memory_barlow=0.000000 target_std=0.9592 pred_std=0.9593 decoded_loss=0.003887 decoded_dynamic=0.005937 presence_loss=0.063071 memory_norm=7.243587
epoch=3 step=8690 total_loss=0.035836 pred_loss=0.017709 pred_uniform=0.018340 rep=0.022447 barlow=0.004117 barlow_diag=0.9867 barlow_offdiag=0.2030 sigreg_obj=0.793438 memory_barlow=0.000000 target_std=0.9733 pred_std=0.9713 decoded_loss=0.003747 decoded_dynamic=0.006395 presence_loss=0.055565 memory_norm=7.398538
epoch=3 step=8700 total_loss=0.068086 pred_loss=0.039305 pred_uniform=0.040638 rep=0.041549 barlow=0.003860 barlow_diag=0.9838 barlow_offdiag=0.1939 sigreg_obj=0.753708 memory_barlow=0.000000 target_std=0.9651 pred_std=0.9653 decoded_loss=0.005011 decoded_dynamic=0.008213 presence_loss=0.166350 memory_norm=8.127552
epoch=3 step=8710 total_loss=0.037395 pred_loss=0.018496 pred_uniform=0.018860 rep=0.025738 barlow=0.003995 barlow_diag=0.9821 barlow_offdiag=0.1958 sigreg_obj=0.707196 memory_barlow=0.000000 target_std=0.9664 pred_std=0.9658 decoded_loss=0.003324 decoded_dynamic=0.005085 presence_loss=0.058328 memory_norm=7.795320
epoch=3 step=8720 total_loss=0.034038 pred_loss=0.015665 pred_uniform=0.015996 rep=0.023097 barlow=0.004051 barlow_diag=0.9852 barlow_offdiag=0.2001 sigreg_obj=0.798279 memory_barlow=0.000000 target_std=0.9685 pred_std=0.9684 decoded_loss=0.004726 decoded_dynamic=0.007159 presence_loss=0.054037 memory_norm=8.020911
epoch=3 step=8730 total_loss=0.033481 pred_loss=0.016540 pred_uniform=0.016889 rep=0.021921 barlow=0.003781 barlow_diag=0.9846 barlow_offdiag=0.1924 sigreg_obj=0.659312 memory_barlow=0.000000 target_std=0.9725 pred_std=0.9720 decoded_loss=0.003780 decoded_dynamic=0.005833 presence_loss=0.061597 memory_norm=6.961741
epoch=3 step=8740 total_loss=0.037019 pred_loss=0.018254 pred_uniform=0.018785 rep=0.023707 barlow=0.004334 barlow_diag=0.9849 barlow_offdiag=0.2071 sigreg_obj=0.765004 memory_barlow=0.000000 target_std=0.9613 pred_std=0.9613 decoded_loss=0.003685 decoded_dynamic=0.005265 presence_loss=0.067670 memory_norm=6.914258
saved_recovery_checkpoint epoch=3 step=8750 successful_updates=8750
epoch=3 step=8750 total_loss=0.033128 pred_loss=0.013091 pred_uniform=0.013260 rep=0.025183 barlow=0.004637 barlow_diag=0.9846 barlow_offdiag=0.2143 sigreg_obj=1.050200 memory_barlow=0.000000 target_std=0.9457 pred_std=0.9432 decoded_loss=0.003032 decoded_dynamic=0.004127 presence_loss=0.041914 memory_norm=5.665427
epoch=3 step=8760 total_loss=0.047716 pred_loss=0.024181 pred_uniform=0.024645 rep=0.035214 barlow=0.003996 barlow_diag=0.9812 barlow_offdiag=0.1945 sigreg_obj=0.857194 memory_barlow=0.000000 target_std=0.9668 pred_std=0.9651 decoded_loss=0.003524 decoded_dynamic=0.005743 presence_loss=0.088492 memory_norm=8.391895
epoch=3 step=8770 total_loss=0.028587 pred_loss=0.010940 pred_uniform=0.011082 rep=0.016586 barlow=0.004118 barlow_diag=0.9862 barlow_offdiag=0.2026 sigreg_obj=0.981862 memory_barlow=0.000000 target_std=0.9559 pred_std=0.9556 decoded_loss=0.002740 decoded_dynamic=0.004110 presence_loss=0.050061 memory_norm=7.448462
epoch=3 step=8780 total_loss=0.044213 pred_loss=0.022673 pred_uniform=0.023344 rep=0.033165 barlow=0.004120 barlow_diag=0.9847 barlow_offdiag=0.2014 sigreg_obj=0.792338 memory_barlow=0.000000 target_std=0.9607 pred_std=0.9579 decoded_loss=0.004957 decoded_dynamic=0.005986 presence_loss=0.073585 memory_norm=7.319303
epoch=3 step=8790 total_loss=0.047160 pred_loss=0.023451 pred_uniform=0.023949 rep=0.032264 barlow=0.003862 barlow_diag=0.9846 barlow_offdiag=0.1946 sigreg_obj=0.749082 memory_barlow=0.000000 target_std=0.9709 pred_std=0.9705 decoded_loss=0.003501 decoded_dynamic=0.005899 presence_loss=0.090304 memory_norm=7.720911
epoch=3 step=8800 total_loss=0.039931 pred_loss=0.020894 pred_uniform=0.021624 rep=0.029677 barlow=0.003623 barlow_diag=0.9839 barlow_offdiag=0.1874 sigreg_obj=0.675098 memory_barlow=0.000000 target_std=0.9742 pred_std=0.9740 decoded_loss=0.005244 decoded_dynamic=0.008597 presence_loss=0.065714 memory_norm=8.046780
epoch=3 step=8810 total_loss=0.032199 pred_loss=0.014582 pred_uniform=0.014737 rep=0.020742 barlow=0.004330 barlow_diag=0.9850 barlow_offdiag=0.2071 sigreg_obj=0.769495 memory_barlow=0.000000 target_std=0.9627 pred_std=0.9621 decoded_loss=0.003806 decoded_dynamic=0.004618 presence_loss=0.060464 memory_norm=6.182658
epoch=3 step=8820 total_loss=0.040010 pred_loss=0.019506 pred_uniform=0.020069 rep=0.027321 barlow=0.003865 barlow_diag=0.9827 barlow_offdiag=0.1926 sigreg_obj=0.870353 memory_barlow=0.000000 target_std=0.9663 pred_std=0.9660 decoded_loss=0.003338 decoded_dynamic=0.005364 presence_loss=0.072954 memory_norm=7.507768
epoch=3 step=8830 total_loss=0.037639 pred_loss=0.017761 pred_uniform=0.018167 rep=0.024858 barlow=0.004040 barlow_diag=0.9853 barlow_offdiag=0.1999 sigreg_obj=0.830393 memory_barlow=0.000000 target_std=0.9570 pred_std=0.9563 decoded_loss=0.004397 decoded_dynamic=0.005740 presence_loss=0.093259 memory_norm=7.672830
epoch=3 step=8840 total_loss=0.038903 pred_loss=0.020519 pred_uniform=0.021221 rep=0.029470 barlow=0.003928 barlow_diag=0.9844 barlow_offdiag=0.1962 sigreg_obj=0.640480 memory_barlow=0.000000 target_std=0.9778 pred_std=0.9779 decoded_loss=0.003971 decoded_dynamic=0.006415 presence_loss=0.062696 memory_norm=7.421943
epoch=3 step=8850 total_loss=0.045017 pred_loss=0.023057 pred_uniform=0.023808 rep=0.034330 barlow=0.003814 barlow_diag=0.9840 barlow_offdiag=0.1927 sigreg_obj=0.804029 memory_barlow=0.000000 target_std=0.9734 pred_std=0.9710 decoded_loss=0.004921 decoded_dynamic=0.007577 presence_loss=0.087487 memory_norm=8.463470
epoch=3 step=8860 total_loss=0.046451 pred_loss=0.023042 pred_uniform=0.023689 rep=0.030610 barlow=0.004020 barlow_diag=0.9835 barlow_offdiag=0.1977 sigreg_obj=0.991402 memory_barlow=0.000000 target_std=0.9630 pred_std=0.9628 decoded_loss=0.003991 decoded_dynamic=0.006188 presence_loss=0.068484 memory_norm=8.674953
epoch=3 step=8870 total_loss=0.035864 pred_loss=0.016027 pred_uniform=0.016227 rep=0.026463 barlow=0.004075 barlow_diag=0.9836 barlow_offdiag=0.1993 sigreg_obj=0.870665 memory_barlow=0.000000 target_std=0.9525 pred_std=0.9494 decoded_loss=0.002851 decoded_dynamic=0.004587 presence_loss=0.049185 memory_norm=6.875696
epoch=3 step=8880 total_loss=0.038595 pred_loss=0.018072 pred_uniform=0.018317 rep=0.023154 barlow=0.004361 barlow_diag=0.9838 barlow_offdiag=0.2069 sigreg_obj=0.844647 memory_barlow=0.000000 target_std=0.9569 pred_std=0.9555 decoded_loss=0.005614 decoded_dynamic=0.006902 presence_loss=0.056774 memory_norm=7.058527
epoch=3 step=8890 total_loss=0.035893 pred_loss=0.017659 pred_uniform=0.017869 rep=0.021994 barlow=0.004448 barlow_diag=0.9827 barlow_offdiag=0.2080 sigreg_obj=0.655480 memory_barlow=0.000000 target_std=0.9586 pred_std=0.9571 decoded_loss=0.003166 decoded_dynamic=0.004936 presence_loss=0.054938 memory_norm=7.056655
epoch=3 step=8900 total_loss=0.044429 pred_loss=0.023470 pred_uniform=0.023964 rep=0.030088 barlow=0.003917 barlow_diag=0.9847 barlow_offdiag=0.1961 sigreg_obj=0.652680 memory_barlow=0.000000 target_std=0.9730 pred_std=0.9724 decoded_loss=0.004667 decoded_dynamic=0.006104 presence_loss=0.098600 memory_norm=7.686186
epoch=3 step=8910 total_loss=0.046816 pred_loss=0.023850 pred_uniform=0.024499 rep=0.027246 barlow=0.003777 barlow_diag=0.9855 barlow_offdiag=0.1931 sigreg_obj=0.903864 memory_barlow=0.000000 target_std=0.9630 pred_std=0.9637 decoded_loss=0.003574 decoded_dynamic=0.005964 presence_loss=0.072497 memory_norm=7.959564
epoch=3 step=8920 total_loss=0.039580 pred_loss=0.017081 pred_uniform=0.017395 rep=0.021161 barlow=0.003984 barlow_diag=0.9842 barlow_offdiag=0.1974 sigreg_obj=1.155017 memory_barlow=0.000000 target_std=0.9503 pred_std=0.9502 decoded_loss=0.003672 decoded_dynamic=0.005019 presence_loss=0.049455 memory_norm=6.819571
epoch=3 step=8930 total_loss=0.040057 pred_loss=0.021158 pred_uniform=0.021825 rep=0.026885 barlow=0.004144 barlow_diag=0.9843 barlow_offdiag=0.2018 sigreg_obj=0.653148 memory_barlow=0.000000 target_std=0.9643 pred_std=0.9631 decoded_loss=0.003445 decoded_dynamic=0.005724 presence_loss=0.080497 memory_norm=7.540673
epoch=3 step=8940 total_loss=0.030590 pred_loss=0.014703 pred_uniform=0.015061 rep=0.019723 barlow=0.003918 barlow_diag=0.9854 barlow_offdiag=0.1968 sigreg_obj=0.659887 memory_barlow=0.000000 target_std=0.9759 pred_std=0.9759 decoded_loss=0.003405 decoded_dynamic=0.005742 presence_loss=0.049723 memory_norm=7.397689
epoch=3 step=8950 total_loss=0.042877 pred_loss=0.021933 pred_uniform=0.022416 rep=0.025602 barlow=0.003776 barlow_diag=0.9852 barlow_offdiag=0.1928 sigreg_obj=0.744943 memory_barlow=0.000000 target_std=0.9641 pred_std=0.9623 decoded_loss=0.003823 decoded_dynamic=0.005696 presence_loss=0.105125 memory_norm=7.905856
epoch=3 step=8960 total_loss=0.037569 pred_loss=0.018855 pred_uniform=0.019271 rep=0.024033 barlow=0.004034 barlow_diag=0.9849 barlow_offdiag=0.1993 sigreg_obj=0.698495 memory_barlow=0.000000 target_std=0.9678 pred_std=0.9673 decoded_loss=0.003481 decoded_dynamic=0.005274 presence_loss=0.057954 memory_norm=7.175199
epoch=3 step=8970 total_loss=0.035491 pred_loss=0.017015 pred_uniform=0.017511 rep=0.023513 barlow=0.004112 barlow_diag=0.9852 barlow_offdiag=0.2016 sigreg_obj=0.831024 memory_barlow=0.000000 target_std=0.9670 pred_std=0.9665 decoded_loss=0.003658 decoded_dynamic=0.005537 presence_loss=0.047579 memory_norm=8.150778
epoch=3 step=8980 total_loss=0.038610 pred_loss=0.019379 pred_uniform=0.019723 rep=0.024980 barlow=0.003915 barlow_diag=0.9865 barlow_offdiag=0.1975 sigreg_obj=0.718257 memory_barlow=0.000000 target_std=0.9722 pred_std=0.9719 decoded_loss=0.003643 decoded_dynamic=0.005735 presence_loss=0.052027 memory_norm=8.071322
epoch=3 step=8990 total_loss=0.032129 pred_loss=0.013817 pred_uniform=0.014032 rep=0.019705 barlow=0.003949 barlow_diag=0.9849 barlow_offdiag=0.1971 sigreg_obj=0.907255 memory_barlow=0.000000 target_std=0.9557 pred_std=0.9539 decoded_loss=0.003791 decoded_dynamic=0.004478 presence_loss=0.033993 memory_norm=6.844198
saved_recovery_checkpoint epoch=3 step=9000 successful_updates=9000
epoch=3 step=9000 total_loss=0.034175 pred_loss=0.016584 pred_uniform=0.017122 rep=0.022703 barlow=0.003894 barlow_diag=0.9861 barlow_offdiag=0.1967 sigreg_obj=0.748859 memory_barlow=0.000000 target_std=0.9705 pred_std=0.9703 decoded_loss=0.004319 decoded_dynamic=0.006021 presence_loss=0.074182 memory_norm=8.023753
epoch=3 step=9010 total_loss=0.032905 pred_loss=0.014440 pred_uniform=0.014867 rep=0.020377 barlow=0.003858 barlow_diag=0.9863 barlow_offdiag=0.1958 sigreg_obj=0.972366 memory_barlow=0.000000 target_std=0.9773 pred_std=0.9773 decoded_loss=0.003051 decoded_dynamic=0.004674 presence_loss=0.049991 memory_norm=8.391009
epoch=3 step=9020 total_loss=0.045897 pred_loss=0.022775 pred_uniform=0.023120 rep=0.028311 barlow=0.004091 barlow_diag=0.9837 barlow_offdiag=0.1998 sigreg_obj=0.915071 memory_barlow=0.000000 target_std=0.9510 pred_std=0.9472 decoded_loss=0.003261 decoded_dynamic=0.004799 presence_loss=0.070331 memory_norm=7.156457
epoch=3 step=9030 total_loss=0.034791 pred_loss=0.016422 pred_uniform=0.016588 rep=0.024962 barlow=0.003997 barlow_diag=0.9862 barlow_offdiag=0.1994 sigreg_obj=0.717480 memory_barlow=0.000000 target_std=0.9673 pred_std=0.9672 decoded_loss=0.003073 decoded_dynamic=0.004851 presence_loss=0.049817 memory_norm=6.301639
epoch=3 step=9040 total_loss=0.041841 pred_loss=0.021217 pred_uniform=0.021640 rep=0.029884 barlow=0.003995 barlow_diag=0.9835 barlow_offdiag=0.1971 sigreg_obj=0.737176 memory_barlow=0.000000 target_std=0.9566 pred_std=0.9539 decoded_loss=0.004334 decoded_dynamic=0.005963 presence_loss=0.057786 memory_norm=6.492497
epoch=3 step=9050 total_loss=0.062247 pred_loss=0.034662 pred_uniform=0.035657 rep=0.041136 barlow=0.003897 barlow_diag=0.9845 barlow_offdiag=0.1955 sigreg_obj=0.769171 memory_barlow=0.000000 target_std=0.9747 pred_std=0.9768 decoded_loss=0.005719 decoded_dynamic=0.008193 presence_loss=0.125625 memory_norm=8.231865
epoch=3 step=9060 total_loss=0.051404 pred_loss=0.028470 pred_uniform=0.029501 rep=0.034091 barlow=0.003823 barlow_diag=0.9855 barlow_offdiag=0.1943 sigreg_obj=0.718150 memory_barlow=0.000000 target_std=0.9743 pred_std=0.9760 decoded_loss=0.005211 decoded_dynamic=0.008115 presence_loss=0.131681 memory_norm=8.419871
epoch=3 step=9070 total_loss=0.042994 pred_loss=0.016854 pred_uniform=0.017206 rep=0.032005 barlow=0.004659 barlow_diag=0.9852 barlow_offdiag=0.2154 sigreg_obj=1.453884 memory_barlow=0.000000 target_std=0.9308 pred_std=0.9291 decoded_loss=0.003766 decoded_dynamic=0.005166 presence_loss=0.048103 memory_norm=7.572112
epoch=3 step=9080 total_loss=0.047328 pred_loss=0.022883 pred_uniform=0.023313 rep=0.037661 barlow=0.004324 barlow_diag=0.9854 barlow_offdiag=0.2071 sigreg_obj=0.947638 memory_barlow=0.000000 target_std=0.9622 pred_std=0.9602 decoded_loss=0.003867 decoded_dynamic=0.006108 presence_loss=0.082678 memory_norm=7.449313
epoch=3 step=9090 total_loss=0.040395 pred_loss=0.021367 pred_uniform=0.021872 rep=0.031028 barlow=0.003882 barlow_diag=0.9865 barlow_offdiag=0.1966 sigreg_obj=0.599965 memory_barlow=0.000000 target_std=0.9766 pred_std=0.9760 decoded_loss=0.003783 decoded_dynamic=0.006192 presence_loss=0.070231 memory_norm=7.242918
epoch=3 step=9100 total_loss=0.042344 pred_loss=0.022469 pred_uniform=0.023213 rep=0.030842 barlow=0.003912 barlow_diag=0.9845 barlow_offdiag=0.1958 sigreg_obj=0.693492 memory_barlow=0.000000 target_std=0.9659 pred_std=0.9658 decoded_loss=0.004704 decoded_dynamic=0.006152 presence_loss=0.074933 memory_norm=7.354433
epoch=3 step=9110 total_loss=0.044223 pred_loss=0.021114 pred_uniform=0.021502 rep=0.029127 barlow=0.003714 barlow_diag=0.9850 barlow_offdiag=0.1909 sigreg_obj=0.723114 memory_barlow=0.000000 target_std=0.9699 pred_std=0.9675 decoded_loss=0.004916 decoded_dynamic=0.006117 presence_loss=0.094239 memory_norm=8.258862
epoch=3 step=9120 total_loss=0.037325 pred_loss=0.017090 pred_uniform=0.017270 rep=0.024668 barlow=0.003987 barlow_diag=0.9844 barlow_offdiag=0.1976 sigreg_obj=0.863060 memory_barlow=0.000000 target_std=0.9619 pred_std=0.9628 decoded_loss=0.003119 decoded_dynamic=0.005137 presence_loss=0.050818 memory_norm=6.872698
epoch=3 step=9130 total_loss=0.035906 pred_loss=0.015405 pred_uniform=0.015749 rep=0.024907 barlow=0.003765 barlow_diag=0.9854 barlow_offdiag=0.1926 sigreg_obj=1.047644 memory_barlow=0.000000 target_std=0.9460 pred_std=0.9450 decoded_loss=0.003139 decoded_dynamic=0.004888 presence_loss=0.045625 memory_norm=8.198094
epoch=3 step=9140 total_loss=0.039537 pred_loss=0.019611 pred_uniform=0.019822 rep=0.027690 barlow=0.004514 barlow_diag=0.9847 barlow_offdiag=0.2113 sigreg_obj=0.681022 memory_barlow=0.000000 target_std=0.9623 pred_std=0.9632 decoded_loss=0.003710 decoded_dynamic=0.005096 presence_loss=0.061292 memory_norm=6.297297
epoch=3 step=9150 total_loss=0.039954 pred_loss=0.020057 pred_uniform=0.020471 rep=0.027912 barlow=0.003892 barlow_diag=0.9842 barlow_offdiag=0.1950 sigreg_obj=0.741819 memory_barlow=0.000000 target_std=0.9673 pred_std=0.9671 decoded_loss=0.003781 decoded_dynamic=0.005287 presence_loss=0.053115 memory_norm=7.678481
epoch=3 step=9160 total_loss=0.037896 pred_loss=0.018815 pred_uniform=0.019359 rep=0.026355 barlow=0.004079 barlow_diag=0.9856 barlow_offdiag=0.2011 sigreg_obj=0.787795 memory_barlow=0.000000 target_std=0.9721 pred_std=0.9712 decoded_loss=0.004167 decoded_dynamic=0.006518 presence_loss=0.054125 memory_norm=8.819145
epoch=3 step=9170 total_loss=0.040607 pred_loss=0.019307 pred_uniform=0.019802 rep=0.022958 barlow=0.004223 barlow_diag=0.9849 barlow_offdiag=0.2043 sigreg_obj=0.990384 memory_barlow=0.000000 target_std=0.9602 pred_std=0.9615 decoded_loss=0.004003 decoded_dynamic=0.005273 presence_loss=0.056974 memory_norm=7.801016
epoch=3 step=9180 total_loss=0.039330 pred_loss=0.019066 pred_uniform=0.019478 rep=0.026912 barlow=0.003705 barlow_diag=0.9846 barlow_offdiag=0.1903 sigreg_obj=0.806039 memory_barlow=0.000000 target_std=0.9669 pred_std=0.9664 decoded_loss=0.003746 decoded_dynamic=0.005864 presence_loss=0.059490 memory_norm=6.794454
epoch=3 step=9190 total_loss=0.037833 pred_loss=0.017732 pred_uniform=0.018285 rep=0.023084 barlow=0.004152 barlow_diag=0.9850 barlow_offdiag=0.2025 sigreg_obj=0.956413 memory_barlow=0.000000 target_std=0.9551 pred_std=0.9546 decoded_loss=0.003981 decoded_dynamic=0.005142 presence_loss=0.089285 memory_norm=8.050782
epoch=3 step=9200 total_loss=0.046440 pred_loss=0.023361 pred_uniform=0.023879 rep=0.030503 barlow=0.004406 barlow_diag=0.9833 barlow_offdiag=0.2074 sigreg_obj=0.682199 memory_barlow=0.000000 target_std=0.9720 pred_std=0.9708 decoded_loss=0.003371 decoded_dynamic=0.005289 presence_loss=0.059650 memory_norm=6.878911
epoch=3 step=9210 total_loss=0.029274 pred_loss=0.012312 pred_uniform=0.012455 rep=0.019935 barlow=0.004685 barlow_diag=0.9843 barlow_offdiag=0.2152 sigreg_obj=0.803842 memory_barlow=0.000000 target_std=0.9625 pred_std=0.9620 decoded_loss=0.002641 decoded_dynamic=0.004373 presence_loss=0.053728 memory_norm=6.919275
epoch=3 step=9220 total_loss=0.038359 pred_loss=0.016495 pred_uniform=0.016888 rep=0.020159 barlow=0.004648 barlow_diag=0.9829 barlow_offdiag=0.2131 sigreg_obj=1.216683 memory_barlow=0.000000 target_std=0.9377 pred_std=0.9383 decoded_loss=0.003677 decoded_dynamic=0.004355 presence_loss=0.051378 memory_norm=7.379105
epoch=3 step=9230 total_loss=0.041176 pred_loss=0.021356 pred_uniform=0.021949 rep=0.029701 barlow=0.003996 barlow_diag=0.9845 barlow_offdiag=0.1981 sigreg_obj=0.654469 memory_barlow=0.000000 target_std=0.9718 pred_std=0.9710 decoded_loss=0.004117 decoded_dynamic=0.006379 presence_loss=0.109293 memory_norm=7.063436
epoch=3 step=9240 total_loss=0.048674 pred_loss=0.024905 pred_uniform=0.025700 rep=0.029561 barlow=0.004063 barlow_diag=0.9833 barlow_offdiag=0.1987 sigreg_obj=0.941214 memory_barlow=0.000000 target_std=0.9548 pred_std=0.9548 decoded_loss=0.004637 decoded_dynamic=0.006340 presence_loss=0.071390 memory_norm=7.735489
saved_recovery_checkpoint epoch=3 step=9250 successful_updates=9250
epoch=3 step=9250 total_loss=0.040915 pred_loss=0.019614 pred_uniform=0.019876 rep=0.024820 barlow=0.004110 barlow_diag=0.9847 barlow_offdiag=0.2012 sigreg_obj=0.812883 memory_barlow=0.000000 target_std=0.9681 pred_std=0.9692 decoded_loss=0.003875 decoded_dynamic=0.006097 presence_loss=0.073046 memory_norm=7.381137
epoch=3 step=9260 total_loss=0.054407 pred_loss=0.029152 pred_uniform=0.029982 rep=0.034131 barlow=0.003816 barlow_diag=0.9835 barlow_offdiag=0.1923 sigreg_obj=0.897104 memory_barlow=0.000000 target_std=0.9617 pred_std=0.9599 decoded_loss=0.005682 decoded_dynamic=0.005825 presence_loss=0.081116 memory_norm=8.259177
epoch=3 step=9270 total_loss=0.043250 pred_loss=0.020249 pred_uniform=0.020716 rep=0.028354 barlow=0.003884 barlow_diag=0.9844 barlow_offdiag=0.1949 sigreg_obj=1.033846 memory_barlow=0.000000 target_std=0.9546 pred_std=0.9556 decoded_loss=0.003904 decoded_dynamic=0.005924 presence_loss=0.070196 memory_norm=8.546126
epoch=3 step=9280 total_loss=0.045729 pred_loss=0.021614 pred_uniform=0.021964 rep=0.027592 barlow=0.003892 barlow_diag=0.9831 barlow_offdiag=0.1941 sigreg_obj=1.078755 memory_barlow=0.000000 target_std=0.9502 pred_std=0.9498 decoded_loss=0.004678 decoded_dynamic=0.005476 presence_loss=0.059686 memory_norm=7.436933
epoch=3 step=9290 total_loss=0.036824 pred_loss=0.014511 pred_uniform=0.014681 rep=0.025495 barlow=0.004802 barlow_diag=0.9741 barlow_offdiag=0.2062 sigreg_obj=1.187719 memory_barlow=0.000000 target_std=0.9433 pred_std=0.9434 decoded_loss=0.003881 decoded_dynamic=0.004643 presence_loss=0.042911 memory_norm=6.001800
epoch=3 step=9300 total_loss=0.047841 pred_loss=0.026457 pred_uniform=0.027288 rep=0.034009 barlow=0.003963 barlow_diag=0.9842 barlow_offdiag=0.1969 sigreg_obj=0.628189 memory_barlow=0.000000 target_std=0.9776 pred_std=0.9777 decoded_loss=0.004806 decoded_dynamic=0.007619 presence_loss=0.093451 memory_norm=7.504304
epoch=3 step=9310 total_loss=0.038789 pred_loss=0.019737 pred_uniform=0.020238 rep=0.028357 barlow=0.003944 barlow_diag=0.9848 barlow_offdiag=0.1969 sigreg_obj=0.622268 memory_barlow=0.000000 target_std=0.9759 pred_std=0.9754 decoded_loss=0.003786 decoded_dynamic=0.006426 presence_loss=0.071843 memory_norm=7.614778
epoch=3 step=9320 total_loss=0.039275 pred_loss=0.019930 pred_uniform=0.020501 rep=0.026227 barlow=0.003821 barlow_diag=0.9840 barlow_offdiag=0.1930 sigreg_obj=0.750385 memory_barlow=0.000000 target_std=0.9760 pred_std=0.9757 decoded_loss=0.003983 decoded_dynamic=0.005934 presence_loss=0.076153 memory_norm=8.433815
epoch=3 step=9330 total_loss=0.042701 pred_loss=0.023165 pred_uniform=0.024177 rep=0.031709 barlow=0.003978 barlow_diag=0.9835 barlow_offdiag=0.1966 sigreg_obj=0.726881 memory_barlow=0.000000 target_std=0.9683 pred_std=0.9651 decoded_loss=0.006067 decoded_dynamic=0.008568 presence_loss=0.072309 memory_norm=7.171131
epoch=3 step=9340 total_loss=0.039393 pred_loss=0.016572 pred_uniform=0.016895 rep=0.023015 barlow=0.005007 barlow_diag=0.9841 barlow_offdiag=0.2227 sigreg_obj=1.213539 memory_barlow=0.000000 target_std=0.9446 pred_std=0.9446 decoded_loss=0.003367 decoded_dynamic=0.004307 presence_loss=0.051739 memory_norm=7.594448
epoch=3 step=9350 total_loss=0.038500 pred_loss=0.019209 pred_uniform=0.019622 rep=0.027563 barlow=0.003895 barlow_diag=0.9849 barlow_offdiag=0.1957 sigreg_obj=0.738463 memory_barlow=0.000000 target_std=0.9655 pred_std=0.9652 decoded_loss=0.003094 decoded_dynamic=0.005090 presence_loss=0.058955 memory_norm=7.538753
epoch=3 step=9360 total_loss=0.037042 pred_loss=0.018175 pred_uniform=0.018630 rep=0.022119 barlow=0.004243 barlow_diag=0.9831 barlow_offdiag=0.2032 sigreg_obj=0.792726 memory_barlow=0.000000 target_std=0.9612 pred_std=0.9603 decoded_loss=0.005020 decoded_dynamic=0.005321 presence_loss=0.065668 memory_norm=7.189058
epoch=3 step=9370 total_loss=0.034721 pred_loss=0.016984 pred_uniform=0.017421 rep=0.020461 barlow=0.003889 barlow_diag=0.9860 barlow_offdiag=0.1964 sigreg_obj=0.801458 memory_barlow=0.000000 target_std=0.9615 pred_std=0.9611 decoded_loss=0.003478 decoded_dynamic=0.005021 presence_loss=0.053545 memory_norm=7.805885
epoch_summary epoch=3 step=9375 total_loss=0.044187 pred_loss=0.021922 pred_uniform=0.022416 rep=0.028752 barlow=0.004240 barlow_diag=0.9843 barlow_offdiag=0.2040 sigreg_obj=0.862500 memory_barlow=0.000000 target_std=0.9637 pred_std=0.9629 decoded_loss=0.004335 presence_loss=0.075717 memory_norm=7.453252
saved_checkpoint runs/rnn_seqmem_exp34_two_mask_complex_5ep_20260707_100311/checkpoint_epoch_003.pt and runs/rnn_seqmem_exp34_two_mask_complex_5ep_20260707_100311/checkpoint.pt
epoch_schedule epoch=4 active_sigreg_weight=0.010000
epoch=4 step=9380 total_loss=0.037639 pred_loss=0.020690 pred_uniform=0.021629 rep=0.026419 barlow=0.004252 barlow_diag=0.9857 barlow_offdiag=0.2056 sigreg_obj=0.598901 memory_barlow=0.000000 target_std=0.9718 pred_std=0.9704 decoded_loss=0.004033 decoded_dynamic=0.006486 presence_loss=0.085048 memory_norm=6.920556
epoch=4 step=9390 total_loss=0.045915 pred_loss=0.023959 pred_uniform=0.024795 rep=0.029258 barlow=0.004407 barlow_diag=0.9841 barlow_offdiag=0.2081 sigreg_obj=0.793318 memory_barlow=0.000000 target_std=0.9526 pred_std=0.9524 decoded_loss=0.003552 decoded_dynamic=0.005863 presence_loss=0.130595 memory_norm=5.994919
epoch=4 step=9400 total_loss=0.056983 pred_loss=0.033094 pred_uniform=0.034552 rep=0.037031 barlow=0.003821 barlow_diag=0.9850 barlow_offdiag=0.1938 sigreg_obj=0.757553 memory_barlow=0.000000 target_std=0.9797 pred_std=0.9825 decoded_loss=0.004956 decoded_dynamic=0.008279 presence_loss=0.090046 memory_norm=8.387639
epoch=4 step=9410 total_loss=0.063584 pred_loss=0.033897 pred_uniform=0.034207 rep=0.037513 barlow=0.004009 barlow_diag=0.9856 barlow_offdiag=0.1993 sigreg_obj=0.840655 memory_barlow=0.000000 target_std=0.9597 pred_std=0.9580 decoded_loss=0.004105 decoded_dynamic=0.004902 presence_loss=0.074938 memory_norm=6.393548
epoch=4 step=9420 total_loss=0.044559 pred_loss=0.022349 pred_uniform=0.023019 rep=0.028761 barlow=0.003868 barlow_diag=0.9850 barlow_offdiag=0.1950 sigreg_obj=0.872889 memory_barlow=0.000000 target_std=0.9647 pred_std=0.9632 decoded_loss=0.004306 decoded_dynamic=0.005915 presence_loss=0.095954 memory_norm=8.277590
epoch=4 step=9430 total_loss=0.045974 pred_loss=0.024843 pred_uniform=0.025783 rep=0.029683 barlow=0.003682 barlow_diag=0.9849 barlow_offdiag=0.1899 sigreg_obj=0.777161 memory_barlow=0.000000 target_std=0.9737 pred_std=0.9738 decoded_loss=0.004586 decoded_dynamic=0.007065 presence_loss=0.089970 memory_norm=8.001526
epoch=4 step=9440 total_loss=0.048116 pred_loss=0.025051 pred_uniform=0.025766 rep=0.031818 barlow=0.003709 barlow_diag=0.9846 barlow_offdiag=0.1904 sigreg_obj=0.705793 memory_barlow=0.000000 target_std=0.9749 pred_std=0.9749 decoded_loss=0.004797 decoded_dynamic=0.007015 presence_loss=0.069588 memory_norm=7.675664
epoch=4 step=9450 total_loss=0.037583 pred_loss=0.019933 pred_uniform=0.020607 rep=0.024032 barlow=0.003916 barlow_diag=0.9865 barlow_offdiag=0.1975 sigreg_obj=0.695834 memory_barlow=0.000000 target_std=0.9614 pred_std=0.9608 decoded_loss=0.003675 decoded_dynamic=0.005413 presence_loss=0.058484 memory_norm=7.475824
epoch=4 step=9460 total_loss=0.047799 pred_loss=0.026916 pred_uniform=0.027734 rep=0.031697 barlow=0.003543 barlow_diag=0.9864 barlow_offdiag=0.1873 sigreg_obj=0.657346 memory_barlow=0.000000 target_std=0.9784 pred_std=0.9797 decoded_loss=0.004571 decoded_dynamic=0.007119 presence_loss=0.075952 memory_norm=8.512398
epoch=4 step=9470 total_loss=0.041198 pred_loss=0.019772 pred_uniform=0.020210 rep=0.025719 barlow=0.003897 barlow_diag=0.9855 barlow_offdiag=0.1962 sigreg_obj=0.921359 memory_barlow=0.000000 target_std=0.9590 pred_std=0.9563 decoded_loss=0.003962 decoded_dynamic=0.005423 presence_loss=0.067598 memory_norm=8.117807
epoch=4 step=9480 total_loss=0.028821 pred_loss=0.013037 pred_uniform=0.013179 rep=0.023804 barlow=0.004719 barlow_diag=0.9861 barlow_offdiag=0.2174 sigreg_obj=0.630663 memory_barlow=0.000000 target_std=0.9633 pred_std=0.9633 decoded_loss=0.003985 decoded_dynamic=0.004571 presence_loss=0.037097 memory_norm=5.438793
epoch=4 step=9490 total_loss=0.030662 pred_loss=0.013413 pred_uniform=0.013672 rep=0.019210 barlow=0.003752 barlow_diag=0.9849 barlow_offdiag=0.1918 sigreg_obj=0.764873 memory_barlow=0.000000 target_std=0.9765 pred_std=0.9763 decoded_loss=0.004225 decoded_dynamic=0.005620 presence_loss=0.046451 memory_norm=7.923058
saved_recovery_checkpoint epoch=4 step=9500 successful_updates=9500
epoch=4 step=9500 total_loss=0.031233 pred_loss=0.015262 pred_uniform=0.015542 rep=0.021859 barlow=0.003760 barlow_diag=0.9870 barlow_offdiag=0.1937 sigreg_obj=0.602381 memory_barlow=0.000000 target_std=0.9779 pred_std=0.9768 decoded_loss=0.003361 decoded_dynamic=0.005173 presence_loss=0.040403 memory_norm=7.009092
epoch=4 step=9510 total_loss=0.036799 pred_loss=0.018114 pred_uniform=0.018569 rep=0.022483 barlow=0.003778 barlow_diag=0.9864 barlow_offdiag=0.1937 sigreg_obj=0.762413 memory_barlow=0.000000 target_std=0.9662 pred_std=0.9663 decoded_loss=0.003665 decoded_dynamic=0.005292 presence_loss=0.049224 memory_norm=8.462713
epoch=4 step=9520 total_loss=0.046800 pred_loss=0.024052 pred_uniform=0.024893 rep=0.030788 barlow=0.003894 barlow_diag=0.9867 barlow_offdiag=0.1971 sigreg_obj=0.944123 memory_barlow=0.000000 target_std=0.9661 pred_std=0.9661 decoded_loss=0.004240 decoded_dynamic=0.006173 presence_loss=0.070165 memory_norm=8.614531
epoch=4 step=9530 total_loss=0.049884 pred_loss=0.025391 pred_uniform=0.026178 rep=0.032312 barlow=0.003913 barlow_diag=0.9853 barlow_offdiag=0.1965 sigreg_obj=0.978419 memory_barlow=0.000000 target_std=0.9700 pred_std=0.9691 decoded_loss=0.005212 decoded_dynamic=0.007497 presence_loss=0.105991 memory_norm=8.835667
epoch=4 step=9540 total_loss=0.039792 pred_loss=0.019357 pred_uniform=0.019770 rep=0.032559 barlow=0.004099 barlow_diag=0.9816 barlow_offdiag=0.1980 sigreg_obj=0.747477 memory_barlow=0.000000 target_std=0.9622 pred_std=0.9618 decoded_loss=0.004346 decoded_dynamic=0.006169 presence_loss=0.048750 memory_norm=7.434722
epoch=4 step=9550 total_loss=0.031334 pred_loss=0.015104 pred_uniform=0.015446 rep=0.026993 barlow=0.003952 barlow_diag=0.9851 barlow_offdiag=0.1973 sigreg_obj=0.600107 memory_barlow=0.000000 target_std=0.9755 pred_std=0.9751 decoded_loss=0.003588 decoded_dynamic=0.005613 presence_loss=0.051614 memory_norm=6.566018
epoch=4 step=9560 total_loss=0.049627 pred_loss=0.027670 pred_uniform=0.028750 rep=0.035078 barlow=0.003724 barlow_diag=0.9830 barlow_offdiag=0.1893 sigreg_obj=0.697525 memory_barlow=0.000000 target_std=0.9762 pred_std=0.9751 decoded_loss=0.004836 decoded_dynamic=0.007630 presence_loss=0.102511 memory_norm=8.482133
epoch=4 step=9570 total_loss=0.030529 pred_loss=0.012002 pred_uniform=0.012038 rep=0.018497 barlow=0.004503 barlow_diag=0.9843 barlow_offdiag=0.2107 sigreg_obj=0.977875 memory_barlow=0.000000 target_std=0.9463 pred_std=0.9442 decoded_loss=0.003504 decoded_dynamic=0.003273 presence_loss=0.046395 memory_norm=5.807526
epoch=4 step=9580 total_loss=0.040458 pred_loss=0.020696 pred_uniform=0.021239 rep=0.027547 barlow=0.003912 barlow_diag=0.9841 barlow_offdiag=0.1954 sigreg_obj=0.733196 memory_barlow=0.000000 target_std=0.9627 pred_std=0.9624 decoded_loss=0.003190 decoded_dynamic=0.005168 presence_loss=0.062345 memory_norm=6.739745
epoch=4 step=9590 total_loss=0.048429 pred_loss=0.026035 pred_uniform=0.026724 rep=0.030920 barlow=0.003641 barlow_diag=0.9849 barlow_offdiag=0.1888 sigreg_obj=0.718253 memory_barlow=0.000000 target_std=0.9698 pred_std=0.9688 decoded_loss=0.004142 decoded_dynamic=0.005600 presence_loss=0.099127 memory_norm=8.229248
epoch=4 step=9600 total_loss=0.037777 pred_loss=0.017812 pred_uniform=0.018171 rep=0.022868 barlow=0.003723 barlow_diag=0.9864 barlow_offdiag=0.1923 sigreg_obj=0.894174 memory_barlow=0.000000 target_std=0.9640 pred_std=0.9642 decoded_loss=0.003020 decoded_dynamic=0.004941 presence_loss=0.066755 memory_norm=7.843301
epoch=4 step=9610 total_loss=0.043438 pred_loss=0.021828 pred_uniform=0.022356 rep=0.026813 barlow=0.004026 barlow_diag=0.9846 barlow_offdiag=0.1989 sigreg_obj=0.874921 memory_barlow=0.000000 target_std=0.9565 pred_std=0.9560 decoded_loss=0.004583 decoded_dynamic=0.005867 presence_loss=0.079159 memory_norm=7.241055
epoch=4 step=9620 total_loss=0.033229 pred_loss=0.016786 pred_uniform=0.017168 rep=0.021482 barlow=0.003820 barlow_diag=0.9832 barlow_offdiag=0.1920 sigreg_obj=0.614557 memory_barlow=0.000000 target_std=0.9762 pred_std=0.9757 decoded_loss=0.003021 decoded_dynamic=0.004628 presence_loss=0.047746 memory_norm=7.742812
epoch=4 step=9630 total_loss=0.042572 pred_loss=0.022084 pred_uniform=0.022670 rep=0.023982 barlow=0.003656 barlow_diag=0.9838 barlow_offdiag=0.1882 sigreg_obj=0.736882 memory_barlow=0.000000 target_std=0.9682 pred_std=0.9692 decoded_loss=0.003427 decoded_dynamic=0.005680 presence_loss=0.063580 memory_norm=9.252064
epoch=4 step=9640 total_loss=0.044560 pred_loss=0.022078 pred_uniform=0.022253 rep=0.028411 barlow=0.003920 barlow_diag=0.9846 barlow_offdiag=0.1960 sigreg_obj=0.788963 memory_barlow=0.000000 target_std=0.9613 pred_std=0.9611 decoded_loss=0.003971 decoded_dynamic=0.005900 presence_loss=0.068787 memory_norm=7.425708
epoch=4 step=9650 total_loss=0.036400 pred_loss=0.017626 pred_uniform=0.018088 rep=0.026022 barlow=0.003899 barlow_diag=0.9850 barlow_offdiag=0.1959 sigreg_obj=0.783501 memory_barlow=0.000000 target_std=0.9583 pred_std=0.9577 decoded_loss=0.003445 decoded_dynamic=0.005335 presence_loss=0.059188 memory_norm=6.576177
epoch=4 step=9660 total_loss=0.039009 pred_loss=0.020129 pred_uniform=0.020553 rep=0.026183 barlow=0.003682 barlow_diag=0.9862 barlow_offdiag=0.1910 sigreg_obj=0.663330 memory_barlow=0.000000 target_std=0.9723 pred_std=0.9726 decoded_loss=0.003132 decoded_dynamic=0.005141 presence_loss=0.047026 memory_norm=7.819063
epoch=4 step=9670 total_loss=0.039608 pred_loss=0.020748 pred_uniform=0.021504 rep=0.027539 barlow=0.003591 barlow_diag=0.9861 barlow_offdiag=0.1885 sigreg_obj=0.714870 memory_barlow=0.000000 target_std=0.9752 pred_std=0.9746 decoded_loss=0.004288 decoded_dynamic=0.006214 presence_loss=0.048840 memory_norm=8.484688
epoch=4 step=9680 total_loss=0.057704 pred_loss=0.033212 pred_uniform=0.034315 rep=0.030450 barlow=0.003908 barlow_diag=0.9834 barlow_offdiag=0.1947 sigreg_obj=0.716600 memory_barlow=0.000000 target_std=0.9824 pred_std=0.9824 decoded_loss=0.004027 decoded_dynamic=0.006881 presence_loss=0.053014 memory_norm=7.666337
epoch=4 step=9690 total_loss=0.043821 pred_loss=0.024085 pred_uniform=0.024746 rep=0.030025 barlow=0.003699 barlow_diag=0.9830 barlow_offdiag=0.1886 sigreg_obj=0.610271 memory_barlow=0.000000 target_std=0.9763 pred_std=0.9740 decoded_loss=0.004496 decoded_dynamic=0.006990 presence_loss=0.058199 memory_norm=7.893513
epoch=4 step=9700 total_loss=0.064415 pred_loss=0.034662 pred_uniform=0.035013 rep=0.035269 barlow=0.004353 barlow_diag=0.9847 barlow_offdiag=0.2074 sigreg_obj=0.931508 memory_barlow=0.000000 target_std=0.9536 pred_std=0.9519 decoded_loss=0.003379 decoded_dynamic=0.005559 presence_loss=0.055062 memory_norm=7.112957
epoch=4 step=9710 total_loss=0.034831 pred_loss=0.017234 pred_uniform=0.017530 rep=0.021258 barlow=0.003916 barlow_diag=0.9838 barlow_offdiag=0.1952 sigreg_obj=0.704797 memory_barlow=0.000000 target_std=0.9680 pred_std=0.9676 decoded_loss=0.003726 decoded_dynamic=0.005258 presence_loss=0.050298 memory_norm=7.527912
epoch=4 step=9720 total_loss=0.046860 pred_loss=0.025698 pred_uniform=0.026511 rep=0.033068 barlow=0.003936 barlow_diag=0.9821 barlow_offdiag=0.1943 sigreg_obj=0.617253 memory_barlow=0.000000 target_std=0.9717 pred_std=0.9706 decoded_loss=0.004275 decoded_dynamic=0.006475 presence_loss=0.071275 memory_norm=7.424056
epoch=4 step=9730 total_loss=0.041582 pred_loss=0.020686 pred_uniform=0.020894 rep=0.021566 barlow=0.004536 barlow_diag=0.9778 barlow_offdiag=0.2045 sigreg_obj=0.805686 memory_barlow=0.000000 target_std=0.9561 pred_std=0.9549 decoded_loss=0.004651 decoded_dynamic=0.005371 presence_loss=0.055620 memory_norm=6.069721
epoch=4 step=9740 total_loss=0.047358 pred_loss=0.025071 pred_uniform=0.025539 rep=0.030468 barlow=0.004070 barlow_diag=0.9837 barlow_offdiag=0.1993 sigreg_obj=0.698940 memory_barlow=0.000000 target_std=0.9705 pred_std=0.9716 decoded_loss=0.004548 decoded_dynamic=0.007183 presence_loss=0.062676 memory_norm=7.820482
saved_recovery_checkpoint epoch=4 step=9750 successful_updates=9750
epoch=4 step=9750 total_loss=0.034752 pred_loss=0.014235 pred_uniform=0.014480 rep=0.020531 barlow=0.003878 barlow_diag=0.9838 barlow_offdiag=0.1942 sigreg_obj=1.106870 memory_barlow=0.000000 target_std=0.9478 pred_std=0.9473 decoded_loss=0.003478 decoded_dynamic=0.004742 presence_loss=0.046839 memory_norm=6.674712
epoch=4 step=9760 total_loss=0.036180 pred_loss=0.017051 pred_uniform=0.017461 rep=0.024352 barlow=0.003775 barlow_diag=0.9860 barlow_offdiag=0.1934 sigreg_obj=0.844382 memory_barlow=0.000000 target_std=0.9667 pred_std=0.9668 decoded_loss=0.003741 decoded_dynamic=0.005616 presence_loss=0.067216 memory_norm=7.893796
epoch=4 step=9770 total_loss=0.042324 pred_loss=0.022845 pred_uniform=0.023370 rep=0.028541 barlow=0.003735 barlow_diag=0.9854 barlow_offdiag=0.1918 sigreg_obj=0.605428 memory_barlow=0.000000 target_std=0.9778 pred_std=0.9766 decoded_loss=0.003440 decoded_dynamic=0.005782 presence_loss=0.070730 memory_norm=7.831066
epoch=4 step=9780 total_loss=0.036072 pred_loss=0.016816 pred_uniform=0.016968 rep=0.023279 barlow=0.005367 barlow_diag=0.9846 barlow_offdiag=0.2312 sigreg_obj=0.794433 memory_barlow=0.000000 target_std=0.9585 pred_std=0.9566 decoded_loss=0.002728 decoded_dynamic=0.004373 presence_loss=0.045226 memory_norm=5.250684
epoch=4 step=9790 total_loss=0.051356 pred_loss=0.025462 pred_uniform=0.025971 rep=0.031987 barlow=0.003865 barlow_diag=0.9845 barlow_offdiag=0.1944 sigreg_obj=0.984066 memory_barlow=0.000000 target_std=0.9572 pred_std=0.9570 decoded_loss=0.003477 decoded_dynamic=0.005190 presence_loss=0.064831 memory_norm=7.676536
epoch=4 step=9800 total_loss=0.042731 pred_loss=0.022444 pred_uniform=0.023053 rep=0.028636 barlow=0.004056 barlow_diag=0.9811 barlow_offdiag=0.1961 sigreg_obj=0.779833 memory_barlow=0.000000 target_std=0.9604 pred_std=0.9617 decoded_loss=0.003944 decoded_dynamic=0.005884 presence_loss=0.071620 memory_norm=6.792544
epoch=4 step=9810 total_loss=0.042331 pred_loss=0.022503 pred_uniform=0.023195 rep=0.028301 barlow=0.003517 barlow_diag=0.9864 barlow_offdiag=0.1865 sigreg_obj=0.705824 memory_barlow=0.000000 target_std=0.9778 pred_std=0.9781 decoded_loss=0.003865 decoded_dynamic=0.005601 presence_loss=0.065679 memory_norm=8.587367
epoch=4 step=9820 total_loss=0.055750 pred_loss=0.028452 pred_uniform=0.029281 rep=0.035294 barlow=0.003672 barlow_diag=0.9838 barlow_offdiag=0.1885 sigreg_obj=0.821216 memory_barlow=0.000000 target_std=0.9687 pred_std=0.9667 decoded_loss=0.004073 decoded_dynamic=0.005677 presence_loss=0.059194 memory_norm=8.658150
epoch=4 step=9830 total_loss=0.035969 pred_loss=0.017966 pred_uniform=0.018510 rep=0.025079 barlow=0.003886 barlow_diag=0.9863 barlow_offdiag=0.1966 sigreg_obj=0.738776 memory_barlow=0.000000 target_std=0.9644 pred_std=0.9631 decoded_loss=0.003277 decoded_dynamic=0.005515 presence_loss=0.074047 memory_norm=8.056673
epoch=4 step=9840 total_loss=0.043488 pred_loss=0.020042 pred_uniform=0.020545 rep=0.026274 barlow=0.004309 barlow_diag=0.9838 barlow_offdiag=0.2054 sigreg_obj=1.020653 memory_barlow=0.000000 target_std=0.9508 pred_std=0.9488 decoded_loss=0.003684 decoded_dynamic=0.004741 presence_loss=0.051747 memory_norm=6.576699
epoch=4 step=9850 total_loss=0.038680 pred_loss=0.019928 pred_uniform=0.020364 rep=0.026054 barlow=0.004038 barlow_diag=0.9849 barlow_offdiag=0.1994 sigreg_obj=0.633596 memory_barlow=0.000000 target_std=0.9634 pred_std=0.9641 decoded_loss=0.003130 decoded_dynamic=0.004796 presence_loss=0.051809 memory_norm=6.099886
epoch=4 step=9860 total_loss=0.042233 pred_loss=0.021474 pred_uniform=0.022158 rep=0.028896 barlow=0.004088 barlow_diag=0.9838 barlow_offdiag=0.1998 sigreg_obj=0.864085 memory_barlow=0.000000 target_std=0.9582 pred_std=0.9556 decoded_loss=0.003916 decoded_dynamic=0.005635 presence_loss=0.063059 memory_norm=6.219563
epoch=4 step=9870 total_loss=0.051236 pred_loss=0.028200 pred_uniform=0.029122 rep=0.038046 barlow=0.003794 barlow_diag=0.9848 barlow_offdiag=0.1929 sigreg_obj=0.709103 memory_barlow=0.000000 target_std=0.9700 pred_std=0.9693 decoded_loss=0.004569 decoded_dynamic=0.006488 presence_loss=0.087528 memory_norm=7.750383
epoch=4 step=9880 total_loss=0.051330 pred_loss=0.028651 pred_uniform=0.029518 rep=0.037872 barlow=0.003545 barlow_diag=0.9836 barlow_offdiag=0.1849 sigreg_obj=0.698073 memory_barlow=0.000000 target_std=0.9731 pred_std=0.9728 decoded_loss=0.005503 decoded_dynamic=0.007132 presence_loss=0.085606 memory_norm=8.714707
epoch=4 step=9890 total_loss=0.058461 pred_loss=0.029592 pred_uniform=0.030151 rep=0.036368 barlow=0.003994 barlow_diag=0.9826 barlow_offdiag=0.1963 sigreg_obj=0.793977 memory_barlow=0.000000 target_std=0.9597 pred_std=0.9592 decoded_loss=0.004837 decoded_dynamic=0.006850 presence_loss=0.103219 memory_norm=6.994637
epoch=4 step=9900 total_loss=0.038389 pred_loss=0.019152 pred_uniform=0.019528 rep=0.026161 barlow=0.003914 barlow_diag=0.9840 barlow_offdiag=0.1953 sigreg_obj=0.686075 memory_barlow=0.000000 target_std=0.9667 pred_std=0.9669 decoded_loss=0.004035 decoded_dynamic=0.005682 presence_loss=0.057092 memory_norm=7.630573
epoch=4 step=9910 total_loss=0.048220 pred_loss=0.025289 pred_uniform=0.025902 rep=0.031593 barlow=0.003804 barlow_diag=0.9833 barlow_offdiag=0.1918 sigreg_obj=0.768488 memory_barlow=0.000000 target_std=0.9593 pred_std=0.9579 decoded_loss=0.004731 decoded_dynamic=0.005766 presence_loss=0.088285 memory_norm=7.442699
epoch=4 step=9920 total_loss=0.043562 pred_loss=0.023081 pred_uniform=0.023815 rep=0.030930 barlow=0.003652 barlow_diag=0.9843 barlow_offdiag=0.1885 sigreg_obj=0.713360 memory_barlow=0.000000 target_std=0.9726 pred_std=0.9731 decoded_loss=0.004822 decoded_dynamic=0.008116 presence_loss=0.058310 memory_norm=7.640864
epoch=4 step=9930 total_loss=0.031261 pred_loss=0.014380 pred_uniform=0.014621 rep=0.020280 barlow=0.003855 barlow_diag=0.9847 barlow_offdiag=0.1943 sigreg_obj=0.729946 memory_barlow=0.000000 target_std=0.9636 pred_std=0.9632 decoded_loss=0.003636 decoded_dynamic=0.004824 presence_loss=0.043350 memory_norm=7.677319
epoch=4 step=9940 total_loss=0.045985 pred_loss=0.026544 pred_uniform=0.027683 rep=0.033199 barlow=0.003764 barlow_diag=0.9857 barlow_offdiag=0.1928 sigreg_obj=0.576040 memory_barlow=0.000000 target_std=0.9814 pred_std=0.9814 decoded_loss=0.004367 decoded_dynamic=0.007031 presence_loss=0.071090 memory_norm=7.231476
epoch=4 step=9950 total_loss=0.034413 pred_loss=0.017284 pred_uniform=0.017691 rep=0.021257 barlow=0.004048 barlow_diag=0.9838 barlow_offdiag=0.1984 sigreg_obj=0.652456 memory_barlow=0.000000 target_std=0.9741 pred_std=0.9735 decoded_loss=0.003845 decoded_dynamic=0.005361 presence_loss=0.065956 memory_norm=6.906507
epoch=4 step=9960 total_loss=0.032901 pred_loss=0.013868 pred_uniform=0.014212 rep=0.017748 barlow=0.003868 barlow_diag=0.9842 barlow_offdiag=0.1942 sigreg_obj=1.052791 memory_barlow=0.000000 target_std=0.9549 pred_std=0.9547 decoded_loss=0.003212 decoded_dynamic=0.004657 presence_loss=0.035389 memory_norm=8.315826
epoch=4 step=9970 total_loss=0.036551 pred_loss=0.018623 pred_uniform=0.019010 rep=0.026917 barlow=0.003941 barlow_diag=0.9839 barlow_offdiag=0.1960 sigreg_obj=0.643449 memory_barlow=0.000000 target_std=0.9692 pred_std=0.9682 decoded_loss=0.003403 decoded_dynamic=0.004945 presence_loss=0.058674 memory_norm=6.366699
epoch=4 step=9980 total_loss=0.039711 pred_loss=0.018772 pred_uniform=0.019162 rep=0.031095 barlow=0.003864 barlow_diag=0.9851 barlow_offdiag=0.1951 sigreg_obj=0.905556 memory_barlow=0.000000 target_std=0.9548 pred_std=0.9533 decoded_loss=0.003200 decoded_dynamic=0.004876 presence_loss=0.051381 memory_norm=7.681694
epoch=4 step=9990 total_loss=0.027872 pred_loss=0.012242 pred_uniform=0.012472 rep=0.018771 barlow=0.003876 barlow_diag=0.9871 barlow_offdiag=0.1969 sigreg_obj=0.720833 memory_barlow=0.000000 target_std=0.9698 pred_std=0.9695 decoded_loss=0.002751 decoded_dynamic=0.004347 presence_loss=0.033907 memory_norm=7.686079
saved_recovery_checkpoint epoch=4 step=10000 successful_updates=10000
epoch=4 step=10000 total_loss=0.036717 pred_loss=0.016867 pred_uniform=0.017064 rep=0.022371 barlow=0.003964 barlow_diag=0.9862 barlow_offdiag=0.1986 sigreg_obj=0.882280 memory_barlow=0.000000 target_std=0.9516 pred_std=0.9518 decoded_loss=0.003640 decoded_dynamic=0.005186 presence_loss=0.046479 memory_norm=6.452143
epoch=4 step=10010 total_loss=0.026946 pred_loss=0.012347 pred_uniform=0.012685 rep=0.018707 barlow=0.003683 barlow_diag=0.9860 barlow_offdiag=0.1909 sigreg_obj=0.665791 memory_barlow=0.000000 target_std=0.9675 pred_std=0.9669 decoded_loss=0.004375 decoded_dynamic=0.005613 presence_loss=0.044162 memory_norm=7.398865
epoch=4 step=10020 total_loss=0.033944 pred_loss=0.015560 pred_uniform=0.015815 rep=0.019798 barlow=0.003888 barlow_diag=0.9837 barlow_offdiag=0.1943 sigreg_obj=0.860502 memory_barlow=0.000000 target_std=0.9558 pred_std=0.9544 decoded_loss=0.003223 decoded_dynamic=0.003741 presence_loss=0.030458 memory_norm=6.747184
epoch=4 step=10030 total_loss=0.030673 pred_loss=0.014535 pred_uniform=0.014844 rep=0.019533 barlow=0.003818 barlow_diag=0.9851 barlow_offdiag=0.1938 sigreg_obj=0.702251 memory_barlow=0.000000 target_std=0.9713 pred_std=0.9707 decoded_loss=0.003233 decoded_dynamic=0.005193 presence_loss=0.047110 memory_norm=7.781199
epoch=4 step=10040 total_loss=0.041511 pred_loss=0.022750 pred_uniform=0.023660 rep=0.027945 barlow=0.003808 barlow_diag=0.9868 barlow_offdiag=0.1949 sigreg_obj=0.636318 memory_barlow=0.000000 target_std=0.9779 pred_std=0.9774 decoded_loss=0.004363 decoded_dynamic=0.007243 presence_loss=0.061212 memory_norm=7.720782
epoch=4 step=10050 total_loss=0.033225 pred_loss=0.016883 pred_uniform=0.017401 rep=0.020984 barlow=0.003704 barlow_diag=0.9858 barlow_offdiag=0.1912 sigreg_obj=0.685282 memory_barlow=0.000000 target_std=0.9699 pred_std=0.9705 decoded_loss=0.004198 decoded_dynamic=0.004857 presence_loss=0.045313 memory_norm=7.512109
epoch=4 step=10060 total_loss=0.051769 pred_loss=0.028719 pred_uniform=0.029681 rep=0.033062 barlow=0.003880 barlow_diag=0.9854 barlow_offdiag=0.1957 sigreg_obj=0.743807 memory_barlow=0.000000 target_std=0.9812 pred_std=0.9802 decoded_loss=0.004891 decoded_dynamic=0.007629 presence_loss=0.103915 memory_norm=7.795446
epoch=4 step=10070 total_loss=0.042255 pred_loss=0.021626 pred_uniform=0.022044 rep=0.026563 barlow=0.003854 barlow_diag=0.9854 barlow_offdiag=0.1950 sigreg_obj=0.771587 memory_barlow=0.000000 target_std=0.9606 pred_std=0.9602 decoded_loss=0.003810 decoded_dynamic=0.005143 presence_loss=0.055799 memory_norm=7.418907
epoch=4 step=10080 total_loss=0.046661 pred_loss=0.024970 pred_uniform=0.025767 rep=0.030348 barlow=0.003824 barlow_diag=0.9819 barlow_offdiag=0.1910 sigreg_obj=0.759266 memory_barlow=0.000000 target_std=0.9678 pred_std=0.9681 decoded_loss=0.004788 decoded_dynamic=0.007146 presence_loss=0.071346 memory_norm=7.573854
epoch=4 step=10090 total_loss=0.035930 pred_loss=0.019208 pred_uniform=0.019795 rep=0.026037 barlow=0.003573 barlow_diag=0.9868 barlow_offdiag=0.1885 sigreg_obj=0.571000 memory_barlow=0.000000 target_std=0.9831 pred_std=0.9819 decoded_loss=0.003632 decoded_dynamic=0.005679 presence_loss=0.056183 memory_norm=6.964748
epoch=4 step=10100 total_loss=0.037103 pred_loss=0.019285 pred_uniform=0.020008 rep=0.022904 barlow=0.004076 barlow_diag=0.9856 barlow_offdiag=0.2010 sigreg_obj=0.730177 memory_barlow=0.000000 target_std=0.9716 pred_std=0.9714 decoded_loss=0.004182 decoded_dynamic=0.006417 presence_loss=0.042165 memory_norm=7.132759
epoch=4 step=10110 total_loss=0.034627 pred_loss=0.016635 pred_uniform=0.016960 rep=0.020175 barlow=0.003741 barlow_diag=0.9858 barlow_offdiag=0.1923 sigreg_obj=0.771644 memory_barlow=0.000000 target_std=0.9610 pred_std=0.9604 decoded_loss=0.004473 decoded_dynamic=0.005670 presence_loss=0.056753 memory_norm=7.524999
epoch=4 step=10120 total_loss=0.047570 pred_loss=0.025179 pred_uniform=0.025848 rep=0.027852 barlow=0.003718 barlow_diag=0.9854 barlow_offdiag=0.1913 sigreg_obj=0.830204 memory_barlow=0.000000 target_std=0.9564 pred_std=0.9552 decoded_loss=0.004614 decoded_dynamic=0.006589 presence_loss=0.069393 memory_norm=8.026240
epoch=4 step=10130 total_loss=0.038807 pred_loss=0.019258 pred_uniform=0.019774 rep=0.023865 barlow=0.003519 barlow_diag=0.9854 barlow_offdiag=0.1859 sigreg_obj=0.826599 memory_barlow=0.000000 target_std=0.9676 pred_std=0.9682 decoded_loss=0.003593 decoded_dynamic=0.005898 presence_loss=0.060063 memory_norm=7.429946
epoch=4 step=10140 total_loss=0.035195 pred_loss=0.016818 pred_uniform=0.016903 rep=0.021641 barlow=0.004038 barlow_diag=0.9835 barlow_offdiag=0.1981 sigreg_obj=0.680545 memory_barlow=0.000000 target_std=0.9693 pred_std=0.9687 decoded_loss=0.002633 decoded_dynamic=0.004291 presence_loss=0.060811 memory_norm=7.128160
epoch=4 step=10150 total_loss=0.040548 pred_loss=0.020577 pred_uniform=0.021265 rep=0.027596 barlow=0.003516 barlow_diag=0.9864 barlow_offdiag=0.1865 sigreg_obj=0.877937 memory_barlow=0.000000 target_std=0.9630 pred_std=0.9616 decoded_loss=0.003693 decoded_dynamic=0.004899 presence_loss=0.050351 memory_norm=8.705894
epoch=4 step=10160 total_loss=0.032979 pred_loss=0.014870 pred_uniform=0.015081 rep=0.020188 barlow=0.004333 barlow_diag=0.9855 barlow_offdiag=0.2075 sigreg_obj=0.848175 memory_barlow=0.000000 target_std=0.9586 pred_std=0.9596 decoded_loss=0.003286 decoded_dynamic=0.004676 presence_loss=0.046556 memory_norm=6.370674
epoch=4 step=10170 total_loss=0.043972 pred_loss=0.022537 pred_uniform=0.023234 rep=0.026258 barlow=0.003675 barlow_diag=0.9854 barlow_offdiag=0.1902 sigreg_obj=0.849714 memory_barlow=0.000000 target_std=0.9669 pred_std=0.9661 decoded_loss=0.004483 decoded_dynamic=0.006708 presence_loss=0.086988 memory_norm=7.910961
epoch=4 step=10180 total_loss=0.034624 pred_loss=0.017675 pred_uniform=0.018166 rep=0.025845 barlow=0.003646 barlow_diag=0.9861 barlow_offdiag=0.1900 sigreg_obj=0.620672 memory_barlow=0.000000 target_std=0.9704 pred_std=0.9698 decoded_loss=0.003455 decoded_dynamic=0.005089 presence_loss=0.040488 memory_norm=7.553804
epoch=4 step=10190 total_loss=0.035541 pred_loss=0.017678 pred_uniform=0.017970 rep=0.022752 barlow=0.003884 barlow_diag=0.9863 barlow_offdiag=0.1965 sigreg_obj=0.664967 memory_barlow=0.000000 target_std=0.9667 pred_std=0.9658 decoded_loss=0.003254 decoded_dynamic=0.005284 presence_loss=0.058985 memory_norm=6.347049
epoch=4 step=10200 total_loss=0.034520 pred_loss=0.015284 pred_uniform=0.015421 rep=0.020809 barlow=0.004227 barlow_diag=0.9860 barlow_offdiag=0.2051 sigreg_obj=0.877496 memory_barlow=0.000000 target_std=0.9605 pred_std=0.9569 decoded_loss=0.002730 decoded_dynamic=0.004046 presence_loss=0.027910 memory_norm=6.451327
epoch=4 step=10210 total_loss=0.048436 pred_loss=0.026237 pred_uniform=0.027116 rep=0.030648 barlow=0.003921 barlow_diag=0.9848 barlow_offdiag=0.1963 sigreg_obj=0.802031 memory_barlow=0.000000 target_std=0.9576 pred_std=0.9561 decoded_loss=0.004643 decoded_dynamic=0.005610 presence_loss=0.078568 memory_norm=7.029574
epoch=4 step=10220 total_loss=0.045633 pred_loss=0.024460 pred_uniform=0.025014 rep=0.031753 barlow=0.004179 barlow_diag=0.9829 barlow_offdiag=0.2013 sigreg_obj=0.685469 memory_barlow=0.000000 target_std=0.9615 pred_std=0.9614 decoded_loss=0.003542 decoded_dynamic=0.005703 presence_loss=0.068085 memory_norm=6.765462
epoch=4 step=10230 total_loss=0.048170 pred_loss=0.022607 pred_uniform=0.022306 rep=0.029277 barlow=0.004295 barlow_diag=0.9788 barlow_offdiag=0.2000 sigreg_obj=0.823112 memory_barlow=0.000000 target_std=0.9504 pred_std=0.9523 decoded_loss=0.003356 decoded_dynamic=0.004860 presence_loss=0.057109 memory_norm=5.653289
epoch=4 step=10240 total_loss=0.055091 pred_loss=0.027680 pred_uniform=0.028089 rep=0.038191 barlow=0.003933 barlow_diag=0.9799 barlow_offdiag=0.1914 sigreg_obj=0.949893 memory_barlow=0.000000 target_std=0.9576 pred_std=0.9542 decoded_loss=0.003142 decoded_dynamic=0.005051 presence_loss=0.100509 memory_norm=7.017675
saved_recovery_checkpoint epoch=4 step=10250 successful_updates=10250
epoch=4 step=10250 total_loss=0.057558 pred_loss=0.028613 pred_uniform=0.028973 rep=0.052776 barlow=0.004493 barlow_diag=0.9784 barlow_offdiag=0.2046 sigreg_obj=0.910046 memory_barlow=0.000000 target_std=0.9464 pred_std=0.9445 decoded_loss=0.004815 decoded_dynamic=0.006295 presence_loss=0.073579 memory_norm=5.692508
epoch=4 step=10260 total_loss=0.081445 pred_loss=0.047085 pred_uniform=0.048171 rep=0.060391 barlow=0.003928 barlow_diag=0.9813 barlow_offdiag=0.1930 sigreg_obj=0.704039 memory_barlow=0.000000 target_std=0.9746 pred_std=0.9747 decoded_loss=0.004726 decoded_dynamic=0.007833 presence_loss=0.135571 memory_norm=7.854801
epoch=4 step=10270 total_loss=0.042027 pred_loss=0.020423 pred_uniform=0.020920 rep=0.029886 barlow=0.004098 barlow_diag=0.9825 barlow_offdiag=0.1988 sigreg_obj=0.894302 memory_barlow=0.000000 target_std=0.9639 pred_std=0.9627 decoded_loss=0.004074 decoded_dynamic=0.006067 presence_loss=0.042680 memory_norm=7.684704
epoch=4 step=10280 total_loss=0.056918 pred_loss=0.028798 pred_uniform=0.029281 rep=0.036634 barlow=0.003750 barlow_diag=0.9838 barlow_offdiag=0.1908 sigreg_obj=0.926382 memory_barlow=0.000000 target_std=0.9650 pred_std=0.9664 decoded_loss=0.005642 decoded_dynamic=0.007061 presence_loss=0.166164 memory_norm=8.769165
epoch=4 step=10290 total_loss=0.036264 pred_loss=0.017994 pred_uniform=0.018358 rep=0.024958 barlow=0.003854 barlow_diag=0.9849 barlow_offdiag=0.1945 sigreg_obj=0.674962 memory_barlow=0.000000 target_std=0.9722 pred_std=0.9699 decoded_loss=0.004214 decoded_dynamic=0.005928 presence_loss=0.047700 memory_norm=7.562920
epoch=4 step=10300 total_loss=0.054903 pred_loss=0.030627 pred_uniform=0.031567 rep=0.033178 barlow=0.003745 barlow_diag=0.9840 barlow_offdiag=0.1908 sigreg_obj=0.782090 memory_barlow=0.000000 target_std=0.9778 pred_std=0.9755 decoded_loss=0.004969 decoded_dynamic=0.008066 presence_loss=0.092338 memory_norm=8.098450
epoch=4 step=10310 total_loss=0.048132 pred_loss=0.023500 pred_uniform=0.023858 rep=0.025816 barlow=0.005062 barlow_diag=0.9799 barlow_offdiag=0.2201 sigreg_obj=0.944201 memory_barlow=0.000000 target_std=0.9464 pred_std=0.9455 decoded_loss=0.003219 decoded_dynamic=0.004827 presence_loss=0.074612 memory_norm=5.768329
epoch=4 step=10320 total_loss=0.062083 pred_loss=0.034027 pred_uniform=0.034796 rep=0.045052 barlow=0.003821 barlow_diag=0.9805 barlow_offdiag=0.1893 sigreg_obj=0.711432 memory_barlow=0.000000 target_std=0.9693 pred_std=0.9640 decoded_loss=0.005138 decoded_dynamic=0.008332 presence_loss=0.116639 memory_norm=8.108993
epoch=4 step=10330 total_loss=0.045719 pred_loss=0.021140 pred_uniform=0.021366 rep=0.030768 barlow=0.003908 barlow_diag=0.9809 barlow_offdiag=0.1921 sigreg_obj=0.867189 memory_barlow=0.000000 target_std=0.9570 pred_std=0.9552 decoded_loss=0.004289 decoded_dynamic=0.005850 presence_loss=0.118469 memory_norm=7.382989
epoch=4 step=10340 total_loss=0.050989 pred_loss=0.027487 pred_uniform=0.028513 rep=0.033243 barlow=0.004068 barlow_diag=0.9795 barlow_offdiag=0.1946 sigreg_obj=0.798362 memory_barlow=0.000000 target_std=0.9622 pred_std=0.9599 decoded_loss=0.005694 decoded_dynamic=0.008770 presence_loss=0.091764 memory_norm=6.607650
epoch=4 step=10350 total_loss=0.042609 pred_loss=0.020296 pred_uniform=0.020586 rep=0.026945 barlow=0.004579 barlow_diag=0.9855 barlow_offdiag=0.2135 sigreg_obj=0.944774 memory_barlow=0.000000 target_std=0.9523 pred_std=0.9528 decoded_loss=0.003223 decoded_dynamic=0.004088 presence_loss=0.099377 memory_norm=6.245771
epoch=4 step=10360 total_loss=0.049627 pred_loss=0.026052 pred_uniform=0.026546 rep=0.032864 barlow=0.003948 barlow_diag=0.9841 barlow_offdiag=0.1964 sigreg_obj=0.723513 memory_barlow=0.000000 target_std=0.9671 pred_std=0.9679 decoded_loss=0.003977 decoded_dynamic=0.005373 presence_loss=0.118891 memory_norm=6.514506
epoch=4 step=10370 total_loss=0.038320 pred_loss=0.016145 pred_uniform=0.016224 rep=0.023313 barlow=0.004137 barlow_diag=0.9837 barlow_offdiag=0.2010 sigreg_obj=1.071171 memory_barlow=0.000000 target_std=0.9507 pred_std=0.9500 decoded_loss=0.003484 decoded_dynamic=0.005120 presence_loss=0.069252 memory_norm=7.391587
epoch=4 step=10380 total_loss=0.037348 pred_loss=0.018026 pred_uniform=0.018211 rep=0.024516 barlow=0.004174 barlow_diag=0.9841 barlow_offdiag=0.2023 sigreg_obj=0.744063 memory_barlow=0.000000 target_std=0.9603 pred_std=0.9605 decoded_loss=0.003732 decoded_dynamic=0.005234 presence_loss=0.060765 memory_norm=7.106613
epoch=4 step=10390 total_loss=0.037612 pred_loss=0.018644 pred_uniform=0.019027 rep=0.025751 barlow=0.004018 barlow_diag=0.9843 barlow_offdiag=0.1984 sigreg_obj=0.720642 memory_barlow=0.000000 target_std=0.9688 pred_std=0.9695 decoded_loss=0.003903 decoded_dynamic=0.006233 presence_loss=0.058770 memory_norm=7.109111
epoch=4 step=10400 total_loss=0.034569 pred_loss=0.016751 pred_uniform=0.017047 rep=0.025275 barlow=0.003523 barlow_diag=0.9856 barlow_offdiag=0.1861 sigreg_obj=0.651079 memory_barlow=0.000000 target_std=0.9769 pred_std=0.9758 decoded_loss=0.003174 decoded_dynamic=0.004729 presence_loss=0.065142 memory_norm=7.907608
epoch=4 step=10410 total_loss=0.044980 pred_loss=0.023008 pred_uniform=0.023443 rep=0.031375 barlow=0.003732 barlow_diag=0.9842 barlow_offdiag=0.1907 sigreg_obj=0.729993 memory_barlow=0.000000 target_std=0.9622 pred_std=0.9609 decoded_loss=0.004395 decoded_dynamic=0.006548 presence_loss=0.086896 memory_norm=7.764295
epoch=4 step=10420 total_loss=0.051112 pred_loss=0.025324 pred_uniform=0.025957 rep=0.037621 barlow=0.003891 barlow_diag=0.9852 barlow_offdiag=0.1958 sigreg_obj=0.933173 memory_barlow=0.000000 target_std=0.9555 pred_std=0.9564 decoded_loss=0.003910 decoded_dynamic=0.005691 presence_loss=0.071219 memory_norm=7.585687
epoch=4 step=10430 total_loss=0.038180 pred_loss=0.018600 pred_uniform=0.018989 rep=0.024306 barlow=0.003921 barlow_diag=0.9844 barlow_offdiag=0.1958 sigreg_obj=0.803775 memory_barlow=0.000000 target_std=0.9642 pred_std=0.9627 decoded_loss=0.003461 decoded_dynamic=0.005511 presence_loss=0.073874 memory_norm=7.136671
epoch=4 step=10440 total_loss=0.041383 pred_loss=0.022188 pred_uniform=0.023049 rep=0.029308 barlow=0.004361 barlow_diag=0.9850 barlow_offdiag=0.2077 sigreg_obj=0.679747 memory_barlow=0.000000 target_std=0.9737 pred_std=0.9729 decoded_loss=0.003735 decoded_dynamic=0.005959 presence_loss=0.096750 memory_norm=6.217774
epoch=4 step=10450 total_loss=0.055075 pred_loss=0.031288 pred_uniform=0.032593 rep=0.037066 barlow=0.003785 barlow_diag=0.9849 barlow_offdiag=0.1928 sigreg_obj=0.714710 memory_barlow=0.000000 target_std=0.9784 pred_std=0.9781 decoded_loss=0.004876 decoded_dynamic=0.007571 presence_loss=0.110287 memory_norm=8.513921
epoch=4 step=10460 total_loss=0.045471 pred_loss=0.022660 pred_uniform=0.023211 rep=0.028067 barlow=0.003955 barlow_diag=0.9861 barlow_offdiag=0.1982 sigreg_obj=0.914339 memory_barlow=0.000000 target_std=0.9750 pred_std=0.9736 decoded_loss=0.003982 decoded_dynamic=0.006850 presence_loss=0.077559 memory_norm=8.426140
epoch=4 step=10470 total_loss=0.039202 pred_loss=0.020448 pred_uniform=0.021091 rep=0.026613 barlow=0.003542 barlow_diag=0.9853 barlow_offdiag=0.1863 sigreg_obj=0.752660 memory_barlow=0.000000 target_std=0.9766 pred_std=0.9764 decoded_loss=0.003428 decoded_dynamic=0.005460 presence_loss=0.060781 memory_norm=9.533388
epoch=4 step=10480 total_loss=0.037568 pred_loss=0.017604 pred_uniform=0.017781 rep=0.026834 barlow=0.004025 barlow_diag=0.9855 barlow_offdiag=0.1996 sigreg_obj=0.749770 memory_barlow=0.000000 target_std=0.9660 pred_std=0.9637 decoded_loss=0.002932 decoded_dynamic=0.004413 presence_loss=0.072278 memory_norm=6.816780
epoch=4 step=10490 total_loss=0.032449 pred_loss=0.016198 pred_uniform=0.016549 rep=0.022535 barlow=0.003448 barlow_diag=0.9852 barlow_offdiag=0.1836 sigreg_obj=0.607375 memory_barlow=0.000000 target_std=0.9776 pred_std=0.9770 decoded_loss=0.003442 decoded_dynamic=0.005020 presence_loss=0.075420 memory_norm=8.189858
saved_recovery_checkpoint epoch=4 step=10500 successful_updates=10500
epoch=4 step=10500 total_loss=0.044863 pred_loss=0.022767 pred_uniform=0.023332 rep=0.026819 barlow=0.003804 barlow_diag=0.9866 barlow_offdiag=0.1946 sigreg_obj=0.907493 memory_barlow=0.000000 target_std=0.9667 pred_std=0.9647 decoded_loss=0.003961 decoded_dynamic=0.005067 presence_loss=0.081958 memory_norm=8.232214
epoch=4 step=10510 total_loss=0.027702 pred_loss=0.011153 pred_uniform=0.011215 rep=0.017196 barlow=0.004462 barlow_diag=0.9869 barlow_offdiag=0.2117 sigreg_obj=0.863437 memory_barlow=0.000000 target_std=0.9574 pred_std=0.9557 decoded_loss=0.002073 decoded_dynamic=0.003371 presence_loss=0.041211 memory_norm=6.584486
epoch=4 step=10520 total_loss=0.047572 pred_loss=0.025540 pred_uniform=0.026079 rep=0.029808 barlow=0.004088 barlow_diag=0.9850 barlow_offdiag=0.2008 sigreg_obj=0.666186 memory_barlow=0.000000 target_std=0.9732 pred_std=0.9724 decoded_loss=0.004206 decoded_dynamic=0.006638 presence_loss=0.070035 memory_norm=7.044468
epoch=4 step=10530 total_loss=0.046393 pred_loss=0.026544 pred_uniform=0.027749 rep=0.030430 barlow=0.003702 barlow_diag=0.9842 barlow_offdiag=0.1897 sigreg_obj=0.622643 memory_barlow=0.000000 target_std=0.9764 pred_std=0.9754 decoded_loss=0.004389 decoded_dynamic=0.007387 presence_loss=0.116723 memory_norm=8.376953
epoch=4 step=10540 total_loss=0.045266 pred_loss=0.023050 pred_uniform=0.023566 rep=0.027665 barlow=0.003893 barlow_diag=0.9838 barlow_offdiag=0.1947 sigreg_obj=0.853613 memory_barlow=0.000000 target_std=0.9657 pred_std=0.9647 decoded_loss=0.003724 decoded_dynamic=0.005181 presence_loss=0.075503 memory_norm=7.953838
epoch=4 step=10550 total_loss=0.037252 pred_loss=0.017237 pred_uniform=0.017546 rep=0.024678 barlow=0.003927 barlow_diag=0.9843 barlow_offdiag=0.1960 sigreg_obj=0.876125 memory_barlow=0.000000 target_std=0.9515 pred_std=0.9508 decoded_loss=0.003945 decoded_dynamic=0.004595 presence_loss=0.056070 memory_norm=6.068768
epoch=4 step=10560 total_loss=0.049134 pred_loss=0.024986 pred_uniform=0.025511 rep=0.032399 barlow=0.003995 barlow_diag=0.9854 barlow_offdiag=0.1987 sigreg_obj=0.883554 memory_barlow=0.000000 target_std=0.9576 pred_std=0.9580 decoded_loss=0.003361 decoded_dynamic=0.005246 presence_loss=0.118735 memory_norm=7.727233
epoch=4 step=10570 total_loss=0.044388 pred_loss=0.020124 pred_uniform=0.020476 rep=0.025880 barlow=0.003722 barlow_diag=0.9837 barlow_offdiag=0.1899 sigreg_obj=0.904004 memory_barlow=0.000000 target_std=0.9664 pred_std=0.9665 decoded_loss=0.003603 decoded_dynamic=0.005442 presence_loss=0.081898 memory_norm=8.396145
epoch=4 step=10580 total_loss=0.036622 pred_loss=0.016397 pred_uniform=0.016463 rep=0.023913 barlow=0.003981 barlow_diag=0.9847 barlow_offdiag=0.1978 sigreg_obj=0.827814 memory_barlow=0.000000 target_std=0.9660 pred_std=0.9660 decoded_loss=0.002987 decoded_dynamic=0.004913 presence_loss=0.049960 memory_norm=7.580333
epoch=4 step=10590 total_loss=0.040197 pred_loss=0.020745 pred_uniform=0.021369 rep=0.028023 barlow=0.003659 barlow_diag=0.9860 barlow_offdiag=0.1902 sigreg_obj=0.751293 memory_barlow=0.000000 target_std=0.9743 pred_std=0.9737 decoded_loss=0.003745 decoded_dynamic=0.005873 presence_loss=0.065511 memory_norm=8.330408
epoch=4 step=10600 total_loss=0.067611 pred_loss=0.039027 pred_uniform=0.039953 rep=0.043205 barlow=0.003628 barlow_diag=0.9841 barlow_offdiag=0.1877 sigreg_obj=0.737228 memory_barlow=0.000000 target_std=0.9760 pred_std=0.9774 decoded_loss=0.004870 decoded_dynamic=0.007192 presence_loss=0.089649 memory_norm=8.229298
epoch=4 step=10610 total_loss=0.030469 pred_loss=0.013057 pred_uniform=0.013169 rep=0.017646 barlow=0.003885 barlow_diag=0.9851 barlow_offdiag=0.1955 sigreg_obj=0.829023 memory_barlow=0.000000 target_std=0.9626 pred_std=0.9610 decoded_loss=0.003383 decoded_dynamic=0.004577 presence_loss=0.042701 memory_norm=7.262205
epoch=4 step=10620 total_loss=0.033275 pred_loss=0.015509 pred_uniform=0.015609 rep=0.021451 barlow=0.004063 barlow_diag=0.9841 barlow_offdiag=0.1992 sigreg_obj=0.687496 memory_barlow=0.000000 target_std=0.9781 pred_std=0.9783 decoded_loss=0.002865 decoded_dynamic=0.004336 presence_loss=0.033647 memory_norm=7.269032
epoch=4 step=10630 total_loss=0.039233 pred_loss=0.020406 pred_uniform=0.020804 rep=0.028109 barlow=0.004018 barlow_diag=0.9816 barlow_offdiag=0.1958 sigreg_obj=0.566312 memory_barlow=0.000000 target_std=0.9666 pred_std=0.9666 decoded_loss=0.003484 decoded_dynamic=0.005876 presence_loss=0.058785 memory_norm=6.700625
epoch=4 step=10640 total_loss=0.059840 pred_loss=0.031654 pred_uniform=0.032175 rep=0.036974 barlow=0.003532 barlow_diag=0.9849 barlow_offdiag=0.1858 sigreg_obj=0.854283 memory_barlow=0.000000 target_std=0.9588 pred_std=0.9590 decoded_loss=0.003725 decoded_dynamic=0.006160 presence_loss=0.125694 memory_norm=6.612161
epoch=4 step=10650 total_loss=0.038010 pred_loss=0.019487 pred_uniform=0.020287 rep=0.025860 barlow=0.003734 barlow_diag=0.9857 barlow_offdiag=0.1920 sigreg_obj=0.781310 memory_barlow=0.000000 target_std=0.9765 pred_std=0.9767 decoded_loss=0.003378 decoded_dynamic=0.005494 presence_loss=0.067077 memory_norm=9.581586
epoch=4 step=10660 total_loss=0.046181 pred_loss=0.021966 pred_uniform=0.022040 rep=0.031288 barlow=0.004326 barlow_diag=0.9840 barlow_offdiag=0.2061 sigreg_obj=0.892650 memory_barlow=0.000000 target_std=0.9580 pred_std=0.9574 decoded_loss=0.003498 decoded_dynamic=0.004159 presence_loss=0.051598 memory_norm=5.677123
epoch=4 step=10670 total_loss=0.038332 pred_loss=0.019851 pred_uniform=0.020379 rep=0.025709 barlow=0.003656 barlow_diag=0.9855 barlow_offdiag=0.1898 sigreg_obj=0.642102 memory_barlow=0.000000 target_std=0.9716 pred_std=0.9711 decoded_loss=0.003535 decoded_dynamic=0.005411 presence_loss=0.078361 memory_norm=8.211086
epoch=4 step=10680 total_loss=0.051760 pred_loss=0.027461 pred_uniform=0.028115 rep=0.030947 barlow=0.003713 barlow_diag=0.9837 barlow_offdiag=0.1897 sigreg_obj=0.734278 memory_barlow=0.000000 target_std=0.9716 pred_std=0.9698 decoded_loss=0.003388 decoded_dynamic=0.005441 presence_loss=0.068582 memory_norm=7.663406
epoch=4 step=10690 total_loss=0.032056 pred_loss=0.014684 pred_uniform=0.015024 rep=0.017960 barlow=0.003680 barlow_diag=0.9854 barlow_offdiag=0.1903 sigreg_obj=0.830013 memory_barlow=0.000000 target_std=0.9699 pred_std=0.9689 decoded_loss=0.003325 decoded_dynamic=0.005125 presence_loss=0.038045 memory_norm=7.710811
epoch=4 step=10700 total_loss=0.030244 pred_loss=0.012628 pred_uniform=0.012780 rep=0.016412 barlow=0.004097 barlow_diag=0.9847 barlow_offdiag=0.2008 sigreg_obj=0.902057 memory_barlow=0.000000 target_std=0.9537 pred_std=0.9530 decoded_loss=0.002768 decoded_dynamic=0.003431 presence_loss=0.047718 memory_norm=6.017816
epoch=4 step=10710 total_loss=0.039457 pred_loss=0.020375 pred_uniform=0.020746 rep=0.026709 barlow=0.003933 barlow_diag=0.9861 barlow_offdiag=0.1977 sigreg_obj=0.674804 memory_barlow=0.000000 target_std=0.9666 pred_std=0.9662 decoded_loss=0.002497 decoded_dynamic=0.003591 presence_loss=0.062416 memory_norm=6.416059
epoch=4 step=10720 total_loss=0.042117 pred_loss=0.021960 pred_uniform=0.022524 rep=0.025172 barlow=0.004437 barlow_diag=0.9855 barlow_offdiag=0.2100 sigreg_obj=0.794934 memory_barlow=0.000000 target_std=0.9633 pred_std=0.9605 decoded_loss=0.002919 decoded_dynamic=0.004615 presence_loss=0.061831 memory_norm=6.919906
epoch=4 step=10730 total_loss=0.029251 pred_loss=0.013190 pred_uniform=0.013384 rep=0.020710 barlow=0.003791 barlow_diag=0.9865 barlow_offdiag=0.1942 sigreg_obj=0.682949 memory_barlow=0.000000 target_std=0.9652 pred_std=0.9640 decoded_loss=0.003708 decoded_dynamic=0.005100 presence_loss=0.057838 memory_norm=6.260207
epoch=4 step=10740 total_loss=0.039757 pred_loss=0.020302 pred_uniform=0.020676 rep=0.027006 barlow=0.003817 barlow_diag=0.9858 barlow_offdiag=0.1944 sigreg_obj=0.681334 memory_barlow=0.000000 target_std=0.9649 pred_std=0.9645 decoded_loss=0.004362 decoded_dynamic=0.004817 presence_loss=0.067843 memory_norm=6.226503
saved_recovery_checkpoint epoch=4 step=10750 successful_updates=10750
epoch=4 step=10750 total_loss=0.048300 pred_loss=0.024128 pred_uniform=0.024608 rep=0.030963 barlow=0.004681 barlow_diag=0.9842 barlow_offdiag=0.2150 sigreg_obj=0.846634 memory_barlow=0.000000 target_std=0.9485 pred_std=0.9456 decoded_loss=0.004394 decoded_dynamic=0.006309 presence_loss=0.099582 memory_norm=5.656565
epoch=4 step=10760 total_loss=0.052351 pred_loss=0.028076 pred_uniform=0.029105 rep=0.032662 barlow=0.003472 barlow_diag=0.9843 barlow_offdiag=0.1834 sigreg_obj=0.935650 memory_barlow=0.000000 target_std=0.9696 pred_std=0.9701 decoded_loss=0.004520 decoded_dynamic=0.006848 presence_loss=0.103589 memory_norm=9.809269
epoch=4 step=10770 total_loss=0.029313 pred_loss=0.012999 pred_uniform=0.013369 rep=0.018271 barlow=0.003707 barlow_diag=0.9860 barlow_offdiag=0.1916 sigreg_obj=0.810138 memory_barlow=0.000000 target_std=0.9595 pred_std=0.9599 decoded_loss=0.002988 decoded_dynamic=0.004715 presence_loss=0.041940 memory_norm=8.288123
epoch=4 step=10780 total_loss=0.037424 pred_loss=0.018291 pred_uniform=0.018660 rep=0.022406 barlow=0.004197 barlow_diag=0.9851 barlow_offdiag=0.2035 sigreg_obj=0.806809 memory_barlow=0.000000 target_std=0.9752 pred_std=0.9756 decoded_loss=0.003244 decoded_dynamic=0.005267 presence_loss=0.052500 memory_norm=8.519567
epoch=4 step=10790 total_loss=0.032456 pred_loss=0.016590 pred_uniform=0.017137 rep=0.020845 barlow=0.003566 barlow_diag=0.9852 barlow_offdiag=0.1867 sigreg_obj=0.653889 memory_barlow=0.000000 target_std=0.9749 pred_std=0.9745 decoded_loss=0.004077 decoded_dynamic=0.005827 presence_loss=0.051259 memory_norm=8.471369
epoch=4 step=10800 total_loss=0.036855 pred_loss=0.019225 pred_uniform=0.019800 rep=0.024803 barlow=0.003693 barlow_diag=0.9865 barlow_offdiag=0.1915 sigreg_obj=0.623614 memory_barlow=0.000000 target_std=0.9730 pred_std=0.9726 decoded_loss=0.004541 decoded_dynamic=0.005368 presence_loss=0.080016 memory_norm=6.493425
epoch=4 step=10810 total_loss=0.036459 pred_loss=0.017284 pred_uniform=0.017636 rep=0.021010 barlow=0.003943 barlow_diag=0.9845 barlow_offdiag=0.1966 sigreg_obj=0.781917 memory_barlow=0.000000 target_std=0.9649 pred_std=0.9631 decoded_loss=0.003405 decoded_dynamic=0.004867 presence_loss=0.055072 memory_norm=6.347221
epoch=4 step=10820 total_loss=0.045719 pred_loss=0.025683 pred_uniform=0.026504 rep=0.031043 barlow=0.004014 barlow_diag=0.9831 barlow_offdiag=0.1972 sigreg_obj=0.606842 memory_barlow=0.000000 target_std=0.9706 pred_std=0.9705 decoded_loss=0.004095 decoded_dynamic=0.006479 presence_loss=0.049374 memory_norm=7.097975
epoch=4 step=10830 total_loss=0.037552 pred_loss=0.018446 pred_uniform=0.019079 rep=0.022457 barlow=0.003697 barlow_diag=0.9850 barlow_offdiag=0.1905 sigreg_obj=0.811856 memory_barlow=0.000000 target_std=0.9637 pred_std=0.9634 decoded_loss=0.003106 decoded_dynamic=0.004589 presence_loss=0.057861 memory_norm=7.863972
epoch=4 step=10840 total_loss=0.053481 pred_loss=0.028377 pred_uniform=0.028832 rep=0.032752 barlow=0.003708 barlow_diag=0.9844 barlow_offdiag=0.1902 sigreg_obj=0.736284 memory_barlow=0.000000 target_std=0.9654 pred_std=0.9646 decoded_loss=0.004418 decoded_dynamic=0.006511 presence_loss=0.097557 memory_norm=7.552508
epoch=4 step=10850 total_loss=0.034322 pred_loss=0.017133 pred_uniform=0.017440 rep=0.022070 barlow=0.003671 barlow_diag=0.9870 barlow_offdiag=0.1913 sigreg_obj=0.643918 memory_barlow=0.000000 target_std=0.9682 pred_std=0.9668 decoded_loss=0.003181 decoded_dynamic=0.005124 presence_loss=0.064212 memory_norm=7.947118
epoch=4 step=10860 total_loss=0.054329 pred_loss=0.031014 pred_uniform=0.032107 rep=0.034722 barlow=0.003621 barlow_diag=0.9845 barlow_offdiag=0.1879 sigreg_obj=0.687287 memory_barlow=0.000000 target_std=0.9644 pred_std=0.9665 decoded_loss=0.003776 decoded_dynamic=0.006200 presence_loss=0.094641 memory_norm=8.307888
epoch=4 step=10870 total_loss=0.035061 pred_loss=0.017452 pred_uniform=0.017903 rep=0.024171 barlow=0.003888 barlow_diag=0.9852 barlow_offdiag=0.1957 sigreg_obj=0.651385 memory_barlow=0.000000 target_std=0.9630 pred_std=0.9621 decoded_loss=0.003336 decoded_dynamic=0.005777 presence_loss=0.059301 memory_norm=7.697978
epoch=4 step=10880 total_loss=0.053968 pred_loss=0.028429 pred_uniform=0.028992 rep=0.033212 barlow=0.003654 barlow_diag=0.9849 barlow_offdiag=0.1892 sigreg_obj=0.810066 memory_barlow=0.000000 target_std=0.9746 pred_std=0.9726 decoded_loss=0.004318 decoded_dynamic=0.006845 presence_loss=0.103853 memory_norm=8.685450
epoch=4 step=10890 total_loss=0.038849 pred_loss=0.020458 pred_uniform=0.021117 rep=0.025134 barlow=0.003872 barlow_diag=0.9853 barlow_offdiag=0.1954 sigreg_obj=0.658771 memory_barlow=0.000000 target_std=0.9697 pred_std=0.9697 decoded_loss=0.004226 decoded_dynamic=0.005301 presence_loss=0.073218 memory_norm=7.397201
epoch=4 step=10900 total_loss=0.042184 pred_loss=0.022422 pred_uniform=0.023108 rep=0.026657 barlow=0.003581 barlow_diag=0.9849 barlow_offdiag=0.1872 sigreg_obj=0.717598 memory_barlow=0.000000 target_std=0.9699 pred_std=0.9685 decoded_loss=0.004847 decoded_dynamic=0.006421 presence_loss=0.072185 memory_norm=7.961660
epoch=4 step=10910 total_loss=0.042591 pred_loss=0.019910 pred_uniform=0.020140 rep=0.029311 barlow=0.003733 barlow_diag=0.9847 barlow_offdiag=0.1911 sigreg_obj=0.880056 memory_barlow=0.000000 target_std=0.9541 pred_std=0.9542 decoded_loss=0.003944 decoded_dynamic=0.004746 presence_loss=0.102152 memory_norm=7.256906
epoch=4 step=10920 total_loss=0.048547 pred_loss=0.026170 pred_uniform=0.026734 rep=0.030577 barlow=0.003713 barlow_diag=0.9850 barlow_offdiag=0.1908 sigreg_obj=0.641999 memory_barlow=0.000000 target_std=0.9715 pred_std=0.9716 decoded_loss=0.004578 decoded_dynamic=0.006772 presence_loss=0.123395 memory_norm=7.696144
epoch=4 step=10930 total_loss=0.043369 pred_loss=0.020663 pred_uniform=0.020863 rep=0.028494 barlow=0.003774 barlow_diag=0.9850 barlow_offdiag=0.1925 sigreg_obj=0.894636 memory_barlow=0.000000 target_std=0.9640 pred_std=0.9642 decoded_loss=0.003358 decoded_dynamic=0.004144 presence_loss=0.052081 memory_norm=7.072554
epoch=4 step=10940 total_loss=0.040252 pred_loss=0.021250 pred_uniform=0.021980 rep=0.026352 barlow=0.003670 barlow_diag=0.9850 barlow_offdiag=0.1897 sigreg_obj=0.667955 memory_barlow=0.000000 target_std=0.9686 pred_std=0.9673 decoded_loss=0.003838 decoded_dynamic=0.005558 presence_loss=0.059810 memory_norm=7.507917
epoch=4 step=10950 total_loss=0.034371 pred_loss=0.017810 pred_uniform=0.018403 rep=0.023901 barlow=0.003697 barlow_diag=0.9864 barlow_offdiag=0.1915 sigreg_obj=0.648562 memory_barlow=0.000000 target_std=0.9787 pred_std=0.9790 decoded_loss=0.003676 decoded_dynamic=0.006108 presence_loss=0.055234 memory_norm=7.776630
epoch=4 step=10960 total_loss=0.043954 pred_loss=0.023094 pred_uniform=0.023671 rep=0.028850 barlow=0.003939 barlow_diag=0.9832 barlow_offdiag=0.1951 sigreg_obj=0.714529 memory_barlow=0.000000 target_std=0.9659 pred_std=0.9662 decoded_loss=0.003564 decoded_dynamic=0.005335 presence_loss=0.065036 memory_norm=6.877695
epoch=4 step=10970 total_loss=0.034447 pred_loss=0.017297 pred_uniform=0.017660 rep=0.023200 barlow=0.003691 barlow_diag=0.9852 barlow_offdiag=0.1904 sigreg_obj=0.630261 memory_barlow=0.000000 target_std=0.9770 pred_std=0.9763 decoded_loss=0.003706 decoded_dynamic=0.005576 presence_loss=0.054590 memory_norm=7.880489
epoch=4 step=10980 total_loss=0.050123 pred_loss=0.028449 pred_uniform=0.029368 rep=0.033721 barlow=0.003557 barlow_diag=0.9854 barlow_offdiag=0.1869 sigreg_obj=0.598678 memory_barlow=0.000000 target_std=0.9734 pred_std=0.9730 decoded_loss=0.004196 decoded_dynamic=0.006535 presence_loss=0.100333 memory_norm=7.077629
epoch=4 step=10990 total_loss=0.032342 pred_loss=0.015016 pred_uniform=0.015277 rep=0.017952 barlow=0.003662 barlow_diag=0.9863 barlow_offdiag=0.1906 sigreg_obj=0.791878 memory_barlow=0.000000 target_std=0.9659 pred_std=0.9653 decoded_loss=0.003048 decoded_dynamic=0.004717 presence_loss=0.060935 memory_norm=7.039570
saved_recovery_checkpoint epoch=4 step=11000 successful_updates=11000
epoch=4 step=11000 total_loss=0.048865 pred_loss=0.025844 pred_uniform=0.026567 rep=0.030605 barlow=0.003638 barlow_diag=0.9853 barlow_offdiag=0.1891 sigreg_obj=0.815293 memory_barlow=0.000000 target_std=0.9621 pred_std=0.9630 decoded_loss=0.003564 decoded_dynamic=0.005459 presence_loss=0.070763 memory_norm=8.524016
epoch=4 step=11010 total_loss=0.051582 pred_loss=0.028718 pred_uniform=0.029546 rep=0.033373 barlow=0.003477 barlow_diag=0.9845 barlow_offdiag=0.1838 sigreg_obj=0.675233 memory_barlow=0.000000 target_std=0.9634 pred_std=0.9621 decoded_loss=0.004507 decoded_dynamic=0.006464 presence_loss=0.121431 memory_norm=8.878155
epoch=4 step=11020 total_loss=0.036626 pred_loss=0.018397 pred_uniform=0.019008 rep=0.023793 barlow=0.004179 barlow_diag=0.9848 barlow_offdiag=0.2030 sigreg_obj=0.745182 memory_barlow=0.000000 target_std=0.9622 pred_std=0.9614 decoded_loss=0.003540 decoded_dynamic=0.005082 presence_loss=0.068753 memory_norm=6.326757
epoch=4 step=11030 total_loss=0.033196 pred_loss=0.015227 pred_uniform=0.015755 rep=0.023287 barlow=0.003541 barlow_diag=0.9859 barlow_offdiag=0.1868 sigreg_obj=0.865490 memory_barlow=0.000000 target_std=0.9751 pred_std=0.9743 decoded_loss=0.003475 decoded_dynamic=0.005691 presence_loss=0.055488 memory_norm=8.824821
epoch=4 step=11040 total_loss=0.048560 pred_loss=0.026809 pred_uniform=0.027806 rep=0.032605 barlow=0.003669 barlow_diag=0.9852 barlow_offdiag=0.1898 sigreg_obj=0.728053 memory_barlow=0.000000 target_std=0.9675 pred_std=0.9668 decoded_loss=0.003781 decoded_dynamic=0.005442 presence_loss=0.082409 memory_norm=8.098449
epoch=4 step=11050 total_loss=0.028194 pred_loss=0.012590 pred_uniform=0.012903 rep=0.017126 barlow=0.003995 barlow_diag=0.9861 barlow_offdiag=0.1992 sigreg_obj=0.762880 memory_barlow=0.000000 target_std=0.9624 pred_std=0.9632 decoded_loss=0.002369 decoded_dynamic=0.003838 presence_loss=0.041040 memory_norm=6.765560
epoch=4 step=11060 total_loss=0.041534 pred_loss=0.021006 pred_uniform=0.021341 rep=0.026292 barlow=0.003568 barlow_diag=0.9862 barlow_offdiag=0.1878 sigreg_obj=0.710421 memory_barlow=0.000000 target_std=0.9784 pred_std=0.9794 decoded_loss=0.004188 decoded_dynamic=0.006046 presence_loss=0.058642 memory_norm=8.902722
epoch=4 step=11070 total_loss=0.036482 pred_loss=0.017821 pred_uniform=0.018284 rep=0.022009 barlow=0.004119 barlow_diag=0.9849 barlow_offdiag=0.2015 sigreg_obj=0.781194 memory_barlow=0.000000 target_std=0.9584 pred_std=0.9580 decoded_loss=0.004043 decoded_dynamic=0.004840 presence_loss=0.052007 memory_norm=7.365423
epoch=4 step=11080 total_loss=0.031934 pred_loss=0.015776 pred_uniform=0.016102 rep=0.020279 barlow=0.003726 barlow_diag=0.9851 barlow_offdiag=0.1914 sigreg_obj=0.641957 memory_barlow=0.000000 target_std=0.9657 pred_std=0.9656 decoded_loss=0.003770 decoded_dynamic=0.005110 presence_loss=0.051502 memory_norm=7.203084
epoch=4 step=11090 total_loss=0.030178 pred_loss=0.013029 pred_uniform=0.013199 rep=0.017004 barlow=0.003941 barlow_diag=0.9847 barlow_offdiag=0.1967 sigreg_obj=0.855880 memory_barlow=0.000000 target_std=0.9561 pred_std=0.9561 decoded_loss=0.002657 decoded_dynamic=0.004066 presence_loss=0.045832 memory_norm=7.065337
epoch=4 step=11100 total_loss=0.052407 pred_loss=0.027804 pred_uniform=0.027893 rep=0.035614 barlow=0.003669 barlow_diag=0.9862 barlow_offdiag=0.1906 sigreg_obj=0.660776 memory_barlow=0.000000 target_std=0.9720 pred_std=0.9731 decoded_loss=0.003246 decoded_dynamic=0.004573 presence_loss=0.057914 memory_norm=7.164058
epoch=4 step=11110 total_loss=0.034447 pred_loss=0.017011 pred_uniform=0.017490 rep=0.021108 barlow=0.003362 barlow_diag=0.9864 barlow_offdiag=0.1821 sigreg_obj=0.749202 memory_barlow=0.000000 target_std=0.9697 pred_std=0.9691 decoded_loss=0.004029 decoded_dynamic=0.005454 presence_loss=0.059959 memory_norm=9.123796
epoch=4 step=11120 total_loss=0.056419 pred_loss=0.030314 pred_uniform=0.030431 rep=0.030697 barlow=0.003718 barlow_diag=0.9861 barlow_offdiag=0.1919 sigreg_obj=0.712512 memory_barlow=0.000000 target_std=0.9634 pred_std=0.9652 decoded_loss=0.003410 decoded_dynamic=0.005438 presence_loss=0.066030 memory_norm=7.398567
epoch=4 step=11130 total_loss=0.029719 pred_loss=0.014144 pred_uniform=0.014525 rep=0.017946 barlow=0.003993 barlow_diag=0.9866 barlow_offdiag=0.1996 sigreg_obj=0.685975 memory_barlow=0.000000 target_std=0.9671 pred_std=0.9670 decoded_loss=0.003099 decoded_dynamic=0.004483 presence_loss=0.053012 memory_norm=7.584615
epoch=4 step=11140 total_loss=0.051544 pred_loss=0.030312 pred_uniform=0.031424 rep=0.034657 barlow=0.003638 barlow_diag=0.9846 barlow_offdiag=0.1884 sigreg_obj=0.596272 memory_barlow=0.000000 target_std=0.9770 pred_std=0.9749 decoded_loss=0.005623 decoded_dynamic=0.007758 presence_loss=0.074599 memory_norm=6.993644
epoch=4 step=11150 total_loss=0.037984 pred_loss=0.019167 pred_uniform=0.019612 rep=0.023029 barlow=0.003860 barlow_diag=0.9843 barlow_offdiag=0.1942 sigreg_obj=0.757722 memory_barlow=0.000000 target_std=0.9654 pred_std=0.9656 decoded_loss=0.003479 decoded_dynamic=0.005707 presence_loss=0.052645 memory_norm=7.153619
epoch=4 step=11160 total_loss=0.041006 pred_loss=0.020769 pred_uniform=0.021062 rep=0.025727 barlow=0.003590 barlow_diag=0.9848 barlow_offdiag=0.1871 sigreg_obj=0.714166 memory_barlow=0.000000 target_std=0.9669 pred_std=0.9668 decoded_loss=0.003469 decoded_dynamic=0.005217 presence_loss=0.068964 memory_norm=7.231346
epoch=4 step=11170 total_loss=0.032905 pred_loss=0.016227 pred_uniform=0.016458 rep=0.022265 barlow=0.003772 barlow_diag=0.9847 barlow_offdiag=0.1922 sigreg_obj=0.599772 memory_barlow=0.000000 target_std=0.9644 pred_std=0.9637 decoded_loss=0.002989 decoded_dynamic=0.004533 presence_loss=0.040882 memory_norm=6.507316
epoch=4 step=11180 total_loss=0.048557 pred_loss=0.024534 pred_uniform=0.025033 rep=0.028191 barlow=0.003956 barlow_diag=0.9825 barlow_offdiag=0.1950 sigreg_obj=0.898592 memory_barlow=0.000000 target_std=0.9574 pred_std=0.9570 decoded_loss=0.004502 decoded_dynamic=0.006362 presence_loss=0.124865 memory_norm=6.958028
epoch=4 step=11190 total_loss=0.032823 pred_loss=0.014995 pred_uniform=0.015289 rep=0.027226 barlow=0.003867 barlow_diag=0.9836 barlow_offdiag=0.1938 sigreg_obj=0.768330 memory_barlow=0.000000 target_std=0.9536 pred_std=0.9524 decoded_loss=0.002968 decoded_dynamic=0.004384 presence_loss=0.046966 memory_norm=6.772855
epoch=4 step=11200 total_loss=0.045235 pred_loss=0.021742 pred_uniform=0.022054 rep=0.031954 barlow=0.004059 barlow_diag=0.9851 barlow_offdiag=0.2002 sigreg_obj=0.888703 memory_barlow=0.000000 target_std=0.9619 pred_std=0.9631 decoded_loss=0.003709 decoded_dynamic=0.005756 presence_loss=0.071699 memory_norm=8.205507
epoch=4 step=11210 total_loss=0.035131 pred_loss=0.014967 pred_uniform=0.015309 rep=0.022056 barlow=0.003834 barlow_diag=0.9859 barlow_offdiag=0.1948 sigreg_obj=1.052876 memory_barlow=0.000000 target_std=0.9502 pred_std=0.9487 decoded_loss=0.003845 decoded_dynamic=0.005016 presence_loss=0.054840 memory_norm=9.073795
epoch=4 step=11220 total_loss=0.035635 pred_loss=0.016091 pred_uniform=0.016400 rep=0.026042 barlow=0.004386 barlow_diag=0.9859 barlow_offdiag=0.2091 sigreg_obj=0.878909 memory_barlow=0.000000 target_std=0.9592 pred_std=0.9587 decoded_loss=0.003265 decoded_dynamic=0.004617 presence_loss=0.060629 memory_norm=6.583130
epoch=4 step=11230 total_loss=0.049676 pred_loss=0.027215 pred_uniform=0.028010 rep=0.036272 barlow=0.003462 barlow_diag=0.9836 barlow_offdiag=0.1826 sigreg_obj=0.705610 memory_barlow=0.000000 target_std=0.9661 pred_std=0.9659 decoded_loss=0.003797 decoded_dynamic=0.005500 presence_loss=0.077342 memory_norm=7.912926
epoch=4 step=11240 total_loss=0.036169 pred_loss=0.018799 pred_uniform=0.019420 rep=0.026734 barlow=0.003578 barlow_diag=0.9840 barlow_offdiag=0.1862 sigreg_obj=0.664893 memory_barlow=0.000000 target_std=0.9746 pred_std=0.9737 decoded_loss=0.003989 decoded_dynamic=0.005566 presence_loss=0.039809 memory_norm=7.813618
saved_recovery_checkpoint epoch=4 step=11250 successful_updates=11250
epoch=4 step=11250 total_loss=0.034846 pred_loss=0.016133 pred_uniform=0.016326 rep=0.022798 barlow=0.004111 barlow_diag=0.9855 barlow_offdiag=0.2017 sigreg_obj=0.762004 memory_barlow=0.000000 target_std=0.9682 pred_std=0.9684 decoded_loss=0.003453 decoded_dynamic=0.004287 presence_loss=0.067604 memory_norm=7.900968
epoch=4 step=11260 total_loss=0.051442 pred_loss=0.025415 pred_uniform=0.025824 rep=0.031236 barlow=0.003535 barlow_diag=0.9836 barlow_offdiag=0.1846 sigreg_obj=1.133195 memory_barlow=0.000000 target_std=0.9459 pred_std=0.9450 decoded_loss=0.005723 decoded_dynamic=0.005821 presence_loss=0.079168 memory_norm=6.941819
epoch=4 step=11270 total_loss=0.033910 pred_loss=0.016574 pred_uniform=0.016833 rep=0.022182 barlow=0.003669 barlow_diag=0.9833 barlow_offdiag=0.1881 sigreg_obj=0.663021 memory_barlow=0.000000 target_std=0.9748 pred_std=0.9752 decoded_loss=0.004173 decoded_dynamic=0.004665 presence_loss=0.050761 memory_norm=8.379190
epoch=4 step=11280 total_loss=0.039296 pred_loss=0.019491 pred_uniform=0.019848 rep=0.032867 barlow=0.003567 barlow_diag=0.9849 barlow_offdiag=0.1868 sigreg_obj=0.709808 memory_barlow=0.000000 target_std=0.9668 pred_std=0.9656 decoded_loss=0.003607 decoded_dynamic=0.005763 presence_loss=0.059327 memory_norm=7.806470
epoch=4 step=11290 total_loss=0.031589 pred_loss=0.015158 pred_uniform=0.015645 rep=0.021799 barlow=0.003552 barlow_diag=0.9873 barlow_offdiag=0.1883 sigreg_obj=0.709412 memory_barlow=0.000000 target_std=0.9703 pred_std=0.9706 decoded_loss=0.004027 decoded_dynamic=0.005775 presence_loss=0.064576 memory_norm=6.657693
epoch=4 step=11300 total_loss=0.044511 pred_loss=0.022965 pred_uniform=0.023358 rep=0.034260 barlow=0.003978 barlow_diag=0.9868 barlow_offdiag=0.1994 sigreg_obj=0.656611 memory_barlow=0.000000 target_std=0.9722 pred_std=0.9696 decoded_loss=0.003475 decoded_dynamic=0.005291 presence_loss=0.064104 memory_norm=7.048447
epoch=4 step=11310 total_loss=0.043028 pred_loss=0.021039 pred_uniform=0.021490 rep=0.025796 barlow=0.003840 barlow_diag=0.9845 barlow_offdiag=0.1938 sigreg_obj=0.961582 memory_barlow=0.000000 target_std=0.9515 pred_std=0.9515 decoded_loss=0.004111 decoded_dynamic=0.005877 presence_loss=0.057841 memory_norm=7.756027
epoch=4 step=11320 total_loss=0.044610 pred_loss=0.023950 pred_uniform=0.024410 rep=0.027720 barlow=0.003783 barlow_diag=0.9831 barlow_offdiag=0.1910 sigreg_obj=0.627197 memory_barlow=0.000000 target_std=0.9652 pred_std=0.9650 decoded_loss=0.005496 decoded_dynamic=0.007524 presence_loss=0.073061 memory_norm=7.201607
epoch=4 step=11330 total_loss=0.035881 pred_loss=0.017985 pred_uniform=0.018482 rep=0.023056 barlow=0.003544 barlow_diag=0.9846 barlow_offdiag=0.1858 sigreg_obj=0.714997 memory_barlow=0.000000 target_std=0.9632 pred_std=0.9644 decoded_loss=0.003343 decoded_dynamic=0.005315 presence_loss=0.057454 memory_norm=7.050882
epoch=4 step=11340 total_loss=0.052806 pred_loss=0.029130 pred_uniform=0.030105 rep=0.036023 barlow=0.003578 barlow_diag=0.9860 barlow_offdiag=0.1879 sigreg_obj=0.808883 memory_barlow=0.000000 target_std=0.9811 pred_std=0.9804 decoded_loss=0.004863 decoded_dynamic=0.007441 presence_loss=0.091658 memory_norm=9.122173
epoch=4 step=11350 total_loss=0.034605 pred_loss=0.016361 pred_uniform=0.016625 rep=0.026053 barlow=0.004026 barlow_diag=0.9833 barlow_offdiag=0.1977 sigreg_obj=0.699949 memory_barlow=0.000000 target_std=0.9709 pred_std=0.9706 decoded_loss=0.003267 decoded_dynamic=0.004268 presence_loss=0.054321 memory_norm=7.070255
epoch=4 step=11360 total_loss=0.038156 pred_loss=0.018254 pred_uniform=0.018545 rep=0.026925 barlow=0.003607 barlow_diag=0.9834 barlow_offdiag=0.1865 sigreg_obj=0.742208 memory_barlow=0.000000 target_std=0.9649 pred_std=0.9640 decoded_loss=0.004007 decoded_dynamic=0.005048 presence_loss=0.084913 memory_norm=6.987516
epoch=4 step=11370 total_loss=0.045597 pred_loss=0.022562 pred_uniform=0.022845 rep=0.031313 barlow=0.003970 barlow_diag=0.9854 barlow_offdiag=0.1981 sigreg_obj=0.769378 memory_barlow=0.000000 target_std=0.9587 pred_std=0.9574 decoded_loss=0.004310 decoded_dynamic=0.006367 presence_loss=0.067756 memory_norm=6.812849
epoch=4 step=11380 total_loss=0.033082 pred_loss=0.013178 pred_uniform=0.013362 rep=0.021531 barlow=0.003918 barlow_diag=0.9861 barlow_offdiag=0.1972 sigreg_obj=1.079201 memory_barlow=0.000000 target_std=0.9488 pred_std=0.9478 decoded_loss=0.003394 decoded_dynamic=0.004333 presence_loss=0.041169 memory_norm=6.302154
epoch=4 step=11390 total_loss=0.038090 pred_loss=0.019358 pred_uniform=0.019994 rep=0.024901 barlow=0.003689 barlow_diag=0.9862 barlow_offdiag=0.1912 sigreg_obj=0.685133 memory_barlow=0.000000 target_std=0.9812 pred_std=0.9804 decoded_loss=0.003786 decoded_dynamic=0.006301 presence_loss=0.053165 memory_norm=8.457787
epoch=4 step=11400 total_loss=0.042610 pred_loss=0.022866 pred_uniform=0.023648 rep=0.027941 barlow=0.003676 barlow_diag=0.9849 barlow_offdiag=0.1897 sigreg_obj=0.704066 memory_barlow=0.000000 target_std=0.9688 pred_std=0.9688 decoded_loss=0.004318 decoded_dynamic=0.006284 presence_loss=0.064205 memory_norm=7.264790
epoch=4 step=11410 total_loss=0.035945 pred_loss=0.019107 pred_uniform=0.019849 rep=0.026167 barlow=0.003744 barlow_diag=0.9846 barlow_offdiag=0.1913 sigreg_obj=0.596759 memory_barlow=0.000000 target_std=0.9698 pred_std=0.9696 decoded_loss=0.004302 decoded_dynamic=0.005327 presence_loss=0.068494 memory_norm=7.813351
epoch=4 step=11420 total_loss=0.043783 pred_loss=0.023586 pred_uniform=0.024495 rep=0.029528 barlow=0.003613 barlow_diag=0.9844 barlow_offdiag=0.1876 sigreg_obj=0.779301 memory_barlow=0.000000 target_std=0.9719 pred_std=0.9708 decoded_loss=0.004202 decoded_dynamic=0.005831 presence_loss=0.050595 memory_norm=7.418468
epoch=4 step=11430 total_loss=0.036824 pred_loss=0.017571 pred_uniform=0.017989 rep=0.022514 barlow=0.003970 barlow_diag=0.9838 barlow_offdiag=0.1967 sigreg_obj=0.785782 memory_barlow=0.000000 target_std=0.9565 pred_std=0.9557 decoded_loss=0.003944 decoded_dynamic=0.005671 presence_loss=0.094609 memory_norm=6.058268
epoch=4 step=11440 total_loss=0.047202 pred_loss=0.025422 pred_uniform=0.026266 rep=0.032556 barlow=0.003654 barlow_diag=0.9819 barlow_offdiag=0.1862 sigreg_obj=0.799278 memory_barlow=0.000000 target_std=0.9661 pred_std=0.9648 decoded_loss=0.004146 decoded_dynamic=0.006100 presence_loss=0.060570 memory_norm=7.775043
epoch=4 step=11450 total_loss=0.044881 pred_loss=0.021969 pred_uniform=0.022544 rep=0.029259 barlow=0.003861 barlow_diag=0.9843 barlow_offdiag=0.1942 sigreg_obj=0.988644 memory_barlow=0.000000 target_std=0.9621 pred_std=0.9627 decoded_loss=0.003788 decoded_dynamic=0.005750 presence_loss=0.050927 memory_norm=9.031246
epoch=4 step=11460 total_loss=0.046602 pred_loss=0.025482 pred_uniform=0.026202 rep=0.034952 barlow=0.003544 barlow_diag=0.9844 barlow_offdiag=0.1857 sigreg_obj=0.659324 memory_barlow=0.000000 target_std=0.9723 pred_std=0.9717 decoded_loss=0.003966 decoded_dynamic=0.006072 presence_loss=0.063392 memory_norm=7.377150
epoch=4 step=11470 total_loss=0.046739 pred_loss=0.023301 pred_uniform=0.023692 rep=0.028788 barlow=0.004037 barlow_diag=0.9832 barlow_offdiag=0.1980 sigreg_obj=0.761783 memory_barlow=0.000000 target_std=0.9642 pred_std=0.9639 decoded_loss=0.004544 decoded_dynamic=0.006661 presence_loss=0.125494 memory_norm=7.461054
epoch=4 step=11480 total_loss=0.047358 pred_loss=0.025971 pred_uniform=0.026527 rep=0.029661 barlow=0.004013 barlow_diag=0.9847 barlow_offdiag=0.1985 sigreg_obj=0.589621 memory_barlow=0.000000 target_std=0.9716 pred_std=0.9726 decoded_loss=0.003531 decoded_dynamic=0.005428 presence_loss=0.089567 memory_norm=7.030533
epoch=4 step=11490 total_loss=0.035782 pred_loss=0.017735 pred_uniform=0.018038 rep=0.022575 barlow=0.003548 barlow_diag=0.9860 barlow_offdiag=0.1871 sigreg_obj=0.715544 memory_barlow=0.000000 target_std=0.9673 pred_std=0.9671 decoded_loss=0.002910 decoded_dynamic=0.004410 presence_loss=0.048389 memory_norm=7.790380
saved_recovery_checkpoint epoch=4 step=11500 successful_updates=11500
epoch=4 step=11500 total_loss=0.050483 pred_loss=0.024509 pred_uniform=0.025027 rep=0.028844 barlow=0.003991 barlow_diag=0.9850 barlow_offdiag=0.1983 sigreg_obj=0.994781 memory_barlow=0.000000 target_std=0.9531 pred_std=0.9517 decoded_loss=0.003373 decoded_dynamic=0.005346 presence_loss=0.080964 memory_norm=6.911623
epoch=4 step=11510 total_loss=0.032835 pred_loss=0.015684 pred_uniform=0.015813 rep=0.021616 barlow=0.004303 barlow_diag=0.9840 barlow_offdiag=0.2053 sigreg_obj=0.640705 memory_barlow=0.000000 target_std=0.9657 pred_std=0.9659 decoded_loss=0.002489 decoded_dynamic=0.004131 presence_loss=0.065560 memory_norm=5.961997
epoch=4 step=11520 total_loss=0.029500 pred_loss=0.013640 pred_uniform=0.014119 rep=0.017293 barlow=0.004009 barlow_diag=0.9851 barlow_offdiag=0.1989 sigreg_obj=0.822654 memory_barlow=0.000000 target_std=0.9689 pred_std=0.9674 decoded_loss=0.002506 decoded_dynamic=0.004141 presence_loss=0.028670 memory_norm=6.751545
epoch=4 step=11530 total_loss=0.031225 pred_loss=0.015016 pred_uniform=0.015309 rep=0.018626 barlow=0.003515 barlow_diag=0.9856 barlow_offdiag=0.1858 sigreg_obj=0.635706 memory_barlow=0.000000 target_std=0.9712 pred_std=0.9710 decoded_loss=0.002878 decoded_dynamic=0.004481 presence_loss=0.048768 memory_norm=7.630398
epoch=4 step=11540 total_loss=0.046056 pred_loss=0.025201 pred_uniform=0.025849 rep=0.032350 barlow=0.003538 barlow_diag=0.9856 barlow_offdiag=0.1865 sigreg_obj=0.564454 memory_barlow=0.000000 target_std=0.9731 pred_std=0.9726 decoded_loss=0.003770 decoded_dynamic=0.005776 presence_loss=0.091806 memory_norm=7.537155
epoch=4 step=11550 total_loss=0.036240 pred_loss=0.016918 pred_uniform=0.017372 rep=0.021444 barlow=0.003652 barlow_diag=0.9856 barlow_offdiag=0.1897 sigreg_obj=0.931467 memory_barlow=0.000000 target_std=0.9513 pred_std=0.9496 decoded_loss=0.002876 decoded_dynamic=0.004552 presence_loss=0.057052 memory_norm=6.451747
epoch=4 step=11560 total_loss=0.042295 pred_loss=0.022045 pred_uniform=0.022513 rep=0.031148 barlow=0.003601 barlow_diag=0.9838 barlow_offdiag=0.1866 sigreg_obj=0.588127 memory_barlow=0.000000 target_std=0.9735 pred_std=0.9741 decoded_loss=0.003310 decoded_dynamic=0.005209 presence_loss=0.059946 memory_norm=6.584079
epoch=4 step=11570 total_loss=0.036096 pred_loss=0.015558 pred_uniform=0.015840 rep=0.020759 barlow=0.003627 barlow_diag=0.9856 barlow_offdiag=0.1890 sigreg_obj=1.029350 memory_barlow=0.000000 target_std=0.9530 pred_std=0.9519 decoded_loss=0.003635 decoded_dynamic=0.005389 presence_loss=0.046841 memory_norm=7.446924
epoch=4 step=11580 total_loss=0.039881 pred_loss=0.020436 pred_uniform=0.020896 rep=0.025806 barlow=0.003434 barlow_diag=0.9853 barlow_offdiag=0.1834 sigreg_obj=0.733235 memory_barlow=0.000000 target_std=0.9610 pred_std=0.9601 decoded_loss=0.004522 decoded_dynamic=0.006179 presence_loss=0.056060 memory_norm=7.206042
epoch=4 step=11590 total_loss=0.041979 pred_loss=0.022684 pred_uniform=0.023740 rep=0.028550 barlow=0.003892 barlow_diag=0.9869 barlow_offdiag=0.1972 sigreg_obj=0.745950 memory_barlow=0.000000 target_std=0.9824 pred_std=0.9822 decoded_loss=0.003396 decoded_dynamic=0.005880 presence_loss=0.065797 memory_norm=8.370686
epoch=4 step=11600 total_loss=0.036751 pred_loss=0.017795 pred_uniform=0.018097 rep=0.025026 barlow=0.003697 barlow_diag=0.9855 barlow_offdiag=0.1908 sigreg_obj=0.759047 memory_barlow=0.000000 target_std=0.9633 pred_std=0.9630 decoded_loss=0.002947 decoded_dynamic=0.004981 presence_loss=0.062285 memory_norm=7.148239
epoch=4 step=11610 total_loss=0.035161 pred_loss=0.010870 pred_uniform=0.010972 rep=0.016255 barlow=0.004113 barlow_diag=0.9850 barlow_offdiag=0.2015 sigreg_obj=1.690158 memory_barlow=0.000000 target_std=0.9265 pred_std=0.9265 decoded_loss=0.002776 decoded_dynamic=0.003197 presence_loss=0.028907 memory_norm=6.386963
epoch=4 step=11620 total_loss=0.038890 pred_loss=0.016960 pred_uniform=0.017015 rep=0.027300 barlow=0.003642 barlow_diag=0.9834 barlow_offdiag=0.1873 sigreg_obj=0.978005 memory_barlow=0.000000 target_std=0.9505 pred_std=0.9498 decoded_loss=0.003403 decoded_dynamic=0.005145 presence_loss=0.050926 memory_norm=6.102047
epoch=4 step=11630 total_loss=0.034719 pred_loss=0.013371 pred_uniform=0.013452 rep=0.021339 barlow=0.003978 barlow_diag=0.9849 barlow_offdiag=0.1978 sigreg_obj=1.200519 memory_barlow=0.000000 target_std=0.9443 pred_std=0.9443 decoded_loss=0.002989 decoded_dynamic=0.004431 presence_loss=0.043125 memory_norm=6.744427
epoch=4 step=11640 total_loss=0.036452 pred_loss=0.018192 pred_uniform=0.018696 rep=0.024916 barlow=0.003556 barlow_diag=0.9864 barlow_offdiag=0.1876 sigreg_obj=0.737335 memory_barlow=0.000000 target_std=0.9742 pred_std=0.9730 decoded_loss=0.004090 decoded_dynamic=0.005628 presence_loss=0.053833 memory_norm=8.284663
epoch=4 step=11650 total_loss=0.032572 pred_loss=0.014727 pred_uniform=0.015038 rep=0.020650 barlow=0.003849 barlow_diag=0.9860 barlow_offdiag=0.1953 sigreg_obj=0.833527 memory_barlow=0.000000 target_std=0.9675 pred_std=0.9675 decoded_loss=0.003002 decoded_dynamic=0.004900 presence_loss=0.050349 memory_norm=8.246874
epoch=4 step=11660 total_loss=0.030407 pred_loss=0.014101 pred_uniform=0.014142 rep=0.022716 barlow=0.003491 barlow_diag=0.9860 barlow_offdiag=0.1856 sigreg_obj=0.603897 memory_barlow=0.000000 target_std=0.9680 pred_std=0.9672 decoded_loss=0.002759 decoded_dynamic=0.004253 presence_loss=0.042695 memory_norm=6.851608
epoch=4 step=11670 total_loss=0.030405 pred_loss=0.014782 pred_uniform=0.015233 rep=0.020446 barlow=0.003736 barlow_diag=0.9863 barlow_offdiag=0.1925 sigreg_obj=0.693069 memory_barlow=0.000000 target_std=0.9649 pred_std=0.9642 decoded_loss=0.004642 decoded_dynamic=0.004381 presence_loss=0.046191 memory_norm=6.529159
epoch=4 step=11680 total_loss=0.036878 pred_loss=0.018525 pred_uniform=0.018924 rep=0.022915 barlow=0.003780 barlow_diag=0.9840 barlow_offdiag=0.1917 sigreg_obj=0.725947 memory_barlow=0.000000 target_std=0.9614 pred_std=0.9591 decoded_loss=0.003495 decoded_dynamic=0.004306 presence_loss=0.045167 memory_norm=6.520760
epoch=4 step=11690 total_loss=0.039100 pred_loss=0.019813 pred_uniform=0.020339 rep=0.026191 barlow=0.003947 barlow_diag=0.9837 barlow_offdiag=0.1960 sigreg_obj=0.704176 memory_barlow=0.000000 target_std=0.9627 pred_std=0.9632 decoded_loss=0.003432 decoded_dynamic=0.005671 presence_loss=0.080960 memory_norm=7.002411
epoch=4 step=11700 total_loss=0.056293 pred_loss=0.031551 pred_uniform=0.032350 rep=0.036810 barlow=0.003689 barlow_diag=0.9839 barlow_offdiag=0.1893 sigreg_obj=0.687081 memory_barlow=0.000000 target_std=0.9626 pred_std=0.9627 decoded_loss=0.003831 decoded_dynamic=0.006378 presence_loss=0.091820 memory_norm=7.217900
epoch=4 step=11710 total_loss=0.027661 pred_loss=0.011397 pred_uniform=0.011479 rep=0.018142 barlow=0.003959 barlow_diag=0.9858 barlow_offdiag=0.1981 sigreg_obj=0.792269 memory_barlow=0.000000 target_std=0.9567 pred_std=0.9557 decoded_loss=0.002129 decoded_dynamic=0.003188 presence_loss=0.037327 memory_norm=6.437346
epoch=4 step=11720 total_loss=0.042662 pred_loss=0.021726 pred_uniform=0.022617 rep=0.028526 barlow=0.004177 barlow_diag=0.9860 barlow_offdiag=0.2039 sigreg_obj=0.908513 memory_barlow=0.000000 target_std=0.9699 pred_std=0.9688 decoded_loss=0.003340 decoded_dynamic=0.005574 presence_loss=0.081901 memory_norm=6.998241
epoch=4 step=11730 total_loss=0.036475 pred_loss=0.016991 pred_uniform=0.017297 rep=0.022982 barlow=0.003625 barlow_diag=0.9849 barlow_offdiag=0.1883 sigreg_obj=0.845312 memory_barlow=0.000000 target_std=0.9596 pred_std=0.9602 decoded_loss=0.003152 decoded_dynamic=0.005009 presence_loss=0.055659 memory_norm=7.357973
epoch=4 step=11740 total_loss=0.037732 pred_loss=0.019390 pred_uniform=0.020168 rep=0.023125 barlow=0.003922 barlow_diag=0.9852 barlow_offdiag=0.1967 sigreg_obj=0.823450 memory_barlow=0.000000 target_std=0.9628 pred_std=0.9624 decoded_loss=0.003269 decoded_dynamic=0.004947 presence_loss=0.044059 memory_norm=7.623397
saved_recovery_checkpoint epoch=4 step=11750 successful_updates=11750
epoch=4 step=11750 total_loss=0.032040 pred_loss=0.015650 pred_uniform=0.016013 rep=0.020411 barlow=0.003445 barlow_diag=0.9864 barlow_offdiag=0.1846 sigreg_obj=0.674336 memory_barlow=0.000000 target_std=0.9650 pred_std=0.9649 decoded_loss=0.004026 decoded_dynamic=0.005827 presence_loss=0.058525 memory_norm=7.750158
epoch=4 step=11760 total_loss=0.039879 pred_loss=0.021446 pred_uniform=0.022144 rep=0.024041 barlow=0.003424 barlow_diag=0.9842 barlow_offdiag=0.1819 sigreg_obj=0.671391 memory_barlow=0.000000 target_std=0.9767 pred_std=0.9755 decoded_loss=0.003015 decoded_dynamic=0.004951 presence_loss=0.047830 memory_norm=8.387018
epoch=4 step=11770 total_loss=0.033647 pred_loss=0.015894 pred_uniform=0.016235 rep=0.019015 barlow=0.003499 barlow_diag=0.9859 barlow_offdiag=0.1857 sigreg_obj=0.799762 memory_barlow=0.000000 target_std=0.9679 pred_std=0.9684 decoded_loss=0.004624 decoded_dynamic=0.005297 presence_loss=0.068743 memory_norm=8.087044
epoch=4 step=11780 total_loss=0.031041 pred_loss=0.014426 pred_uniform=0.014677 rep=0.019228 barlow=0.003984 barlow_diag=0.9850 barlow_offdiag=0.1981 sigreg_obj=0.709528 memory_barlow=0.000000 target_std=0.9609 pred_std=0.9600 decoded_loss=0.004133 decoded_dynamic=0.004747 presence_loss=0.062487 memory_norm=6.718799
epoch=4 step=11790 total_loss=0.033905 pred_loss=0.016527 pred_uniform=0.016612 rep=0.020704 barlow=0.003699 barlow_diag=0.9845 barlow_offdiag=0.1900 sigreg_obj=0.627394 memory_barlow=0.000000 target_std=0.9651 pred_std=0.9651 decoded_loss=0.003616 decoded_dynamic=0.004519 presence_loss=0.050024 memory_norm=7.142898
epoch=4 step=11800 total_loss=0.025635 pred_loss=0.011649 pred_uniform=0.011944 rep=0.014925 barlow=0.003884 barlow_diag=0.9853 barlow_offdiag=0.1957 sigreg_obj=0.678809 memory_barlow=0.000000 target_std=0.9661 pred_std=0.9650 decoded_loss=0.002827 decoded_dynamic=0.004263 presence_loss=0.030701 memory_norm=6.370750
epoch=4 step=11810 total_loss=0.045959 pred_loss=0.023702 pred_uniform=0.024175 rep=0.027338 barlow=0.003353 barlow_diag=0.9851 barlow_offdiag=0.1809 sigreg_obj=0.687523 memory_barlow=0.000000 target_std=0.9713 pred_std=0.9713 decoded_loss=0.004249 decoded_dynamic=0.005865 presence_loss=0.071976 memory_norm=8.693850
epoch=4 step=11820 total_loss=0.037522 pred_loss=0.019017 pred_uniform=0.019445 rep=0.023682 barlow=0.003622 barlow_diag=0.9845 barlow_offdiag=0.1879 sigreg_obj=0.713978 memory_barlow=0.000000 target_std=0.9625 pred_std=0.9616 decoded_loss=0.004068 decoded_dynamic=0.005335 presence_loss=0.062572 memory_norm=6.640365
epoch=4 step=11830 total_loss=0.032058 pred_loss=0.013980 pred_uniform=0.014390 rep=0.018968 barlow=0.003837 barlow_diag=0.9847 barlow_offdiag=0.1939 sigreg_obj=0.953706 memory_barlow=0.000000 target_std=0.9569 pred_std=0.9562 decoded_loss=0.003410 decoded_dynamic=0.005291 presence_loss=0.039110 memory_norm=8.077006
epoch=4 step=11840 total_loss=0.046063 pred_loss=0.024808 pred_uniform=0.025461 rep=0.034204 barlow=0.003460 barlow_diag=0.9849 barlow_offdiag=0.1838 sigreg_obj=0.696965 memory_barlow=0.000000 target_std=0.9725 pred_std=0.9724 decoded_loss=0.004301 decoded_dynamic=0.006286 presence_loss=0.064721 memory_norm=8.719842
epoch=4 step=11850 total_loss=0.033930 pred_loss=0.017298 pred_uniform=0.017833 rep=0.022892 barlow=0.003416 barlow_diag=0.9857 barlow_offdiag=0.1832 sigreg_obj=0.651610 memory_barlow=0.000000 target_std=0.9685 pred_std=0.9681 decoded_loss=0.003737 decoded_dynamic=0.004743 presence_loss=0.056459 memory_norm=7.595012
epoch=4 step=11860 total_loss=0.055179 pred_loss=0.028450 pred_uniform=0.029257 rep=0.034627 barlow=0.003571 barlow_diag=0.9845 barlow_offdiag=0.1865 sigreg_obj=0.808958 memory_barlow=0.000000 target_std=0.9641 pred_std=0.9617 decoded_loss=0.004161 decoded_dynamic=0.005570 presence_loss=0.071941 memory_norm=7.840736
epoch=4 step=11870 total_loss=0.046728 pred_loss=0.022602 pred_uniform=0.022950 rep=0.029212 barlow=0.003527 barlow_diag=0.9842 barlow_offdiag=0.1849 sigreg_obj=0.971328 memory_barlow=0.000000 target_std=0.9531 pred_std=0.9541 decoded_loss=0.005065 decoded_dynamic=0.006235 presence_loss=0.083831 memory_norm=7.518819
epoch=4 step=11880 total_loss=0.035681 pred_loss=0.017466 pred_uniform=0.017675 rep=0.028201 barlow=0.003730 barlow_diag=0.9834 barlow_offdiag=0.1898 sigreg_obj=0.670840 memory_barlow=0.000000 target_std=0.9596 pred_std=0.9597 decoded_loss=0.004030 decoded_dynamic=0.005706 presence_loss=0.038586 memory_norm=6.748142
epoch=4 step=11890 total_loss=0.040858 pred_loss=0.019947 pred_uniform=0.020271 rep=0.027480 barlow=0.003897 barlow_diag=0.9814 barlow_offdiag=0.1923 sigreg_obj=0.812540 memory_barlow=0.000000 target_std=0.9593 pred_std=0.9587 decoded_loss=0.003800 decoded_dynamic=0.004760 presence_loss=0.050054 memory_norm=7.713491
epoch=4 step=11900 total_loss=0.036023 pred_loss=0.015026 pred_uniform=0.015539 rep=0.022675 barlow=0.003651 barlow_diag=0.9867 barlow_offdiag=0.1905 sigreg_obj=1.180500 memory_barlow=0.000000 target_std=0.9650 pred_std=0.9663 decoded_loss=0.003143 decoded_dynamic=0.004258 presence_loss=0.040038 memory_norm=8.668674
epoch=4 step=11910 total_loss=0.046536 pred_loss=0.025720 pred_uniform=0.026463 rep=0.032426 barlow=0.003533 barlow_diag=0.9848 barlow_offdiag=0.1857 sigreg_obj=0.623261 memory_barlow=0.000000 target_std=0.9661 pred_std=0.9641 decoded_loss=0.003393 decoded_dynamic=0.005462 presence_loss=0.089282 memory_norm=7.015043
epoch=4 step=11920 total_loss=0.039185 pred_loss=0.020338 pred_uniform=0.020931 rep=0.026731 barlow=0.003407 barlow_diag=0.9864 barlow_offdiag=0.1834 sigreg_obj=0.742644 memory_barlow=0.000000 target_std=0.9789 pred_std=0.9784 decoded_loss=0.003714 decoded_dynamic=0.006226 presence_loss=0.056675 memory_norm=9.232173
epoch=4 step=11930 total_loss=0.039799 pred_loss=0.019168 pred_uniform=0.019500 rep=0.025562 barlow=0.003724 barlow_diag=0.9843 barlow_offdiag=0.1905 sigreg_obj=0.852211 memory_barlow=0.000000 target_std=0.9625 pred_std=0.9626 decoded_loss=0.003482 decoded_dynamic=0.006001 presence_loss=0.070030 memory_norm=8.702765
epoch=4 step=11940 total_loss=0.045904 pred_loss=0.024915 pred_uniform=0.025612 rep=0.032426 barlow=0.003453 barlow_diag=0.9859 barlow_offdiag=0.1844 sigreg_obj=0.706159 memory_barlow=0.000000 target_std=0.9753 pred_std=0.9752 decoded_loss=0.004179 decoded_dynamic=0.006458 presence_loss=0.070277 memory_norm=8.197991
epoch=4 step=11950 total_loss=0.050687 pred_loss=0.028833 pred_uniform=0.029828 rep=0.033675 barlow=0.003687 barlow_diag=0.9836 barlow_offdiag=0.1889 sigreg_obj=0.590818 memory_barlow=0.000000 target_std=0.9753 pred_std=0.9744 decoded_loss=0.004996 decoded_dynamic=0.007440 presence_loss=0.135502 memory_norm=8.505184
epoch=4 step=11960 total_loss=0.048890 pred_loss=0.026994 pred_uniform=0.027788 rep=0.034010 barlow=0.003357 barlow_diag=0.9868 barlow_offdiag=0.1823 sigreg_obj=0.680435 memory_barlow=0.000000 target_std=0.9788 pred_std=0.9776 decoded_loss=0.003989 decoded_dynamic=0.006241 presence_loss=0.091173 memory_norm=8.386316
epoch=4 step=11970 total_loss=0.035059 pred_loss=0.015987 pred_uniform=0.016265 rep=0.021909 barlow=0.003938 barlow_diag=0.9840 barlow_offdiag=0.1960 sigreg_obj=0.820588 memory_barlow=0.000000 target_std=0.9578 pred_std=0.9586 decoded_loss=0.003592 decoded_dynamic=0.004990 presence_loss=0.042385 memory_norm=6.464700
epoch=4 step=11980 total_loss=0.047258 pred_loss=0.025268 pred_uniform=0.025640 rep=0.031174 barlow=0.003255 barlow_diag=0.9848 barlow_offdiag=0.1777 sigreg_obj=0.579962 memory_barlow=0.000000 target_std=0.9752 pred_std=0.9736 decoded_loss=0.003807 decoded_dynamic=0.005538 presence_loss=0.084714 memory_norm=7.348279
epoch=4 step=11990 total_loss=0.036066 pred_loss=0.017358 pred_uniform=0.017660 rep=0.023476 barlow=0.004043 barlow_diag=0.9859 barlow_offdiag=0.2003 sigreg_obj=0.777581 memory_barlow=0.000000 target_std=0.9695 pred_std=0.9703 decoded_loss=0.003747 decoded_dynamic=0.005295 presence_loss=0.053063 memory_norm=6.850853
saved_recovery_checkpoint epoch=4 step=12000 successful_updates=12000
epoch=4 step=12000 total_loss=0.036685 pred_loss=0.018608 pred_uniform=0.019057 rep=0.022821 barlow=0.003911 barlow_diag=0.9869 barlow_offdiag=0.1976 sigreg_obj=0.677545 memory_barlow=0.000000 target_std=0.9707 pred_std=0.9708 decoded_loss=0.003702 decoded_dynamic=0.005554 presence_loss=0.061402 memory_norm=6.773603
epoch=4 step=12010 total_loss=0.038480 pred_loss=0.020837 pred_uniform=0.021462 rep=0.027953 barlow=0.003403 barlow_diag=0.9859 barlow_offdiag=0.1830 sigreg_obj=0.553526 memory_barlow=0.000000 target_std=0.9747 pred_std=0.9736 decoded_loss=0.004008 decoded_dynamic=0.005965 presence_loss=0.129234 memory_norm=7.265937
epoch=4 step=12020 total_loss=0.039049 pred_loss=0.020040 pred_uniform=0.020414 rep=0.024088 barlow=0.003471 barlow_diag=0.9844 barlow_offdiag=0.1835 sigreg_obj=0.679768 memory_barlow=0.000000 target_std=0.9715 pred_std=0.9716 decoded_loss=0.003297 decoded_dynamic=0.005171 presence_loss=0.070858 memory_norm=7.718520
epoch=4 step=12030 total_loss=0.031678 pred_loss=0.015768 pred_uniform=0.016298 rep=0.020758 barlow=0.003545 barlow_diag=0.9853 barlow_offdiag=0.1864 sigreg_obj=0.683427 memory_barlow=0.000000 target_std=0.9715 pred_std=0.9713 decoded_loss=0.003453 decoded_dynamic=0.005782 presence_loss=0.048281 memory_norm=7.936766
epoch=4 step=12040 total_loss=0.043675 pred_loss=0.024632 pred_uniform=0.025622 rep=0.029008 barlow=0.003456 barlow_diag=0.9863 barlow_offdiag=0.1848 sigreg_obj=0.615899 memory_barlow=0.000000 target_std=0.9706 pred_std=0.9711 decoded_loss=0.004367 decoded_dynamic=0.006638 presence_loss=0.079835 memory_norm=7.711273
epoch=4 step=12050 total_loss=0.030595 pred_loss=0.012997 pred_uniform=0.013225 rep=0.020429 barlow=0.003622 barlow_diag=0.9867 barlow_offdiag=0.1898 sigreg_obj=0.888066 memory_barlow=0.000000 target_std=0.9583 pred_std=0.9566 decoded_loss=0.003367 decoded_dynamic=0.004453 presence_loss=0.044185 memory_norm=8.709173
epoch=4 step=12060 total_loss=0.030294 pred_loss=0.013768 pred_uniform=0.014137 rep=0.019405 barlow=0.004081 barlow_diag=0.9835 barlow_offdiag=0.1993 sigreg_obj=0.798549 memory_barlow=0.000000 target_std=0.9601 pred_std=0.9584 decoded_loss=0.003151 decoded_dynamic=0.003779 presence_loss=0.031291 memory_norm=6.175466
epoch=4 step=12070 total_loss=0.039221 pred_loss=0.020961 pred_uniform=0.021443 rep=0.026521 barlow=0.003371 barlow_diag=0.9856 barlow_offdiag=0.1818 sigreg_obj=0.557573 memory_barlow=0.000000 target_std=0.9750 pred_std=0.9748 decoded_loss=0.003341 decoded_dynamic=0.005633 presence_loss=0.066210 memory_norm=7.506360
epoch=4 step=12080 total_loss=0.044950 pred_loss=0.024359 pred_uniform=0.024967 rep=0.029641 barlow=0.003499 barlow_diag=0.9849 barlow_offdiag=0.1847 sigreg_obj=0.696285 memory_barlow=0.000000 target_std=0.9677 pred_std=0.9661 decoded_loss=0.003235 decoded_dynamic=0.005157 presence_loss=0.071749 memory_norm=8.413021
epoch=4 step=12090 total_loss=0.030659 pred_loss=0.014507 pred_uniform=0.014785 rep=0.019042 barlow=0.003791 barlow_diag=0.9867 barlow_offdiag=0.1944 sigreg_obj=0.704145 memory_barlow=0.000000 target_std=0.9621 pred_std=0.9623 decoded_loss=0.003791 decoded_dynamic=0.005121 presence_loss=0.043767 memory_norm=7.630142
epoch=4 step=12100 total_loss=0.055929 pred_loss=0.030949 pred_uniform=0.031626 rep=0.034281 barlow=0.003272 barlow_diag=0.9838 barlow_offdiag=0.1773 sigreg_obj=0.712618 memory_barlow=0.000000 target_std=0.9724 pred_std=0.9692 decoded_loss=0.004921 decoded_dynamic=0.006827 presence_loss=0.063068 memory_norm=9.246094
epoch=4 step=12110 total_loss=0.034569 pred_loss=0.017900 pred_uniform=0.018349 rep=0.022330 barlow=0.003664 barlow_diag=0.9860 barlow_offdiag=0.1903 sigreg_obj=0.588878 memory_barlow=0.000000 target_std=0.9669 pred_std=0.9654 decoded_loss=0.004865 decoded_dynamic=0.006596 presence_loss=0.070258 memory_norm=7.376473
epoch=4 step=12120 total_loss=0.045346 pred_loss=0.023405 pred_uniform=0.023745 rep=0.027597 barlow=0.003672 barlow_diag=0.9848 barlow_offdiag=0.1895 sigreg_obj=0.798195 memory_barlow=0.000000 target_std=0.9616 pred_std=0.9614 decoded_loss=0.003881 decoded_dynamic=0.005784 presence_loss=0.060154 memory_norm=7.911761
epoch=4 step=12130 total_loss=0.036048 pred_loss=0.016964 pred_uniform=0.017449 rep=0.021483 barlow=0.003559 barlow_diag=0.9863 barlow_offdiag=0.1877 sigreg_obj=0.809458 memory_barlow=0.000000 target_std=0.9601 pred_std=0.9594 decoded_loss=0.003150 decoded_dynamic=0.004459 presence_loss=0.048366 memory_norm=8.119128
epoch=4 step=12140 total_loss=0.041966 pred_loss=0.021860 pred_uniform=0.022252 rep=0.029038 barlow=0.003571 barlow_diag=0.9843 barlow_offdiag=0.1862 sigreg_obj=0.641972 memory_barlow=0.000000 target_std=0.9698 pred_std=0.9709 decoded_loss=0.003089 decoded_dynamic=0.004332 presence_loss=0.058388 memory_norm=7.211708
epoch=4 step=12150 total_loss=0.038806 pred_loss=0.018950 pred_uniform=0.019262 rep=0.025209 barlow=0.003515 barlow_diag=0.9872 barlow_offdiag=0.1871 sigreg_obj=0.745478 memory_barlow=0.000000 target_std=0.9702 pred_std=0.9691 decoded_loss=0.003245 decoded_dynamic=0.005055 presence_loss=0.059352 memory_norm=8.486753
epoch=4 step=12160 total_loss=0.046360 pred_loss=0.024152 pred_uniform=0.024890 rep=0.029640 barlow=0.003389 barlow_diag=0.9876 barlow_offdiag=0.1839 sigreg_obj=0.828279 memory_barlow=0.000000 target_std=0.9648 pred_std=0.9648 decoded_loss=0.004401 decoded_dynamic=0.005521 presence_loss=0.105241 memory_norm=8.805887
epoch=4 step=12170 total_loss=0.031711 pred_loss=0.014986 pred_uniform=0.015248 rep=0.023021 barlow=0.003512 barlow_diag=0.9862 barlow_offdiag=0.1862 sigreg_obj=0.692805 memory_barlow=0.000000 target_std=0.9769 pred_std=0.9766 decoded_loss=0.003574 decoded_dynamic=0.004926 presence_loss=0.045981 memory_norm=7.386043
epoch=4 step=12180 total_loss=0.044061 pred_loss=0.023641 pred_uniform=0.024300 rep=0.026869 barlow=0.003411 barlow_diag=0.9829 barlow_offdiag=0.1803 sigreg_obj=0.724739 memory_barlow=0.000000 target_std=0.9684 pred_std=0.9667 decoded_loss=0.005949 decoded_dynamic=0.007183 presence_loss=0.097630 memory_norm=8.098480
epoch=4 step=12190 total_loss=0.036150 pred_loss=0.016599 pred_uniform=0.016895 rep=0.024609 barlow=0.003665 barlow_diag=0.9805 barlow_offdiag=0.1850 sigreg_obj=0.915730 memory_barlow=0.000000 target_std=0.9586 pred_std=0.9578 decoded_loss=0.004021 decoded_dynamic=0.005117 presence_loss=0.043015 memory_norm=7.124446
epoch=4 step=12200 total_loss=0.057986 pred_loss=0.032517 pred_uniform=0.033576 rep=0.045168 barlow=0.003351 barlow_diag=0.9862 barlow_offdiag=0.1817 sigreg_obj=0.666597 memory_barlow=0.000000 target_std=0.9802 pred_std=0.9809 decoded_loss=0.003786 decoded_dynamic=0.006103 presence_loss=0.124037 memory_norm=8.956480
epoch=4 step=12210 total_loss=0.035272 pred_loss=0.018083 pred_uniform=0.018591 rep=0.030362 barlow=0.003389 barlow_diag=0.9858 barlow_offdiag=0.1824 sigreg_obj=0.609186 memory_barlow=0.000000 target_std=0.9727 pred_std=0.9733 decoded_loss=0.003311 decoded_dynamic=0.005356 presence_loss=0.045600 memory_norm=8.086619
epoch=4 step=12220 total_loss=0.044526 pred_loss=0.024436 pred_uniform=0.025272 rep=0.032886 barlow=0.003785 barlow_diag=0.9871 barlow_offdiag=0.1944 sigreg_obj=0.659283 memory_barlow=0.000000 target_std=0.9760 pred_std=0.9751 decoded_loss=0.003668 decoded_dynamic=0.005921 presence_loss=0.060294 memory_norm=7.911001
epoch=4 step=12230 total_loss=0.032533 pred_loss=0.015789 pred_uniform=0.016226 rep=0.023160 barlow=0.003417 barlow_diag=0.9855 barlow_offdiag=0.1830 sigreg_obj=0.719096 memory_barlow=0.000000 target_std=0.9709 pred_std=0.9707 decoded_loss=0.003429 decoded_dynamic=0.004981 presence_loss=0.035196 memory_norm=8.052195
epoch=4 step=12240 total_loss=0.040742 pred_loss=0.020149 pred_uniform=0.020510 rep=0.027589 barlow=0.003440 barlow_diag=0.9866 barlow_offdiag=0.1846 sigreg_obj=0.729303 memory_barlow=0.000000 target_std=0.9656 pred_std=0.9650 decoded_loss=0.004394 decoded_dynamic=0.006471 presence_loss=0.110687 memory_norm=8.791698
saved_recovery_checkpoint epoch=4 step=12250 successful_updates=12250
epoch=4 step=12250 total_loss=0.029396 pred_loss=0.013256 pred_uniform=0.013523 rep=0.020239 barlow=0.003751 barlow_diag=0.9872 barlow_offdiag=0.1936 sigreg_obj=0.764857 memory_barlow=0.000000 target_std=0.9654 pred_std=0.9643 decoded_loss=0.003385 decoded_dynamic=0.004311 presence_loss=0.033298 memory_norm=7.916896
epoch=4 step=12260 total_loss=0.031615 pred_loss=0.015514 pred_uniform=0.016050 rep=0.030007 barlow=0.003808 barlow_diag=0.9849 barlow_offdiag=0.1934 sigreg_obj=0.658275 memory_barlow=0.000000 target_std=0.9642 pred_std=0.9628 decoded_loss=0.002646 decoded_dynamic=0.003708 presence_loss=0.030292 memory_norm=6.627840
epoch=4 step=12270 total_loss=0.040437 pred_loss=0.020231 pred_uniform=0.020558 rep=0.029398 barlow=0.003599 barlow_diag=0.9846 barlow_offdiag=0.1874 sigreg_obj=0.701440 memory_barlow=0.000000 target_std=0.9653 pred_std=0.9646 decoded_loss=0.004176 decoded_dynamic=0.005744 presence_loss=0.071945 memory_norm=7.445829
epoch=4 step=12280 total_loss=0.036960 pred_loss=0.017453 pred_uniform=0.017699 rep=0.022726 barlow=0.003603 barlow_diag=0.9858 barlow_offdiag=0.1885 sigreg_obj=0.820423 memory_barlow=0.000000 target_std=0.9627 pred_std=0.9630 decoded_loss=0.003285 decoded_dynamic=0.005289 presence_loss=0.048494 memory_norm=7.936351
epoch=4 step=12290 total_loss=0.032250 pred_loss=0.014781 pred_uniform=0.015196 rep=0.020465 barlow=0.003781 barlow_diag=0.9855 barlow_offdiag=0.1931 sigreg_obj=0.813624 memory_barlow=0.000000 target_std=0.9585 pred_std=0.9577 decoded_loss=0.002603 decoded_dynamic=0.004211 presence_loss=0.063807 memory_norm=7.801819
epoch=4 step=12300 total_loss=0.044305 pred_loss=0.024410 pred_uniform=0.025306 rep=0.033045 barlow=0.003452 barlow_diag=0.9856 barlow_offdiag=0.1841 sigreg_obj=0.669831 memory_barlow=0.000000 target_std=0.9695 pred_std=0.9691 decoded_loss=0.004677 decoded_dynamic=0.006562 presence_loss=0.076049 memory_norm=8.076900
epoch=4 step=12310 total_loss=0.028306 pred_loss=0.012066 pred_uniform=0.012292 rep=0.017584 barlow=0.003525 barlow_diag=0.9858 barlow_offdiag=0.1863 sigreg_obj=0.844214 memory_barlow=0.000000 target_std=0.9536 pred_std=0.9527 decoded_loss=0.003435 decoded_dynamic=0.004313 presence_loss=0.034890 memory_norm=7.051881
epoch=4 step=12320 total_loss=0.042974 pred_loss=0.022674 pred_uniform=0.023095 rep=0.027655 barlow=0.003294 barlow_diag=0.9850 barlow_offdiag=0.1790 sigreg_obj=0.650887 memory_barlow=0.000000 target_std=0.9706 pred_std=0.9707 decoded_loss=0.004806 decoded_dynamic=0.006451 presence_loss=0.100856 memory_norm=7.873088
epoch=4 step=12330 total_loss=0.032614 pred_loss=0.016576 pred_uniform=0.017038 rep=0.021200 barlow=0.003770 barlow_diag=0.9855 barlow_offdiag=0.1927 sigreg_obj=0.617623 memory_barlow=0.000000 target_std=0.9685 pred_std=0.9684 decoded_loss=0.003651 decoded_dynamic=0.005239 presence_loss=0.049202 memory_norm=6.428273
epoch=4 step=12340 total_loss=0.036087 pred_loss=0.018470 pred_uniform=0.019057 rep=0.027609 barlow=0.003381 barlow_diag=0.9858 barlow_offdiag=0.1822 sigreg_obj=0.669484 memory_barlow=0.000000 target_std=0.9787 pred_std=0.9785 decoded_loss=0.003364 decoded_dynamic=0.005492 presence_loss=0.047598 memory_norm=7.629912
epoch=4 step=12350 total_loss=0.035730 pred_loss=0.018885 pred_uniform=0.019411 rep=0.025461 barlow=0.003377 barlow_diag=0.9852 barlow_offdiag=0.1816 sigreg_obj=0.607056 memory_barlow=0.000000 target_std=0.9705 pred_std=0.9704 decoded_loss=0.003823 decoded_dynamic=0.005535 presence_loss=0.050367 memory_norm=8.767329
epoch=4 step=12360 total_loss=0.038729 pred_loss=0.019283 pred_uniform=0.019879 rep=0.027850 barlow=0.003531 barlow_diag=0.9840 barlow_offdiag=0.1850 sigreg_obj=0.806516 memory_barlow=0.000000 target_std=0.9620 pred_std=0.9612 decoded_loss=0.003258 decoded_dynamic=0.004964 presence_loss=0.050625 memory_norm=6.584006
epoch=4 step=12370 total_loss=0.030813 pred_loss=0.014449 pred_uniform=0.014846 rep=0.021871 barlow=0.003718 barlow_diag=0.9853 barlow_offdiag=0.1913 sigreg_obj=0.721229 memory_barlow=0.000000 target_std=0.9603 pred_std=0.9588 decoded_loss=0.004188 decoded_dynamic=0.005558 presence_loss=0.058759 memory_norm=7.450100
epoch=4 step=12380 total_loss=0.038779 pred_loss=0.020172 pred_uniform=0.020847 rep=0.026027 barlow=0.003565 barlow_diag=0.9859 barlow_offdiag=0.1876 sigreg_obj=0.729889 memory_barlow=0.000000 target_std=0.9712 pred_std=0.9721 decoded_loss=0.003742 decoded_dynamic=0.006415 presence_loss=0.057938 memory_norm=8.402013
epoch=4 step=12390 total_loss=0.045336 pred_loss=0.023632 pred_uniform=0.024112 rep=0.030228 barlow=0.003937 barlow_diag=0.9852 barlow_offdiag=0.1970 sigreg_obj=0.728857 memory_barlow=0.000000 target_std=0.9739 pred_std=0.9727 decoded_loss=0.004339 decoded_dynamic=0.005800 presence_loss=0.080508 memory_norm=8.026526
epoch=4 step=12400 total_loss=0.038138 pred_loss=0.018954 pred_uniform=0.019509 rep=0.025241 barlow=0.003540 barlow_diag=0.9843 barlow_offdiag=0.1854 sigreg_obj=0.752529 memory_barlow=0.000000 target_std=0.9674 pred_std=0.9669 decoded_loss=0.003650 decoded_dynamic=0.005965 presence_loss=0.055788 memory_norm=8.931136
epoch=4 step=12410 total_loss=0.028121 pred_loss=0.013553 pred_uniform=0.013730 rep=0.021138 barlow=0.003666 barlow_diag=0.9846 barlow_offdiag=0.1892 sigreg_obj=0.540539 memory_barlow=0.000000 target_std=0.9734 pred_std=0.9731 decoded_loss=0.003541 decoded_dynamic=0.004279 presence_loss=0.030052 memory_norm=6.316219
epoch=4 step=12420 total_loss=0.028650 pred_loss=0.011915 pred_uniform=0.011888 rep=0.019380 barlow=0.004055 barlow_diag=0.9856 barlow_offdiag=0.2003 sigreg_obj=0.740151 memory_barlow=0.000000 target_std=0.9705 pred_std=0.9712 decoded_loss=0.002465 decoded_dynamic=0.003755 presence_loss=0.023784 memory_norm=7.157394
epoch=4 step=12430 total_loss=0.037810 pred_loss=0.017315 pred_uniform=0.017738 rep=0.022616 barlow=0.003880 barlow_diag=0.9854 barlow_offdiag=0.1957 sigreg_obj=1.023310 memory_barlow=0.000000 target_std=0.9487 pred_std=0.9481 decoded_loss=0.003486 decoded_dynamic=0.004525 presence_loss=0.055885 memory_norm=7.119600
epoch=4 step=12440 total_loss=0.036330 pred_loss=0.018131 pred_uniform=0.018540 rep=0.028213 barlow=0.003978 barlow_diag=0.9857 barlow_offdiag=0.1985 sigreg_obj=0.669219 memory_barlow=0.000000 target_std=0.9672 pred_std=0.9658 decoded_loss=0.003816 decoded_dynamic=0.005549 presence_loss=0.039658 memory_norm=7.212723
epoch=4 step=12450 total_loss=0.042857 pred_loss=0.020794 pred_uniform=0.021222 rep=0.026719 barlow=0.003535 barlow_diag=0.9856 barlow_offdiag=0.1864 sigreg_obj=0.919235 memory_barlow=0.000000 target_std=0.9602 pred_std=0.9588 decoded_loss=0.003059 decoded_dynamic=0.004648 presence_loss=0.072154 memory_norm=8.845469
epoch=4 step=12460 total_loss=0.033301 pred_loss=0.016444 pred_uniform=0.016903 rep=0.026074 barlow=0.003497 barlow_diag=0.9870 barlow_offdiag=0.1865 sigreg_obj=0.642720 memory_barlow=0.000000 target_std=0.9760 pred_std=0.9756 decoded_loss=0.003290 decoded_dynamic=0.005212 presence_loss=0.048101 memory_norm=7.448213
epoch=4 step=12470 total_loss=0.035507 pred_loss=0.018451 pred_uniform=0.019102 rep=0.025189 barlow=0.003707 barlow_diag=0.9846 barlow_offdiag=0.1902 sigreg_obj=0.624378 memory_barlow=0.000000 target_std=0.9646 pred_std=0.9642 decoded_loss=0.003347 decoded_dynamic=0.005360 presence_loss=0.058133 memory_norm=7.287194
epoch=4 step=12480 total_loss=0.035738 pred_loss=0.017124 pred_uniform=0.017429 rep=0.024450 barlow=0.004043 barlow_diag=0.9823 barlow_offdiag=0.1969 sigreg_obj=0.755466 memory_barlow=0.000000 target_std=0.9636 pred_std=0.9646 decoded_loss=0.003102 decoded_dynamic=0.005230 presence_loss=0.050678 memory_norm=6.694386
epoch=4 step=12490 total_loss=0.036765 pred_loss=0.019098 pred_uniform=0.019647 rep=0.023849 barlow=0.003361 barlow_diag=0.9856 barlow_offdiag=0.1816 sigreg_obj=0.656877 memory_barlow=0.000000 target_std=0.9729 pred_std=0.9726 decoded_loss=0.004624 decoded_dynamic=0.006266 presence_loss=0.064882 memory_norm=9.218176
saved_recovery_checkpoint epoch=4 step=12500 successful_updates=12500
epoch=4 step=12500 total_loss=0.029035 pred_loss=0.013520 pred_uniform=0.013654 rep=0.018889 barlow=0.003731 barlow_diag=0.9877 barlow_offdiag=0.1934 sigreg_obj=0.664736 memory_barlow=0.000000 target_std=0.9673 pred_std=0.9662 decoded_loss=0.003450 decoded_dynamic=0.004171 presence_loss=0.030112 memory_norm=7.191926
epoch_summary epoch=4 step=12500 total_loss=0.039083 pred_loss=0.019535 pred_uniform=0.019999 rep=0.025587 barlow=0.003803 barlow_diag=0.9849 barlow_offdiag=0.1930 sigreg_obj=0.758150 memory_barlow=0.000000 target_std=0.9659 pred_std=0.9654 decoded_loss=0.003741 presence_loss=0.064123 memory_norm=7.482239
saved_checkpoint runs/rnn_seqmem_exp34_two_mask_complex_5ep_20260707_100311/checkpoint_epoch_004.pt and runs/rnn_seqmem_exp34_two_mask_complex_5ep_20260707_100311/checkpoint.pt
epoch_schedule epoch=5 active_sigreg_weight=0.010000
epoch=5 step=12510 total_loss=0.034190 pred_loss=0.017164 pred_uniform=0.017445 rep=0.021285 barlow=0.003909 barlow_diag=0.9842 barlow_offdiag=0.1955 sigreg_obj=0.600501 memory_barlow=0.000000 target_std=0.9676 pred_std=0.9672 decoded_loss=0.003890 decoded_dynamic=0.005137 presence_loss=0.038386 memory_norm=7.127172
epoch=5 step=12520 total_loss=0.033106 pred_loss=0.015653 pred_uniform=0.016121 rep=0.021214 barlow=0.003295 barlow_diag=0.9855 barlow_offdiag=0.1795 sigreg_obj=0.763567 memory_barlow=0.000000 target_std=0.9704 pred_std=0.9693 decoded_loss=0.003293 decoded_dynamic=0.004635 presence_loss=0.062422 memory_norm=8.832420
epoch=5 step=12530 total_loss=0.032845 pred_loss=0.016954 pred_uniform=0.017502 rep=0.020797 barlow=0.003434 barlow_diag=0.9849 barlow_offdiag=0.1829 sigreg_obj=0.612970 memory_barlow=0.000000 target_std=0.9727 pred_std=0.9721 decoded_loss=0.003031 decoded_dynamic=0.004989 presence_loss=0.035688 memory_norm=7.129613
epoch=5 step=12540 total_loss=0.038702 pred_loss=0.020313 pred_uniform=0.020966 rep=0.025600 barlow=0.003450 barlow_diag=0.9860 barlow_offdiag=0.1844 sigreg_obj=0.681947 memory_barlow=0.000000 target_std=0.9771 pred_std=0.9759 decoded_loss=0.003971 decoded_dynamic=0.005695 presence_loss=0.054818 memory_norm=8.392141
epoch=5 step=12550 total_loss=0.044155 pred_loss=0.024740 pred_uniform=0.025822 rep=0.029137 barlow=0.003436 barlow_diag=0.9859 barlow_offdiag=0.1839 sigreg_obj=0.747720 memory_barlow=0.000000 target_std=0.9683 pred_std=0.9680 decoded_loss=0.003344 decoded_dynamic=0.004941 presence_loss=0.043144 memory_norm=7.023835
epoch=5 step=12560 total_loss=0.049829 pred_loss=0.027492 pred_uniform=0.028227 rep=0.029535 barlow=0.003370 barlow_diag=0.9840 barlow_offdiag=0.1802 sigreg_obj=0.653110 memory_barlow=0.000000 target_std=0.9709 pred_std=0.9699 decoded_loss=0.004360 decoded_dynamic=0.006026 presence_loss=0.079082 memory_norm=8.146506
epoch=5 step=12570 total_loss=0.036334 pred_loss=0.017748 pred_uniform=0.018297 rep=0.022676 barlow=0.003827 barlow_diag=0.9839 barlow_offdiag=0.1929 sigreg_obj=0.797220 memory_barlow=0.000000 target_std=0.9565 pred_std=0.9557 decoded_loss=0.004176 decoded_dynamic=0.004993 presence_loss=0.053890 memory_norm=7.288103
epoch=5 step=12580 total_loss=0.042103 pred_loss=0.021418 pred_uniform=0.022103 rep=0.026811 barlow=0.003515 barlow_diag=0.9848 barlow_offdiag=0.1851 sigreg_obj=0.661265 memory_barlow=0.000000 target_std=0.9689 pred_std=0.9686 decoded_loss=0.003883 decoded_dynamic=0.005329 presence_loss=0.073778 memory_norm=8.129571
epoch=5 step=12590 total_loss=0.043924 pred_loss=0.023657 pred_uniform=0.024230 rep=0.026867 barlow=0.003354 barlow_diag=0.9843 barlow_offdiag=0.1801 sigreg_obj=0.669077 memory_barlow=0.000000 target_std=0.9778 pred_std=0.9768 decoded_loss=0.003901 decoded_dynamic=0.005577 presence_loss=0.052662 memory_norm=8.222586
epoch=5 step=12600 total_loss=0.037612 pred_loss=0.017963 pred_uniform=0.018111 rep=0.023886 barlow=0.003451 barlow_diag=0.9849 barlow_offdiag=0.1835 sigreg_obj=0.696155 memory_barlow=0.000000 target_std=0.9575 pred_std=0.9556 decoded_loss=0.003410 decoded_dynamic=0.005130 presence_loss=0.056683 memory_norm=7.289743
epoch=5 step=12610 total_loss=0.043137 pred_loss=0.023621 pred_uniform=0.024180 rep=0.028717 barlow=0.003649 barlow_diag=0.9872 barlow_offdiag=0.1908 sigreg_obj=0.498537 memory_barlow=0.000000 target_std=0.9767 pred_std=0.9768 decoded_loss=0.003594 decoded_dynamic=0.006035 presence_loss=0.083420 memory_norm=6.409209
epoch=5 step=12620 total_loss=0.035002 pred_loss=0.017550 pred_uniform=0.017911 rep=0.022395 barlow=0.003281 barlow_diag=0.9851 barlow_offdiag=0.1787 sigreg_obj=0.552508 memory_barlow=0.000000 target_std=0.9774 pred_std=0.9776 decoded_loss=0.005128 decoded_dynamic=0.007012 presence_loss=0.085541 memory_norm=7.834283
epoch=5 step=12630 total_loss=0.032673 pred_loss=0.014556 pred_uniform=0.014814 rep=0.018753 barlow=0.003572 barlow_diag=0.9872 barlow_offdiag=0.1887 sigreg_obj=0.878172 memory_barlow=0.000000 target_std=0.9638 pred_std=0.9622 decoded_loss=0.003959 decoded_dynamic=0.004953 presence_loss=0.032517 memory_norm=8.442218
epoch=5 step=12640 total_loss=0.035550 pred_loss=0.018696 pred_uniform=0.019335 rep=0.024052 barlow=0.003240 barlow_diag=0.9876 barlow_offdiag=0.1797 sigreg_obj=0.681304 memory_barlow=0.000000 target_std=0.9777 pred_std=0.9776 decoded_loss=0.003460 decoded_dynamic=0.005224 presence_loss=0.056262 memory_norm=8.685490
epoch=5 step=12650 total_loss=0.045942 pred_loss=0.023800 pred_uniform=0.024305 rep=0.026560 barlow=0.003388 barlow_diag=0.9856 barlow_offdiag=0.1823 sigreg_obj=0.778598 memory_barlow=0.000000 target_std=0.9660 pred_std=0.9656 decoded_loss=0.003776 decoded_dynamic=0.006045 presence_loss=0.091209 memory_norm=7.217402
epoch=5 step=12660 total_loss=0.047640 pred_loss=0.024822 pred_uniform=0.025338 rep=0.028759 barlow=0.003460 barlow_diag=0.9825 barlow_offdiag=0.1814 sigreg_obj=0.794876 memory_barlow=0.000000 target_std=0.9621 pred_std=0.9614 decoded_loss=0.004972 decoded_dynamic=0.007000 presence_loss=0.071181 memory_norm=8.123996
epoch=5 step=12670 total_loss=0.035443 pred_loss=0.015538 pred_uniform=0.015814 rep=0.025450 barlow=0.003963 barlow_diag=0.9854 barlow_offdiag=0.1977 sigreg_obj=0.965265 memory_barlow=0.000000 target_std=0.9451 pred_std=0.9470 decoded_loss=0.002400 decoded_dynamic=0.003629 presence_loss=0.039234 memory_norm=6.101963
epoch=5 step=12680 total_loss=0.027056 pred_loss=0.013103 pred_uniform=0.013407 rep=0.021799 barlow=0.003490 barlow_diag=0.9855 barlow_offdiag=0.1851 sigreg_obj=0.551892 memory_barlow=0.000000 target_std=0.9729 pred_std=0.9721 decoded_loss=0.002638 decoded_dynamic=0.003940 presence_loss=0.028163 memory_norm=6.509248
epoch=5 step=12690 total_loss=0.028998 pred_loss=0.012257 pred_uniform=0.012382 rep=0.020663 barlow=0.003812 barlow_diag=0.9844 barlow_offdiag=0.1928 sigreg_obj=0.794670 memory_barlow=0.000000 target_std=0.9567 pred_std=0.9570 decoded_loss=0.002721 decoded_dynamic=0.004066 presence_loss=0.030077 memory_norm=6.726077
epoch=5 step=12700 total_loss=0.026002 pred_loss=0.011838 pred_uniform=0.012173 rep=0.019576 barlow=0.003533 barlow_diag=0.9855 barlow_offdiag=0.1863 sigreg_obj=0.639702 memory_barlow=0.000000 target_std=0.9688 pred_std=0.9678 decoded_loss=0.003086 decoded_dynamic=0.004259 presence_loss=0.026535 memory_norm=6.761921
epoch=5 step=12710 total_loss=0.032967 pred_loss=0.014503 pred_uniform=0.014494 rep=0.023738 barlow=0.003759 barlow_diag=0.9848 barlow_offdiag=0.1919 sigreg_obj=0.782140 memory_barlow=0.000000 target_std=0.9567 pred_std=0.9551 decoded_loss=0.002429 decoded_dynamic=0.003575 presence_loss=0.031526 memory_norm=6.188694
epoch=5 step=12720 total_loss=0.030265 pred_loss=0.014696 pred_uniform=0.015199 rep=0.018314 barlow=0.003740 barlow_diag=0.9863 barlow_offdiag=0.1927 sigreg_obj=0.704631 memory_barlow=0.000000 target_std=0.9676 pred_std=0.9673 decoded_loss=0.003361 decoded_dynamic=0.005207 presence_loss=0.060745 memory_norm=7.712654
epoch=5 step=12730 total_loss=0.032894 pred_loss=0.017131 pred_uniform=0.017643 rep=0.021841 barlow=0.003335 barlow_diag=0.9860 barlow_offdiag=0.1811 sigreg_obj=0.585725 memory_barlow=0.000000 target_std=0.9687 pred_std=0.9685 decoded_loss=0.002663 decoded_dynamic=0.004474 presence_loss=0.043038 memory_norm=7.104138
epoch=5 step=12740 total_loss=0.028855 pred_loss=0.014091 pred_uniform=0.014394 rep=0.019241 barlow=0.003271 barlow_diag=0.9864 barlow_offdiag=0.1796 sigreg_obj=0.574899 memory_barlow=0.000000 target_std=0.9704 pred_std=0.9698 decoded_loss=0.002584 decoded_dynamic=0.004045 presence_loss=0.044716 memory_norm=7.552372
saved_recovery_checkpoint epoch=5 step=12750 successful_updates=12750
epoch=5 step=12750 total_loss=0.029934 pred_loss=0.014543 pred_uniform=0.015054 rep=0.017012 barlow=0.003581 barlow_diag=0.9872 barlow_offdiag=0.1890 sigreg_obj=0.722234 memory_barlow=0.000000 target_std=0.9664 pred_std=0.9659 decoded_loss=0.002728 decoded_dynamic=0.004061 presence_loss=0.061396 memory_norm=7.218563
epoch=5 step=12760 total_loss=0.032988 pred_loss=0.017013 pred_uniform=0.017466 rep=0.020670 barlow=0.003145 barlow_diag=0.9867 barlow_offdiag=0.1761 sigreg_obj=0.577606 memory_barlow=0.000000 target_std=0.9677 pred_std=0.9674 decoded_loss=0.003253 decoded_dynamic=0.005467 presence_loss=0.083736 memory_norm=8.199129
epoch=5 step=12770 total_loss=0.039930 pred_loss=0.019895 pred_uniform=0.020386 rep=0.023127 barlow=0.004052 barlow_diag=0.9861 barlow_offdiag=0.2006 sigreg_obj=0.796068 memory_barlow=0.000000 target_std=0.9581 pred_std=0.9568 decoded_loss=0.002930 decoded_dynamic=0.004603 presence_loss=0.062691 memory_norm=7.109870
epoch=5 step=12780 total_loss=0.039440 pred_loss=0.021588 pred_uniform=0.022385 rep=0.024778 barlow=0.003245 barlow_diag=0.9876 barlow_offdiag=0.1797 sigreg_obj=0.660842 memory_barlow=0.000000 target_std=0.9817 pred_std=0.9812 decoded_loss=0.004017 decoded_dynamic=0.005879 presence_loss=0.063527 memory_norm=9.352570
epoch=5 step=12790 total_loss=0.028103 pred_loss=0.013316 pred_uniform=0.013598 rep=0.020131 barlow=0.003817 barlow_diag=0.9862 barlow_offdiag=0.1946 sigreg_obj=0.616278 memory_barlow=0.000000 target_std=0.9622 pred_std=0.9612 decoded_loss=0.003163 decoded_dynamic=0.003966 presence_loss=0.038660 memory_norm=6.009361
epoch=5 step=12800 total_loss=0.035780 pred_loss=0.015675 pred_uniform=0.015845 rep=0.018876 barlow=0.003625 barlow_diag=0.9860 barlow_offdiag=0.1893 sigreg_obj=1.000889 memory_barlow=0.000000 target_std=0.9561 pred_std=0.9564 decoded_loss=0.002468 decoded_dynamic=0.003819 presence_loss=0.060277 memory_norm=8.233748
epoch=5 step=12810 total_loss=0.036036 pred_loss=0.017506 pred_uniform=0.017578 rep=0.020649 barlow=0.003744 barlow_diag=0.9858 barlow_offdiag=0.1923 sigreg_obj=0.717808 memory_barlow=0.000000 target_std=0.9615 pred_std=0.9602 decoded_loss=0.002544 decoded_dynamic=0.004139 presence_loss=0.037850 memory_norm=7.119970
epoch=5 step=12820 total_loss=0.036887 pred_loss=0.018828 pred_uniform=0.019372 rep=0.024221 barlow=0.003455 barlow_diag=0.9837 barlow_offdiag=0.1822 sigreg_obj=0.655362 memory_barlow=0.000000 target_std=0.9698 pred_std=0.9694 decoded_loss=0.003784 decoded_dynamic=0.005457 presence_loss=0.061153 memory_norm=8.574969
epoch=5 step=12830 total_loss=0.044490 pred_loss=0.022545 pred_uniform=0.022745 rep=0.026281 barlow=0.003741 barlow_diag=0.9835 barlow_offdiag=0.1902 sigreg_obj=0.626910 memory_barlow=0.000000 target_std=0.9651 pred_std=0.9633 decoded_loss=0.004264 decoded_dynamic=0.004968 presence_loss=0.063366 memory_norm=7.017465
epoch=5 step=12840 total_loss=0.024580 pred_loss=0.009902 pred_uniform=0.010093 rep=0.012783 barlow=0.003628 barlow_diag=0.9861 barlow_offdiag=0.1894 sigreg_obj=0.829148 memory_barlow=0.000000 target_std=0.9630 pred_std=0.9628 decoded_loss=0.002758 decoded_dynamic=0.003662 presence_loss=0.044548 memory_norm=7.783844
epoch=5 step=12850 total_loss=0.048584 pred_loss=0.026208 pred_uniform=0.026601 rep=0.029536 barlow=0.003399 barlow_diag=0.9839 barlow_offdiag=0.1810 sigreg_obj=0.621853 memory_barlow=0.000000 target_std=0.9701 pred_std=0.9693 decoded_loss=0.004162 decoded_dynamic=0.006002 presence_loss=0.094467 memory_norm=7.580536
epoch=5 step=12860 total_loss=0.027649 pred_loss=0.012890 pred_uniform=0.013164 rep=0.017170 barlow=0.003998 barlow_diag=0.9866 barlow_offdiag=0.1998 sigreg_obj=0.680545 memory_barlow=0.000000 target_std=0.9627 pred_std=0.9621 decoded_loss=0.002414 decoded_dynamic=0.003464 presence_loss=0.039576 memory_norm=6.606079
epoch=5 step=12870 total_loss=0.037969 pred_loss=0.019741 pred_uniform=0.020393 rep=0.023479 barlow=0.003507 barlow_diag=0.9861 barlow_offdiag=0.1861 sigreg_obj=0.723743 memory_barlow=0.000000 target_std=0.9774 pred_std=0.9759 decoded_loss=0.003724 decoded_dynamic=0.006212 presence_loss=0.063048 memory_norm=8.375345
epoch=5 step=12880 total_loss=0.027745 pred_loss=0.012765 pred_uniform=0.012937 rep=0.016727 barlow=0.003456 barlow_diag=0.9878 barlow_offdiag=0.1860 sigreg_obj=0.651584 memory_barlow=0.000000 target_std=0.9659 pred_std=0.9657 decoded_loss=0.002817 decoded_dynamic=0.004431 presence_loss=0.047968 memory_norm=7.707265
epoch=5 step=12890 total_loss=0.052764 pred_loss=0.028860 pred_uniform=0.029369 rep=0.033286 barlow=0.003465 barlow_diag=0.9848 barlow_offdiag=0.1838 sigreg_obj=0.740002 memory_barlow=0.000000 target_std=0.9660 pred_std=0.9647 decoded_loss=0.003475 decoded_dynamic=0.005195 presence_loss=0.065262 memory_norm=7.988616
epoch=5 step=12900 total_loss=0.034046 pred_loss=0.017769 pred_uniform=0.018174 rep=0.021575 barlow=0.003379 barlow_diag=0.9865 barlow_offdiag=0.1828 sigreg_obj=0.546672 memory_barlow=0.000000 target_std=0.9764 pred_std=0.9767 decoded_loss=0.002814 decoded_dynamic=0.004681 presence_loss=0.062444 memory_norm=8.095757
epoch=5 step=12910 total_loss=0.044653 pred_loss=0.024625 pred_uniform=0.025404 rep=0.030687 barlow=0.003606 barlow_diag=0.9856 barlow_offdiag=0.1883 sigreg_obj=0.660614 memory_barlow=0.000000 target_std=0.9667 pred_std=0.9659 decoded_loss=0.004616 decoded_dynamic=0.005110 presence_loss=0.058990 memory_norm=6.745027
epoch=5 step=12920 total_loss=0.035859 pred_loss=0.017669 pred_uniform=0.017842 rep=0.023676 barlow=0.003581 barlow_diag=0.9847 barlow_offdiag=0.1869 sigreg_obj=0.662232 memory_barlow=0.000000 target_std=0.9719 pred_std=0.9708 decoded_loss=0.003407 decoded_dynamic=0.004733 presence_loss=0.054106 memory_norm=7.724077
epoch=5 step=12930 total_loss=0.049963 pred_loss=0.027439 pred_uniform=0.028211 rep=0.032473 barlow=0.003445 barlow_diag=0.9833 barlow_offdiag=0.1817 sigreg_obj=0.668531 memory_barlow=0.000000 target_std=0.9706 pred_std=0.9705 decoded_loss=0.005041 decoded_dynamic=0.006887 presence_loss=0.072511 memory_norm=8.388279
epoch=5 step=12940 total_loss=0.036678 pred_loss=0.018138 pred_uniform=0.018717 rep=0.023862 barlow=0.003468 barlow_diag=0.9863 barlow_offdiag=0.1851 sigreg_obj=0.824251 memory_barlow=0.000000 target_std=0.9637 pred_std=0.9624 decoded_loss=0.003827 decoded_dynamic=0.005604 presence_loss=0.048735 memory_norm=8.008560
epoch=5 step=12950 total_loss=0.036605 pred_loss=0.017518 pred_uniform=0.017848 rep=0.023511 barlow=0.003387 barlow_diag=0.9872 barlow_offdiag=0.1836 sigreg_obj=0.788043 memory_barlow=0.000000 target_std=0.9679 pred_std=0.9683 decoded_loss=0.004084 decoded_dynamic=0.004619 presence_loss=0.083120 memory_norm=8.215728
epoch=5 step=12960 total_loss=0.028916 pred_loss=0.013808 pred_uniform=0.014061 rep=0.020716 barlow=0.003440 barlow_diag=0.9871 barlow_offdiag=0.1850 sigreg_obj=0.617788 memory_barlow=0.000000 target_std=0.9767 pred_std=0.9762 decoded_loss=0.002548 decoded_dynamic=0.004135 presence_loss=0.034154 memory_norm=7.871336
epoch=5 step=12970 total_loss=0.026187 pred_loss=0.012073 pred_uniform=0.012237 rep=0.017922 barlow=0.003318 barlow_diag=0.9849 barlow_offdiag=0.1797 sigreg_obj=0.576751 memory_barlow=0.000000 target_std=0.9719 pred_std=0.9719 decoded_loss=0.003381 decoded_dynamic=0.005675 presence_loss=0.036516 memory_norm=7.762498
epoch=5 step=12980 total_loss=0.025469 pred_loss=0.010102 pred_uniform=0.010309 rep=0.015196 barlow=0.003453 barlow_diag=0.9869 barlow_offdiag=0.1852 sigreg_obj=0.873557 memory_barlow=0.000000 target_std=0.9628 pred_std=0.9626 decoded_loss=0.003119 decoded_dynamic=0.003676 presence_loss=0.025515 memory_norm=7.721197
epoch=5 step=12990 total_loss=0.029736 pred_loss=0.013554 pred_uniform=0.013661 rep=0.019131 barlow=0.003414 barlow_diag=0.9859 barlow_offdiag=0.1832 sigreg_obj=0.700829 memory_barlow=0.000000 target_std=0.9675 pred_std=0.9668 decoded_loss=0.003534 decoded_dynamic=0.005032 presence_loss=0.032483 memory_norm=7.931595
saved_recovery_checkpoint epoch=5 step=13000 successful_updates=13000
epoch=5 step=13000 total_loss=0.031193 pred_loss=0.016368 pred_uniform=0.016886 rep=0.021474 barlow=0.003273 barlow_diag=0.9844 barlow_offdiag=0.1777 sigreg_obj=0.539674 memory_barlow=0.000000 target_std=0.9767 pred_std=0.9757 decoded_loss=0.003611 decoded_dynamic=0.005201 presence_loss=0.049257 memory_norm=7.908706
epoch=5 step=13010 total_loss=0.037057 pred_loss=0.017820 pred_uniform=0.018275 rep=0.026321 barlow=0.003265 barlow_diag=0.9868 barlow_offdiag=0.1797 sigreg_obj=0.847762 memory_barlow=0.000000 target_std=0.9754 pred_std=0.9739 decoded_loss=0.004872 decoded_dynamic=0.006551 presence_loss=0.051219 memory_norm=10.520016
epoch=5 step=13020 total_loss=0.030021 pred_loss=0.014383 pred_uniform=0.014617 rep=0.019299 barlow=0.003489 barlow_diag=0.9847 barlow_offdiag=0.1843 sigreg_obj=0.611314 memory_barlow=0.000000 target_std=0.9743 pred_std=0.9742 decoded_loss=0.003519 decoded_dynamic=0.004842 presence_loss=0.043290 memory_norm=8.247102
epoch=5 step=13030 total_loss=0.034768 pred_loss=0.015483 pred_uniform=0.015866 rep=0.022527 barlow=0.003754 barlow_diag=0.9852 barlow_offdiag=0.1921 sigreg_obj=0.965024 memory_barlow=0.000000 target_std=0.9559 pred_std=0.9546 decoded_loss=0.003598 decoded_dynamic=0.004880 presence_loss=0.044422 memory_norm=7.123880
epoch=5 step=13040 total_loss=0.039088 pred_loss=0.020582 pred_uniform=0.020988 rep=0.026542 barlow=0.003769 barlow_diag=0.9835 barlow_offdiag=0.1910 sigreg_obj=0.607262 memory_barlow=0.000000 target_std=0.9687 pred_std=0.9681 decoded_loss=0.004094 decoded_dynamic=0.006016 presence_loss=0.048233 memory_norm=7.269559
epoch=5 step=13050 total_loss=0.037282 pred_loss=0.018387 pred_uniform=0.019024 rep=0.024674 barlow=0.003534 barlow_diag=0.9859 barlow_offdiag=0.1866 sigreg_obj=0.790236 memory_barlow=0.000000 target_std=0.9685 pred_std=0.9674 decoded_loss=0.003893 decoded_dynamic=0.006547 presence_loss=0.102718 memory_norm=8.154386
epoch=5 step=13060 total_loss=0.032087 pred_loss=0.016284 pred_uniform=0.016677 rep=0.020749 barlow=0.003678 barlow_diag=0.9846 barlow_offdiag=0.1896 sigreg_obj=0.616087 memory_barlow=0.000000 target_std=0.9725 pred_std=0.9719 decoded_loss=0.002523 decoded_dynamic=0.004194 presence_loss=0.058586 memory_norm=7.061887
epoch=5 step=13070 total_loss=0.032865 pred_loss=0.015151 pred_uniform=0.015555 rep=0.019727 barlow=0.003305 barlow_diag=0.9843 barlow_offdiag=0.1787 sigreg_obj=0.856119 memory_barlow=0.000000 target_std=0.9642 pred_std=0.9631 decoded_loss=0.003695 decoded_dynamic=0.004827 presence_loss=0.043170 memory_norm=8.034182
epoch=5 step=13080 total_loss=0.029981 pred_loss=0.014239 pred_uniform=0.014416 rep=0.019733 barlow=0.003731 barlow_diag=0.9844 barlow_offdiag=0.1908 sigreg_obj=0.634408 memory_barlow=0.000000 target_std=0.9644 pred_std=0.9638 decoded_loss=0.002683 decoded_dynamic=0.004248 presence_loss=0.055367 memory_norm=6.959099
epoch=5 step=13090 total_loss=0.047144 pred_loss=0.023769 pred_uniform=0.024581 rep=0.031049 barlow=0.003942 barlow_diag=0.9801 barlow_offdiag=0.1922 sigreg_obj=0.968280 memory_barlow=0.000000 target_std=0.9472 pred_std=0.9462 decoded_loss=0.004605 decoded_dynamic=0.006263 presence_loss=0.085038 memory_norm=7.016322
epoch=5 step=13100 total_loss=0.047338 pred_loss=0.021798 pred_uniform=0.021791 rep=0.027766 barlow=0.004021 barlow_diag=0.9850 barlow_offdiag=0.1990 sigreg_obj=1.065006 memory_barlow=0.000000 target_std=0.9447 pred_std=0.9445 decoded_loss=0.002734 decoded_dynamic=0.003975 presence_loss=0.043297 memory_norm=6.942028
epoch=5 step=13110 total_loss=0.028751 pred_loss=0.013144 pred_uniform=0.013414 rep=0.020446 barlow=0.003661 barlow_diag=0.9830 barlow_offdiag=0.1874 sigreg_obj=0.695335 memory_barlow=0.000000 target_std=0.9620 pred_std=0.9612 decoded_loss=0.003404 decoded_dynamic=0.005000 presence_loss=0.044843 memory_norm=7.592117
epoch=5 step=13120 total_loss=0.026617 pred_loss=0.013027 pred_uniform=0.013364 rep=0.018812 barlow=0.003892 barlow_diag=0.9850 barlow_offdiag=0.1957 sigreg_obj=0.568868 memory_barlow=0.000000 target_std=0.9688 pred_std=0.9684 decoded_loss=0.002892 decoded_dynamic=0.004158 presence_loss=0.052065 memory_norm=6.480608
epoch=5 step=13130 total_loss=0.037214 pred_loss=0.018954 pred_uniform=0.019624 rep=0.025754 barlow=0.003538 barlow_diag=0.9858 barlow_offdiag=0.1867 sigreg_obj=0.765257 memory_barlow=0.000000 target_std=0.9700 pred_std=0.9690 decoded_loss=0.003568 decoded_dynamic=0.004936 presence_loss=0.044424 memory_norm=8.305519
epoch=5 step=13140 total_loss=0.029525 pred_loss=0.014288 pred_uniform=0.014641 rep=0.019041 barlow=0.003605 barlow_diag=0.9855 barlow_offdiag=0.1884 sigreg_obj=0.634824 memory_barlow=0.000000 target_std=0.9683 pred_std=0.9682 decoded_loss=0.002641 decoded_dynamic=0.004233 presence_loss=0.037256 memory_norm=7.533971
epoch=5 step=13150 total_loss=0.029480 pred_loss=0.014093 pred_uniform=0.014380 rep=0.019476 barlow=0.003668 barlow_diag=0.9852 barlow_offdiag=0.1898 sigreg_obj=0.624658 memory_barlow=0.000000 target_std=0.9662 pred_std=0.9654 decoded_loss=0.003151 decoded_dynamic=0.004499 presence_loss=0.057280 memory_norm=6.825287
epoch=5 step=13160 total_loss=0.033606 pred_loss=0.016990 pred_uniform=0.017195 rep=0.019992 barlow=0.003613 barlow_diag=0.9836 barlow_offdiag=0.1868 sigreg_obj=0.589749 memory_barlow=0.000000 target_std=0.9702 pred_std=0.9703 decoded_loss=0.003687 decoded_dynamic=0.005251 presence_loss=0.045273 memory_norm=6.923325
epoch=5 step=13170 total_loss=0.042418 pred_loss=0.023287 pred_uniform=0.023982 rep=0.027529 barlow=0.003629 barlow_diag=0.9861 barlow_offdiag=0.1894 sigreg_obj=0.581115 memory_barlow=0.000000 target_std=0.9815 pred_std=0.9813 decoded_loss=0.003965 decoded_dynamic=0.005385 presence_loss=0.070582 memory_norm=7.513265
epoch=5 step=13180 total_loss=0.022195 pred_loss=0.009312 pred_uniform=0.009482 rep=0.012498 barlow=0.003673 barlow_diag=0.9876 barlow_offdiag=0.1917 sigreg_obj=0.683358 memory_barlow=0.000000 target_std=0.9632 pred_std=0.9628 decoded_loss=0.002375 decoded_dynamic=0.003298 presence_loss=0.022336 memory_norm=6.146486
epoch=5 step=13190 total_loss=0.032398 pred_loss=0.015254 pred_uniform=0.015541 rep=0.021015 barlow=0.003371 barlow_diag=0.9863 barlow_offdiag=0.1824 sigreg_obj=0.687400 memory_barlow=0.000000 target_std=0.9734 pred_std=0.9726 decoded_loss=0.004309 decoded_dynamic=0.005058 presence_loss=0.036003 memory_norm=7.979744
epoch=5 step=13200 total_loss=0.035030 pred_loss=0.017833 pred_uniform=0.018413 rep=0.023024 barlow=0.003314 barlow_diag=0.9861 barlow_offdiag=0.1806 sigreg_obj=0.690635 memory_barlow=0.000000 target_std=0.9788 pred_std=0.9781 decoded_loss=0.003626 decoded_dynamic=0.005265 presence_loss=0.057608 memory_norm=8.926831
epoch=5 step=13210 total_loss=0.030528 pred_loss=0.014165 pred_uniform=0.014515 rep=0.018140 barlow=0.003684 barlow_diag=0.9845 barlow_offdiag=0.1895 sigreg_obj=0.767571 memory_barlow=0.000000 target_std=0.9616 pred_std=0.9613 decoded_loss=0.003912 decoded_dynamic=0.005312 presence_loss=0.047401 memory_norm=7.033914
epoch=5 step=13220 total_loss=0.029701 pred_loss=0.014740 pred_uniform=0.015011 rep=0.018249 barlow=0.003597 barlow_diag=0.9853 barlow_offdiag=0.1879 sigreg_obj=0.605637 memory_barlow=0.000000 target_std=0.9708 pred_std=0.9715 decoded_loss=0.003156 decoded_dynamic=0.004386 presence_loss=0.032472 memory_norm=7.401592
epoch=5 step=13230 total_loss=0.049047 pred_loss=0.025825 pred_uniform=0.026462 rep=0.030849 barlow=0.003440 barlow_diag=0.9834 barlow_offdiag=0.1817 sigreg_obj=0.674910 memory_barlow=0.000000 target_std=0.9700 pred_std=0.9689 decoded_loss=0.005904 decoded_dynamic=0.007430 presence_loss=0.097297 memory_norm=8.386539
epoch=5 step=13240 total_loss=0.035179 pred_loss=0.017801 pred_uniform=0.018210 rep=0.022739 barlow=0.003318 barlow_diag=0.9858 barlow_offdiag=0.1805 sigreg_obj=0.667519 memory_barlow=0.000000 target_std=0.9731 pred_std=0.9726 decoded_loss=0.003536 decoded_dynamic=0.005360 presence_loss=0.052756 memory_norm=8.536712
saved_recovery_checkpoint epoch=5 step=13250 successful_updates=13250
epoch=5 step=13250 total_loss=0.033270 pred_loss=0.017448 pred_uniform=0.017930 rep=0.021215 barlow=0.003692 barlow_diag=0.9859 barlow_offdiag=0.1910 sigreg_obj=0.636115 memory_barlow=0.000000 target_std=0.9702 pred_std=0.9708 decoded_loss=0.002498 decoded_dynamic=0.003972 presence_loss=0.032652 memory_norm=7.113737
epoch=5 step=13260 total_loss=0.031396 pred_loss=0.014805 pred_uniform=0.015227 rep=0.019623 barlow=0.003513 barlow_diag=0.9872 barlow_offdiag=0.1871 sigreg_obj=0.750422 memory_barlow=0.000000 target_std=0.9708 pred_std=0.9709 decoded_loss=0.003516 decoded_dynamic=0.005975 presence_loss=0.047453 memory_norm=8.904024
epoch=5 step=13270 total_loss=0.027805 pred_loss=0.011382 pred_uniform=0.011551 rep=0.016080 barlow=0.003804 barlow_diag=0.9875 barlow_offdiag=0.1952 sigreg_obj=0.859728 memory_barlow=0.000000 target_std=0.9580 pred_std=0.9585 decoded_loss=0.002976 decoded_dynamic=0.003597 presence_loss=0.040180 memory_norm=6.879790
epoch=5 step=13280 total_loss=0.031878 pred_loss=0.015108 pred_uniform=0.015491 rep=0.022214 barlow=0.003585 barlow_diag=0.9851 barlow_offdiag=0.1874 sigreg_obj=0.759808 memory_barlow=0.000000 target_std=0.9586 pred_std=0.9574 decoded_loss=0.002883 decoded_dynamic=0.004481 presence_loss=0.038592 memory_norm=7.661697
epoch=5 step=13290 total_loss=0.024950 pred_loss=0.011993 pred_uniform=0.012388 rep=0.017779 barlow=0.003420 barlow_diag=0.9859 barlow_offdiag=0.1834 sigreg_obj=0.592066 memory_barlow=0.000000 target_std=0.9754 pred_std=0.9749 decoded_loss=0.003960 decoded_dynamic=0.003878 presence_loss=0.028205 memory_norm=7.169121
epoch=5 step=13300 total_loss=0.036447 pred_loss=0.018127 pred_uniform=0.018616 rep=0.022763 barlow=0.003414 barlow_diag=0.9845 barlow_offdiag=0.1821 sigreg_obj=0.746250 memory_barlow=0.000000 target_std=0.9548 pred_std=0.9536 decoded_loss=0.004006 decoded_dynamic=0.005218 presence_loss=0.050512 memory_norm=6.485046
epoch=5 step=13310 total_loss=0.046609 pred_loss=0.024843 pred_uniform=0.025346 rep=0.031298 barlow=0.003336 barlow_diag=0.9847 barlow_offdiag=0.1800 sigreg_obj=0.639058 memory_barlow=0.000000 target_std=0.9744 pred_std=0.9741 decoded_loss=0.003727 decoded_dynamic=0.005351 presence_loss=0.094301 memory_norm=8.559745
epoch=5 step=13320 total_loss=0.030208 pred_loss=0.015477 pred_uniform=0.016006 rep=0.021534 barlow=0.003363 barlow_diag=0.9864 barlow_offdiag=0.1822 sigreg_obj=0.591511 memory_barlow=0.000000 target_std=0.9758 pred_std=0.9765 decoded_loss=0.003290 decoded_dynamic=0.004789 presence_loss=0.041379 memory_norm=7.706763
epoch=5 step=13330 total_loss=0.044360 pred_loss=0.023020 pred_uniform=0.023450 rep=0.029654 barlow=0.003358 barlow_diag=0.9828 barlow_offdiag=0.1787 sigreg_obj=0.719704 memory_barlow=0.000000 target_std=0.9634 pred_std=0.9626 decoded_loss=0.003920 decoded_dynamic=0.005868 presence_loss=0.061355 memory_norm=7.547664
epoch=5 step=13340 total_loss=0.035440 pred_loss=0.017720 pred_uniform=0.017992 rep=0.023483 barlow=0.003419 barlow_diag=0.9822 barlow_offdiag=0.1798 sigreg_obj=0.611006 memory_barlow=0.000000 target_std=0.9645 pred_std=0.9637 decoded_loss=0.003645 decoded_dynamic=0.005216 presence_loss=0.072706 memory_norm=8.346138
epoch=5 step=13350 total_loss=0.035009 pred_loss=0.016567 pred_uniform=0.016792 rep=0.024085 barlow=0.003646 barlow_diag=0.9842 barlow_offdiag=0.1882 sigreg_obj=0.767516 memory_barlow=0.000000 target_std=0.9495 pred_std=0.9478 decoded_loss=0.002732 decoded_dynamic=0.003775 presence_loss=0.047820 memory_norm=6.035594
epoch=5 step=13360 total_loss=0.040410 pred_loss=0.020903 pred_uniform=0.021303 rep=0.028790 barlow=0.003257 barlow_diag=0.9845 barlow_offdiag=0.1774 sigreg_obj=0.607222 memory_barlow=0.000000 target_std=0.9731 pred_std=0.9724 decoded_loss=0.004436 decoded_dynamic=0.006100 presence_loss=0.083599 memory_norm=7.940890
epoch=5 step=13370 total_loss=0.029464 pred_loss=0.012798 pred_uniform=0.012990 rep=0.017910 barlow=0.004130 barlow_diag=0.9816 barlow_offdiag=0.1986 sigreg_obj=0.840506 memory_barlow=0.000000 target_std=0.9577 pred_std=0.9572 decoded_loss=0.003578 decoded_dynamic=0.003824 presence_loss=0.040429 memory_norm=6.176029
epoch=5 step=13380 total_loss=0.031874 pred_loss=0.014854 pred_uniform=0.015292 rep=0.019770 barlow=0.003467 barlow_diag=0.9858 barlow_offdiag=0.1847 sigreg_obj=0.807946 memory_barlow=0.000000 target_std=0.9727 pred_std=0.9722 decoded_loss=0.003444 decoded_dynamic=0.005605 presence_loss=0.042634 memory_norm=9.164815
epoch=5 step=13390 total_loss=0.045344 pred_loss=0.024055 pred_uniform=0.024632 rep=0.028714 barlow=0.003241 barlow_diag=0.9825 barlow_offdiag=0.1751 sigreg_obj=0.636864 memory_barlow=0.000000 target_std=0.9672 pred_std=0.9662 decoded_loss=0.004082 decoded_dynamic=0.006337 presence_loss=0.066250 memory_norm=8.083145
epoch=5 step=13400 total_loss=0.027551 pred_loss=0.012870 pred_uniform=0.013132 rep=0.020603 barlow=0.003526 barlow_diag=0.9865 barlow_offdiag=0.1869 sigreg_obj=0.580649 memory_barlow=0.000000 target_std=0.9643 pred_std=0.9637 decoded_loss=0.002814 decoded_dynamic=0.004706 presence_loss=0.047364 memory_norm=7.155460
epoch=5 step=13410 total_loss=0.038119 pred_loss=0.019530 pred_uniform=0.019950 rep=0.024174 barlow=0.003499 barlow_diag=0.9848 barlow_offdiag=0.1847 sigreg_obj=0.683894 memory_barlow=0.000000 target_std=0.9646 pred_std=0.9628 decoded_loss=0.002891 decoded_dynamic=0.004808 presence_loss=0.064250 memory_norm=6.957443
epoch=5 step=13420 total_loss=0.023113 pred_loss=0.009936 pred_uniform=0.010113 rep=0.013969 barlow=0.003492 barlow_diag=0.9869 barlow_offdiag=0.1863 sigreg_obj=0.628064 memory_barlow=0.000000 target_std=0.9683 pred_std=0.9685 decoded_loss=0.002607 decoded_dynamic=0.004043 presence_loss=0.035846 memory_norm=6.841819
epoch=5 step=13430 total_loss=0.036122 pred_loss=0.015204 pred_uniform=0.015473 rep=0.019175 barlow=0.003877 barlow_diag=0.9836 barlow_offdiag=0.1938 sigreg_obj=1.106040 memory_barlow=0.000000 target_std=0.9402 pred_std=0.9405 decoded_loss=0.002544 decoded_dynamic=0.003781 presence_loss=0.059120 memory_norm=6.504184
epoch=5 step=13440 total_loss=0.034003 pred_loss=0.017350 pred_uniform=0.017929 rep=0.024293 barlow=0.003250 barlow_diag=0.9865 barlow_offdiag=0.1791 sigreg_obj=0.646538 memory_barlow=0.000000 target_std=0.9699 pred_std=0.9695 decoded_loss=0.003723 decoded_dynamic=0.005327 presence_loss=0.057214 memory_norm=8.818132
epoch=5 step=13450 total_loss=0.024647 pred_loss=0.010712 pred_uniform=0.010820 rep=0.015168 barlow=0.003466 barlow_diag=0.9866 barlow_offdiag=0.1853 sigreg_obj=0.682564 memory_barlow=0.000000 target_std=0.9631 pred_std=0.9635 decoded_loss=0.003511 decoded_dynamic=0.004529 presence_loss=0.025459 memory_norm=7.483860
epoch=5 step=13460 total_loss=0.041188 pred_loss=0.020913 pred_uniform=0.021278 rep=0.025406 barlow=0.003580 barlow_diag=0.9830 barlow_offdiag=0.1851 sigreg_obj=0.699801 memory_barlow=0.000000 target_std=0.9644 pred_std=0.9655 decoded_loss=0.003716 decoded_dynamic=0.005250 presence_loss=0.084513 memory_norm=8.376947
epoch=5 step=13470 total_loss=0.030877 pred_loss=0.014944 pred_uniform=0.015443 rep=0.022951 barlow=0.003772 barlow_diag=0.9834 barlow_offdiag=0.1910 sigreg_obj=0.704959 memory_barlow=0.000000 target_std=0.9807 pred_std=0.9816 decoded_loss=0.003070 decoded_dynamic=0.004541 presence_loss=0.041427 memory_norm=9.017551
epoch=5 step=13480 total_loss=0.031343 pred_loss=0.011482 pred_uniform=0.011501 rep=0.019335 barlow=0.003820 barlow_diag=0.9853 barlow_offdiag=0.1940 sigreg_obj=1.084192 memory_barlow=0.000000 target_std=0.9443 pred_std=0.9421 decoded_loss=0.003005 decoded_dynamic=0.003695 presence_loss=0.041420 memory_norm=6.441164
epoch=5 step=13490 total_loss=0.045822 pred_loss=0.024874 pred_uniform=0.025550 rep=0.033223 barlow=0.003417 barlow_diag=0.9851 barlow_offdiag=0.1826 sigreg_obj=0.642081 memory_barlow=0.000000 target_std=0.9724 pred_std=0.9719 decoded_loss=0.004905 decoded_dynamic=0.007061 presence_loss=0.059419 memory_norm=7.245103
saved_recovery_checkpoint epoch=5 step=13500 successful_updates=13500
epoch=5 step=13500 total_loss=0.033095 pred_loss=0.015931 pred_uniform=0.016345 rep=0.023722 barlow=0.004014 barlow_diag=0.9850 barlow_offdiag=0.1989 sigreg_obj=0.685130 memory_barlow=0.000000 target_std=0.9621 pred_std=0.9614 decoded_loss=0.003166 decoded_dynamic=0.004765 presence_loss=0.092942 memory_norm=6.814161
epoch=5 step=13510 total_loss=0.030770 pred_loss=0.014723 pred_uniform=0.014988 rep=0.023320 barlow=0.003595 barlow_diag=0.9849 barlow_offdiag=0.1874 sigreg_obj=0.633081 memory_barlow=0.000000 target_std=0.9756 pred_std=0.9751 decoded_loss=0.003160 decoded_dynamic=0.004288 presence_loss=0.032283 memory_norm=7.078329
epoch=5 step=13520 total_loss=0.034551 pred_loss=0.014666 pred_uniform=0.014845 rep=0.019664 barlow=0.003780 barlow_diag=0.9840 barlow_offdiag=0.1917 sigreg_obj=0.910867 memory_barlow=0.000000 target_std=0.9439 pred_std=0.9434 decoded_loss=0.003500 decoded_dynamic=0.004238 presence_loss=0.042151 memory_norm=5.654037
epoch=5 step=13530 total_loss=0.038604 pred_loss=0.020103 pred_uniform=0.020574 rep=0.025118 barlow=0.003326 barlow_diag=0.9863 barlow_offdiag=0.1811 sigreg_obj=0.615120 memory_barlow=0.000000 target_std=0.9761 pred_std=0.9740 decoded_loss=0.003861 decoded_dynamic=0.006211 presence_loss=0.095656 memory_norm=7.542886
epoch=5 step=13540 total_loss=0.025020 pred_loss=0.009314 pred_uniform=0.009227 rep=0.013108 barlow=0.004536 barlow_diag=0.9868 barlow_offdiag=0.2134 sigreg_obj=0.873159 memory_barlow=0.000000 target_std=0.9478 pred_std=0.9481 decoded_loss=0.001827 decoded_dynamic=0.002510 presence_loss=0.031487 memory_norm=5.487539
epoch=5 step=13550 total_loss=0.038394 pred_loss=0.019791 pred_uniform=0.020408 rep=0.026353 barlow=0.003491 barlow_diag=0.9862 barlow_offdiag=0.1855 sigreg_obj=0.678721 memory_barlow=0.000000 target_std=0.9764 pred_std=0.9763 decoded_loss=0.003852 decoded_dynamic=0.006567 presence_loss=0.070254 memory_norm=8.145735
epoch=5 step=13560 total_loss=0.028837 pred_loss=0.014091 pred_uniform=0.014525 rep=0.019060 barlow=0.003350 barlow_diag=0.9857 barlow_offdiag=0.1812 sigreg_obj=0.633027 memory_barlow=0.000000 target_std=0.9758 pred_std=0.9752 decoded_loss=0.002649 decoded_dynamic=0.004251 presence_loss=0.034695 memory_norm=7.898327
epoch=5 step=13570 total_loss=0.032127 pred_loss=0.015501 pred_uniform=0.015927 rep=0.020088 barlow=0.003425 barlow_diag=0.9864 barlow_offdiag=0.1840 sigreg_obj=0.724858 memory_barlow=0.000000 target_std=0.9699 pred_std=0.9685 decoded_loss=0.003177 decoded_dynamic=0.004676 presence_loss=0.038736 memory_norm=7.846188
epoch=5 step=13580 total_loss=0.034802 pred_loss=0.016245 pred_uniform=0.016427 rep=0.019799 barlow=0.003312 barlow_diag=0.9855 barlow_offdiag=0.1800 sigreg_obj=0.624484 memory_barlow=0.000000 target_std=0.9685 pred_std=0.9682 decoded_loss=0.003859 decoded_dynamic=0.005663 presence_loss=0.043281 memory_norm=7.882291
epoch=5 step=13590 total_loss=0.042372 pred_loss=0.023218 pred_uniform=0.024161 rep=0.027663 barlow=0.003679 barlow_diag=0.9854 barlow_offdiag=0.1902 sigreg_obj=0.661632 memory_barlow=0.000000 target_std=0.9718 pred_std=0.9702 decoded_loss=0.004497 decoded_dynamic=0.007109 presence_loss=0.078263 memory_norm=7.095441
epoch=5 step=13600 total_loss=0.029455 pred_loss=0.013235 pred_uniform=0.013453 rep=0.017856 barlow=0.003284 barlow_diag=0.9867 barlow_offdiag=0.1801 sigreg_obj=0.701613 memory_barlow=0.000000 target_std=0.9691 pred_std=0.9695 decoded_loss=0.003240 decoded_dynamic=0.003971 presence_loss=0.040409 memory_norm=7.421345
epoch=5 step=13610 total_loss=0.030738 pred_loss=0.013934 pred_uniform=0.014155 rep=0.019098 barlow=0.003515 barlow_diag=0.9862 barlow_offdiag=0.1863 sigreg_obj=0.775073 memory_barlow=0.000000 target_std=0.9620 pred_std=0.9612 decoded_loss=0.003779 decoded_dynamic=0.004731 presence_loss=0.053165 memory_norm=8.297779
epoch=5 step=13620 total_loss=0.029351 pred_loss=0.014249 pred_uniform=0.014524 rep=0.019242 barlow=0.003239 barlow_diag=0.9868 barlow_offdiag=0.1789 sigreg_obj=0.629786 memory_barlow=0.000000 target_std=0.9707 pred_std=0.9701 decoded_loss=0.003163 decoded_dynamic=0.004221 presence_loss=0.032829 memory_norm=7.868835
epoch=5 step=13630 total_loss=0.028349 pred_loss=0.013362 pred_uniform=0.013922 rep=0.019174 barlow=0.003613 barlow_diag=0.9877 barlow_offdiag=0.1902 sigreg_obj=0.746850 memory_barlow=0.000000 target_std=0.9646 pred_std=0.9647 decoded_loss=0.003440 decoded_dynamic=0.004741 presence_loss=0.036732 memory_norm=7.272530
epoch=5 step=13640 total_loss=0.028061 pred_loss=0.012999 pred_uniform=0.013428 rep=0.016963 barlow=0.003539 barlow_diag=0.9870 barlow_offdiag=0.1877 sigreg_obj=0.710620 memory_barlow=0.000000 target_std=0.9653 pred_std=0.9650 decoded_loss=0.002778 decoded_dynamic=0.004195 presence_loss=0.036718 memory_norm=7.128992
epoch=5 step=13650 total_loss=0.042167 pred_loss=0.022433 pred_uniform=0.023075 rep=0.026136 barlow=0.003367 barlow_diag=0.9849 barlow_offdiag=0.1810 sigreg_obj=0.694475 memory_barlow=0.000000 target_std=0.9669 pred_std=0.9658 decoded_loss=0.004018 decoded_dynamic=0.005652 presence_loss=0.051191 memory_norm=8.790239
epoch=5 step=13660 total_loss=0.028668 pred_loss=0.014316 pred_uniform=0.014760 rep=0.020019 barlow=0.003391 barlow_diag=0.9822 barlow_offdiag=0.1789 sigreg_obj=0.623433 memory_barlow=0.000000 target_std=0.9637 pred_std=0.9640 decoded_loss=0.003308 decoded_dynamic=0.005012 presence_loss=0.042018 memory_norm=6.973306
epoch=5 step=13670 total_loss=0.051125 pred_loss=0.026920 pred_uniform=0.027323 rep=0.040010 barlow=0.003503 barlow_diag=0.9802 barlow_offdiag=0.1799 sigreg_obj=0.671078 memory_barlow=0.000000 target_std=0.9681 pred_std=0.9682 decoded_loss=0.004063 decoded_dynamic=0.005760 presence_loss=0.076212 memory_norm=8.048300
epoch=5 step=13680 total_loss=0.033039 pred_loss=0.016994 pred_uniform=0.017510 rep=0.023382 barlow=0.003339 barlow_diag=0.9842 barlow_offdiag=0.1796 sigreg_obj=0.567290 memory_barlow=0.000000 target_std=0.9729 pred_std=0.9725 decoded_loss=0.003400 decoded_dynamic=0.005371 presence_loss=0.070318 memory_norm=8.439226
epoch=5 step=13690 total_loss=0.036631 pred_loss=0.018224 pred_uniform=0.018749 rep=0.022541 barlow=0.003695 barlow_diag=0.9859 barlow_offdiag=0.1912 sigreg_obj=0.702695 memory_barlow=0.000000 target_std=0.9702 pred_std=0.9690 decoded_loss=0.003627 decoded_dynamic=0.004899 presence_loss=0.057998 memory_norm=7.694391
epoch=5 step=13700 total_loss=0.033044 pred_loss=0.014714 pred_uniform=0.014952 rep=0.019808 barlow=0.003601 barlow_diag=0.9846 barlow_offdiag=0.1875 sigreg_obj=0.700150 memory_barlow=0.000000 target_std=0.9636 pred_std=0.9631 decoded_loss=0.002671 decoded_dynamic=0.004148 presence_loss=0.038427 memory_norm=7.157754
epoch=5 step=13710 total_loss=0.036442 pred_loss=0.016996 pred_uniform=0.017279 rep=0.024489 barlow=0.003630 barlow_diag=0.9856 barlow_offdiag=0.1890 sigreg_obj=0.762227 memory_barlow=0.000000 target_std=0.9631 pred_std=0.9638 decoded_loss=0.003784 decoded_dynamic=0.005218 presence_loss=0.100140 memory_norm=6.928327
epoch=5 step=13720 total_loss=0.032511 pred_loss=0.016158 pred_uniform=0.016719 rep=0.021526 barlow=0.003259 barlow_diag=0.9852 barlow_offdiag=0.1782 sigreg_obj=0.687914 memory_barlow=0.000000 target_std=0.9728 pred_std=0.9728 decoded_loss=0.003594 decoded_dynamic=0.005229 presence_loss=0.056465 memory_norm=8.637968
epoch=5 step=13730 total_loss=0.038247 pred_loss=0.018335 pred_uniform=0.018686 rep=0.024462 barlow=0.003810 barlow_diag=0.9856 barlow_offdiag=0.1940 sigreg_obj=0.837823 memory_barlow=0.000000 target_std=0.9516 pred_std=0.9512 decoded_loss=0.004021 decoded_dynamic=0.005201 presence_loss=0.039791 memory_norm=6.310539
epoch=5 step=13740 total_loss=0.039513 pred_loss=0.020970 pred_uniform=0.021617 rep=0.030128 barlow=0.003414 barlow_diag=0.9851 barlow_offdiag=0.1825 sigreg_obj=0.606860 memory_barlow=0.000000 target_std=0.9716 pred_std=0.9721 decoded_loss=0.004119 decoded_dynamic=0.006497 presence_loss=0.074956 memory_norm=8.685958
saved_recovery_checkpoint epoch=5 step=13750 successful_updates=13750
epoch=5 step=13750 total_loss=0.025341 pred_loss=0.011531 pred_uniform=0.011527 rep=0.015763 barlow=0.003489 barlow_diag=0.9860 barlow_offdiag=0.1854 sigreg_obj=0.578090 memory_barlow=0.000000 target_std=0.9688 pred_std=0.9679 decoded_loss=0.002634 decoded_dynamic=0.003974 presence_loss=0.025441 memory_norm=7.011695
epoch=5 step=13760 total_loss=0.029032 pred_loss=0.014425 pred_uniform=0.014890 rep=0.017709 barlow=0.003559 barlow_diag=0.9862 barlow_offdiag=0.1876 sigreg_obj=0.620275 memory_barlow=0.000000 target_std=0.9671 pred_std=0.9673 decoded_loss=0.003194 decoded_dynamic=0.004585 presence_loss=0.041506 memory_norm=7.940170
epoch=5 step=13770 total_loss=0.038208 pred_loss=0.019411 pred_uniform=0.019886 rep=0.024019 barlow=0.003403 barlow_diag=0.9847 barlow_offdiag=0.1819 sigreg_obj=0.715991 memory_barlow=0.000000 target_std=0.9743 pred_std=0.9738 decoded_loss=0.003715 decoded_dynamic=0.005806 presence_loss=0.056838 memory_norm=8.577873
epoch=5 step=13780 total_loss=0.030199 pred_loss=0.013386 pred_uniform=0.013741 rep=0.017295 barlow=0.003574 barlow_diag=0.9862 barlow_offdiag=0.1880 sigreg_obj=0.857754 memory_barlow=0.000000 target_std=0.9633 pred_std=0.9628 decoded_loss=0.003577 decoded_dynamic=0.004614 presence_loss=0.043628 memory_norm=8.659126
epoch=5 step=13790 total_loss=0.039992 pred_loss=0.020637 pred_uniform=0.020987 rep=0.031602 barlow=0.003168 barlow_diag=0.9859 barlow_offdiag=0.1761 sigreg_obj=0.580501 memory_barlow=0.000000 target_std=0.9729 pred_std=0.9728 decoded_loss=0.003931 decoded_dynamic=0.005597 presence_loss=0.056384 memory_norm=8.710680
epoch=5 step=13800 total_loss=0.027875 pred_loss=0.013701 pred_uniform=0.014012 rep=0.019403 barlow=0.003321 barlow_diag=0.9855 barlow_offdiag=0.1802 sigreg_obj=0.604579 memory_barlow=0.000000 target_std=0.9691 pred_std=0.9682 decoded_loss=0.003201 decoded_dynamic=0.003953 presence_loss=0.031201 memory_norm=7.169694
epoch=5 step=13810 total_loss=0.032927 pred_loss=0.016373 pred_uniform=0.016714 rep=0.021437 barlow=0.003288 barlow_diag=0.9854 barlow_offdiag=0.1792 sigreg_obj=0.655413 memory_barlow=0.000000 target_std=0.9750 pred_std=0.9751 decoded_loss=0.003689 decoded_dynamic=0.004653 presence_loss=0.037964 memory_norm=7.971754
epoch=5 step=13820 total_loss=0.029072 pred_loss=0.014343 pred_uniform=0.014625 rep=0.017203 barlow=0.003965 barlow_diag=0.9846 barlow_offdiag=0.1973 sigreg_obj=0.597793 memory_barlow=0.000000 target_std=0.9733 pred_std=0.9725 decoded_loss=0.002733 decoded_dynamic=0.004294 presence_loss=0.046370 memory_norm=6.523754
epoch=5 step=13830 total_loss=0.034153 pred_loss=0.018194 pred_uniform=0.018875 rep=0.021710 barlow=0.003279 barlow_diag=0.9865 barlow_offdiag=0.1798 sigreg_obj=0.695116 memory_barlow=0.000000 target_std=0.9684 pred_std=0.9676 decoded_loss=0.003125 decoded_dynamic=0.004421 presence_loss=0.042037 memory_norm=7.748697
epoch=5 step=13840 total_loss=0.034807 pred_loss=0.016776 pred_uniform=0.016843 rep=0.020604 barlow=0.003333 barlow_diag=0.9820 barlow_offdiag=0.1771 sigreg_obj=0.667124 memory_barlow=0.000000 target_std=0.9610 pred_std=0.9602 decoded_loss=0.003887 decoded_dynamic=0.004499 presence_loss=0.050908 memory_norm=7.520598
epoch=5 step=13850 total_loss=0.027447 pred_loss=0.009678 pred_uniform=0.009775 rep=0.015216 barlow=0.004657 barlow_diag=0.9817 barlow_offdiag=0.2121 sigreg_obj=1.070706 memory_barlow=0.000000 target_std=0.9450 pred_std=0.9459 decoded_loss=0.003167 decoded_dynamic=0.004198 presence_loss=0.028631 memory_norm=6.906513
epoch=5 step=13860 total_loss=0.031234 pred_loss=0.015157 pred_uniform=0.015498 rep=0.022107 barlow=0.004011 barlow_diag=0.9839 barlow_offdiag=0.1978 sigreg_obj=0.617883 memory_barlow=0.000000 target_std=0.9751 pred_std=0.9743 decoded_loss=0.004015 decoded_dynamic=0.005811 presence_loss=0.048310 memory_norm=7.433198
epoch=5 step=13870 total_loss=0.040418 pred_loss=0.021851 pred_uniform=0.022575 rep=0.027760 barlow=0.003472 barlow_diag=0.9825 barlow_offdiag=0.1817 sigreg_obj=0.633335 memory_barlow=0.000000 target_std=0.9731 pred_std=0.9741 decoded_loss=0.003551 decoded_dynamic=0.005707 presence_loss=0.061651 memory_norm=8.261240
epoch=5 step=13880 total_loss=0.036181 pred_loss=0.018991 pred_uniform=0.019573 rep=0.025144 barlow=0.003744 barlow_diag=0.9832 barlow_offdiag=0.1900 sigreg_obj=0.591101 memory_barlow=0.000000 target_std=0.9757 pred_std=0.9757 decoded_loss=0.003919 decoded_dynamic=0.006018 presence_loss=0.064255 memory_norm=7.592144
epoch=5 step=13890 total_loss=0.037295 pred_loss=0.020127 pred_uniform=0.020665 rep=0.027630 barlow=0.003260 barlow_diag=0.9849 barlow_offdiag=0.1779 sigreg_obj=0.523917 memory_barlow=0.000000 target_std=0.9793 pred_std=0.9787 decoded_loss=0.003207 decoded_dynamic=0.005431 presence_loss=0.066718 memory_norm=7.587762
epoch=5 step=13900 total_loss=0.025951 pred_loss=0.011360 pred_uniform=0.011665 rep=0.016479 barlow=0.003985 barlow_diag=0.9856 barlow_offdiag=0.1986 sigreg_obj=0.756089 memory_barlow=0.000000 target_std=0.9613 pred_std=0.9608 decoded_loss=0.002579 decoded_dynamic=0.003759 presence_loss=0.034133 memory_norm=6.805631
epoch=5 step=13910 total_loss=0.033081 pred_loss=0.016259 pred_uniform=0.016524 rep=0.020888 barlow=0.003530 barlow_diag=0.9845 barlow_offdiag=0.1853 sigreg_obj=0.639737 memory_barlow=0.000000 target_std=0.9679 pred_std=0.9668 decoded_loss=0.004073 decoded_dynamic=0.005011 presence_loss=0.088787 memory_norm=7.078769
epoch=5 step=13920 total_loss=0.030396 pred_loss=0.013485 pred_uniform=0.013687 rep=0.018861 barlow=0.003709 barlow_diag=0.9835 barlow_offdiag=0.1893 sigreg_obj=0.790036 memory_barlow=0.000000 target_std=0.9584 pred_std=0.9592 decoded_loss=0.003939 decoded_dynamic=0.003798 presence_loss=0.034954 memory_norm=6.920776
epoch=5 step=13930 total_loss=0.038490 pred_loss=0.019936 pred_uniform=0.020488 rep=0.023569 barlow=0.003462 barlow_diag=0.9846 barlow_offdiag=0.1835 sigreg_obj=0.739330 memory_barlow=0.000000 target_std=0.9636 pred_std=0.9632 decoded_loss=0.003233 decoded_dynamic=0.004562 presence_loss=0.035804 memory_norm=6.681953
epoch=5 step=13940 total_loss=0.041370 pred_loss=0.021055 pred_uniform=0.021528 rep=0.025317 barlow=0.003674 barlow_diag=0.9851 barlow_offdiag=0.1899 sigreg_obj=0.723193 memory_barlow=0.000000 target_std=0.9634 pred_std=0.9640 decoded_loss=0.003926 decoded_dynamic=0.006414 presence_loss=0.113125 memory_norm=7.644053
epoch=5 step=13950 total_loss=0.032024 pred_loss=0.016400 pred_uniform=0.016807 rep=0.022926 barlow=0.003409 barlow_diag=0.9840 barlow_offdiag=0.1813 sigreg_obj=0.561737 memory_barlow=0.000000 target_std=0.9777 pred_std=0.9769 decoded_loss=0.003418 decoded_dynamic=0.005836 presence_loss=0.055009 memory_norm=9.008045
epoch=5 step=13960 total_loss=0.039021 pred_loss=0.018967 pred_uniform=0.019113 rep=0.022321 barlow=0.003410 barlow_diag=0.9854 barlow_offdiag=0.1827 sigreg_obj=0.722868 memory_barlow=0.000000 target_std=0.9629 pred_std=0.9634 decoded_loss=0.003735 decoded_dynamic=0.004632 presence_loss=0.060879 memory_norm=7.995229
epoch=5 step=13970 total_loss=0.032622 pred_loss=0.015481 pred_uniform=0.015807 rep=0.020334 barlow=0.003846 barlow_diag=0.9860 barlow_offdiag=0.1952 sigreg_obj=0.749811 memory_barlow=0.000000 target_std=0.9631 pred_std=0.9626 decoded_loss=0.003272 decoded_dynamic=0.004308 presence_loss=0.042819 memory_norm=7.542522
epoch=5 step=13980 total_loss=0.034980 pred_loss=0.018162 pred_uniform=0.018499 rep=0.021885 barlow=0.003482 barlow_diag=0.9851 barlow_offdiag=0.1846 sigreg_obj=0.573737 memory_barlow=0.000000 target_std=0.9649 pred_std=0.9644 decoded_loss=0.004033 decoded_dynamic=0.004700 presence_loss=0.050280 memory_norm=6.964938
epoch=5 step=13990 total_loss=0.032468 pred_loss=0.015874 pred_uniform=0.016176 rep=0.020561 barlow=0.003669 barlow_diag=0.9846 barlow_offdiag=0.1893 sigreg_obj=0.700841 memory_barlow=0.000000 target_std=0.9633 pred_std=0.9618 decoded_loss=0.002979 decoded_dynamic=0.004758 presence_loss=0.047813 memory_norm=6.010361
saved_recovery_checkpoint epoch=5 step=14000 successful_updates=14000
epoch=5 step=14000 total_loss=0.020294 pred_loss=0.008499 pred_uniform=0.008627 rep=0.012781 barlow=0.003663 barlow_diag=0.9857 barlow_offdiag=0.1900 sigreg_obj=0.599600 memory_barlow=0.000000 target_std=0.9700 pred_std=0.9699 decoded_loss=0.002442 decoded_dynamic=0.003360 presence_loss=0.023977 memory_norm=6.271724
epoch=5 step=14010 total_loss=0.034320 pred_loss=0.016872 pred_uniform=0.017285 rep=0.021912 barlow=0.003748 barlow_diag=0.9855 barlow_offdiag=0.1922 sigreg_obj=0.711224 memory_barlow=0.000000 target_std=0.9648 pred_std=0.9649 decoded_loss=0.004529 decoded_dynamic=0.005467 presence_loss=0.066207 memory_norm=6.127357
epoch=5 step=14020 total_loss=0.022713 pred_loss=0.009634 pred_uniform=0.009768 rep=0.014415 barlow=0.003632 barlow_diag=0.9856 barlow_offdiag=0.1891 sigreg_obj=0.631065 memory_barlow=0.000000 target_std=0.9716 pred_std=0.9708 decoded_loss=0.003086 decoded_dynamic=0.003857 presence_loss=0.033365 memory_norm=6.962507
epoch=5 step=14030 total_loss=0.025308 pred_loss=0.010488 pred_uniform=0.010715 rep=0.014222 barlow=0.003720 barlow_diag=0.9849 barlow_offdiag=0.1909 sigreg_obj=0.806419 memory_barlow=0.000000 target_std=0.9607 pred_std=0.9610 decoded_loss=0.002595 decoded_dynamic=0.003929 presence_loss=0.027631 memory_norm=6.493958
epoch=5 step=14040 total_loss=0.043460 pred_loss=0.022233 pred_uniform=0.022715 rep=0.028427 barlow=0.003532 barlow_diag=0.9853 barlow_offdiag=0.1861 sigreg_obj=0.862833 memory_barlow=0.000000 target_std=0.9582 pred_std=0.9577 decoded_loss=0.003271 decoded_dynamic=0.004513 presence_loss=0.069602 memory_norm=7.863061
epoch=5 step=14050 total_loss=0.024355 pred_loss=0.011173 pred_uniform=0.011443 rep=0.015576 barlow=0.003317 barlow_diag=0.9842 barlow_offdiag=0.1790 sigreg_obj=0.599988 memory_barlow=0.000000 target_std=0.9663 pred_std=0.9653 decoded_loss=0.002673 decoded_dynamic=0.004515 presence_loss=0.028046 memory_norm=6.945011
epoch=5 step=14060 total_loss=0.030152 pred_loss=0.015029 pred_uniform=0.015374 rep=0.018788 barlow=0.003338 barlow_diag=0.9859 barlow_offdiag=0.1811 sigreg_obj=0.618910 memory_barlow=0.000000 target_std=0.9782 pred_std=0.9772 decoded_loss=0.002512 decoded_dynamic=0.004304 presence_loss=0.042014 memory_norm=8.019670
epoch=5 step=14070 total_loss=0.045151 pred_loss=0.025529 pred_uniform=0.026413 rep=0.032769 barlow=0.003400 barlow_diag=0.9868 barlow_offdiag=0.1836 sigreg_obj=0.672533 memory_barlow=0.000000 target_std=0.9776 pred_std=0.9783 decoded_loss=0.003922 decoded_dynamic=0.005668 presence_loss=0.071999 memory_norm=8.065285
epoch=5 step=14080 total_loss=0.023354 pred_loss=0.009776 pred_uniform=0.009995 rep=0.015223 barlow=0.003867 barlow_diag=0.9849 barlow_offdiag=0.1949 sigreg_obj=0.705451 memory_barlow=0.000000 target_std=0.9612 pred_std=0.9601 decoded_loss=0.002274 decoded_dynamic=0.003424 presence_loss=0.039920 memory_norm=6.161803
epoch=5 step=14090 total_loss=0.027399 pred_loss=0.012718 pred_uniform=0.012929 rep=0.018617 barlow=0.003656 barlow_diag=0.9854 barlow_offdiag=0.1895 sigreg_obj=0.618052 memory_barlow=0.000000 target_std=0.9623 pred_std=0.9622 decoded_loss=0.003347 decoded_dynamic=0.004897 presence_loss=0.039069 memory_norm=6.432853
epoch=5 step=14100 total_loss=0.026141 pred_loss=0.012747 pred_uniform=0.012995 rep=0.016778 barlow=0.003370 barlow_diag=0.9862 barlow_offdiag=0.1822 sigreg_obj=0.524364 memory_barlow=0.000000 target_std=0.9751 pred_std=0.9750 decoded_loss=0.003602 decoded_dynamic=0.004764 presence_loss=0.041958 memory_norm=7.609663
epoch=5 step=14110 total_loss=0.027540 pred_loss=0.013002 pred_uniform=0.013351 rep=0.016649 barlow=0.003378 barlow_diag=0.9857 barlow_offdiag=0.1821 sigreg_obj=0.649911 memory_barlow=0.000000 target_std=0.9727 pred_std=0.9724 decoded_loss=0.003060 decoded_dynamic=0.004774 presence_loss=0.040712 memory_norm=8.671775
epoch=5 step=14120 total_loss=0.039515 pred_loss=0.020253 pred_uniform=0.020595 rep=0.023786 barlow=0.003822 barlow_diag=0.9846 barlow_offdiag=0.1934 sigreg_obj=0.642631 memory_barlow=0.000000 target_std=0.9585 pred_std=0.9566 decoded_loss=0.003033 decoded_dynamic=0.004838 presence_loss=0.107397 memory_norm=5.586868
epoch=5 step=14130 total_loss=0.037552 pred_loss=0.018239 pred_uniform=0.018771 rep=0.026692 barlow=0.003274 barlow_diag=0.9860 barlow_offdiag=0.1793 sigreg_obj=0.792071 memory_barlow=0.000000 target_std=0.9762 pred_std=0.9753 decoded_loss=0.005274 decoded_dynamic=0.008333 presence_loss=0.097764 memory_norm=10.406980
epoch=5 step=14140 total_loss=0.028603 pred_loss=0.012862 pred_uniform=0.013147 rep=0.019342 barlow=0.003974 barlow_diag=0.9851 barlow_offdiag=0.1980 sigreg_obj=0.747964 memory_barlow=0.000000 target_std=0.9579 pred_std=0.9572 decoded_loss=0.003118 decoded_dynamic=0.003999 presence_loss=0.040101 memory_norm=7.455204
epoch=5 step=14150 total_loss=0.043273 pred_loss=0.021265 pred_uniform=0.021421 rep=0.029737 barlow=0.003595 barlow_diag=0.9839 barlow_offdiag=0.1865 sigreg_obj=0.816271 memory_barlow=0.000000 target_std=0.9521 pred_std=0.9515 decoded_loss=0.004444 decoded_dynamic=0.004804 presence_loss=0.037487 memory_norm=7.155990
epoch=5 step=14160 total_loss=0.035346 pred_loss=0.017089 pred_uniform=0.017443 rep=0.026125 barlow=0.003449 barlow_diag=0.9796 barlow_offdiag=0.1775 sigreg_obj=0.714476 memory_barlow=0.000000 target_std=0.9732 pred_std=0.9732 decoded_loss=0.004172 decoded_dynamic=0.005790 presence_loss=0.059068 memory_norm=8.728708
epoch=5 step=14170 total_loss=0.041119 pred_loss=0.021734 pred_uniform=0.022503 rep=0.028227 barlow=0.003686 barlow_diag=0.9809 barlow_offdiag=0.1858 sigreg_obj=0.672845 memory_barlow=0.000000 target_std=0.9704 pred_std=0.9689 decoded_loss=0.003588 decoded_dynamic=0.006000 presence_loss=0.078058 memory_norm=8.458914
epoch=5 step=14180 total_loss=0.025677 pred_loss=0.011679 pred_uniform=0.011962 rep=0.017253 barlow=0.003683 barlow_diag=0.9851 barlow_offdiag=0.1901 sigreg_obj=0.661289 memory_barlow=0.000000 target_std=0.9646 pred_std=0.9635 decoded_loss=0.002609 decoded_dynamic=0.004068 presence_loss=0.039011 memory_norm=7.704561
epoch=5 step=14190 total_loss=0.033348 pred_loss=0.015552 pred_uniform=0.015983 rep=0.021174 barlow=0.003451 barlow_diag=0.9835 barlow_offdiag=0.1821 sigreg_obj=0.814544 memory_barlow=0.000000 target_std=0.9658 pred_std=0.9659 decoded_loss=0.003492 decoded_dynamic=0.005458 presence_loss=0.059104 memory_norm=8.817413
epoch=5 step=14200 total_loss=0.028110 pred_loss=0.013042 pred_uniform=0.013291 rep=0.018857 barlow=0.003821 barlow_diag=0.9803 barlow_offdiag=0.1889 sigreg_obj=0.654258 memory_barlow=0.000000 target_std=0.9592 pred_std=0.9588 decoded_loss=0.002488 decoded_dynamic=0.004100 presence_loss=0.042786 memory_norm=7.404788
epoch=5 step=14210 total_loss=0.041776 pred_loss=0.020492 pred_uniform=0.020778 rep=0.026385 barlow=0.003907 barlow_diag=0.9795 barlow_offdiag=0.1902 sigreg_obj=0.802487 memory_barlow=0.000000 target_std=0.9667 pred_std=0.9660 decoded_loss=0.005186 decoded_dynamic=0.006578 presence_loss=0.096644 memory_norm=9.315485
epoch=5 step=14220 total_loss=0.029972 pred_loss=0.013499 pred_uniform=0.013808 rep=0.019216 barlow=0.003718 barlow_diag=0.9835 barlow_offdiag=0.1896 sigreg_obj=0.835169 memory_barlow=0.000000 target_std=0.9635 pred_std=0.9631 decoded_loss=0.002870 decoded_dynamic=0.004287 presence_loss=0.044643 memory_norm=8.458746
epoch=5 step=14230 total_loss=0.034061 pred_loss=0.015740 pred_uniform=0.015968 rep=0.022887 barlow=0.003521 barlow_diag=0.9845 barlow_offdiag=0.1851 sigreg_obj=0.771534 memory_barlow=0.000000 target_std=0.9644 pred_std=0.9635 decoded_loss=0.002719 decoded_dynamic=0.004230 presence_loss=0.046013 memory_norm=7.905738
epoch=5 step=14240 total_loss=0.027958 pred_loss=0.013278 pred_uniform=0.013585 rep=0.019439 barlow=0.003588 barlow_diag=0.9869 barlow_offdiag=0.1890 sigreg_obj=0.616329 memory_barlow=0.000000 target_std=0.9750 pred_std=0.9745 decoded_loss=0.002815 decoded_dynamic=0.004712 presence_loss=0.040505 memory_norm=7.519880
saved_recovery_checkpoint epoch=5 step=14250 successful_updates=14250
epoch=5 step=14250 total_loss=0.038023 pred_loss=0.018841 pred_uniform=0.019290 rep=0.023553 barlow=0.003579 barlow_diag=0.9852 barlow_offdiag=0.1873 sigreg_obj=0.782592 memory_barlow=0.000000 target_std=0.9615 pred_std=0.9603 decoded_loss=0.002797 decoded_dynamic=0.004553 presence_loss=0.055432 memory_norm=7.393779
epoch=5 step=14260 total_loss=0.031108 pred_loss=0.015182 pred_uniform=0.015465 rep=0.020003 barlow=0.003452 barlow_diag=0.9851 barlow_offdiag=0.1837 sigreg_obj=0.630127 memory_barlow=0.000000 target_std=0.9623 pred_std=0.9625 decoded_loss=0.003120 decoded_dynamic=0.004900 presence_loss=0.072183 memory_norm=7.477164
epoch=5 step=14270 total_loss=0.029935 pred_loss=0.014023 pred_uniform=0.014231 rep=0.019673 barlow=0.003694 barlow_diag=0.9865 barlow_offdiag=0.1915 sigreg_obj=0.683984 memory_barlow=0.000000 target_std=0.9670 pred_std=0.9675 decoded_loss=0.002934 decoded_dynamic=0.004518 presence_loss=0.029346 memory_norm=6.759616
epoch=5 step=14280 total_loss=0.035183 pred_loss=0.018022 pred_uniform=0.018432 rep=0.022895 barlow=0.003663 barlow_diag=0.9829 barlow_offdiag=0.1875 sigreg_obj=0.585174 memory_barlow=0.000000 target_std=0.9694 pred_std=0.9688 decoded_loss=0.003515 decoded_dynamic=0.004512 presence_loss=0.066663 memory_norm=7.763184
epoch=5 step=14290 total_loss=0.033201 pred_loss=0.015139 pred_uniform=0.015343 rep=0.018812 barlow=0.003275 barlow_diag=0.9841 barlow_offdiag=0.1776 sigreg_obj=0.854332 memory_barlow=0.000000 target_std=0.9641 pred_std=0.9635 decoded_loss=0.003651 decoded_dynamic=0.004370 presence_loss=0.042031 memory_norm=8.040583
epoch=5 step=14300 total_loss=0.040066 pred_loss=0.020747 pred_uniform=0.020905 rep=0.025208 barlow=0.003262 barlow_diag=0.9846 barlow_offdiag=0.1777 sigreg_obj=0.647999 memory_barlow=0.000000 target_std=0.9670 pred_std=0.9664 decoded_loss=0.003121 decoded_dynamic=0.004807 presence_loss=0.070736 memory_norm=7.854065
epoch=5 step=14310 total_loss=0.030379 pred_loss=0.011826 pred_uniform=0.012157 rep=0.016392 barlow=0.003979 barlow_diag=0.9854 barlow_offdiag=0.1983 sigreg_obj=1.135620 memory_barlow=0.000000 target_std=0.9396 pred_std=0.9395 decoded_loss=0.001878 decoded_dynamic=0.002693 presence_loss=0.035284 memory_norm=6.045650
epoch=5 step=14320 total_loss=0.033609 pred_loss=0.016684 pred_uniform=0.017128 rep=0.024709 barlow=0.003643 barlow_diag=0.9863 barlow_offdiag=0.1899 sigreg_obj=0.653541 memory_barlow=0.000000 target_std=0.9817 pred_std=0.9815 decoded_loss=0.003436 decoded_dynamic=0.005351 presence_loss=0.063214 memory_norm=7.719664
epoch=5 step=14330 total_loss=0.030875 pred_loss=0.013942 pred_uniform=0.014057 rep=0.019582 barlow=0.003551 barlow_diag=0.9847 barlow_offdiag=0.1861 sigreg_obj=0.748751 memory_barlow=0.000000 target_std=0.9670 pred_std=0.9664 decoded_loss=0.002864 decoded_dynamic=0.004247 presence_loss=0.039953 memory_norm=7.431217
epoch=5 step=14340 total_loss=0.022903 pred_loss=0.010059 pred_uniform=0.010313 rep=0.015927 barlow=0.003563 barlow_diag=0.9851 barlow_offdiag=0.1868 sigreg_obj=0.613244 memory_barlow=0.000000 target_std=0.9679 pred_std=0.9677 decoded_loss=0.003188 decoded_dynamic=0.004079 presence_loss=0.051977 memory_norm=7.456863
epoch=5 step=14350 total_loss=0.046226 pred_loss=0.026264 pred_uniform=0.027029 rep=0.030627 barlow=0.003579 barlow_diag=0.9840 barlow_offdiag=0.1862 sigreg_obj=0.542414 memory_barlow=0.000000 target_std=0.9737 pred_std=0.9721 decoded_loss=0.002976 decoded_dynamic=0.004911 presence_loss=0.065457 memory_norm=7.070678
epoch=5 step=14360 total_loss=0.036814 pred_loss=0.018866 pred_uniform=0.019396 rep=0.025429 barlow=0.003367 barlow_diag=0.9855 barlow_offdiag=0.1815 sigreg_obj=0.659204 memory_barlow=0.000000 target_std=0.9786 pred_std=0.9782 decoded_loss=0.004167 decoded_dynamic=0.005948 presence_loss=0.050099 memory_norm=8.408863
epoch=5 step=14370 total_loss=0.038675 pred_loss=0.020115 pred_uniform=0.020558 rep=0.026135 barlow=0.003591 barlow_diag=0.9852 barlow_offdiag=0.1875 sigreg_obj=0.641134 memory_barlow=0.000000 target_std=0.9625 pred_std=0.9631 decoded_loss=0.002871 decoded_dynamic=0.004360 presence_loss=0.037354 memory_norm=7.112808
epoch=5 step=14380 total_loss=0.031149 pred_loss=0.015088 pred_uniform=0.015423 rep=0.020356 barlow=0.004058 barlow_diag=0.9838 barlow_offdiag=0.1989 sigreg_obj=0.689281 memory_barlow=0.000000 target_std=0.9556 pred_std=0.9560 decoded_loss=0.002475 decoded_dynamic=0.004152 presence_loss=0.052194 memory_norm=6.360119
epoch=5 step=14390 total_loss=0.054418 pred_loss=0.030876 pred_uniform=0.031997 rep=0.039447 barlow=0.003765 barlow_diag=0.9821 barlow_offdiag=0.1893 sigreg_obj=0.722331 memory_barlow=0.000000 target_std=0.9629 pred_std=0.9603 decoded_loss=0.003416 decoded_dynamic=0.004866 presence_loss=0.087705 memory_norm=7.778129
epoch=5 step=14400 total_loss=0.029403 pred_loss=0.013984 pred_uniform=0.014176 rep=0.020706 barlow=0.003920 barlow_diag=0.9856 barlow_offdiag=0.1969 sigreg_obj=0.627264 memory_barlow=0.000000 target_std=0.9597 pred_std=0.9592 decoded_loss=0.002983 decoded_dynamic=0.004594 presence_loss=0.038280 memory_norm=6.173367
epoch=5 step=14410 total_loss=0.032429 pred_loss=0.015546 pred_uniform=0.015758 rep=0.020599 barlow=0.003277 barlow_diag=0.9869 barlow_offdiag=0.1801 sigreg_obj=0.687901 memory_barlow=0.000000 target_std=0.9723 pred_std=0.9714 decoded_loss=0.003904 decoded_dynamic=0.005802 presence_loss=0.064993 memory_norm=8.414122
epoch=5 step=14420 total_loss=0.025885 pred_loss=0.012187 pred_uniform=0.012463 rep=0.016244 barlow=0.003428 barlow_diag=0.9852 barlow_offdiag=0.1831 sigreg_obj=0.637051 memory_barlow=0.000000 target_std=0.9661 pred_std=0.9659 decoded_loss=0.003235 decoded_dynamic=0.004205 presence_loss=0.037970 memory_norm=7.282144
epoch=5 step=14430 total_loss=0.037566 pred_loss=0.020101 pred_uniform=0.020751 rep=0.024684 barlow=0.003202 barlow_diag=0.9857 barlow_offdiag=0.1769 sigreg_obj=0.596001 memory_barlow=0.000000 target_std=0.9702 pred_std=0.9706 decoded_loss=0.003480 decoded_dynamic=0.005350 presence_loss=0.060641 memory_norm=7.589401
epoch=5 step=14440 total_loss=0.029812 pred_loss=0.014840 pred_uniform=0.015152 rep=0.019577 barlow=0.003500 barlow_diag=0.9852 barlow_offdiag=0.1850 sigreg_obj=0.561892 memory_barlow=0.000000 target_std=0.9752 pred_std=0.9748 decoded_loss=0.003225 decoded_dynamic=0.004884 presence_loss=0.041460 memory_norm=7.807222
epoch=5 step=14450 total_loss=0.033176 pred_loss=0.014309 pred_uniform=0.014663 rep=0.019501 barlow=0.003821 barlow_diag=0.9840 barlow_offdiag=0.1929 sigreg_obj=0.982544 memory_barlow=0.000000 target_std=0.9558 pred_std=0.9536 decoded_loss=0.003390 decoded_dynamic=0.004465 presence_loss=0.038181 memory_norm=6.668681
epoch=5 step=14460 total_loss=0.036477 pred_loss=0.018399 pred_uniform=0.018692 rep=0.026986 barlow=0.003333 barlow_diag=0.9845 barlow_offdiag=0.1796 sigreg_obj=0.537776 memory_barlow=0.000000 target_std=0.9712 pred_std=0.9698 decoded_loss=0.003738 decoded_dynamic=0.006018 presence_loss=0.116903 memory_norm=7.365011
epoch=5 step=14470 total_loss=0.034762 pred_loss=0.016744 pred_uniform=0.017023 rep=0.023124 barlow=0.003291 barlow_diag=0.9848 barlow_offdiag=0.1787 sigreg_obj=0.752971 memory_barlow=0.000000 target_std=0.9693 pred_std=0.9693 decoded_loss=0.003766 decoded_dynamic=0.005833 presence_loss=0.040563 memory_norm=8.284962
epoch=5 step=14480 total_loss=0.034086 pred_loss=0.015417 pred_uniform=0.015737 rep=0.023297 barlow=0.003660 barlow_diag=0.9819 barlow_offdiag=0.1864 sigreg_obj=0.876826 memory_barlow=0.000000 target_std=0.9582 pred_std=0.9571 decoded_loss=0.004429 decoded_dynamic=0.005523 presence_loss=0.043081 memory_norm=7.162934
epoch=5 step=14490 total_loss=0.044082 pred_loss=0.023524 pred_uniform=0.024341 rep=0.031306 barlow=0.003458 barlow_diag=0.9833 barlow_offdiag=0.1821 sigreg_obj=0.726982 memory_barlow=0.000000 target_std=0.9654 pred_std=0.9663 decoded_loss=0.004744 decoded_dynamic=0.006874 presence_loss=0.075446 memory_norm=7.443864
saved_recovery_checkpoint epoch=5 step=14500 successful_updates=14500
epoch=5 step=14500 total_loss=0.033054 pred_loss=0.015924 pred_uniform=0.016171 rep=0.024032 barlow=0.003292 barlow_diag=0.9853 barlow_offdiag=0.1792 sigreg_obj=0.641552 memory_barlow=0.000000 target_std=0.9736 pred_std=0.9736 decoded_loss=0.003478 decoded_dynamic=0.005163 presence_loss=0.071482 memory_norm=7.965835
epoch=5 step=14510 total_loss=0.031409 pred_loss=0.016099 pred_uniform=0.016492 rep=0.021679 barlow=0.003507 barlow_diag=0.9852 barlow_offdiag=0.1852 sigreg_obj=0.558425 memory_barlow=0.000000 target_std=0.9726 pred_std=0.9720 decoded_loss=0.002501 decoded_dynamic=0.004178 presence_loss=0.048753 memory_norm=7.061172
epoch=5 step=14520 total_loss=0.031610 pred_loss=0.015563 pred_uniform=0.015846 rep=0.020028 barlow=0.003600 barlow_diag=0.9855 barlow_offdiag=0.1882 sigreg_obj=0.602027 memory_barlow=0.000000 target_std=0.9671 pred_std=0.9666 decoded_loss=0.003364 decoded_dynamic=0.003913 presence_loss=0.038619 memory_norm=7.375858
epoch=5 step=14530 total_loss=0.038830 pred_loss=0.019999 pred_uniform=0.020490 rep=0.023229 barlow=0.003197 barlow_diag=0.9859 barlow_offdiag=0.1769 sigreg_obj=0.683458 memory_barlow=0.000000 target_std=0.9642 pred_std=0.9625 decoded_loss=0.002890 decoded_dynamic=0.004839 presence_loss=0.047459 memory_norm=7.913121
epoch=5 step=14540 total_loss=0.025392 pred_loss=0.012198 pred_uniform=0.012318 rep=0.016693 barlow=0.003219 barlow_diag=0.9866 barlow_offdiag=0.1782 sigreg_obj=0.541301 memory_barlow=0.000000 target_std=0.9718 pred_std=0.9719 decoded_loss=0.002801 decoded_dynamic=0.004399 presence_loss=0.041275 memory_norm=6.967257
epoch=5 step=14550 total_loss=0.035628 pred_loss=0.018526 pred_uniform=0.019090 rep=0.021632 barlow=0.003685 barlow_diag=0.9867 barlow_offdiag=0.1915 sigreg_obj=0.638024 memory_barlow=0.000000 target_std=0.9701 pred_std=0.9699 decoded_loss=0.003596 decoded_dynamic=0.005500 presence_loss=0.067551 memory_norm=7.631631
epoch=5 step=14560 total_loss=0.043423 pred_loss=0.024568 pred_uniform=0.025326 rep=0.029147 barlow=0.003254 barlow_diag=0.9845 barlow_offdiag=0.1773 sigreg_obj=0.573520 memory_barlow=0.000000 target_std=0.9695 pred_std=0.9675 decoded_loss=0.003783 decoded_dynamic=0.004991 presence_loss=0.054864 memory_norm=7.059038
epoch=5 step=14570 total_loss=0.036715 pred_loss=0.018932 pred_uniform=0.019348 rep=0.025274 barlow=0.003861 barlow_diag=0.9841 barlow_offdiag=0.1940 sigreg_obj=0.661604 memory_barlow=0.000000 target_std=0.9618 pred_std=0.9613 decoded_loss=0.002837 decoded_dynamic=0.004312 presence_loss=0.047971 memory_norm=6.243902
epoch=5 step=14580 total_loss=0.027952 pred_loss=0.012486 pred_uniform=0.012596 rep=0.016923 barlow=0.004098 barlow_diag=0.9814 barlow_offdiag=0.1977 sigreg_obj=0.673358 memory_barlow=0.000000 target_std=0.9583 pred_std=0.9575 decoded_loss=0.003180 decoded_dynamic=0.003751 presence_loss=0.039920 memory_norm=6.733128
epoch=5 step=14590 total_loss=0.048034 pred_loss=0.025420 pred_uniform=0.026285 rep=0.040440 barlow=0.003698 barlow_diag=0.9844 barlow_offdiag=0.1899 sigreg_obj=0.745867 memory_barlow=0.000000 target_std=0.9657 pred_std=0.9654 decoded_loss=0.005362 decoded_dynamic=0.006930 presence_loss=0.077744 memory_norm=8.138836
epoch=5 step=14600 total_loss=0.032479 pred_loss=0.015412 pred_uniform=0.015702 rep=0.022650 barlow=0.003836 barlow_diag=0.9845 barlow_offdiag=0.1938 sigreg_obj=0.668630 memory_barlow=0.000000 target_std=0.9604 pred_std=0.9595 decoded_loss=0.004087 decoded_dynamic=0.005384 presence_loss=0.091095 memory_norm=6.513859
epoch=5 step=14610 total_loss=0.040582 pred_loss=0.021381 pred_uniform=0.021873 rep=0.026742 barlow=0.003084 barlow_diag=0.9850 barlow_offdiag=0.1728 sigreg_obj=0.597131 memory_barlow=0.000000 target_std=0.9788 pred_std=0.9780 decoded_loss=0.003917 decoded_dynamic=0.006111 presence_loss=0.059140 memory_norm=9.219353
epoch=5 step=14620 total_loss=0.027799 pred_loss=0.010633 pred_uniform=0.010870 rep=0.016344 barlow=0.003486 barlow_diag=0.9852 barlow_offdiag=0.1847 sigreg_obj=0.782873 memory_barlow=0.000000 target_std=0.9600 pred_std=0.9597 decoded_loss=0.002908 decoded_dynamic=0.003793 presence_loss=0.029302 memory_norm=7.486867
epoch=5 step=14630 total_loss=0.029936 pred_loss=0.014548 pred_uniform=0.014950 rep=0.021424 barlow=0.003574 barlow_diag=0.9829 barlow_offdiag=0.1850 sigreg_obj=0.611652 memory_barlow=0.000000 target_std=0.9663 pred_std=0.9644 decoded_loss=0.003513 decoded_dynamic=0.003829 presence_loss=0.053364 memory_norm=6.716714
epoch=5 step=14640 total_loss=0.031244 pred_loss=0.015605 pred_uniform=0.015874 rep=0.020710 barlow=0.003492 barlow_diag=0.9846 barlow_offdiag=0.1844 sigreg_obj=0.546511 memory_barlow=0.000000 target_std=0.9691 pred_std=0.9693 decoded_loss=0.003238 decoded_dynamic=0.004566 presence_loss=0.053375 memory_norm=6.819534
epoch=5 step=14650 total_loss=0.051236 pred_loss=0.028625 pred_uniform=0.029470 rep=0.033111 barlow=0.003717 barlow_diag=0.9824 barlow_offdiag=0.1885 sigreg_obj=0.626871 memory_barlow=0.000000 target_std=0.9681 pred_std=0.9670 decoded_loss=0.004934 decoded_dynamic=0.008141 presence_loss=0.079739 memory_norm=8.006511
epoch=5 step=14660 total_loss=0.029910 pred_loss=0.013261 pred_uniform=0.013515 rep=0.017567 barlow=0.004078 barlow_diag=0.9865 barlow_offdiag=0.2017 sigreg_obj=0.812797 memory_barlow=0.000000 target_std=0.9620 pred_std=0.9614 decoded_loss=0.003038 decoded_dynamic=0.003806 presence_loss=0.046882 memory_norm=7.976118
epoch=5 step=14670 total_loss=0.032130 pred_loss=0.016381 pred_uniform=0.016761 rep=0.021168 barlow=0.003423 barlow_diag=0.9861 barlow_offdiag=0.1837 sigreg_obj=0.579848 memory_barlow=0.000000 target_std=0.9715 pred_std=0.9723 decoded_loss=0.003401 decoded_dynamic=0.004315 presence_loss=0.055592 memory_norm=7.474856
epoch=5 step=14680 total_loss=0.028810 pred_loss=0.014132 pred_uniform=0.014543 rep=0.022837 barlow=0.003420 barlow_diag=0.9843 barlow_offdiag=0.1819 sigreg_obj=0.563863 memory_barlow=0.000000 target_std=0.9663 pred_std=0.9669 decoded_loss=0.003171 decoded_dynamic=0.004752 presence_loss=0.050654 memory_norm=7.801037
epoch=5 step=14690 total_loss=0.036083 pred_loss=0.017836 pred_uniform=0.018620 rep=0.023685 barlow=0.003339 barlow_diag=0.9821 barlow_offdiag=0.1772 sigreg_obj=0.772305 memory_barlow=0.000000 target_std=0.9691 pred_std=0.9694 decoded_loss=0.003094 decoded_dynamic=0.005205 presence_loss=0.050599 memory_norm=9.149738
epoch=5 step=14700 total_loss=0.026967 pred_loss=0.011287 pred_uniform=0.011399 rep=0.017114 barlow=0.003240 barlow_diag=0.9858 barlow_offdiag=0.1782 sigreg_obj=0.773765 memory_barlow=0.000000 target_std=0.9626 pred_std=0.9622 decoded_loss=0.003056 decoded_dynamic=0.003722 presence_loss=0.041175 memory_norm=6.472443
epoch=5 step=14710 total_loss=0.055646 pred_loss=0.031099 pred_uniform=0.031907 rep=0.039135 barlow=0.003351 barlow_diag=0.9855 barlow_offdiag=0.1811 sigreg_obj=0.528705 memory_barlow=0.000000 target_std=0.9758 pred_std=0.9749 decoded_loss=0.003286 decoded_dynamic=0.005464 presence_loss=0.132830 memory_norm=7.396206
epoch=5 step=14720 total_loss=0.035968 pred_loss=0.019567 pred_uniform=0.020153 rep=0.025244 barlow=0.003348 barlow_diag=0.9837 barlow_offdiag=0.1793 sigreg_obj=0.497676 memory_barlow=0.000000 target_std=0.9732 pred_std=0.9727 decoded_loss=0.002903 decoded_dynamic=0.004654 presence_loss=0.047982 memory_norm=6.760753
epoch=5 step=14730 total_loss=0.037947 pred_loss=0.018514 pred_uniform=0.018658 rep=0.023793 barlow=0.003492 barlow_diag=0.9848 barlow_offdiag=0.1845 sigreg_obj=0.644508 memory_barlow=0.000000 target_std=0.9627 pred_std=0.9622 decoded_loss=0.003382 decoded_dynamic=0.005202 presence_loss=0.130392 memory_norm=6.543674
epoch=5 step=14740 total_loss=0.039092 pred_loss=0.020319 pred_uniform=0.020835 rep=0.027421 barlow=0.003506 barlow_diag=0.9841 barlow_offdiag=0.1842 sigreg_obj=0.663491 memory_barlow=0.000000 target_std=0.9754 pred_std=0.9755 decoded_loss=0.004039 decoded_dynamic=0.005935 presence_loss=0.069719 memory_norm=8.121508
saved_recovery_checkpoint epoch=5 step=14750 successful_updates=14750
epoch=5 step=14750 total_loss=0.033708 pred_loss=0.016051 pred_uniform=0.016232 rep=0.023295 barlow=0.003396 barlow_diag=0.9849 barlow_offdiag=0.1818 sigreg_obj=0.697221 memory_barlow=0.000000 target_std=0.9637 pred_std=0.9630 decoded_loss=0.003573 decoded_dynamic=0.004928 presence_loss=0.053665 memory_norm=7.580886
epoch=5 step=14760 total_loss=0.030327 pred_loss=0.015113 pred_uniform=0.015287 rep=0.021171 barlow=0.003669 barlow_diag=0.9840 barlow_offdiag=0.1886 sigreg_obj=0.532316 memory_barlow=0.000000 target_std=0.9704 pred_std=0.9696 decoded_loss=0.003257 decoded_dynamic=0.004024 presence_loss=0.035011 memory_norm=5.915459
epoch=5 step=14770 total_loss=0.026287 pred_loss=0.010011 pred_uniform=0.010083 rep=0.015059 barlow=0.003418 barlow_diag=0.9860 barlow_offdiag=0.1834 sigreg_obj=0.899425 memory_barlow=0.000000 target_std=0.9549 pred_std=0.9547 decoded_loss=0.002379 decoded_dynamic=0.003531 presence_loss=0.030790 memory_norm=6.811722
epoch=5 step=14780 total_loss=0.026166 pred_loss=0.012674 pred_uniform=0.013021 rep=0.017685 barlow=0.003805 barlow_diag=0.9864 barlow_offdiag=0.1944 sigreg_obj=0.556484 memory_barlow=0.000000 target_std=0.9682 pred_std=0.9675 decoded_loss=0.003486 decoded_dynamic=0.005392 presence_loss=0.041562 memory_norm=6.988289
epoch=5 step=14790 total_loss=0.029346 pred_loss=0.013548 pred_uniform=0.014033 rep=0.018006 barlow=0.003655 barlow_diag=0.9861 barlow_offdiag=0.1902 sigreg_obj=0.800962 memory_barlow=0.000000 target_std=0.9614 pred_std=0.9611 decoded_loss=0.002725 decoded_dynamic=0.003604 presence_loss=0.037275 memory_norm=6.322963
epoch=5 step=14800 total_loss=0.027691 pred_loss=0.013129 pred_uniform=0.013335 rep=0.017373 barlow=0.003466 barlow_diag=0.9841 barlow_offdiag=0.1832 sigreg_obj=0.665641 memory_barlow=0.000000 target_std=0.9639 pred_std=0.9636 decoded_loss=0.004376 decoded_dynamic=0.004605 presence_loss=0.035481 memory_norm=7.544403
epoch=5 step=14810 total_loss=0.029961 pred_loss=0.012556 pred_uniform=0.012671 rep=0.017264 barlow=0.003633 barlow_diag=0.9825 barlow_offdiag=0.1861 sigreg_obj=0.885345 memory_barlow=0.000000 target_std=0.9525 pred_std=0.9525 decoded_loss=0.003052 decoded_dynamic=0.004223 presence_loss=0.030228 memory_norm=6.963449
epoch=5 step=14820 total_loss=0.033428 pred_loss=0.016293 pred_uniform=0.016502 rep=0.020816 barlow=0.003412 barlow_diag=0.9844 barlow_offdiag=0.1819 sigreg_obj=0.657324 memory_barlow=0.000000 target_std=0.9639 pred_std=0.9635 decoded_loss=0.003293 decoded_dynamic=0.003971 presence_loss=0.063786 memory_norm=7.509353
epoch=5 step=14830 total_loss=0.047239 pred_loss=0.025005 pred_uniform=0.025712 rep=0.030694 barlow=0.003188 barlow_diag=0.9853 barlow_offdiag=0.1762 sigreg_obj=0.805810 memory_barlow=0.000000 target_std=0.9659 pred_std=0.9664 decoded_loss=0.003708 decoded_dynamic=0.005765 presence_loss=0.068941 memory_norm=9.397435
epoch=5 step=14840 total_loss=0.032965 pred_loss=0.015886 pred_uniform=0.016231 rep=0.020371 barlow=0.003773 barlow_diag=0.9845 barlow_offdiag=0.1920 sigreg_obj=0.732148 memory_barlow=0.000000 target_std=0.9592 pred_std=0.9584 decoded_loss=0.003217 decoded_dynamic=0.004327 presence_loss=0.052685 memory_norm=7.964404
epoch=5 step=14850 total_loss=0.027699 pred_loss=0.012949 pred_uniform=0.013240 rep=0.018456 barlow=0.003449 barlow_diag=0.9836 barlow_offdiag=0.1821 sigreg_obj=0.675365 memory_barlow=0.000000 target_std=0.9612 pred_std=0.9601 decoded_loss=0.003116 decoded_dynamic=0.004525 presence_loss=0.039721 memory_norm=6.699116
epoch=5 step=14860 total_loss=0.026949 pred_loss=0.013561 pred_uniform=0.014034 rep=0.017926 barlow=0.003360 barlow_diag=0.9853 barlow_offdiag=0.1812 sigreg_obj=0.556131 memory_barlow=0.000000 target_std=0.9710 pred_std=0.9707 decoded_loss=0.002774 decoded_dynamic=0.004122 presence_loss=0.047170 memory_norm=7.840363
epoch=5 step=14870 total_loss=0.024789 pred_loss=0.011592 pred_uniform=0.011846 rep=0.016475 barlow=0.003222 barlow_diag=0.9864 barlow_offdiag=0.1781 sigreg_obj=0.601257 memory_barlow=0.000000 target_std=0.9728 pred_std=0.9731 decoded_loss=0.002750 decoded_dynamic=0.003975 presence_loss=0.034734 memory_norm=7.261789
epoch=5 step=14880 total_loss=0.030868 pred_loss=0.015084 pred_uniform=0.015317 rep=0.019125 barlow=0.003176 barlow_diag=0.9862 barlow_offdiag=0.1766 sigreg_obj=0.603751 memory_barlow=0.000000 target_std=0.9728 pred_std=0.9727 decoded_loss=0.002555 decoded_dynamic=0.003930 presence_loss=0.043160 memory_norm=8.203396
epoch=5 step=14890 total_loss=0.050300 pred_loss=0.026739 pred_uniform=0.027264 rep=0.030816 barlow=0.003483 barlow_diag=0.9839 barlow_offdiag=0.1834 sigreg_obj=0.662719 memory_barlow=0.000000 target_std=0.9668 pred_std=0.9652 decoded_loss=0.004935 decoded_dynamic=0.006218 presence_loss=0.099175 memory_norm=7.072299
epoch=5 step=14900 total_loss=0.032065 pred_loss=0.015975 pred_uniform=0.016420 rep=0.021207 barlow=0.003559 barlow_diag=0.9854 barlow_offdiag=0.1870 sigreg_obj=0.669149 memory_barlow=0.000000 target_std=0.9643 pred_std=0.9650 decoded_loss=0.003773 decoded_dynamic=0.004831 presence_loss=0.051576 memory_norm=6.931502
epoch=5 step=14910 total_loss=0.035620 pred_loss=0.017219 pred_uniform=0.017788 rep=0.022077 barlow=0.003327 barlow_diag=0.9879 barlow_offdiag=0.1823 sigreg_obj=0.862624 memory_barlow=0.000000 target_std=0.9807 pred_std=0.9800 decoded_loss=0.003152 decoded_dynamic=0.005174 presence_loss=0.042807 memory_norm=9.870821
epoch=5 step=14920 total_loss=0.026806 pred_loss=0.013066 pred_uniform=0.013427 rep=0.018445 barlow=0.003348 barlow_diag=0.9858 barlow_offdiag=0.1813 sigreg_obj=0.617824 memory_barlow=0.000000 target_std=0.9771 pred_std=0.9774 decoded_loss=0.003318 decoded_dynamic=0.004327 presence_loss=0.025374 memory_norm=7.137208
epoch=5 step=14930 total_loss=0.037027 pred_loss=0.019015 pred_uniform=0.019526 rep=0.022346 barlow=0.003525 barlow_diag=0.9853 barlow_offdiag=0.1859 sigreg_obj=0.719824 memory_barlow=0.000000 target_std=0.9654 pred_std=0.9660 decoded_loss=0.003167 decoded_dynamic=0.004620 presence_loss=0.043758 memory_norm=7.274223
epoch=5 step=14940 total_loss=0.032560 pred_loss=0.017085 pred_uniform=0.017544 rep=0.019627 barlow=0.003483 barlow_diag=0.9864 barlow_offdiag=0.1856 sigreg_obj=0.588366 memory_barlow=0.000000 target_std=0.9740 pred_std=0.9745 decoded_loss=0.003152 decoded_dynamic=0.005426 presence_loss=0.039782 memory_norm=7.408204
epoch=5 step=14950 total_loss=0.053480 pred_loss=0.030290 pred_uniform=0.031112 rep=0.032912 barlow=0.003239 barlow_diag=0.9846 barlow_offdiag=0.1770 sigreg_obj=0.606393 memory_barlow=0.000000 target_std=0.9645 pred_std=0.9633 decoded_loss=0.004174 decoded_dynamic=0.006774 presence_loss=0.131026 memory_norm=8.146223
epoch=5 step=14960 total_loss=0.027492 pred_loss=0.012738 pred_uniform=0.012853 rep=0.018232 barlow=0.003230 barlow_diag=0.9845 barlow_offdiag=0.1767 sigreg_obj=0.608838 memory_barlow=0.000000 target_std=0.9669 pred_std=0.9663 decoded_loss=0.002766 decoded_dynamic=0.004244 presence_loss=0.032368 memory_norm=7.817518
epoch=5 step=14970 total_loss=0.027399 pred_loss=0.013074 pred_uniform=0.013347 rep=0.018631 barlow=0.003372 barlow_diag=0.9856 barlow_offdiag=0.1818 sigreg_obj=0.577355 memory_barlow=0.000000 target_std=0.9697 pred_std=0.9690 decoded_loss=0.003851 decoded_dynamic=0.005724 presence_loss=0.033562 memory_norm=8.047310
epoch=5 step=14980 total_loss=0.025750 pred_loss=0.012502 pred_uniform=0.012744 rep=0.017462 barlow=0.003258 barlow_diag=0.9853 barlow_offdiag=0.1782 sigreg_obj=0.540046 memory_barlow=0.000000 target_std=0.9749 pred_std=0.9748 decoded_loss=0.002978 decoded_dynamic=0.004412 presence_loss=0.037415 memory_norm=6.988968
epoch=5 step=14990 total_loss=0.027577 pred_loss=0.013321 pred_uniform=0.013649 rep=0.017002 barlow=0.003677 barlow_diag=0.9874 barlow_offdiag=0.1917 sigreg_obj=0.609052 memory_barlow=0.000000 target_std=0.9627 pred_std=0.9624 decoded_loss=0.003100 decoded_dynamic=0.004360 presence_loss=0.044554 memory_norm=6.936449
saved_recovery_checkpoint epoch=5 step=15000 successful_updates=15000
epoch=5 step=15000 total_loss=0.024250 pred_loss=0.009269 pred_uniform=0.009503 rep=0.016087 barlow=0.003883 barlow_diag=0.9861 barlow_offdiag=0.1963 sigreg_obj=0.886637 memory_barlow=0.000000 target_std=0.9543 pred_std=0.9541 decoded_loss=0.002376 decoded_dynamic=0.003021 presence_loss=0.018392 memory_norm=5.691183
epoch=5 step=15010 total_loss=0.034131 pred_loss=0.016360 pred_uniform=0.016619 rep=0.026063 barlow=0.003365 barlow_diag=0.9832 barlow_offdiag=0.1793 sigreg_obj=0.679313 memory_barlow=0.000000 target_std=0.9693 pred_std=0.9686 decoded_loss=0.002614 decoded_dynamic=0.004233 presence_loss=0.056627 memory_norm=8.412079
epoch=5 step=15020 total_loss=0.022621 pred_loss=0.008006 pred_uniform=0.008061 rep=0.014113 barlow=0.003560 barlow_diag=0.9855 barlow_offdiag=0.1870 sigreg_obj=0.872650 memory_barlow=0.000000 target_std=0.9581 pred_std=0.9580 decoded_loss=0.002039 decoded_dynamic=0.002867 presence_loss=0.023868 memory_norm=7.470355
epoch=5 step=15030 total_loss=0.033963 pred_loss=0.017205 pred_uniform=0.017779 rep=0.025317 barlow=0.003603 barlow_diag=0.9856 barlow_offdiag=0.1884 sigreg_obj=0.659251 memory_barlow=0.000000 target_std=0.9635 pred_std=0.9612 decoded_loss=0.004515 decoded_dynamic=0.005029 presence_loss=0.049488 memory_norm=7.345586
epoch=5 step=15040 total_loss=0.036513 pred_loss=0.017406 pred_uniform=0.017520 rep=0.021768 barlow=0.003196 barlow_diag=0.9833 barlow_offdiag=0.1744 sigreg_obj=0.593553 memory_barlow=0.000000 target_std=0.9707 pred_std=0.9694 decoded_loss=0.002566 decoded_dynamic=0.004237 presence_loss=0.062295 memory_norm=7.745037
epoch=5 step=15050 total_loss=0.034240 pred_loss=0.018801 pred_uniform=0.019524 rep=0.026229 barlow=0.003043 barlow_diag=0.9838 barlow_offdiag=0.1703 sigreg_obj=0.528384 memory_barlow=0.000000 target_std=0.9757 pred_std=0.9763 decoded_loss=0.003814 decoded_dynamic=0.006080 presence_loss=0.042933 memory_norm=8.086182
epoch=5 step=15060 total_loss=0.025642 pred_loss=0.011193 pred_uniform=0.011271 rep=0.016086 barlow=0.003793 barlow_diag=0.9861 barlow_offdiag=0.1939 sigreg_obj=0.638620 memory_barlow=0.000000 target_std=0.9646 pred_std=0.9642 decoded_loss=0.003083 decoded_dynamic=0.003381 presence_loss=0.034866 memory_norm=6.212108
epoch=5 step=15070 total_loss=0.034335 pred_loss=0.017528 pred_uniform=0.018106 rep=0.022462 barlow=0.003271 barlow_diag=0.9841 barlow_offdiag=0.1774 sigreg_obj=0.687634 memory_barlow=0.000000 target_std=0.9687 pred_std=0.9694 decoded_loss=0.002817 decoded_dynamic=0.004506 presence_loss=0.061712 memory_norm=7.543155
epoch=5 step=15080 total_loss=0.034398 pred_loss=0.016489 pred_uniform=0.016851 rep=0.021647 barlow=0.003526 barlow_diag=0.9852 barlow_offdiag=0.1859 sigreg_obj=0.701189 memory_barlow=0.000000 target_std=0.9586 pred_std=0.9581 decoded_loss=0.003807 decoded_dynamic=0.004696 presence_loss=0.058064 memory_norm=7.702182
epoch=5 step=15090 total_loss=0.033156 pred_loss=0.017440 pred_uniform=0.017913 rep=0.023590 barlow=0.003274 barlow_diag=0.9856 barlow_offdiag=0.1790 sigreg_obj=0.555160 memory_barlow=0.000000 target_std=0.9748 pred_std=0.9749 decoded_loss=0.002997 decoded_dynamic=0.004773 presence_loss=0.044658 memory_norm=7.456614
epoch=5 step=15100 total_loss=0.041223 pred_loss=0.020903 pred_uniform=0.021367 rep=0.031134 barlow=0.003253 barlow_diag=0.9842 barlow_offdiag=0.1769 sigreg_obj=0.639184 memory_barlow=0.000000 target_std=0.9734 pred_std=0.9731 decoded_loss=0.003879 decoded_dynamic=0.005872 presence_loss=0.054179 memory_norm=8.515165
epoch=5 step=15110 total_loss=0.036421 pred_loss=0.017900 pred_uniform=0.018174 rep=0.022551 barlow=0.003468 barlow_diag=0.9840 barlow_offdiag=0.1831 sigreg_obj=0.733641 memory_barlow=0.000000 target_std=0.9659 pred_std=0.9656 decoded_loss=0.003205 decoded_dynamic=0.004859 presence_loss=0.047198 memory_norm=8.709185
epoch=5 step=15120 total_loss=0.026646 pred_loss=0.011484 pred_uniform=0.011591 rep=0.016881 barlow=0.003455 barlow_diag=0.9856 barlow_offdiag=0.1841 sigreg_obj=0.735771 memory_barlow=0.000000 target_std=0.9571 pred_std=0.9567 decoded_loss=0.002216 decoded_dynamic=0.003395 presence_loss=0.032406 memory_norm=6.906980
epoch=5 step=15130 total_loss=0.031475 pred_loss=0.014770 pred_uniform=0.014854 rep=0.018984 barlow=0.003855 barlow_diag=0.9833 barlow_offdiag=0.1932 sigreg_obj=0.640010 memory_barlow=0.000000 target_std=0.9619 pred_std=0.9621 decoded_loss=0.004633 decoded_dynamic=0.005309 presence_loss=0.048872 memory_norm=7.088474
epoch=5 step=15140 total_loss=0.028855 pred_loss=0.014235 pred_uniform=0.014447 rep=0.017630 barlow=0.003846 barlow_diag=0.9841 barlow_offdiag=0.1937 sigreg_obj=0.546036 memory_barlow=0.000000 target_std=0.9627 pred_std=0.9614 decoded_loss=0.002672 decoded_dynamic=0.004045 presence_loss=0.035406 memory_norm=7.088232
epoch=5 step=15150 total_loss=0.036452 pred_loss=0.018618 pred_uniform=0.019008 rep=0.023532 barlow=0.003322 barlow_diag=0.9844 barlow_offdiag=0.1793 sigreg_obj=0.535592 memory_barlow=0.000000 target_std=0.9728 pred_std=0.9721 decoded_loss=0.003971 decoded_dynamic=0.004856 presence_loss=0.074733 memory_norm=7.714181
epoch=5 step=15160 total_loss=0.034772 pred_loss=0.017605 pred_uniform=0.018050 rep=0.021498 barlow=0.003204 barlow_diag=0.9855 barlow_offdiag=0.1769 sigreg_obj=0.727642 memory_barlow=0.000000 target_std=0.9677 pred_std=0.9676 decoded_loss=0.002939 decoded_dynamic=0.004847 presence_loss=0.052405 memory_norm=7.996046
epoch=5 step=15170 total_loss=0.031431 pred_loss=0.013268 pred_uniform=0.013488 rep=0.017136 barlow=0.003423 barlow_diag=0.9853 barlow_offdiag=0.1831 sigreg_obj=0.929962 memory_barlow=0.000000 target_std=0.9527 pred_std=0.9529 decoded_loss=0.002966 decoded_dynamic=0.003810 presence_loss=0.028682 memory_norm=6.848819
epoch=5 step=15180 total_loss=0.032353 pred_loss=0.016878 pred_uniform=0.017485 rep=0.021953 barlow=0.003566 barlow_diag=0.9857 barlow_offdiag=0.1875 sigreg_obj=0.558076 memory_barlow=0.000000 target_std=0.9666 pred_std=0.9662 decoded_loss=0.002875 decoded_dynamic=0.004726 presence_loss=0.071969 memory_norm=7.565960
epoch=5 step=15190 total_loss=0.024647 pred_loss=0.011894 pred_uniform=0.012227 rep=0.016810 barlow=0.003236 barlow_diag=0.9859 barlow_offdiag=0.1781 sigreg_obj=0.557813 memory_barlow=0.000000 target_std=0.9721 pred_std=0.9725 decoded_loss=0.002586 decoded_dynamic=0.004287 presence_loss=0.033094 memory_norm=7.419930
epoch=5 step=15200 total_loss=0.032730 pred_loss=0.016549 pred_uniform=0.016995 rep=0.019680 barlow=0.003248 barlow_diag=0.9864 barlow_offdiag=0.1789 sigreg_obj=0.599359 memory_barlow=0.000000 target_std=0.9671 pred_std=0.9660 decoded_loss=0.003255 decoded_dynamic=0.004788 presence_loss=0.088335 memory_norm=7.942036
epoch=5 step=15210 total_loss=0.028743 pred_loss=0.013721 pred_uniform=0.014032 rep=0.017845 barlow=0.003345 barlow_diag=0.9847 barlow_offdiag=0.1802 sigreg_obj=0.627241 memory_barlow=0.000000 target_std=0.9688 pred_std=0.9684 decoded_loss=0.002593 decoded_dynamic=0.003656 presence_loss=0.031173 memory_norm=7.190495
epoch=5 step=15220 total_loss=0.029172 pred_loss=0.013891 pred_uniform=0.014233 rep=0.020096 barlow=0.003499 barlow_diag=0.9874 barlow_offdiag=0.1869 sigreg_obj=0.671570 memory_barlow=0.000000 target_std=0.9685 pred_std=0.9686 decoded_loss=0.002945 decoded_dynamic=0.004332 presence_loss=0.032743 memory_norm=8.184284
epoch=5 step=15230 total_loss=0.034312 pred_loss=0.017761 pred_uniform=0.018085 rep=0.022678 barlow=0.003264 barlow_diag=0.9864 barlow_offdiag=0.1794 sigreg_obj=0.580013 memory_barlow=0.000000 target_std=0.9722 pred_std=0.9719 decoded_loss=0.002892 decoded_dynamic=0.004450 presence_loss=0.040598 memory_norm=8.094192
epoch=5 step=15240 total_loss=0.027058 pred_loss=0.011774 pred_uniform=0.012070 rep=0.015700 barlow=0.003332 barlow_diag=0.9864 barlow_offdiag=0.1813 sigreg_obj=0.806826 memory_barlow=0.000000 target_std=0.9608 pred_std=0.9601 decoded_loss=0.003326 decoded_dynamic=0.003738 presence_loss=0.018571 memory_norm=6.868469
saved_recovery_checkpoint epoch=5 step=15250 successful_updates=15250
epoch=5 step=15250 total_loss=0.027011 pred_loss=0.012893 pred_uniform=0.013318 rep=0.017752 barlow=0.003270 barlow_diag=0.9870 barlow_offdiag=0.1801 sigreg_obj=0.645855 memory_barlow=0.000000 target_std=0.9690 pred_std=0.9690 decoded_loss=0.003480 decoded_dynamic=0.004610 presence_loss=0.037650 memory_norm=8.066885
epoch=5 step=15260 total_loss=0.027699 pred_loss=0.012410 pred_uniform=0.012799 rep=0.017180 barlow=0.003322 barlow_diag=0.9870 barlow_offdiag=0.1815 sigreg_obj=0.794648 memory_barlow=0.000000 target_std=0.9756 pred_std=0.9751 decoded_loss=0.002581 decoded_dynamic=0.003940 presence_loss=0.030584 memory_norm=8.418936
epoch=5 step=15270 total_loss=0.037233 pred_loss=0.018514 pred_uniform=0.018777 rep=0.025229 barlow=0.003437 barlow_diag=0.9823 barlow_offdiag=0.1806 sigreg_obj=0.728800 memory_barlow=0.000000 target_std=0.9572 pred_std=0.9565 decoded_loss=0.002684 decoded_dynamic=0.003896 presence_loss=0.053385 memory_norm=7.173135
epoch=5 step=15280 total_loss=0.026470 pred_loss=0.012557 pred_uniform=0.012703 rep=0.018913 barlow=0.003423 barlow_diag=0.9867 barlow_offdiag=0.1841 sigreg_obj=0.562144 memory_barlow=0.000000 target_std=0.9698 pred_std=0.9690 decoded_loss=0.002423 decoded_dynamic=0.003728 presence_loss=0.027074 memory_norm=6.319618
epoch=5 step=15290 total_loss=0.032662 pred_loss=0.016177 pred_uniform=0.016521 rep=0.020808 barlow=0.003379 barlow_diag=0.9846 barlow_offdiag=0.1812 sigreg_obj=0.641597 memory_barlow=0.000000 target_std=0.9617 pred_std=0.9600 decoded_loss=0.003447 decoded_dynamic=0.004563 presence_loss=0.033770 memory_norm=6.514751
epoch=5 step=15300 total_loss=0.053259 pred_loss=0.029910 pred_uniform=0.030685 rep=0.033717 barlow=0.003330 barlow_diag=0.9848 barlow_offdiag=0.1799 sigreg_obj=0.650576 memory_barlow=0.000000 target_std=0.9747 pred_std=0.9756 decoded_loss=0.004371 decoded_dynamic=0.005830 presence_loss=0.086307 memory_norm=8.272778
epoch=5 step=15310 total_loss=0.046445 pred_loss=0.026511 pred_uniform=0.027495 rep=0.031136 barlow=0.003274 barlow_diag=0.9855 barlow_offdiag=0.1788 sigreg_obj=0.556877 memory_barlow=0.000000 target_std=0.9732 pred_std=0.9726 decoded_loss=0.004527 decoded_dynamic=0.007180 presence_loss=0.125090 memory_norm=8.454462
epoch=5 step=15320 total_loss=0.032796 pred_loss=0.012441 pred_uniform=0.012663 rep=0.021468 barlow=0.004040 barlow_diag=0.9867 barlow_offdiag=0.2009 sigreg_obj=1.173707 memory_barlow=0.000000 target_std=0.9386 pred_std=0.9374 decoded_loss=0.002941 decoded_dynamic=0.003889 presence_loss=0.027793 memory_norm=7.606420
epoch=5 step=15330 total_loss=0.040235 pred_loss=0.019623 pred_uniform=0.019927 rep=0.030337 barlow=0.003774 barlow_diag=0.9847 barlow_offdiag=0.1922 sigreg_obj=0.777136 memory_barlow=0.000000 target_std=0.9644 pred_std=0.9624 decoded_loss=0.002854 decoded_dynamic=0.004673 presence_loss=0.057800 memory_norm=7.483837
epoch=5 step=15340 total_loss=0.037841 pred_loss=0.020551 pred_uniform=0.021129 rep=0.027710 barlow=0.003283 barlow_diag=0.9858 barlow_offdiag=0.1793 sigreg_obj=0.544523 memory_barlow=0.000000 target_std=0.9758 pred_std=0.9752 decoded_loss=0.003285 decoded_dynamic=0.005421 presence_loss=0.055809 memory_norm=7.266838
epoch=5 step=15350 total_loss=0.034605 pred_loss=0.017938 pred_uniform=0.018481 rep=0.024590 barlow=0.003316 barlow_diag=0.9837 barlow_offdiag=0.1784 sigreg_obj=0.626217 memory_barlow=0.000000 target_std=0.9665 pred_std=0.9671 decoded_loss=0.004251 decoded_dynamic=0.005602 presence_loss=0.052640 memory_norm=7.379066
epoch=5 step=15360 total_loss=0.035666 pred_loss=0.017105 pred_uniform=0.017337 rep=0.022351 barlow=0.003227 barlow_diag=0.9857 barlow_offdiag=0.1777 sigreg_obj=0.608157 memory_barlow=0.000000 target_std=0.9719 pred_std=0.9712 decoded_loss=0.004273 decoded_dynamic=0.005193 presence_loss=0.078165 memory_norm=8.283493
epoch=5 step=15370 total_loss=0.029427 pred_loss=0.013534 pred_uniform=0.013718 rep=0.018517 barlow=0.003379 barlow_diag=0.9867 barlow_offdiag=0.1829 sigreg_obj=0.653420 memory_barlow=0.000000 target_std=0.9656 pred_std=0.9658 decoded_loss=0.002650 decoded_dynamic=0.004334 presence_loss=0.029127 memory_norm=6.914040
epoch=5 step=15380 total_loss=0.029059 pred_loss=0.012177 pred_uniform=0.012508 rep=0.017246 barlow=0.003302 barlow_diag=0.9852 barlow_offdiag=0.1794 sigreg_obj=0.968544 memory_barlow=0.000000 target_std=0.9522 pred_std=0.9517 decoded_loss=0.002568 decoded_dynamic=0.003882 presence_loss=0.029140 memory_norm=8.234186
epoch=5 step=15390 total_loss=0.031072 pred_loss=0.015261 pred_uniform=0.015477 rep=0.021398 barlow=0.003972 barlow_diag=0.9819 barlow_offdiag=0.1948 sigreg_obj=0.581221 memory_barlow=0.000000 target_std=0.9624 pred_std=0.9626 decoded_loss=0.003014 decoded_dynamic=0.004001 presence_loss=0.042945 memory_norm=6.319869
epoch=5 step=15400 total_loss=0.031156 pred_loss=0.015154 pred_uniform=0.015463 rep=0.021745 barlow=0.003384 barlow_diag=0.9855 barlow_offdiag=0.1820 sigreg_obj=0.680290 memory_barlow=0.000000 target_std=0.9667 pred_std=0.9663 decoded_loss=0.003173 decoded_dynamic=0.004163 presence_loss=0.034506 memory_norm=7.712612
epoch=5 step=15410 total_loss=0.031648 pred_loss=0.016043 pred_uniform=0.016503 rep=0.021114 barlow=0.003491 barlow_diag=0.9858 barlow_offdiag=0.1853 sigreg_obj=0.647126 memory_barlow=0.000000 target_std=0.9722 pred_std=0.9717 decoded_loss=0.003183 decoded_dynamic=0.005011 presence_loss=0.034680 memory_norm=8.844691
epoch=5 step=15420 total_loss=0.032184 pred_loss=0.015296 pred_uniform=0.015752 rep=0.019730 barlow=0.003641 barlow_diag=0.9853 barlow_offdiag=0.1891 sigreg_obj=0.789405 memory_barlow=0.000000 target_std=0.9612 pred_std=0.9605 decoded_loss=0.003399 decoded_dynamic=0.004237 presence_loss=0.039638 memory_norm=7.836417
epoch=5 step=15430 total_loss=0.029775 pred_loss=0.014149 pred_uniform=0.014513 rep=0.021758 barlow=0.003231 barlow_diag=0.9856 barlow_offdiag=0.1777 sigreg_obj=0.658299 memory_barlow=0.000000 target_std=0.9687 pred_std=0.9684 decoded_loss=0.003029 decoded_dynamic=0.004655 presence_loss=0.041972 memory_norm=6.826416
epoch=5 step=15440 total_loss=0.029259 pred_loss=0.013332 pred_uniform=0.013651 rep=0.018860 barlow=0.003659 barlow_diag=0.9854 barlow_offdiag=0.1898 sigreg_obj=0.757807 memory_barlow=0.000000 target_std=0.9593 pred_std=0.9593 decoded_loss=0.003356 decoded_dynamic=0.003976 presence_loss=0.064651 memory_norm=8.075912
epoch=5 step=15450 total_loss=0.035490 pred_loss=0.018711 pred_uniform=0.019168 rep=0.023420 barlow=0.003658 barlow_diag=0.9848 barlow_offdiag=0.1890 sigreg_obj=0.580295 memory_barlow=0.000000 target_std=0.9720 pred_std=0.9715 decoded_loss=0.002734 decoded_dynamic=0.004213 presence_loss=0.043391 memory_norm=6.899435
epoch=5 step=15460 total_loss=0.022660 pred_loss=0.009478 pred_uniform=0.009543 rep=0.014290 barlow=0.003972 barlow_diag=0.9846 barlow_offdiag=0.1974 sigreg_obj=0.633676 memory_barlow=0.000000 target_std=0.9636 pred_std=0.9637 decoded_loss=0.002142 decoded_dynamic=0.003409 presence_loss=0.029324 memory_norm=6.935597
epoch=5 step=15470 total_loss=0.027693 pred_loss=0.010921 pred_uniform=0.011105 rep=0.014782 barlow=0.004289 barlow_diag=0.9846 barlow_offdiag=0.2056 sigreg_obj=0.986695 memory_barlow=0.000000 target_std=0.9431 pred_std=0.9430 decoded_loss=0.002972 decoded_dynamic=0.003264 presence_loss=0.027203 memory_norm=7.407913
epoch=5 step=15480 total_loss=0.033768 pred_loss=0.017913 pred_uniform=0.018440 rep=0.024079 barlow=0.003346 barlow_diag=0.9849 barlow_offdiag=0.1805 sigreg_obj=0.520149 memory_barlow=0.000000 target_std=0.9733 pred_std=0.9731 decoded_loss=0.003481 decoded_dynamic=0.005375 presence_loss=0.090468 memory_norm=7.093523
epoch=5 step=15490 total_loss=0.041303 pred_loss=0.020762 pred_uniform=0.021276 rep=0.025650 barlow=0.003510 barlow_diag=0.9841 barlow_offdiag=0.1845 sigreg_obj=0.770340 memory_barlow=0.000000 target_std=0.9598 pred_std=0.9599 decoded_loss=0.003998 decoded_dynamic=0.005281 presence_loss=0.061169 memory_norm=7.771833
saved_recovery_checkpoint epoch=5 step=15500 successful_updates=15500
epoch=5 step=15500 total_loss=0.031367 pred_loss=0.015586 pred_uniform=0.015907 rep=0.020050 barlow=0.003490 barlow_diag=0.9846 barlow_offdiag=0.1843 sigreg_obj=0.641913 memory_barlow=0.000000 target_std=0.9705 pred_std=0.9707 decoded_loss=0.003046 decoded_dynamic=0.004739 presence_loss=0.043256 memory_norm=7.403682
epoch=5 step=15510 total_loss=0.047945 pred_loss=0.025725 pred_uniform=0.026289 rep=0.028845 barlow=0.003306 barlow_diag=0.9855 barlow_offdiag=0.1798 sigreg_obj=0.724581 memory_barlow=0.000000 target_std=0.9616 pred_std=0.9614 decoded_loss=0.005393 decoded_dynamic=0.005411 presence_loss=0.063606 memory_norm=8.291167
epoch=5 step=15520 total_loss=0.032427 pred_loss=0.014972 pred_uniform=0.015329 rep=0.020344 barlow=0.003395 barlow_diag=0.9850 barlow_offdiag=0.1819 sigreg_obj=0.819302 memory_barlow=0.000000 target_std=0.9603 pred_std=0.9602 decoded_loss=0.003166 decoded_dynamic=0.004739 presence_loss=0.047920 memory_norm=8.580767
epoch=5 step=15530 total_loss=0.036535 pred_loss=0.016729 pred_uniform=0.017071 rep=0.021877 barlow=0.003502 barlow_diag=0.9817 barlow_offdiag=0.1817 sigreg_obj=0.971834 memory_barlow=0.000000 target_std=0.9534 pred_std=0.9522 decoded_loss=0.004095 decoded_dynamic=0.004441 presence_loss=0.033009 memory_norm=7.479517
epoch=5 step=15540 total_loss=0.026136 pred_loss=0.010566 pred_uniform=0.010745 rep=0.014805 barlow=0.003821 barlow_diag=0.9836 barlow_offdiag=0.1924 sigreg_obj=0.870679 memory_barlow=0.000000 target_std=0.9535 pred_std=0.9522 decoded_loss=0.003442 decoded_dynamic=0.003892 presence_loss=0.023195 memory_norm=6.043034
epoch=5 step=15550 total_loss=0.041248 pred_loss=0.023123 pred_uniform=0.023810 rep=0.027937 barlow=0.003395 barlow_diag=0.9825 barlow_offdiag=0.1794 sigreg_obj=0.547180 memory_barlow=0.000000 target_std=0.9776 pred_std=0.9776 decoded_loss=0.003956 decoded_dynamic=0.005963 presence_loss=0.065532 memory_norm=7.538080
epoch=5 step=15560 total_loss=0.029459 pred_loss=0.014921 pred_uniform=0.015212 rep=0.019630 barlow=0.003262 barlow_diag=0.9823 barlow_offdiag=0.1751 sigreg_obj=0.539660 memory_barlow=0.000000 target_std=0.9751 pred_std=0.9745 decoded_loss=0.002943 decoded_dynamic=0.004852 presence_loss=0.044452 memory_norm=7.635387
epoch=5 step=15570 total_loss=0.033662 pred_loss=0.017283 pred_uniform=0.017757 rep=0.021856 barlow=0.003091 barlow_diag=0.9861 barlow_offdiag=0.1739 sigreg_obj=0.650011 memory_barlow=0.000000 target_std=0.9757 pred_std=0.9758 decoded_loss=0.003380 decoded_dynamic=0.004987 presence_loss=0.056838 memory_norm=8.466148
epoch=5 step=15580 total_loss=0.033970 pred_loss=0.018698 pred_uniform=0.019438 rep=0.024784 barlow=0.003220 barlow_diag=0.9856 barlow_offdiag=0.1773 sigreg_obj=0.551300 memory_barlow=0.000000 target_std=0.9666 pred_std=0.9654 decoded_loss=0.005123 decoded_dynamic=0.007130 presence_loss=0.050182 memory_norm=7.206174
epoch=5 step=15590 total_loss=0.030956 pred_loss=0.012446 pred_uniform=0.012552 rep=0.017589 barlow=0.004757 barlow_diag=0.9859 barlow_offdiag=0.2181 sigreg_obj=0.986574 memory_barlow=0.000000 target_std=0.9507 pred_std=0.9499 decoded_loss=0.002825 decoded_dynamic=0.003569 presence_loss=0.040367 memory_norm=7.622945
epoch=5 step=15600 total_loss=0.031018 pred_loss=0.015518 pred_uniform=0.015799 rep=0.021434 barlow=0.003389 barlow_diag=0.9855 barlow_offdiag=0.1822 sigreg_obj=0.615662 memory_barlow=0.000000 target_std=0.9656 pred_std=0.9659 decoded_loss=0.002478 decoded_dynamic=0.003970 presence_loss=0.039453 memory_norm=7.578357
epoch=5 step=15610 total_loss=0.029756 pred_loss=0.014202 pred_uniform=0.014519 rep=0.017697 barlow=0.003727 barlow_diag=0.9836 barlow_offdiag=0.1899 sigreg_obj=0.683396 memory_barlow=0.000000 target_std=0.9601 pred_std=0.9607 decoded_loss=0.004415 decoded_dynamic=0.004233 presence_loss=0.051264 memory_norm=7.222265
epoch=5 step=15620 total_loss=0.027171 pred_loss=0.012366 pred_uniform=0.012655 rep=0.016615 barlow=0.003353 barlow_diag=0.9865 barlow_offdiag=0.1820 sigreg_obj=0.728910 memory_barlow=0.000000 target_std=0.9610 pred_std=0.9610 decoded_loss=0.002887 decoded_dynamic=0.004187 presence_loss=0.031808 memory_norm=7.838498
epoch_summary epoch=5 step=15625 total_loss=0.035231 pred_loss=0.017544 pred_uniform=0.017948 rep=0.023083 barlow=0.003540 barlow_diag=0.9849 barlow_offdiag=0.1857 sigreg_obj=0.692501 memory_barlow=0.000000 target_std=0.9667 pred_std=0.9663 decoded_loss=0.003428 presence_loss=0.052709 memory_norm=7.495608
saved_checkpoint runs/rnn_seqmem_exp34_two_mask_complex_5ep_20260707_100311/checkpoint_epoch_005.pt and runs/rnn_seqmem_exp34_two_mask_complex_5ep_20260707_100311/checkpoint.pt
wandb: WARNING Symlinked 1 file into the W&B run directory; call wandb.save again to sync new files.
wandb: WARNING Symlinked 1 file into the W&B run directory; call wandb.save again to sync new files.
wandb: updating run metadata
wandb: uploading runs/rnn_seqmem_exp34_two_mask_complex_5ep_20260707_100311/config.json; uploading runs/rnn_seqmem_exp34_two_mask_complex_5ep_20260707_100311/checkpoint.pt; uploading output.log; uploading wandb-summary.json; uploading config.yaml
wandb: uploading runs/rnn_seqmem_exp34_two_mask_complex_5ep_20260707_100311/checkpoint.pt; uploading output.log; uploading config.yaml
wandb: uploading runs/rnn_seqmem_exp34_two_mask_complex_5ep_20260707_100311/checkpoint.pt; uploading output.log
wandb: uploading runs/rnn_seqmem_exp34_two_mask_complex_5ep_20260707_100311/checkpoint.pt
wandb: uploading history steps 15612-15624, summary, console lines 1642-1646
wandb: 
wandb: Run history:
wandb:      epoch/active_sigreg_weight ▁▁▁▁▁
wandb:      epoch/decoded_dynamic_loss █▂▁▁▁
wandb:              epoch/decoded_loss █▂▁▁▁
wandb:       epoch/decoded_static_loss █▂▁▁▁
wandb:                     epoch/epoch ▁▃▅▆█
wandb:   epoch/memory_barlow_diag_mean ▁▁▁▁▁
wandb:  epoch/memory_barlow_invariance ▁▁▁▁▁
wandb:        epoch/memory_barlow_loss ▁▁▁▁▁
wandb: epoch/memory_barlow_offdiag_rms ▁▁▁▁▁
wandb:         epoch/memory_barlow_raw ▁▁▁▁▁
wandb:                            +100 ...
wandb: 
wandb: Run summary:
wandb:      epoch/active_sigreg_weight 0.01
wandb:      epoch/decoded_dynamic_loss 0.0049
wandb:              epoch/decoded_loss 0.00343
wandb:       epoch/decoded_static_loss 0.00184
wandb:                     epoch/epoch 5
wandb:   epoch/memory_barlow_diag_mean 0
wandb:  epoch/memory_barlow_invariance 0
wandb:        epoch/memory_barlow_loss 0
wandb: epoch/memory_barlow_offdiag_rms 0
wandb:         epoch/memory_barlow_raw 0
wandb:                            +100 ...
wandb: 
wandb: 🚀 View run exp34-two-mask-complex-5ep at: https://wandb.ai/kialok-nus/SMAC-JEPA-losses/runs/dktl9gmk
wandb: ⭐️ View project at: https://wandb.ai/kialok-nus/SMAC-JEPA-losses
wandb: Synced 5 W&B file(s), 0 media file(s), 0 artifact file(s) and 2 other file(s)
wandb: Find logs at: runs/rnn_seqmem_exp34_two_mask_complex_5ep_20260707_100311/wandb/run-20260707_100345-dktl9gmk/logs
Exp33 Dreamer checkpoint contract: PASS
checkpoint=runs/rnn_seqmem_exp34_two_mask_complex_5ep_20260707_100311/checkpoint.pt
latent_dim=192
memory_dim=322
recurrent_dim=128
entities=19
presence_rollout_mode=soft
