category,category_rank,example_id,horizon,horizon_label,entity,slot_index,faction,structurally_valid,target_present,predicted_presence,observed,target_x,predicted_x,target_y,predicted_y,position_error_l2,target_hp,predicted_hp,hp_abs_error
good_eventful,1,ep00702_t0002_item014452,1,H1,A0,0,ally,True,True,0.9999421834945679,True,-0.13884374499320984,-0.0760498046875,-0.20605838298797607,-0.08135986328125,0.13961662352085114,1.0,1.05859375,0.05859375
good_eventful,1,ep00702_t0002_item014452,1,H1,A1,1,ally,True,True,0.9748690724372864,True,-0.06543508172035217,-0.08929443359375,-0.0838647186756134,-0.06500244140625,0.030414702370762825,0.3333333432674408,0.445068359375,0.1117350161075592
good_eventful,1,ep00702_t0002_item014452,1,H1,A2,2,ally,True,True,0.9984083771705627,True,-0.0408724844455719,-0.0394287109375,-0.10586780309677124,-0.0921630859375,0.013780557550489902,1.0,0.908203125,0.091796875
good_eventful,1,ep00702_t0002_item014452,1,H1,A3,3,ally,True,True,0.9986276626586914,True,-0.01742762327194214,-0.0289154052734375,-0.1527668535709381,-0.06903076171875,0.08452042192220688,1.0,0.88720703125,0.11279296875
good_eventful,1,ep00702_t0002_item014452,1,H1,A4,4,ally,True,True,0.9997468590736389,True,-0.216812402009964,-0.1806640625,0.05574989318847656,0.02825927734375,0.04541405662894249,1.0,1.060546875,0.060546875
good_eventful,1,ep00702_t0002_item014452,1,H1,A5,5,ally,True,True,0.9976310729980469,True,-0.09493759274482727,-0.060211181640625,-0.042687416076660156,0.0243988037109375,0.07554128021001816,0.8666666746139526,0.9169921875,0.05032551288604736
good_eventful,1,ep00702_t0002_item014452,1,H1,A6,6,ally,True,True,0.9998133778572083,True,-0.21759364008903503,-0.2373046875,-0.01768738031387329,-0.05694580078125,0.043928906321525574,1.0,0.994140625,0.005859375
good_eventful,1,ep00702_t0002_item014452,1,H1,A7,7,ally,False,False,0.6806663870811462,False,0.0,0.0030517578125,0.0,0.065185546875,0.06525694578886032,0.0,0.31298828125,0.31298828125
good_eventful,1,ep00702_t0002_item014452,1,H1,A8,8,ally,False,False,0.6806663870811462,False,0.0,0.0030517578125,0.0,0.065185546875,0.06525694578886032,0.0,0.31298828125,0.31298828125
good_eventful,1,ep00702_t0002_item014452,1,H1,E0,9,enemy,True,True,0.9999735355377197,True,0.019898951053619385,-0.0335693359375,0.07245486974716187,0.04376220703125,0.06068052724003792,1.0,0.8564453125,0.1435546875
good_eventful,1,ep00702_t0002_item014452,1,H1,E1,10,enemy,True,True,0.9999313354492188,True,0.004426002502441406,-0.007259368896484375,0.0634337067604065,0.0438232421875,0.022828014567494392,1.0,0.91015625,0.08984375
good_eventful,1,ep00702_t0002_item014452,1,H1,E2,11,enemy,True,True,0.9999985694885254,True,0.02845621109008789,0.0050506591796875,0.04999154806137085,0.0310516357421875,0.030108805745840073,1.0,0.95703125,0.04296875
good_eventful,1,ep00702_t0002_item014452,1,H1,E3,12,enemy,True,True,0.9999974966049194,True,0.07565003633499146,0.031982421875,-0.005776822566986084,-0.037261962890625,0.0538346953690052,1.0,0.96826171875,0.03173828125
good_eventful,1,ep00702_t0002_item014452,1,H1,E4,13,enemy,True,True,0.9999985694885254,True,0.056320011615753174,0.006404876708984375,-0.010610342025756836,-0.047332763671875,0.06196819245815277,1.0,0.95556640625,0.04443359375
good_eventful,1,ep00702_t0002_item014452,1,H1,E5,14,enemy,True,True,0.9999996423721313,True,0.0741376280784607,0.015838623046875,-0.030918776988983154,-0.04656982421875,0.06036331132054329,1.0,1.00390625,0.00390625
good_eventful,1,ep00702_t0002_item014452,1,H1,E6,15,enemy,False,False,0.6806663870811462,False,0.0,-0.00562286376953125,0.0,0.0030517578125,0.006397642195224762,0.0,0.31298828125,0.31298828125
good_eventful,1,ep00702_t0002_item014452,1,H1,E7,16,enemy,False,False,0.6806663870811462,False,0.0,-0.00562286376953125,0.0,0.0030517578125,0.006397642195224762,0.0,0.31298828125,0.31298828125
good_eventful,1,ep00702_t0002_item014452,1,H1,E8,17,enemy,False,False,0.6806663870811462,False,0.0,-0.00562286376953125,0.0,0.0030517578125,0.006397642195224762,0.0,0.31298828125,0.31298828125
good_eventful,1,ep00702_t0002_item014452,1,H1,E9,18,enemy,False,False,0.6806663870811462,False,0.0,-0.00562286376953125,0.0,0.0030517578125,0.006397642195224762,0.0,0.31298828125,0.31298828125
good_eventful,1,ep00702_t0002_item014452,5,H5,A0,0,ally,True,True,0.9818405508995056,True,-0.08962509036064148,-0.088134765625,-0.10762107372283936,-0.11907958984375,0.011555027216672897,1.0,0.96142578125,0.03857421875
good_eventful,1,ep00702_t0002_item014452,5,H5,A1,1,ally,True,False,0.03649376705288887,False,0.0,0.0107574462890625,0.0,0.0479736328125,0.049164947122335434,0.0,0.029205322265625,0.029205322265625
good_eventful,1,ep00702_t0002_item014452,5,H5,A2,2,ally,True,True,0.750552773475647,True,-0.13930979371070862,-0.18359375,-0.10586780309677124,-0.074951171875,0.05400839447975159,1.0,0.499267578125,0.500732421875
good_eventful,1,ep00702_t0002_item014452,5,H5,A3,3,ally,True,False,0.17638768255710602,False,0.0,-0.005191802978515625,0.0,0.01247406005859375,0.01351136527955532,0.0,0.07861328125,0.07861328125
good_eventful,1,ep00702_t0002_item014452,5,H5,A4,4,ally,True,True,0.9858275651931763,True,-0.26603108644485474,-0.254638671875,0.006531238555908203,-0.029693603515625,0.03797402232885361,1.0,0.99755859375,0.00244140625
good_eventful,1,ep00702_t0002_item014452,5,H5,A5,5,ally,True,False,0.4654786288738251,False,0.0,-0.017578125,0.0,0.048583984375,0.051666177809238434,0.0,0.0926513671875,0.0926513671875
good_eventful,1,ep00702_t0002_item014452,5,H5,A6,6,ally,True,True,0.9343951344490051,True,-0.16837498545646667,-0.192626953125,0.03153127431869507,0.03070068359375,0.024266187101602554,1.0,0.77685546875,0.22314453125
good_eventful,1,ep00702_t0002_item014452,5,H5,A7,7,ally,False,False,0.6806663870811462,False,0.0,0.0030517578125,0.0,0.065185546875,0.06525694578886032,0.0,0.31298828125,0.31298828125
good_eventful,1,ep00702_t0002_item014452,5,H5,A8,8,ally,False,False,0.6806663870811462,False,0.0,0.0030517578125,0.0,0.065185546875,0.06525694578886032,0.0,0.31298828125,0.31298828125
good_eventful,1,ep00702_t0002_item014452,5,H5,E0,9,enemy,True,True,0.9996750354766846,True,0.00965738296508789,-0.11627197265625,0.06587809324264526,0.0618896484375,0.12599250674247742,0.8666666746139526,0.86279296875,0.0038737058639526367
good_eventful,1,ep00702_t0002_item014452,5,H5,E1,10,enemy,True,True,0.999823272228241,True,-0.004952967166900635,-0.10028076171875,0.055468738079071045,0.049407958984375,0.0955202654004097,0.8666666746139526,0.84619140625,0.020475268363952637
good_eventful,1,ep00702_t0002_item014452,5,H5,E2,11,enemy,True,True,0.9999145269393921,True,0.018130183219909668,-0.105224609375,0.043299973011016846,0.019989013671875,0.12553806602954865,0.7333333492279053,0.814453125,0.08111977577209473
good_eventful,1,ep00702_t0002_item014452,5,H5,E3,12,enemy,True,True,0.999972939491272,True,0.07137727737426758,-0.0638427734375,-0.006811738014221191,-0.039581298828125,0.13913412392139435,1.0,0.884765625,0.115234375
good_eventful,1,ep00702_t0002_item014452,5,H5,E4,13,enemy,True,True,0.9999313354492188,True,0.044374048709869385,-0.0809326171875,-0.013559997081756592,-0.0338134765625,0.12693290412425995,1.0,0.89990234375,0.10009765625
good_eventful,1,ep00702_t0002_item014452,5,H5,E5,14,enemy,True,True,0.9999620914459229,True,0.06193786859512329,-0.0753173828125,-0.03252202272415161,-0.0694580078125,0.14213821291923523,0.6000000238418579,0.7587890625,0.1587890386581421
good_eventful,1,ep00702_t0002_item014452,5,H5,E6,15,enemy,False,False,0.6806663870811462,False,0.0,-0.00562286376953125,0.0,0.0030517578125,0.006397642195224762,0.0,0.31298828125,0.31298828125
good_eventful,1,ep00702_t0002_item014452,5,H5,E7,16,enemy,False,False,0.6806663870811462,False,0.0,-0.00562286376953125,0.0,0.0030517578125,0.006397642195224762,0.0,0.31298828125,0.31298828125
good_eventful,1,ep00702_t0002_item014452,5,H5,E8,17,enemy,False,False,0.6806663870811462,False,0.0,-0.00562286376953125,0.0,0.0030517578125,0.006397642195224762,0.0,0.31298828125,0.31298828125
good_eventful,1,ep00702_t0002_item014452,5,H5,E9,18,enemy,False,False,0.6806663870811462,False,0.0,-0.00562286376953125,0.0,0.0030517578125,0.006397642195224762,0.0,0.31298828125,0.31298828125
good_eventful,1,ep00702_t0002_item014452,15,H15,A0,0,ally,True,False,0.016979992389678955,False,0.0,0.0252532958984375,0.0,0.004138946533203125,0.025590229779481888,0.0,0.0008840560913085938,0.0008840560913085938
good_eventful,1,ep00702_t0002_item014452,15,H15,A1,1,ally,True,False,0.013480102643370628,False,0.0,-0.0034084320068359375,0.0,0.0132904052734375,0.013720505870878696,0.0,0.0064544677734375,0.0064544677734375
good_eventful,1,ep00702_t0002_item014452,15,H15,A2,2,ally,True,False,0.01342825498431921,False,0.0,-0.004779815673828125,0.0,0.013824462890625,0.014627453871071339,0.0,0.00762939453125,0.00762939453125
good_eventful,1,ep00702_t0002_item014452,15,H15,A3,3,ally,True,False,0.01287075038999319,False,0.0,-0.0030040740966796875,0.0,0.01424407958984375,0.014557412825524807,0.0,0.0063934326171875,0.0063934326171875
good_eventful,1,ep00702_t0002_item014452,15,H15,A4,4,ally,True,True,0.9741412401199341,True,-0.36446863412857056,-0.2445068359375,0.006531238555908203,-0.0229034423828125,0.12352017313241959,1.0,0.88232421875,0.11767578125
good_eventful,1,ep00702_t0002_item014452,15,H15,A5,5,ally,True,False,0.013955709524452686,False,0.0,-0.0038509368896484375,0.0,0.0142669677734375,0.014777553267776966,0.0,0.006999969482421875,0.006999969482421875
good_eventful,1,ep00702_t0002_item014452,15,H15,A6,6,ally,True,False,0.015603534877300262,False,0.0,-0.00547027587890625,0.0,0.0157470703125,0.01667015813291073,0.0,0.01158905029296875,0.01158905029296875
good_eventful,1,ep00702_t0002_item014452,15,H15,A7,7,ally,False,False,0.6806663870811462,False,0.0,0.0030517578125,0.0,0.065185546875,0.06525694578886032,0.0,0.31298828125,0.31298828125
good_eventful,1,ep00702_t0002_item014452,15,H15,A8,8,ally,False,False,0.6806663870811462,False,0.0,0.0030517578125,0.0,0.065185546875,0.06525694578886032,0.0,0.31298828125,0.31298828125
good_eventful,1,ep00702_t0002_item014452,15,H15,E0,9,enemy,True,True,0.999906063079834,True,-0.1396077573299408,-0.192626953125,-0.03956526517868042,0.03271484375,0.08964066952466965,0.7333333492279053,0.79541015625,0.06207680702209473
good_eventful,1,ep00702_t0002_item014452,15,H15,E1,10,enemy,True,True,0.9999512434005737,True,-0.15024271607398987,-0.168212890625,-0.056135982275009155,0.051361083984375,0.10898874700069427,0.8666666746139526,0.87158203125,0.004915356636047363
good_eventful,1,ep00702_t0002_item014452,15,H15,E2,11,enemy,True,True,0.9999421834945679,True,-0.11591276526451111,-0.1702880859375,-0.04374426603317261,0.008880615234375,0.07567068934440613,0.7333333492279053,0.7685546875,0.03522133827209473
good_eventful,1,ep00702_t0002_item014452,15,H15,E3,12,enemy,True,True,0.9999643564224243,True,-0.11756372451782227,-0.119384765625,-0.06722080707550049,-0.05340576171875,0.013934549875557423,0.8666666746139526,0.751953125,0.11471354961395264
good_eventful,1,ep00702_t0002_item014452,15,H15,E4,13,enemy,True,True,0.9999538660049438,True,-0.13902738690376282,-0.1405029296875,-0.05689963698387146,-0.058502197265625,0.0021783998236060143,1.0,0.8203125,0.1796875
good_eventful,1,ep00702_t0002_item014452,15,H15,E5,14,enemy,True,True,0.9999626874923706,True,-0.1441752016544342,-0.1341552734375,-0.07211524248123169,-0.09857177734375,0.028290407732129097,0.3333333432674408,0.6943359375,0.3610025942325592
good_eventful,1,ep00702_t0002_item014452,15,H15,E6,15,enemy,False,False,0.6806663870811462,False,0.0,-0.00562286376953125,0.0,0.0030517578125,0.006397642195224762,0.0,0.31298828125,0.31298828125
good_eventful,1,ep00702_t0002_item014452,15,H15,E7,16,enemy,False,False,0.6806663870811462,False,0.0,-0.00562286376953125,0.0,0.0030517578125,0.006397642195224762,0.0,0.31298828125,0.31298828125
good_eventful,1,ep00702_t0002_item014452,15,H15,E8,17,enemy,False,False,0.6806663870811462,False,0.0,-0.00562286376953125,0.0,0.0030517578125,0.006397642195224762,0.0,0.31298828125,0.31298828125
good_eventful,1,ep00702_t0002_item014452,15,H15,E9,18,enemy,False,False,0.6806663870811462,False,0.0,-0.00562286376953125,0.0,0.0030517578125,0.006397642195224762,0.0,0.31298828125,0.31298828125
good_eventful,2,ep00702_t0003_item014452,1,H1,A0,0,ally,True,True,0.9995694756507874,True,-0.13884374499320984,-0.06671142578125,-0.20605838298797607,-0.134033203125,0.1019347757101059,1.0,1.0751953125,0.0751953125
good_eventful,2,ep00702_t0003_item014452,1,H1,A1,1,ally,True,False,0.514537513256073,False,0.0,-0.08697509765625,0.0,-0.0316162109375,0.09254324436187744,0.0,0.1734619140625,0.1734619140625
good_eventful,2,ep00702_t0003_item014452,1,H1,A2,2,ally,True,True,0.9808759689331055,True,-0.0408724844455719,-0.017913818359375,-0.10586780309677124,-0.06402587890625,0.047726795077323914,1.0,0.87060546875,0.12939453125
good_eventful,2,ep00702_t0003_item014452,1,H1,A3,3,ally,True,True,0.9919067621231079,True,-0.01742762327194214,-0.0151519775390625,-0.10354819893836975,-0.09197998046875,0.011789921671152115,1.0,0.91748046875,0.08251953125
good_eventful,2,ep00702_t0003_item014452,1,H1,A4,4,ally,True,True,0.9987106323242188,True,-0.16759374737739563,-0.109619140625,0.05574989318847656,0.04931640625,0.0583304800093174,1.0,1.080078125,0.080078125
good_eventful,2,ep00702_t0003_item014452,1,H1,A5,5,ally,True,True,0.8569320440292358,True,-0.09493759274482727,-0.0987548828125,-0.042687416076660156,0.02587890625,0.06867250055074692,0.6000000238418579,0.55078125,0.04921877384185791
good_eventful,2,ep00702_t0003_item014452,1,H1,A6,6,ally,True,True,0.9990302324295044,True,-0.21759364008903503,-0.2169189453125,-0.01768738031387329,-0.060943603515625,0.04326148331165314,1.0,1.0205078125,0.0205078125
good_eventful,2,ep00702_t0003_item014452,1,H1,A7,7,ally,False,False,0.6806663870811462,False,0.0,0.0030517578125,0.0,0.065185546875,0.06525694578886032,0.0,0.31298828125,0.31298828125
good_eventful,2,ep00702_t0003_item014452,1,H1,A8,8,ally,False,False,0.6806663870811462,False,0.0,0.0030517578125,0.0,0.065185546875,0.06525694578886032,0.0,0.31298828125,0.31298828125
good_eventful,2,ep00702_t0003_item014452,1,H1,E0,9,enemy,True,True,0.9999302625656128,True,0.019898951053619385,-0.04669189453125,0.07245486974716187,0.049102783203125,0.07056671380996704,0.8666666746139526,0.833984375,0.03268229961395264
good_eventful,2,ep00702_t0003_item014452,1,H1,E1,10,enemy,True,True,0.9999549388885498,True,0.004426002502441406,-0.03570556640625,0.0634337067604065,0.039276123046875,0.04684155806899071,1.0,0.89599609375,0.10400390625
good_eventful,2,ep00702_t0003_item014452,1,H1,E2,11,enemy,True,True,0.9999958276748657,True,0.02845621109008789,-0.0113677978515625,0.04999154806137085,0.028350830078125,0.04532407969236374,0.8666666746139526,0.8994140625,0.03274738788604736
good_eventful,2,ep00702_t0003_item014452,1,H1,E3,12,enemy,True,True,0.9999978542327881,True,0.07565003633499146,0.00832366943359375,-0.005776822566986084,-0.03131103515625,0.07200580090284348,1.0,0.9501953125,0.0498046875
good_eventful,2,ep00702_t0003_item014452,1,H1,E4,13,enemy,True,True,0.9999972581863403,True,0.056320011615753174,-0.020050048828125,-0.010610342025756836,-0.039031982421875,0.081487275660038,1.0,0.95263671875,0.04736328125
good_eventful,2,ep00702_t0003_item014452,1,H1,E5,14,enemy,True,True,0.9999985694885254,True,0.0741376280784607,-0.0165557861328125,-0.030918776988983154,-0.039764404296875,0.09112376719713211,0.8666666746139526,0.91552734375,0.04886066913604736
good_eventful,2,ep00702_t0003_item014452,1,H1,E6,15,enemy,False,False,0.6806663870811462,False,0.0,-0.00562286376953125,0.0,0.0030517578125,0.006397642195224762,0.0,0.31298828125,0.31298828125
good_eventful,2,ep00702_t0003_item014452,1,H1,E7,16,enemy,False,False,0.6806663870811462,False,0.0,-0.00562286376953125,0.0,0.0030517578125,0.006397642195224762,0.0,0.31298828125,0.31298828125
good_eventful,2,ep00702_t0003_item014452,1,H1,E8,17,enemy,False,False,0.6806663870811462,False,0.0,-0.00562286376953125,0.0,0.0030517578125,0.006397642195224762,0.0,0.31298828125,0.31298828125
good_eventful,2,ep00702_t0003_item014452,1,H1,E9,18,enemy,False,False,0.6806663870811462,False,0.0,-0.00562286376953125,0.0,0.0030517578125,0.006397642195224762,0.0,0.31298828125,0.31298828125
good_eventful,2,ep00702_t0003_item014452,5,H5,A0,0,ally,True,True,0.969613254070282,True,-0.1162647008895874,-0.138671875,-0.11028611660003662,-0.09735107421875,0.02587270364165306,0.8666666746139526,0.88525390625,0.018587231636047363
good_eventful,2,ep00702_t0003_item014452,5,H5,A1,1,ally,True,False,0.0326513797044754,False,0.0,0.010284423828125,0.0,0.03363037109375,0.03516775742173195,0.0,0.029205322265625,0.029205322265625
good_eventful,2,ep00702_t0003_item014452,5,H5,A2,2,ally,True,True,0.8862236142158508,True,-0.13930979371070862,-0.167236328125,-0.10586780309677124,-0.0650634765625,0.04944577068090439,1.0,0.7001953125,0.2998046875
good_eventful,2,ep00702_t0003_item014452,5,H5,A3,3,ally,True,False,0.029367854818701744,False,0.0,0.022430419921875,0.0,0.037322998046875,0.043544575572013855,0.0,0.0171356201171875,0.0171356201171875
good_eventful,2,ep00702_t0003_item014452,5,H5,A4,4,ally,True,True,0.9841545820236206,True,-0.26603108644485474,-0.234375,-0.042687416076660156,-0.05419921875,0.03368426114320755,1.0,1.0048828125,0.0048828125
good_eventful,2,ep00702_t0003_item014452,5,H5,A5,5,ally,True,False,0.04594821110367775,False,0.0,0.0219268798828125,0.0,0.04022216796875,0.045810598880052567,0.0,0.0225830078125,0.0225830078125
good_eventful,2,ep00702_t0003_item014452,5,H5,A6,6,ally,True,True,0.8914335370063782,True,-0.11915633082389832,-0.119873046875,0.03153127431869507,0.046234130859375,0.014720315113663673,0.46666666865348816,0.67822265625,0.21155598759651184
good_eventful,2,ep00702_t0003_item014452,5,H5,A7,7,ally,False,False,0.6806663870811462,False,0.0,0.0030517578125,0.0,0.065185546875,0.06525694578886032,0.0,0.31298828125,0.31298828125
good_eventful,2,ep00702_t0003_item014452,5,H5,A8,8,ally,False,False,0.6806663870811462,False,0.0,0.0030517578125,0.0,0.065185546875,0.06525694578886032,0.0,0.31298828125,0.31298828125
good_eventful,2,ep00702_t0003_item014452,5,H5,E0,9,enemy,True,True,0.999779999256134,True,0.010661423206329346,-0.13134765625,0.06321984529495239,0.051849365234375,0.1424635648727417,0.8666666746139526,0.85986328125,0.006803393363952637
good_eventful,2,ep00702_t0003_item014452,5,H5,E1,10,enemy,True,True,0.9998579025268555,True,-0.004952967166900635,-0.11895751953125,0.055468738079071045,0.04815673828125,0.11423879861831665,0.8666666746139526,0.84814453125,0.018522143363952637
good_eventful,2,ep00702_t0003_item014452,5,H5,E2,11,enemy,True,True,0.9999285936355591,True,0.007804155349731445,-0.1318359375,0.03660839796066284,0.01885986328125,0.14076350629329681,0.7333333492279053,0.81884765625,0.08551430702209473
good_eventful,2,ep00702_t0003_item014452,5,H5,E3,12,enemy,True,True,0.9999781847000122,True,0.043303608894348145,-0.08563232421875,-0.013685494661331177,-0.034149169921875,0.13054974377155304,1.0,0.86962890625,0.13037109375
good_eventful,2,ep00702_t0003_item014452,5,H5,E4,13,enemy,True,True,0.9999456405639648,True,0.02613961696624756,-0.0931396484375,-0.015728652477264404,-0.03759765625,0.12126746028661728,1.0,0.8935546875,0.1064453125
good_eventful,2,ep00702_t0003_item014452,5,H5,E5,14,enemy,True,True,0.9999759197235107,True,0.03818702697753906,-0.09722900390625,-0.03767484426498413,-0.06719970703125,0.13859732449054718,0.6000000238418579,0.810546875,0.2105468511581421
good_eventful,2,ep00702_t0003_item014452,5,H5,E6,15,enemy,False,False,0.6806663870811462,False,0.0,-0.00562286376953125,0.0,0.0030517578125,0.006397642195224762,0.0,0.31298828125,0.31298828125
good_eventful,2,ep00702_t0003_item014452,5,H5,E7,16,enemy,False,False,0.6806663870811462,False,0.0,-0.00562286376953125,0.0,0.0030517578125,0.006397642195224762,0.0,0.31298828125,0.31298828125
good_eventful,2,ep00702_t0003_item014452,5,H5,E8,17,enemy,False,False,0.6806663870811462,False,0.0,-0.00562286376953125,0.0,0.0030517578125,0.006397642195224762,0.0,0.31298828125,0.31298828125
good_eventful,2,ep00702_t0003_item014452,5,H5,E9,18,enemy,False,False,0.6806663870811462,False,0.0,-0.00562286376953125,0.0,0.0030517578125,0.006397642195224762,0.0,0.31298828125,0.31298828125
good_eventful,2,ep00702_t0003_item014452,15,H15,A0,0,ally,True,False,0.013273886404931545,False,0.0,-0.0010509490966796875,0.0,0.0177154541015625,0.01774659939110279,0.0,0.005344390869140625,0.005344390869140625
good_eventful,2,ep00702_t0003_item014452,15,H15,A1,1,ally,True,False,0.01411789283156395,False,0.0,-0.0012655258178710938,0.0,0.01554107666015625,0.015592518262565136,0.0,0.004871368408203125,0.004871368408203125
good_eventful,2,ep00702_t0003_item014452,15,H15,A2,2,ally,True,False,0.013480102643370628,False,0.0,-0.002208709716796875,0.0,0.0156097412109375,0.015765227377414703,0.0,0.005313873291015625,0.005313873291015625
good_eventful,2,ep00702_t0003_item014452,15,H15,A3,3,ally,True,False,0.013273886404931545,False,0.0,-0.0011768341064453125,0.0,0.015716552734375,0.015760550275444984,0.0,0.004772186279296875,0.004772186279296875
good_eventful,2,ep00702_t0003_item014452,15,H15,A4,4,ally,True,True,0.9870296716690063,True,-0.41368740797042847,-0.29345703125,0.006531238555908203,0.01092529296875,0.12031064182519913,1.0,0.94189453125,0.05810546875
good_eventful,2,ep00702_t0003_item014452,15,H15,A5,5,ally,True,False,0.014337030239403248,False,0.0,-0.00152587890625,0.0,0.0159454345703125,0.016018277034163475,0.0,0.00533294677734375,0.00533294677734375
good_eventful,2,ep00702_t0003_item014452,15,H15,A6,6,ally,True,False,0.015130727551877499,False,0.0,-0.0025806427001953125,0.0,0.017059326171875,0.017253415659070015,0.0,0.00804901123046875,0.00804901123046875
good_eventful,2,ep00702_t0003_item014452,15,H15,A7,7,ally,False,False,0.6806663870811462,False,0.0,0.0030517578125,0.0,0.065185546875,0.06525694578886032,0.0,0.31298828125,0.31298828125
good_eventful,2,ep00702_t0003_item014452,15,H15,A8,8,ally,False,False,0.6806663870811462,False,0.0,0.0030517578125,0.0,0.065185546875,0.06525694578886032,0.0,0.31298828125,0.31298828125
good_eventful,2,ep00702_t0003_item014452,15,H15,E0,9,enemy,True,True,0.9999313354492188,True,-0.13068902492523193,-0.1846923828125,-0.037047237157821655,0.02825927734375,0.08474256843328476,0.7333333492279053,0.82080078125,0.08746743202209473
good_eventful,2,ep00702_t0003_item014452,15,H15,E1,10,enemy,True,True,0.9999542236328125,True,-0.15990209579467773,-0.170654296875,-0.06709557771682739,0.049041748046875,0.11663399636745453,0.8666666746139526,0.861328125,0.005338549613952637
good_eventful,2,ep00702_t0003_item014452,15,H15,E2,11,enemy,True,True,0.999946117401123,True,-0.14118927717208862,-0.1761474609375,-0.05697989463806152,0.01324462890625,0.07844462245702744,0.7333333492279053,0.78125,0.04791665077209473
good_eventful,2,ep00702_t0003_item014452,15,H15,E3,12,enemy,True,True,0.9999665021896362,True,-0.12379366159439087,-0.11590576171875,-0.07072734832763672,-0.04638671875,0.025586817413568497,0.8666666746139526,0.73291015625,0.13375651836395264
good_eventful,2,ep00702_t0003_item014452,15,H15,E4,13,enemy,True,True,0.9999556541442871,True,-0.15605711936950684,-0.13232421875,-0.04006776213645935,-0.056884765625,0.02908714860677719,1.0,0.80712890625,0.19287109375
good_eventful,2,ep00702_t0003_item014452,15,H15,E5,14,enemy,True,True,0.9999617338180542,True,-0.1448778510093689,-0.137451171875,-0.08350393176078796,-0.09814453125,0.016416538506746292,0.3333333432674408,0.6650390625,0.3317057192325592
good_eventful,2,ep00702_t0003_item014452,15,H15,E6,15,enemy,False,False,0.6806663870811462,False,0.0,-0.00562286376953125,0.0,0.0030517578125,0.006397642195224762,0.0,0.31298828125,0.31298828125
good_eventful,2,ep00702_t0003_item014452,15,H15,E7,16,enemy,False,False,0.6806663870811462,False,0.0,-0.00562286376953125,0.0,0.0030517578125,0.006397642195224762,0.0,0.31298828125,0.31298828125
good_eventful,2,ep00702_t0003_item014452,15,H15,E8,17,enemy,False,False,0.6806663870811462,False,0.0,-0.00562286376953125,0.0,0.0030517578125,0.006397642195224762,0.0,0.31298828125,0.31298828125
good_eventful,2,ep00702_t0003_item014452,15,H15,E9,18,enemy,False,False,0.6806663870811462,False,0.0,-0.00562286376953125,0.0,0.0030517578125,0.006397642195224762,0.0,0.31298828125,0.31298828125
late_rollout_drift,1,ep00199_t0092_item004817,1,H1,A0,0,ally,True,True,0.999140739440918,True,-0.37490642070770264,-0.375244140625,-0.18649828433990479,-0.230712890625,0.04421589523553848,0.8080000281333923,0.74609375,0.061906278133392334
late_rollout_drift,1,ep00199_t0092_item004817,1,H1,A1,1,ally,True,True,0.9998089671134949,True,-0.39716416597366333,-0.3994140625,-0.17562633752822876,-0.22705078125,0.05147363990545273,1.0,0.92822265625,0.07177734375
late_rollout_drift,1,ep00199_t0092_item004817,1,H1,A2,2,ally,True,False,0.015543648041784763,False,0.0,0.01096343994140625,0.0,0.016082763671875,0.019464127719402313,0.0,-0.0066375732421875,0.0066375732421875
late_rollout_drift,1,ep00199_t0092_item004817,1,H1,A3,3,ally,True,False,0.015543648041784763,False,0.0,0.01096343994140625,0.0,0.016082763671875,0.019464127719402313,0.0,-0.0066375732421875,0.0066375732421875
late_rollout_drift,1,ep00199_t0092_item004817,1,H1,A4,4,ally,True,False,0.015543648041784763,False,0.0,0.01096343994140625,0.0,0.016082763671875,0.019464127719402313,0.0,-0.0066375732421875,0.0066375732421875
late_rollout_drift,1,ep00199_t0092_item004817,1,H1,A5,5,ally,True,False,0.015543648041784763,False,0.0,0.01096343994140625,0.0,0.016082763671875,0.019464127719402313,0.0,-0.0066375732421875,0.0066375732421875
late_rollout_drift,1,ep00199_t0092_item004817,1,H1,A6,6,ally,False,False,0.6806663870811462,False,0.0,0.0030517578125,0.0,0.065185546875,0.06525694578886032,0.0,0.31298828125,0.31298828125
late_rollout_drift,1,ep00199_t0092_item004817,1,H1,A7,7,ally,False,False,0.6806663870811462,False,0.0,0.0030517578125,0.0,0.065185546875,0.06525694578886032,0.0,0.31298828125,0.31298828125
late_rollout_drift,1,ep00199_t0092_item004817,1,H1,A8,8,ally,False,False,0.6806663870811462,False,0.0,0.0030517578125,0.0,0.065185546875,0.06525694578886032,0.0,0.31298828125,0.31298828125
late_rollout_drift,1,ep00199_t0092_item004817,1,H1,E0,9,enemy,True,True,1.0,True,-0.191281259059906,-0.26806640625,0.17021876573562622,0.1827392578125,0.0777992382645607,1.0,0.97802734375,0.02197265625
late_rollout_drift,1,ep00199_t0092_item004817,1,H1,E1,10,enemy,True,False,0.015543648041784763,False,0.0,-0.0231475830078125,0.0,0.01096343994140625,0.025612644851207733,0.0,-0.0066375732421875,0.0066375732421875
late_rollout_drift,1,ep00199_t0092_item004817,1,H1,E2,11,enemy,True,False,0.015543648041784763,False,0.0,-0.0231475830078125,0.0,0.01096343994140625,0.025612644851207733,0.0,-0.0066375732421875,0.0066375732421875
late_rollout_drift,1,ep00199_t0092_item004817,1,H1,E3,12,enemy,True,True,0.9999998807907104,True,-0.35378125309944153,-0.33544921875,0.15850001573562622,0.1552734375,0.018613819032907486,1.0,0.93212890625,0.06787109375
late_rollout_drift,1,ep00199_t0092_item004817,1,H1,E4,13,enemy,True,False,0.015543648041784763,False,0.0,-0.0231475830078125,0.0,0.01096343994140625,0.025612644851207733,0.0,-0.0066375732421875,0.0066375732421875
late_rollout_drift,1,ep00199_t0092_item004817,1,H1,E5,14,enemy,False,False,0.6806663870811462,False,0.0,-0.00562286376953125,0.0,0.0030517578125,0.006397642195224762,0.0,0.31298828125,0.31298828125
late_rollout_drift,1,ep00199_t0092_item004817,1,H1,E6,15,enemy,False,False,0.6806663870811462,False,0.0,-0.00562286376953125,0.0,0.0030517578125,0.006397642195224762,0.0,0.31298828125,0.31298828125
late_rollout_drift,1,ep00199_t0092_item004817,1,H1,E7,16,enemy,False,False,0.6806663870811462,False,0.0,-0.00562286376953125,0.0,0.0030517578125,0.006397642195224762,0.0,0.31298828125,0.31298828125
late_rollout_drift,1,ep00199_t0092_item004817,1,H1,E8,17,enemy,False,False,0.6806663870811462,False,0.0,-0.00562286376953125,0.0,0.0030517578125,0.006397642195224762,0.0,0.31298828125,0.31298828125
late_rollout_drift,1,ep00199_t0092_item004817,1,H1,E9,18,enemy,False,False,0.6806663870811462,False,0.0,-0.00562286376953125,0.0,0.0030517578125,0.006397642195224762,0.0,0.31298828125,0.31298828125
late_rollout_drift,1,ep00199_t0092_item004817,5,H5,A0,0,ally,True,True,0.999127209186554,True,-0.37490642070770264,-0.381103515625,-0.1781700849533081,-0.2144775390625,0.0368325300514698,0.8080000281333923,0.71826171875,0.08973830938339233
late_rollout_drift,1,ep00199_t0092_item004817,5,H5,A1,1,ally,True,True,0.9992875456809998,True,-0.28598886728286743,-0.260498046875,-0.10340860486030579,-0.1693115234375,0.07066100090742111,1.0,0.84912109375,0.15087890625
late_rollout_drift,1,ep00199_t0092_item004817,5,H5,A2,2,ally,True,False,0.013222821988165379,False,0.0,0.0145721435546875,0.0,0.0216217041015625,0.026073846966028214,0.0,-0.00695037841796875,0.00695037841796875
late_rollout_drift,1,ep00199_t0092_item004817,5,H5,A3,3,ally,True,False,0.013222821988165379,False,0.0,0.0145721435546875,0.0,0.0216217041015625,0.026073846966028214,0.0,-0.00695037841796875,0.00695037841796875
late_rollout_drift,1,ep00199_t0092_item004817,5,H5,A4,4,ally,True,False,0.013222821988165379,False,0.0,0.0145721435546875,0.0,0.0216217041015625,0.026073846966028214,0.0,-0.00695037841796875,0.00695037841796875
late_rollout_drift,1,ep00199_t0092_item004817,5,H5,A5,5,ally,True,False,0.013222821988165379,False,0.0,0.0145721435546875,0.0,0.0216217041015625,0.026073846966028214,0.0,-0.00695037841796875,0.00695037841796875
late_rollout_drift,1,ep00199_t0092_item004817,5,H5,A6,6,ally,False,False,0.6806663870811462,False,0.0,0.0030517578125,0.0,0.065185546875,0.06525694578886032,0.0,0.31298828125,0.31298828125
late_rollout_drift,1,ep00199_t0092_item004817,5,H5,A7,7,ally,False,False,0.6806663870811462,False,0.0,0.0030517578125,0.0,0.065185546875,0.06525694578886032,0.0,0.31298828125,0.31298828125
late_rollout_drift,1,ep00199_t0092_item004817,5,H5,A8,8,ally,False,False,0.6806663870811462,False,0.0,0.0030517578125,0.0,0.065185546875,0.06525694578886032,0.0,0.31298828125,0.31298828125
late_rollout_drift,1,ep00199_t0092_item004817,5,H5,E0,9,enemy,True,True,0.9999998807907104,True,-0.191281259059906,-0.25048828125,0.17021876573562622,0.177734375,0.059682123363018036,1.0,0.98291015625,0.01708984375
late_rollout_drift,1,ep00199_t0092_item004817,5,H5,E1,10,enemy,True,False,0.017442485317587852,False,0.0,-0.015716552734375,0.0,0.00885009765625,0.01803702488541603,0.0,-0.00783538818359375,0.00783538818359375
late_rollout_drift,1,ep00199_t0092_item004817,5,H5,E2,11,enemy,True,False,0.017442485317587852,False,0.0,-0.015716552734375,0.0,0.00885009765625,0.01803702488541603,0.0,-0.00783538818359375,0.00783538818359375
late_rollout_drift,1,ep00199_t0092_item004817,5,H5,E3,12,enemy,True,True,0.9999997615814209,True,-0.35378125309944153,-0.2607421875,0.15850001573562622,0.1390380859375,0.0950528010725975,1.0,0.94140625,0.05859375
late_rollout_drift,1,ep00199_t0092_item004817,5,H5,E4,13,enemy,True,False,0.017442485317587852,False,0.0,-0.015716552734375,0.0,0.00885009765625,0.01803702488541603,0.0,-0.00783538818359375,0.00783538818359375
late_rollout_drift,1,ep00199_t0092_item004817,5,H5,E5,14,enemy,False,False,0.6806663870811462,False,0.0,-0.00562286376953125,0.0,0.0030517578125,0.006397642195224762,0.0,0.31298828125,0.31298828125
late_rollout_drift,1,ep00199_t0092_item004817,5,H5,E6,15,enemy,False,False,0.6806663870811462,False,0.0,-0.00562286376953125,0.0,0.0030517578125,0.006397642195224762,0.0,0.31298828125,0.31298828125
late_rollout_drift,1,ep00199_t0092_item004817,5,H5,E7,16,enemy,False,False,0.6806663870811462,False,0.0,-0.00562286376953125,0.0,0.0030517578125,0.006397642195224762,0.0,0.31298828125,0.31298828125
late_rollout_drift,1,ep00199_t0092_item004817,5,H5,E8,17,enemy,False,False,0.6806663870811462,False,0.0,-0.00562286376953125,0.0,0.0030517578125,0.006397642195224762,0.0,0.31298828125,0.31298828125
late_rollout_drift,1,ep00199_t0092_item004817,5,H5,E9,18,enemy,False,False,0.6806663870811462,False,0.0,-0.00562286376953125,0.0,0.0030517578125,0.006397642195224762,0.0,0.31298828125,0.31298828125
late_rollout_drift,1,ep00199_t0092_item004817,15,H15,A0,0,ally,True,True,0.9987648725509644,True,-0.3256876468658447,-0.373779296875,-0.19504588842391968,-0.2120361328125,0.05100465938448906,0.8080000281333923,0.640625,0.16737502813339233
late_rollout_drift,1,ep00199_t0092_item004817,15,H15,A1,1,ally,True,True,0.9992563128471375,True,-0.4828639030456543,-0.376953125,-0.004971295595169067,-0.1280517578125,0.1623757779598236,0.07199999690055847,0.78515625,0.7131562232971191
late_rollout_drift,1,ep00199_t0092_item004817,15,H15,A2,2,ally,True,False,0.013222821988165379,False,0.0,0.01337432861328125,0.0,0.020660400390625,0.024611476808786392,0.0,-0.004154205322265625,0.004154205322265625
late_rollout_drift,1,ep00199_t0092_item004817,15,H15,A3,3,ally,True,False,0.013222821988165379,False,0.0,0.01337432861328125,0.0,0.020660400390625,0.024611476808786392,0.0,-0.004154205322265625,0.004154205322265625
late_rollout_drift,1,ep00199_t0092_item004817,15,H15,A4,4,ally,True,False,0.013222821988165379,False,0.0,0.01337432861328125,0.0,0.020660400390625,0.024611476808786392,0.0,-0.004154205322265625,0.004154205322265625
late_rollout_drift,1,ep00199_t0092_item004817,15,H15,A5,5,ally,True,False,0.013222821988165379,False,0.0,0.01337432861328125,0.0,0.020660400390625,0.024611476808786392,0.0,-0.004154205322265625,0.004154205322265625
late_rollout_drift,1,ep00199_t0092_item004817,15,H15,A6,6,ally,False,False,0.6806663870811462,False,0.0,0.0030517578125,0.0,0.065185546875,0.06525694578886032,0.0,0.31298828125,0.31298828125
late_rollout_drift,1,ep00199_t0092_item004817,15,H15,A7,7,ally,False,False,0.6806663870811462,False,0.0,0.0030517578125,0.0,0.065185546875,0.06525694578886032,0.0,0.31298828125,0.31298828125
late_rollout_drift,1,ep00199_t0092_item004817,15,H15,A8,8,ally,False,False,0.6806663870811462,False,0.0,0.0030517578125,0.0,0.065185546875,0.06525694578886032,0.0,0.31298828125,0.31298828125
late_rollout_drift,1,ep00199_t0092_item004817,15,H15,E0,9,enemy,True,True,0.9999998807907104,True,-0.191281259059906,-0.25244140625,0.17021876573562622,0.180419921875,0.06200505793094635,1.0,0.97900390625,0.02099609375
late_rollout_drift,1,ep00199_t0092_item004817,15,H15,E1,10,enemy,True,False,0.01764446496963501,False,0.0,-0.0156707763671875,0.0,0.00848388671875,0.017819920554757118,0.0,-0.005680084228515625,0.005680084228515625
late_rollout_drift,1,ep00199_t0092_item004817,15,H15,E2,11,enemy,True,False,0.01764446496963501,False,0.0,-0.0156707763671875,0.0,0.00848388671875,0.017819920554757118,0.0,-0.005680084228515625,0.005680084228515625
late_rollout_drift,1,ep00199_t0092_item004817,15,H15,E3,12,enemy,True,True,0.9999997615814209,True,-0.35378125309944153,-0.26513671875,0.15850001573562622,0.1405029296875,0.09045302122831345,1.0,0.92236328125,0.07763671875
late_rollout_drift,1,ep00199_t0092_item004817,15,H15,E4,13,enemy,True,False,0.01764446496963501,False,0.0,-0.0156707763671875,0.0,0.00848388671875,0.017819920554757118,0.0,-0.005680084228515625,0.005680084228515625
late_rollout_drift,1,ep00199_t0092_item004817,15,H15,E5,14,enemy,False,False,0.6806663870811462,False,0.0,-0.00562286376953125,0.0,0.0030517578125,0.006397642195224762,0.0,0.31298828125,0.31298828125
late_rollout_drift,1,ep00199_t0092_item004817,15,H15,E6,15,enemy,False,False,0.6806663870811462,False,0.0,-0.00562286376953125,0.0,0.0030517578125,0.006397642195224762,0.0,0.31298828125,0.31298828125
late_rollout_drift,1,ep00199_t0092_item004817,15,H15,E7,16,enemy,False,False,0.6806663870811462,False,0.0,-0.00562286376953125,0.0,0.0030517578125,0.006397642195224762,0.0,0.31298828125,0.31298828125
late_rollout_drift,1,ep00199_t0092_item004817,15,H15,E8,17,enemy,False,False,0.6806663870811462,False,0.0,-0.00562286376953125,0.0,0.0030517578125,0.006397642195224762,0.0,0.31298828125,0.31298828125
late_rollout_drift,1,ep00199_t0092_item004817,15,H15,E9,18,enemy,False,False,0.6806663870811462,False,0.0,-0.00562286376953125,0.0,0.0030517578125,0.006397642195224762,0.0,0.31298828125,0.31298828125
late_rollout_drift,2,ep00199_t0093_item004817,1,H1,A0,0,ally,True,True,0.9990302324295044,True,-0.37490642070770264,-0.369384765625,-0.18649828433990479,-0.226806640625,0.04068479314446449,0.8080000281333923,0.7431640625,0.06483596563339233
late_rollout_drift,2,ep00199_t0093_item004817,1,H1,A1,1,ally,True,True,0.9997851252555847,True,-0.38442638516426086,-0.359130859375,-0.15262725949287415,-0.2274169921875,0.07895167917013168,1.0,0.93505859375,0.06494140625
late_rollout_drift,2,ep00199_t0093_item004817,1,H1,A2,2,ally,True,False,0.015424552373588085,False,0.0,0.01084136962890625,0.0,0.01482391357421875,0.0183652862906456,0.0,-0.00720977783203125,0.00720977783203125
late_rollout_drift,2,ep00199_t0093_item004817,1,H1,A3,3,ally,True,False,0.015424552373588085,False,0.0,0.01084136962890625,0.0,0.01482391357421875,0.0183652862906456,0.0,-0.00720977783203125,0.00720977783203125
late_rollout_drift,2,ep00199_t0093_item004817,1,H1,A4,4,ally,True,False,0.015424552373588085,False,0.0,0.01084136962890625,0.0,0.01482391357421875,0.0183652862906456,0.0,-0.00720977783203125,0.00720977783203125
late_rollout_drift,2,ep00199_t0093_item004817,1,H1,A5,5,ally,True,False,0.015424552373588085,False,0.0,0.01084136962890625,0.0,0.01482391357421875,0.0183652862906456,0.0,-0.00720977783203125,0.00720977783203125
late_rollout_drift,2,ep00199_t0093_item004817,1,H1,A6,6,ally,False,False,0.6806663870811462,False,0.0,0.0030517578125,0.0,0.065185546875,0.06525694578886032,0.0,0.31298828125,0.31298828125
late_rollout_drift,2,ep00199_t0093_item004817,1,H1,A7,7,ally,False,False,0.6806663870811462,False,0.0,0.0030517578125,0.0,0.065185546875,0.06525694578886032,0.0,0.31298828125,0.31298828125
late_rollout_drift,2,ep00199_t0093_item004817,1,H1,A8,8,ally,False,False,0.6806663870811462,False,0.0,0.0030517578125,0.0,0.065185546875,0.06525694578886032,0.0,0.31298828125,0.31298828125
late_rollout_drift,2,ep00199_t0093_item004817,1,H1,E0,9,enemy,True,True,1.0,True,-0.191281259059906,-0.264892578125,0.17021876573562622,0.1798095703125,0.07423347979784012,1.0,0.978515625,0.021484375
late_rollout_drift,2,ep00199_t0093_item004817,1,H1,E1,10,enemy,True,False,0.015424552373588085,False,0.0,-0.021697998046875,0.0,0.01084136962890625,0.02425568737089634,0.0,-0.00720977783203125,0.00720977783203125
late_rollout_drift,2,ep00199_t0093_item004817,1,H1,E2,11,enemy,True,False,0.015424552373588085,False,0.0,-0.021697998046875,0.0,0.01084136962890625,0.02425568737089634,0.0,-0.00720977783203125,0.00720977783203125
late_rollout_drift,2,ep00199_t0093_item004817,1,H1,E3,12,enemy,True,True,0.9999998807907104,True,-0.35378125309944153,-0.3310546875,0.15850001573562622,0.1527099609375,0.02345253713428974,1.0,0.93310546875,0.06689453125
late_rollout_drift,2,ep00199_t0093_item004817,1,H1,E4,13,enemy,True,False,0.015424552373588085,False,0.0,-0.021697998046875,0.0,0.01084136962890625,0.02425568737089634,0.0,-0.00720977783203125,0.00720977783203125
late_rollout_drift,2,ep00199_t0093_item004817,1,H1,E5,14,enemy,False,False,0.6806663870811462,False,0.0,-0.00562286376953125,0.0,0.0030517578125,0.006397642195224762,0.0,0.31298828125,0.31298828125
late_rollout_drift,2,ep00199_t0093_item004817,1,H1,E6,15,enemy,False,False,0.6806663870811462,False,0.0,-0.00562286376953125,0.0,0.0030517578125,0.006397642195224762,0.0,0.31298828125,0.31298828125
late_rollout_drift,2,ep00199_t0093_item004817,1,H1,E7,16,enemy,False,False,0.6806663870811462,False,0.0,-0.00562286376953125,0.0,0.0030517578125,0.006397642195224762,0.0,0.31298828125,0.31298828125
late_rollout_drift,2,ep00199_t0093_item004817,1,H1,E8,17,enemy,False,False,0.6806663870811462,False,0.0,-0.00562286376953125,0.0,0.0030517578125,0.006397642195224762,0.0,0.31298828125,0.31298828125
late_rollout_drift,2,ep00199_t0093_item004817,1,H1,E9,18,enemy,False,False,0.6806663870811462,False,0.0,-0.00562286376953125,0.0,0.0030517578125,0.006397642195224762,0.0,0.31298828125,0.31298828125
late_rollout_drift,2,ep00199_t0093_item004817,5,H5,A0,0,ally,True,True,0.9991374015808105,True,-0.37490642070770264,-0.37109375,-0.1781700849533081,-0.2147216796875,0.036749906837940216,0.8080000281333923,0.72509765625,0.08290237188339233
late_rollout_drift,2,ep00199_t0093_item004817,5,H5,A1,1,ally,True,True,0.9992504715919495,True,-0.28598886728286743,-0.27001953125,-0.05418995022773743,-0.1427001953125,0.08993933349847794,0.5360000133514404,0.82763671875,0.29163670539855957
late_rollout_drift,2,ep00199_t0093_item004817,5,H5,A2,2,ally,True,False,0.013121271505951881,False,0.0,0.01360321044921875,0.0,0.0194244384765625,0.02371404878795147,0.0,-0.00812530517578125,0.00812530517578125
late_rollout_drift,2,ep00199_t0093_item004817,5,H5,A3,3,ally,True,False,0.013121271505951881,False,0.0,0.01360321044921875,0.0,0.0194244384765625,0.02371404878795147,0.0,-0.00812530517578125,0.00812530517578125
late_rollout_drift,2,ep00199_t0093_item004817,5,H5,A4,4,ally,True,False,0.013121271505951881,False,0.0,0.01360321044921875,0.0,0.0194244384765625,0.02371404878795147,0.0,-0.00812530517578125,0.00812530517578125
late_rollout_drift,2,ep00199_t0093_item004817,5,H5,A5,5,ally,True,False,0.013121271505951881,False,0.0,0.01360321044921875,0.0,0.0194244384765625,0.02371404878795147,0.0,-0.00812530517578125,0.00812530517578125
late_rollout_drift,2,ep00199_t0093_item004817,5,H5,A6,6,ally,False,False,0.6806663870811462,False,0.0,0.0030517578125,0.0,0.065185546875,0.06525694578886032,0.0,0.31298828125,0.31298828125
late_rollout_drift,2,ep00199_t0093_item004817,5,H5,A7,7,ally,False,False,0.6806663870811462,False,0.0,0.0030517578125,0.0,0.065185546875,0.06525694578886032,0.0,0.31298828125,0.31298828125
late_rollout_drift,2,ep00199_t0093_item004817,5,H5,A8,8,ally,False,False,0.6806663870811462,False,0.0,0.0030517578125,0.0,0.065185546875,0.06525694578886032,0.0,0.31298828125,0.31298828125
late_rollout_drift,2,ep00199_t0093_item004817,5,H5,E0,9,enemy,True,True,0.9999998807907104,True,-0.191281259059906,-0.2509765625,0.17021876573562622,0.1798095703125,0.060460835695266724,1.0,0.98193359375,0.01806640625
late_rollout_drift,2,ep00199_t0093_item004817,5,H5,E1,10,enemy,True,False,0.017242778092622757,False,0.0,-0.01280975341796875,0.0,0.00818634033203125,0.015202169306576252,0.0,-0.009002685546875,0.009002685546875
late_rollout_drift,2,ep00199_t0093_item004817,5,H5,E2,11,enemy,True,False,0.017242778092622757,False,0.0,-0.01280975341796875,0.0,0.00818634033203125,0.015202169306576252,0.0,-0.009002685546875,0.009002685546875
late_rollout_drift,2,ep00199_t0093_item004817,5,H5,E3,12,enemy,True,True,0.9999997615814209,True,-0.35378125309944153,-0.261962890625,0.15850001573562622,0.1400146484375,0.09366066753864288,1.0,0.9404296875,0.0595703125
late_rollout_drift,2,ep00199_t0093_item004817,5,H5,E4,13,enemy,True,False,0.017242778092622757,False,0.0,-0.01280975341796875,0.0,0.00818634033203125,0.015202169306576252,0.0,-0.009002685546875,0.009002685546875
late_rollout_drift,2,ep00199_t0093_item004817,5,H5,E5,14,enemy,False,False,0.6806663870811462,False,0.0,-0.00562286376953125,0.0,0.0030517578125,0.006397642195224762,0.0,0.31298828125,0.31298828125
late_rollout_drift,2,ep00199_t0093_item004817,5,H5,E6,15,enemy,False,False,0.6806663870811462,False,0.0,-0.00562286376953125,0.0,0.0030517578125,0.006397642195224762,0.0,0.31298828125,0.31298828125
late_rollout_drift,2,ep00199_t0093_item004817,5,H5,E7,16,enemy,False,False,0.6806663870811462,False,0.0,-0.00562286376953125,0.0,0.0030517578125,0.006397642195224762,0.0,0.31298828125,0.31298828125
late_rollout_drift,2,ep00199_t0093_item004817,5,H5,E8,17,enemy,False,False,0.6806663870811462,False,0.0,-0.00562286376953125,0.0,0.0030517578125,0.006397642195224762,0.0,0.31298828125,0.31298828125
late_rollout_drift,2,ep00199_t0093_item004817,5,H5,E9,18,enemy,False,False,0.6806663870811462,False,0.0,-0.00562286376953125,0.0,0.0030517578125,0.006397642195224762,0.0,0.31298828125,0.31298828125
late_rollout_drift,2,ep00199_t0093_item004817,15,H15,A0,0,ally,True,True,0.998389720916748,True,-0.3256876468658447,-0.375244140625,-0.14582723379135132,-0.1612548828125,0.051902394741773605,0.8080000281333923,0.6025390625,0.20546096563339233
late_rollout_drift,2,ep00199_t0093_item004817,15,H15,A1,1,ally,True,True,0.9990637898445129,True,-0.43364518880844116,-0.32080078125,-0.004971295595169067,-0.1392822265625,0.17542316019535065,0.07199999690055847,0.7705078125,0.6985077857971191
late_rollout_drift,2,ep00199_t0093_item004817,15,H15,A2,2,ally,True,False,0.012970386072993279,False,0.0,0.01430511474609375,0.0,0.0223541259765625,0.02653946541249752,0.0,-0.003543853759765625,0.003543853759765625
late_rollout_drift,2,ep00199_t0093_item004817,15,H15,A3,3,ally,True,False,0.012970386072993279,False,0.0,0.01430511474609375,0.0,0.0223541259765625,0.02653946541249752,0.0,-0.003543853759765625,0.003543853759765625
late_rollout_drift,2,ep00199_t0093_item004817,15,H15,A4,4,ally,True,False,0.012970386072993279,False,0.0,0.01430511474609375,0.0,0.0223541259765625,0.02653946541249752,0.0,-0.003543853759765625,0.003543853759765625
late_rollout_drift,2,ep00199_t0093_item004817,15,H15,A5,5,ally,True,False,0.012970386072993279,False,0.0,0.01430511474609375,0.0,0.0223541259765625,0.02653946541249752,0.0,-0.003543853759765625,0.003543853759765625
late_rollout_drift,2,ep00199_t0093_item004817,15,H15,A6,6,ally,False,False,0.6806663870811462,False,0.0,0.0030517578125,0.0,0.065185546875,0.06525694578886032,0.0,0.31298828125,0.31298828125
late_rollout_drift,2,ep00199_t0093_item004817,15,H15,A7,7,ally,False,False,0.6806663870811462,False,0.0,0.0030517578125,0.0,0.065185546875,0.06525694578886032,0.0,0.31298828125,0.31298828125
late_rollout_drift,2,ep00199_t0093_item004817,15,H15,A8,8,ally,False,False,0.6806663870811462,False,0.0,0.0030517578125,0.0,0.065185546875,0.06525694578886032,0.0,0.31298828125,0.31298828125
late_rollout_drift,2,ep00199_t0093_item004817,15,H15,E0,9,enemy,True,True,0.9999998807907104,True,-0.191281259059906,-0.249267578125,0.17021876573562622,0.1796875,0.058754321187734604,1.0,0.9814453125,0.0185546875
late_rollout_drift,2,ep00199_t0093_item004817,15,H15,E1,10,enemy,True,False,0.017309095710515976,False,0.0,-0.0163726806640625,0.0,0.00876617431640625,0.0185717660933733,0.0,-0.0045928955078125,0.0045928955078125
late_rollout_drift,2,ep00199_t0093_item004817,15,H15,E2,11,enemy,True,False,0.017309095710515976,False,0.0,-0.0163726806640625,0.0,0.00876617431640625,0.0185717660933733,0.0,-0.0045928955078125,0.0045928955078125
late_rollout_drift,2,ep00199_t0093_item004817,15,H15,E3,12,enemy,True,True,0.9999997615814209,True,-0.35378125309944153,-0.262939453125,0.15850001573562622,0.140869140625,0.09253691136837006,1.0,0.923828125,0.076171875
late_rollout_drift,2,ep00199_t0093_item004817,15,H15,E4,13,enemy,True,False,0.017309095710515976,False,0.0,-0.0163726806640625,0.0,0.00876617431640625,0.0185717660933733,0.0,-0.0045928955078125,0.0045928955078125
late_rollout_drift,2,ep00199_t0093_item004817,15,H15,E5,14,enemy,False,False,0.6806663870811462,False,0.0,-0.00562286376953125,0.0,0.0030517578125,0.006397642195224762,0.0,0.31298828125,0.31298828125
late_rollout_drift,2,ep00199_t0093_item004817,15,H15,E6,15,enemy,False,False,0.6806663870811462,False,0.0,-0.00562286376953125,0.0,0.0030517578125,0.006397642195224762,0.0,0.31298828125,0.31298828125
late_rollout_drift,2,ep00199_t0093_item004817,15,H15,E7,16,enemy,False,False,0.6806663870811462,False,0.0,-0.00562286376953125,0.0,0.0030517578125,0.006397642195224762,0.0,0.31298828125,0.31298828125
late_rollout_drift,2,ep00199_t0093_item004817,15,H15,E8,17,enemy,False,False,0.6806663870811462,False,0.0,-0.00562286376953125,0.0,0.0030517578125,0.006397642195224762,0.0,0.31298828125,0.31298828125
late_rollout_drift,2,ep00199_t0093_item004817,15,H15,E9,18,enemy,False,False,0.6806663870811462,False,0.0,-0.00562286376953125,0.0,0.0030517578125,0.006397642195224762,0.0,0.31298828125,0.31298828125
position_drift,1,ep00129_t0016_item002409,1,H1,A0,0,ally,True,True,0.9997428059577942,True,-0.1396092176437378,-0.1668701171875,-0.2302379310131073,-0.198486328125,0.04184878617525101,0.8999999761581421,0.83154296875,0.06845700740814209
position_drift,1,ep00129_t0016_item002409,1,H1,A1,1,ally,True,False,0.043446898460388184,False,0.0,-0.006946563720703125,0.0,0.002079010009765625,0.0072510018944740295,0.0,0.00719451904296875,0.00719451904296875
position_drift,1,ep00129_t0016_item002409,1,H1,A2,2,ally,True,False,0.043446898460388184,False,0.0,-0.006946563720703125,0.0,0.002079010009765625,0.0072510018944740295,0.0,0.00719451904296875,0.00719451904296875
position_drift,1,ep00129_t0016_item002409,1,H1,A3,3,ally,True,True,0.9958980679512024,True,-0.334256112575531,-0.341552734375,0.13429361581802368,0.15625,0.023137059062719345,1.0,0.96826171875,0.03173828125
position_drift,1,ep00129_t0016_item002409,1,H1,A4,4,ally,True,False,0.6517983078956604,False,0.0,-0.1109619140625,0.0,0.12091064453125,0.1641095131635666,0.0,0.1351318359375,0.1351318359375
position_drift,1,ep00129_t0016_item002409,1,H1,A5,5,ally,True,True,0.9936116337776184,True,-0.16779157519340515,-0.1611328125,0.21498709917068481,0.2025146484375,0.014138639904558659,0.8080000281333923,0.78515625,0.022843778133392334
position_drift,1,ep00129_t0016_item002409,1,H1,A6,6,ally,True,True,0.9893062710762024,True,-0.20663902163505554,-0.2178955078125,0.1815558671951294,0.193115234375,0.01613466627895832,1.0,0.94140625,0.05859375
position_drift,1,ep00129_t0016_item002409,1,H1,A7,7,ally,True,False,0.060197047889232635,False,0.0,0.00872802734375,0.0,0.0289306640625,0.030218567699193954,0.0,0.01067352294921875,0.01067352294921875
position_drift,1,ep00129_t0016_item002409,1,H1,A8,8,ally,False,False,0.6806663870811462,False,0.0,0.0030517578125,0.0,0.065185546875,0.06525694578886032,0.0,0.31298828125,0.31298828125
position_drift,1,ep00129_t0016_item002409,1,H1,E0,9,enemy,True,True,0.9999932050704956,True,0.022265911102294922,0.05670166015625,-0.04171910881996155,-0.000659942626953125,0.05358802154660225,1.0,0.96533203125,0.03466796875
position_drift,1,ep00129_t0016_item002409,1,H1,E1,10,enemy,True,True,0.9990302324295044,True,-0.08707398176193237,-0.08819580078125,0.016212940216064453,0.01068878173828125,0.005636914633214474,1.0,0.7890625,0.2109375
position_drift,1,ep00129_t0016_item002409,1,H1,E2,11,enemy,True,True,0.9998655319213867,True,-0.06293275952339172,-0.10284423828125,0.02088320255279541,0.0168609619140625,0.040113646537065506,1.0,0.87841796875,0.12158203125
position_drift,1,ep00129_t0016_item002409,1,H1,E3,12,enemy,True,True,0.9999589920043945,True,-0.09913292527198792,-0.120849609375,-0.003938853740692139,-0.020416259765625,0.02726021409034729,1.0,0.9033203125,0.0966796875
position_drift,1,ep00129_t0016_item002409,1,H1,E4,13,enemy,True,True,0.9999959468841553,True,0.014360308647155762,-0.002178192138671875,0.07605153322219849,0.048828125,0.03185335174202919,0.8080000281333923,0.82958984375,0.021589815616607666
position_drift,1,ep00129_t0016_item002409,1,H1,E5,14,enemy,True,True,0.9999959468841553,True,-0.012390464544296265,-0.0167694091796875,0.05505108833312988,0.063232421875,0.009279513731598854,0.8479999899864197,0.9091796875,0.06117969751358032
position_drift,1,ep00129_t0016_item002409,1,H1,E6,15,enemy,True,True,0.9999955892562866,True,-0.03481578826904297,-0.07806396484375,0.03476536273956299,0.0355224609375,0.043254803866147995,1.0,0.9228515625,0.0771484375
position_drift,1,ep00129_t0016_item002409,1,H1,E7,16,enemy,False,False,0.6806663870811462,False,0.0,-0.00562286376953125,0.0,0.0030517578125,0.006397642195224762,0.0,0.31298828125,0.31298828125
position_drift,1,ep00129_t0016_item002409,1,H1,E8,17,enemy,False,False,0.6806663870811462,False,0.0,-0.00562286376953125,0.0,0.0030517578125,0.006397642195224762,0.0,0.31298828125,0.31298828125
position_drift,1,ep00129_t0016_item002409,1,H1,E9,18,enemy,False,False,0.6806663870811462,False,0.0,-0.00562286376953125,0.0,0.0030517578125,0.006397642195224762,0.0,0.31298828125,0.31298828125
position_drift,1,ep00129_t0016_item002409,5,H5,A0,0,ally,True,True,0.9996923208236694,True,-0.1396092176437378,-0.160888671875,-0.2302379310131073,-0.2066650390625,0.03175683319568634,0.8999999761581421,0.7998046875,0.10019528865814209
position_drift,1,ep00129_t0016_item002409,5,H5,A1,1,ally,True,False,0.03210070729255676,False,0.0,0.001964569091796875,0.0,0.00395965576171875,0.004420226905494928,0.0,0.006160736083984375,0.006160736083984375
position_drift,1,ep00129_t0016_item002409,5,H5,A2,2,ally,True,False,0.03210070729255676,False,0.0,0.001964569091796875,0.0,0.00395965576171875,0.004420226905494928,0.0,0.006160736083984375,0.006160736083984375
position_drift,1,ep00129_t0016_item002409,5,H5,A3,3,ally,True,True,0.9943140745162964,True,-0.3834748864173889,-0.3916015625,0.13429361581802368,0.09649658203125,0.038660816848278046,1.0,0.921875,0.078125
position_drift,1,ep00129_t0016_item002409,5,H5,A4,4,ally,True,False,0.03941638767719269,False,0.0,0.0047760009765625,0.0,0.0159912109375,0.01668918877840042,0.0,0.0136871337890625,0.0136871337890625
position_drift,1,ep00129_t0016_item002409,5,H5,A5,5,ally,True,True,0.988447368144989,True,-0.1281842291355133,-0.12261962890625,0.23007607460021973,0.22119140625,0.010483420453965664,0.4959999918937683,0.7353515625,0.2393515706062317
position_drift,1,ep00129_t0016_item002409,5,H5,A6,6,ally,True,False,0.10932482779026031,False,0.0,-0.0261688232421875,0.0,0.1727294921875,0.1747005581855774,0.0,0.1231689453125,0.1231689453125
position_drift,1,ep00129_t0016_item002409,5,H5,A7,7,ally,True,False,0.07978200167417526,False,0.0,0.013671875,0.0,0.02520751953125,0.028676457703113556,0.0,0.029083251953125,0.029083251953125
position_drift,1,ep00129_t0016_item002409,5,H5,A8,8,ally,False,False,0.6806663870811462,False,0.0,0.0030517578125,0.0,0.065185546875,0.06525694578886032,0.0,0.31298828125,0.31298828125
position_drift,1,ep00129_t0016_item002409,5,H5,E0,9,enemy,True,True,0.9999918937683105,True,0.022265911102294922,0.0158233642578125,-0.04171910881996155,0.004596710205078125,0.04676175117492676,1.0,0.97021484375,0.02978515625
position_drift,1,ep00129_t0016_item002409,5,H5,E1,10,enemy,True,True,0.9998623132705688,True,-0.1447189748287201,-0.140869140625,0.0603102445602417,0.0177459716796875,0.04273802414536476,1.0,0.9208984375,0.0791015625
position_drift,1,ep00129_t0016_item002409,5,H5,E2,11,enemy,True,True,0.9998499155044556,True,-0.12143173813819885,-0.1429443359375,0.057610511779785156,0.024688720703125,0.03932729735970497,1.0,0.90625,0.09375
position_drift,1,ep00129_t0016_item002409,5,H5,E3,12,enemy,True,True,0.9999665021896362,True,-0.17085599899291992,-0.126220703125,0.05952739715576172,-0.0241546630859375,0.09484195709228516,1.0,0.9140625,0.0859375
position_drift,1,ep00129_t0016_item002409,5,H5,E4,13,enemy,True,True,0.9999902248382568,True,-0.029751330614089966,-0.07171630859375,0.1113007664680481,0.020660400390625,0.09988360852003098,0.800000011920929,0.72119140625,0.07880860567092896
position_drift,1,ep00129_t0016_item002409,5,H5,E5,14,enemy,True,True,0.9999960660934448,True,-0.053772956132888794,-0.046630859375,0.08524024486541748,0.01338958740234375,0.07220475375652313,0.8080000281333923,0.90576171875,0.09776169061660767
position_drift,1,ep00129_t0016_item002409,5,H5,E6,15,enemy,True,True,0.9999946355819702,True,-0.08928170800209045,-0.096923828125,0.0653601884841919,0.03216552734375,0.03406299278140068,1.0,0.94921875,0.05078125
position_drift,1,ep00129_t0016_item002409,5,H5,E7,16,enemy,False,False,0.6806663870811462,False,0.0,-0.00562286376953125,0.0,0.0030517578125,0.006397642195224762,0.0,0.31298828125,0.31298828125
position_drift,1,ep00129_t0016_item002409,5,H5,E8,17,enemy,False,False,0.6806663870811462,False,0.0,-0.00562286376953125,0.0,0.0030517578125,0.006397642195224762,0.0,0.31298828125,0.31298828125
position_drift,1,ep00129_t0016_item002409,5,H5,E9,18,enemy,False,False,0.6806663870811462,False,0.0,-0.00562286376953125,0.0,0.0030517578125,0.006397642195224762,0.0,0.31298828125,0.31298828125
position_drift,1,ep00129_t0016_item002409,15,H15,A0,0,ally,True,True,0.9994493126869202,True,-0.08492171764373779,-0.09564208984375,-0.1208629310131073,-0.128662109375,0.013257208280265331,0.8999999761581421,0.6484375,0.2515624761581421
position_drift,1,ep00129_t0016_item002409,15,H15,A1,1,ally,True,False,0.026657739654183388,False,0.0,0.00951385498046875,0.0,-0.005542755126953125,0.011010702699422836,0.0,-0.00801849365234375,0.00801849365234375
position_drift,1,ep00129_t0016_item002409,15,H15,A2,2,ally,True,False,0.026657739654183388,False,0.0,0.00951385498046875,0.0,-0.005542755126953125,0.011010702699422836,0.0,-0.00801849365234375,0.00801849365234375
position_drift,1,ep00129_t0016_item002409,15,H15,A3,3,ally,True,True,0.991455614566803,True,-0.4326936602592468,-0.358642578125,0.17570394277572632,0.05267333984375,0.14359697699546814,1.0,0.8505859375,0.1494140625
position_drift,1,ep00129_t0016_item002409,15,H15,A4,4,ally,True,False,0.02970374934375286,False,0.0,0.01080322265625,0.0,-0.001773834228515625,0.010947881266474724,0.0,-0.00379180908203125,0.00379180908203125
position_drift,1,ep00129_t0016_item002409,15,H15,A5,5,ally,True,False,0.028167473152279854,False,0.0,0.010101318359375,0.0,-0.004566192626953125,0.011085429228842258,0.0,-0.0038890838623046875,0.0038890838623046875
position_drift,1,ep00129_t0016_item002409,15,H15,A6,6,ally,True,False,0.02790137566626072,False,0.0,0.010711669921875,0.0,-0.00470733642578125,0.01170037966221571,0.0,-0.009368896484375,0.009368896484375
position_drift,1,ep00129_t0016_item002409,15,H15,A7,7,ally,True,False,0.07654563337564468,False,0.0,0.02105712890625,0.0,0.0151214599609375,0.025924144312739372,0.0,0.01617431640625,0.01617431640625
position_drift,1,ep00129_t0016_item002409,15,H15,A8,8,ally,False,False,0.6806663870811462,False,0.0,0.0030517578125,0.0,0.065185546875,0.06525694578886032,0.0,0.31298828125,0.31298828125
position_drift,1,ep00129_t0016_item002409,15,H15,E0,9,enemy,True,True,0.9999939203262329,True,-0.08487087488174438,-0.0027923583984375,0.028356552124023438,-0.0123291015625,0.09160897880792618,1.0,0.97802734375,0.02197265625
position_drift,1,ep00129_t0016_item002409,15,H15,E1,10,enemy,True,True,0.9998812675476074,True,-0.21469342708587646,-0.146728515625,0.08857566118240356,0.01202392578125,0.10236892849206924,1.0,0.919921875,0.080078125
position_drift,1,ep00129_t0016_item002409,15,H15,E2,11,enemy,True,True,0.9998300075531006,True,-0.21400803327560425,-0.1778564453125,0.11232292652130127,0.0277557373046875,0.09197036176919937,1.0,0.9052734375,0.0947265625
position_drift,1,ep00129_t0016_item002409,15,H15,E3,12,enemy,True,True,0.9999593496322632,True,-0.19006305932998657,-0.1326904296875,0.0921252965927124,-0.01519775390625,0.12169574946165085,1.0,0.896484375,0.103515625
position_drift,1,ep00129_t0016_item002409,15,H15,E4,13,enemy,True,True,0.9999942779541016,True,-0.20043089985847473,-0.09075927734375,0.06271535158157349,0.006069183349609375,0.123436838388443,1.0,0.8232421875,0.1767578125
position_drift,1,ep00129_t0016_item002409,15,H15,E5,14,enemy,True,True,0.9999955892562866,True,-0.24405437707901,-0.061614990234375,0.08472186326980591,-0.0228729248046875,0.2118036150932312,0.8665000200271606,0.9033203125,0.036820292472839355
position_drift,1,ep00129_t0016_item002409,15,H15,E6,15,enemy,True,True,0.999994158744812,True,-0.1896364688873291,-0.1353759765625,0.11600583791732788,0.038726806640625,0.09442589432001114,1.0,0.95654296875,0.04345703125
position_drift,1,ep00129_t0016_item002409,15,H15,E7,16,enemy,False,False,0.6806663870811462,False,0.0,-0.00562286376953125,0.0,0.0030517578125,0.006397642195224762,0.0,0.31298828125,0.31298828125
position_drift,1,ep00129_t0016_item002409,15,H15,E8,17,enemy,False,False,0.6806663870811462,False,0.0,-0.00562286376953125,0.0,0.0030517578125,0.006397642195224762,0.0,0.31298828125,0.31298828125
position_drift,1,ep00129_t0016_item002409,15,H15,E9,18,enemy,False,False,0.6806663870811462,False,0.0,-0.00562286376953125,0.0,0.0030517578125,0.006397642195224762,0.0,0.31298828125,0.31298828125
position_drift,2,ep00129_t0013_item002409,1,H1,A0,0,ally,True,True,0.9998984336853027,True,-0.2489842176437378,-0.261474609375,-0.1755504310131073,-0.1746826171875,0.0125205023214221,0.8999999761581421,0.86669921875,0.03330075740814209
position_drift,2,ep00129_t0013_item002409,1,H1,A1,1,ally,True,False,0.04535258188843727,False,0.0,-0.013824462890625,0.0,0.021514892578125,0.025573547929525375,0.0,0.00875091552734375,0.00875091552734375
position_drift,2,ep00129_t0013_item002409,1,H1,A2,2,ally,True,False,0.04535258188843727,False,0.0,-0.013824462890625,0.0,0.021514892578125,0.025573547929525375,0.0,0.00875091552734375,0.00875091552734375
position_drift,2,ep00129_t0013_item002409,1,H1,A3,3,ally,True,True,0.9954439401626587,True,-0.334256112575531,-0.3369140625,0.13429361581802368,0.2047119140625,0.07046844065189362,1.0,0.9892578125,0.0107421875
position_drift,2,ep00129_t0013_item002409,1,H1,A4,4,ally,True,True,0.9837850332260132,True,-0.15504568815231323,-0.1343994140625,0.14661890268325806,0.128662109375,0.027362657710909843,0.8799999952316284,0.82275390625,0.05724608898162842
position_drift,2,ep00129_t0013_item002409,1,H1,A5,5,ally,True,True,0.9917163252830505,True,-0.16779157519340515,-0.1685791015625,0.1913244128227234,0.2130126953125,0.02170257642865181,0.8080000281333923,0.748046875,0.059953153133392334
position_drift,2,ep00129_t0013_item002409,1,H1,A6,6,ally,True,True,0.9818056225776672,True,-0.17878779768943787,-0.1610107421875,0.163807213306427,0.2044677734375,0.04437685012817383,1.0,0.94287109375,0.05712890625
position_drift,2,ep00129_t0013_item002409,1,H1,A7,7,ally,True,False,0.6577582955360413,False,0.0,-0.06353759765625,0.0,0.1466064453125,0.15978258848190308,0.0,0.2344970703125,0.2344970703125
position_drift,2,ep00129_t0013_item002409,1,H1,A8,8,ally,False,False,0.6806663870811462,False,0.0,0.0030517578125,0.0,0.065185546875,0.06525694578886032,0.0,0.31298828125,0.31298828125
position_drift,2,ep00129_t0013_item002409,1,H1,E0,9,enemy,True,True,0.9999918937683105,True,0.022265911102294922,0.06121826171875,-0.04171910881996155,0.004451751708984375,0.060407236218452454,1.0,0.9794921875,0.0205078125
position_drift,2,ep00129_t0013_item002409,1,H1,E1,10,enemy,True,True,0.999713122844696,True,-0.08707398176193237,-0.0953369140625,0.016212940216064453,0.0059661865234375,0.013163282535970211,1.0,0.9111328125,0.0888671875
position_drift,2,ep00129_t0013_item002409,1,H1,E2,11,enemy,True,True,0.9998568296432495,True,-0.06293275952339172,-0.0911865234375,0.02088320255279541,0.017852783203125,0.02841581590473652,1.0,0.8671875,0.1328125
position_drift,2,ep00129_t0013_item002409,1,H1,E3,12,enemy,True,True,0.9999524354934692,True,-0.09913292527198792,-0.1109619140625,-0.003938853740692139,-0.0231170654296875,0.022532837465405464,1.0,0.912109375,0.087890625
position_drift,2,ep00129_t0013_item002409,1,H1,E4,13,enemy,True,True,0.999997615814209,True,0.014360308647155762,-0.00018644332885742188,0.07605153322219849,0.05859375,0.02272404357790947,0.8080000281333923,0.91796875,0.10996872186660767
position_drift,2,ep00129_t0013_item002409,1,H1,E5,14,enemy,True,True,0.9999977350234985,True,-0.012390464544296265,-0.01023101806640625,0.05505108833312988,0.06060791015625,0.005961667280644178,1.0,0.99755859375,0.00244140625
position_drift,2,ep00129_t0013_item002409,1,H1,E6,15,enemy,True,True,0.9999967813491821,True,-0.03481578826904297,-0.0740966796875,0.03476536273956299,0.031585693359375,0.039409372955560684,1.0,0.91552734375,0.08447265625
position_drift,2,ep00129_t0013_item002409,1,H1,E7,16,enemy,False,False,0.6806663870811462,False,0.0,-0.00562286376953125,0.0,0.0030517578125,0.006397642195224762,0.0,0.31298828125,0.31298828125
position_drift,2,ep00129_t0013_item002409,1,H1,E8,17,enemy,False,False,0.6806663870811462,False,0.0,-0.00562286376953125,0.0,0.0030517578125,0.006397642195224762,0.0,0.31298828125,0.31298828125
position_drift,2,ep00129_t0013_item002409,1,H1,E9,18,enemy,False,False,0.6806663870811462,False,0.0,-0.00562286376953125,0.0,0.0030517578125,0.006397642195224762,0.0,0.31298828125,0.31298828125
position_drift,2,ep00129_t0013_item002409,5,H5,A0,0,ally,True,True,0.9998028874397278,True,-0.1396092176437378,-0.1744384765625,-0.1755504310131073,-0.1793212890625,0.03503279387950897,0.8999999761581421,0.85791015625,0.04208981990814209
position_drift,2,ep00129_t0013_item002409,5,H5,A1,1,ally,True,False,0.039048291742801666,False,0.0,0.0005717277526855469,0.0,0.01142120361328125,0.011435505002737045,0.0,0.0140838623046875,0.0140838623046875
position_drift,2,ep00129_t0013_item002409,5,H5,A2,2,ally,True,False,0.039048291742801666,False,0.0,0.0005717277526855469,0.0,0.01142120361328125,0.011435505002737045,0.0,0.0140838623046875,0.0140838623046875
position_drift,2,ep00129_t0013_item002409,5,H5,A3,3,ally,True,True,0.9937587976455688,True,-0.3834748864173889,-0.423095703125,0.13429361581802368,0.10162353515625,0.05135312303900719,1.0,0.9189453125,0.0810546875
position_drift,2,ep00129_t0013_item002409,5,H5,A4,4,ally,True,False,0.05460060387849808,False,0.0,0.01007080078125,0.0,0.058685302734375,0.05954314395785332,0.0,0.017730712890625,0.017730712890625
position_drift,2,ep00129_t0013_item002409,5,H5,A5,5,ally,True,True,0.9897116422653198,True,-0.16779157519340515,-0.159423828125,0.2291070818901062,0.26123046875,0.03319535031914711,0.8080000281333923,0.7373046875,0.07069534063339233
position_drift,2,ep00129_t0013_item002409,5,H5,A6,6,ally,True,True,0.9641192555427551,True,-0.15742036700248718,-0.10662841796875,0.1815558671951294,0.227294921875,0.06835117191076279,0.5111111402511597,0.890625,0.37951385974884033
position_drift,2,ep00129_t0013_item002409,5,H5,A7,7,ally,True,False,0.06779313832521439,False,0.0,0.01033782958984375,0.0,0.0311279296875,0.032799676060676575,0.0,0.0243072509765625,0.0243072509765625
position_drift,2,ep00129_t0013_item002409,5,H5,A8,8,ally,False,False,0.6806663870811462,False,0.0,0.0030517578125,0.0,0.065185546875,0.06525694578886032,0.0,0.31298828125,0.31298828125
position_drift,2,ep00129_t0013_item002409,5,H5,E0,9,enemy,True,True,0.9999922513961792,True,0.022265911102294922,0.0305938720703125,-0.04171910881996155,0.003376007080078125,0.04585765302181244,1.0,0.98291015625,0.01708984375
position_drift,2,ep00129_t0013_item002409,5,H5,E1,10,enemy,True,True,0.9997040629386902,True,-0.11283689737319946,-0.11114501953125,0.03302234411239624,0.0178680419921875,0.015248453244566917,1.0,0.8603515625,0.1396484375
position_drift,2,ep00129_t0013_item002409,5,H5,E2,11,enemy,True,True,0.9997219443321228,True,-0.09048908948898315,-0.124755859375,0.03873467445373535,0.0146484375,0.04188505932688713,1.0,0.86962890625,0.13037109375
position_drift,2,ep00129_t0013_item002409,5,H5,E3,12,enemy,True,True,0.9999349117279053,True,-0.13257068395614624,-0.10235595703125,0.01952493190765381,-0.029022216796875,0.05718177556991577,1.0,0.86669921875,0.13330078125
position_drift,2,ep00129_t0013_item002409,5,H5,E4,13,enemy,True,True,0.9999978542327881,True,-0.008866280317306519,-0.056121826171875,0.08770537376403809,0.0391845703125,0.06773001700639725,0.843999981880188,0.947265625,0.10326564311981201
position_drift,2,ep00129_t0013_item002409,5,H5,E5,14,enemy,True,True,0.9999971389770508,True,-0.042043447494506836,-0.040924072265625,0.07607370615005493,0.0291290283203125,0.04695802181959152,0.8479999899864197,0.962890625,0.11489063501358032
position_drift,2,ep00129_t0013_item002409,5,H5,E6,15,enemy,True,True,0.9999954700469971,True,-0.06619924306869507,-0.09613037109375,0.04975557327270508,0.03851318359375,0.03197285905480385,1.0,0.94140625,0.05859375
position_drift,2,ep00129_t0013_item002409,5,H5,E7,16,enemy,False,False,0.6806663870811462,False,0.0,-0.00562286376953125,0.0,0.0030517578125,0.006397642195224762,0.0,0.31298828125,0.31298828125
position_drift,2,ep00129_t0013_item002409,5,H5,E8,17,enemy,False,False,0.6806663870811462,False,0.0,-0.00562286376953125,0.0,0.0030517578125,0.006397642195224762,0.0,0.31298828125,0.31298828125
position_drift,2,ep00129_t0013_item002409,5,H5,E9,18,enemy,False,False,0.6806663870811462,False,0.0,-0.00562286376953125,0.0,0.0030517578125,0.006397642195224762,0.0,0.31298828125,0.31298828125
position_drift,2,ep00129_t0013_item002409,15,H15,A0,0,ally,True,True,0.9997468590736389,True,-0.08492171764373779,-0.1484375,-0.2302379310131073,-0.19873046875,0.07090116292238235,0.8999999761581421,0.76220703125,0.1377929449081421
position_drift,2,ep00129_t0013_item002409,15,H15,A1,1,ally,True,False,0.027742892503738403,False,0.0,0.00933837890625,0.0,-0.00426483154296875,0.010266163386404514,0.0,-0.00914764404296875,0.00914764404296875
position_drift,2,ep00129_t0013_item002409,15,H15,A2,2,ally,True,False,0.027742892503738403,False,0.0,0.00933837890625,0.0,-0.00426483154296875,0.010266163386404514,0.0,-0.00914764404296875,0.00914764404296875
position_drift,2,ep00129_t0013_item002409,15,H15,A3,3,ally,True,True,0.9959140419960022,True,-0.48191240429878235,-0.41552734375,0.22492259740829468,0.2108154296875,0.06786743551492691,1.0,0.8818359375,0.1181640625
position_drift,2,ep00129_t0013_item002409,15,H15,A4,4,ally,True,False,0.026657739654183388,False,0.0,0.00890350341796875,0.0,-0.0024585723876953125,0.009236717596650124,0.0,-0.00872802734375,0.00872802734375
position_drift,2,ep00129_t0013_item002409,15,H15,A5,5,ally,True,False,0.030157409608364105,False,0.0,0.009521484375,0.0,-0.0030517578125,0.009998594410717487,0.0,-0.003444671630859375,0.003444671630859375
position_drift,2,ep00129_t0013_item002409,15,H15,A6,6,ally,True,False,0.027637723833322525,False,0.0,0.01039886474609375,0.0,-0.003742218017578125,0.011051722802221775,0.0,-0.01102447509765625,0.01102447509765625
position_drift,2,ep00129_t0013_item002409,15,H15,A7,7,ally,True,False,0.07211220264434814,False,0.0,0.0207672119140625,0.0,0.0159912109375,0.02621060609817505,0.0,0.01404571533203125,0.01404571533203125
position_drift,2,ep00129_t0013_item002409,15,H15,A8,8,ally,False,False,0.6806663870811462,False,0.0,0.0030517578125,0.0,0.065185546875,0.06525694578886032,0.0,0.31298828125,0.31298828125
position_drift,2,ep00129_t0013_item002409,15,H15,E0,9,enemy,True,True,0.9999934434890747,True,-0.04108801484107971,0.01070404052734375,0.006004214286804199,-0.0258331298828125,0.06079501286149025,1.0,0.99462890625,0.00537109375
position_drift,2,ep00129_t0013_item002409,15,H15,E1,10,enemy,True,True,0.999843955039978,True,-0.1988082230091095,-0.133056640625,0.09358900785446167,0.01004791259765625,0.10631267726421356,1.0,0.90185546875,0.09814453125
position_drift,2,ep00129_t0013_item002409,15,H15,E2,11,enemy,True,True,0.9997658133506775,True,-0.2415345013141632,-0.1719970703125,0.10381054878234863,0.0174560546875,0.11087178438901901,1.0,0.89453125,0.10546875
position_drift,2,ep00129_t0013_item002409,15,H15,E3,12,enemy,True,True,0.9999285936355591,True,-0.175775408744812,-0.11767578125,0.09854334592819214,-0.021392822265625,0.1332675963640213,1.0,0.849609375,0.150390625
position_drift,2,ep00129_t0013_item002409,15,H15,E4,13,enemy,True,True,0.9999963045120239,True,-0.1924411952495575,-0.089599609375,0.0649341344833374,0.013824462890625,0.11484158784151077,0.9350000023841858,0.9287109375,0.006289064884185791
position_drift,2,ep00129_t0013_item002409,15,H15,E5,14,enemy,True,True,0.9999959468841553,True,-0.22588500380516052,-0.0631103515625,0.07855641841888428,-0.015045166015625,0.18776805698871613,0.8665000200271606,0.95263671875,0.08613669872283936
position_drift,2,ep00129_t0013_item002409,15,H15,E6,15,enemy,True,True,0.999993085861206,True,-0.21815547347068787,-0.1318359375,0.10681837797164917,0.04266357421875,0.1075495257973671,1.0,0.951171875,0.048828125
position_drift,2,ep00129_t0013_item002409,15,H15,E7,16,enemy,False,False,0.6806663870811462,False,0.0,-0.00562286376953125,0.0,0.0030517578125,0.006397642195224762,0.0,0.31298828125,0.31298828125
position_drift,2,ep00129_t0013_item002409,15,H15,E8,17,enemy,False,False,0.6806663870811462,False,0.0,-0.00562286376953125,0.0,0.0030517578125,0.006397642195224762,0.0,0.31298828125,0.31298828125
position_drift,2,ep00129_t0013_item002409,15,H15,E9,18,enemy,False,False,0.6806663870811462,False,0.0,-0.00562286376953125,0.0,0.0030517578125,0.006397642195224762,0.0,0.31298828125,0.31298828125
health_or_damage_miss,1,ep00001_t0002_item000000,1,H1,A0,0,ally,True,True,0.9999706745147705,True,-0.15467053651809692,-0.1346435546875,-0.05485367774963379,-0.11383056640625,0.062284454703330994,1.0,1.0546875,0.0546875
health_or_damage_miss,1,ep00001_t0002_item000000,1,H1,A1,1,ally,True,True,0.996434211730957,True,-0.09579163789749146,-0.11273193359375,-0.034179627895355225,-0.10711669921875,0.0748784989118576,0.6000000238418579,0.58935546875,0.01064455509185791
health_or_damage_miss,1,ep00001_t0002_item000000,1,H1,A2,2,ally,True,True,0.9991832375526428,True,-0.07606333494186401,-0.053253173828125,0.01875925064086914,-0.072021484375,0.09360259026288986,0.8666666746139526,0.73486328125,0.13180339336395264
health_or_damage_miss,1,ep00001_t0002_item000000,1,H1,A3,3,ally,False,False,0.6806663870811462,False,0.0,0.0030517578125,0.0,0.065185546875,0.06525694578886032,0.0,0.31298828125,0.31298828125
health_or_damage_miss,1,ep00001_t0002_item000000,1,H1,A4,4,ally,False,False,0.6806663870811462,False,0.0,0.0030517578125,0.0,0.065185546875,0.06525694578886032,0.0,0.31298828125,0.31298828125
health_or_damage_miss,1,ep00001_t0002_item000000,1,H1,A5,5,ally,False,False,0.6806663870811462,False,0.0,0.0030517578125,0.0,0.065185546875,0.06525694578886032,0.0,0.31298828125,0.31298828125
health_or_damage_miss,1,ep00001_t0002_item000000,1,H1,A6,6,ally,False,False,0.6806663870811462,False,0.0,0.0030517578125,0.0,0.065185546875,0.06525694578886032,0.0,0.31298828125,0.31298828125
health_or_damage_miss,1,ep00001_t0002_item000000,1,H1,A7,7,ally,False,False,0.6806663870811462,False,0.0,0.0030517578125,0.0,0.065185546875,0.06525694578886032,0.0,0.31298828125,0.31298828125
health_or_damage_miss,1,ep00001_t0002_item000000,1,H1,A8,8,ally,False,False,0.6806663870811462,False,0.0,0.0030517578125,0.0,0.065185546875,0.06525694578886032,0.0,0.31298828125,0.31298828125
health_or_damage_miss,1,ep00001_t0002_item000000,1,H1,E0,9,enemy,True,True,0.9999992847442627,True,0.07423019409179688,0.057830810546875,0.004759669303894043,0.039947509765625,0.03882169350981712,0.8666666746139526,0.841796875,0.024869799613952637
health_or_damage_miss,1,ep00001_t0002_item000000,1,H1,E1,10,enemy,True,True,0.9999967813491821,True,0.0569571852684021,0.07916259765625,0.005544066429138184,0.0149688720703125,0.024122754111886024,1.0,0.86572265625,0.13427734375
health_or_damage_miss,1,ep00001_t0002_item000000,1,H1,E2,11,enemy,False,False,0.6806663870811462,False,0.0,-0.00562286376953125,0.0,0.0030517578125,0.006397642195224762,0.0,0.31298828125,0.31298828125
health_or_damage_miss,1,ep00001_t0002_item000000,1,H1,E3,12,enemy,False,False,0.6806663870811462,False,0.0,-0.00562286376953125,0.0,0.0030517578125,0.006397642195224762,0.0,0.31298828125,0.31298828125
health_or_damage_miss,1,ep00001_t0002_item000000,1,H1,E4,13,enemy,False,False,0.6806663870811462,False,0.0,-0.00562286376953125,0.0,0.0030517578125,0.006397642195224762,0.0,0.31298828125,0.31298828125
health_or_damage_miss,1,ep00001_t0002_item000000,1,H1,E5,14,enemy,False,False,0.6806663870811462,False,0.0,-0.00562286376953125,0.0,0.0030517578125,0.006397642195224762,0.0,0.31298828125,0.31298828125
health_or_damage_miss,1,ep00001_t0002_item000000,1,H1,E6,15,enemy,False,False,0.6806663870811462,False,0.0,-0.00562286376953125,0.0,0.0030517578125,0.006397642195224762,0.0,0.31298828125,0.31298828125
health_or_damage_miss,1,ep00001_t0002_item000000,1,H1,E7,16,enemy,False,False,0.6806663870811462,False,0.0,-0.00562286376953125,0.0,0.0030517578125,0.006397642195224762,0.0,0.31298828125,0.31298828125
health_or_damage_miss,1,ep00001_t0002_item000000,1,H1,E8,17,enemy,False,False,0.6806663870811462,False,0.0,-0.00562286376953125,0.0,0.0030517578125,0.006397642195224762,0.0,0.31298828125,0.31298828125
health_or_damage_miss,1,ep00001_t0002_item000000,1,H1,E9,18,enemy,False,False,0.6806663870811462,False,0.0,-0.00562286376953125,0.0,0.0030517578125,0.006397642195224762,0.0,0.31298828125,0.31298828125
health_or_damage_miss,1,ep00001_t0002_item000000,5,H5,A0,0,ally,True,True,0.9988213181495667,True,-0.10545188188552856,-0.125244140625,-0.05485367774963379,-0.0909423828125,0.04115978628396988,1.0,0.91552734375,0.08447265625
health_or_damage_miss,1,ep00001_t0002_item000000,5,H5,A1,1,ally,True,True,0.8475897312164307,True,-0.046572983264923096,-0.12322998046875,-0.13261693716049194,-0.165283203125,0.08332695066928864,0.20000000298023224,0.083984375,0.11601562798023224
health_or_damage_miss,1,ep00001_t0002_item000000,5,H5,A2,2,ally,True,True,0.8757869601249695,True,-0.07606333494186401,-0.06402587890625,0.01875925064086914,0.008209228515625,0.0160063523799181,0.3333333432674408,0.2529296875,0.0804036557674408
health_or_damage_miss,1,ep00001_t0002_item000000,5,H5,A3,3,ally,False,False,0.6806663870811462,False,0.0,0.0030517578125,0.0,0.065185546875,0.06525694578886032,0.0,0.31298828125,0.31298828125
health_or_damage_miss,1,ep00001_t0002_item000000,5,H5,A4,4,ally,False,False,0.6806663870811462,False,0.0,0.0030517578125,0.0,0.065185546875,0.06525694578886032,0.0,0.31298828125,0.31298828125
health_or_damage_miss,1,ep00001_t0002_item000000,5,H5,A5,5,ally,False,False,0.6806663870811462,False,0.0,0.0030517578125,0.0,0.065185546875,0.06525694578886032,0.0,0.31298828125,0.31298828125
health_or_damage_miss,1,ep00001_t0002_item000000,5,H5,A6,6,ally,False,False,0.6806663870811462,False,0.0,0.0030517578125,0.0,0.065185546875,0.06525694578886032,0.0,0.31298828125,0.31298828125
health_or_damage_miss,1,ep00001_t0002_item000000,5,H5,A7,7,ally,False,False,0.6806663870811462,False,0.0,0.0030517578125,0.0,0.065185546875,0.06525694578886032,0.0,0.31298828125,0.31298828125
health_or_damage_miss,1,ep00001_t0002_item000000,5,H5,A8,8,ally,False,False,0.6806663870811462,False,0.0,0.0030517578125,0.0,0.065185546875,0.06525694578886032,0.0,0.31298828125,0.31298828125
health_or_damage_miss,1,ep00001_t0002_item000000,5,H5,E0,9,enemy,True,True,0.9999810457229614,True,0.07291364669799805,-0.01348114013671875,-0.0021840929985046387,0.052520751953125,0.10225790739059448,0.7333333492279053,0.7431640625,0.009830713272094727
health_or_damage_miss,1,ep00001_t0002_item000000,5,H5,E1,10,enemy,True,True,0.9999792575836182,True,0.0569571852684021,-0.0267333984375,0.005544066429138184,0.02252197265625,0.08539533615112305,0.8666666746139526,0.798828125,0.06783854961395264
health_or_damage_miss,1,ep00001_t0002_item000000,5,H5,E2,11,enemy,False,False,0.6806663870811462,False,0.0,-0.00562286376953125,0.0,0.0030517578125,0.006397642195224762,0.0,0.31298828125,0.31298828125
health_or_damage_miss,1,ep00001_t0002_item000000,5,H5,E3,12,enemy,False,False,0.6806663870811462,False,0.0,-0.00562286376953125,0.0,0.0030517578125,0.006397642195224762,0.0,0.31298828125,0.31298828125
health_or_damage_miss,1,ep00001_t0002_item000000,5,H5,E4,13,enemy,False,False,0.6806663870811462,False,0.0,-0.00562286376953125,0.0,0.0030517578125,0.006397642195224762,0.0,0.31298828125,0.31298828125
health_or_damage_miss,1,ep00001_t0002_item000000,5,H5,E5,14,enemy,False,False,0.6806663870811462,False,0.0,-0.00562286376953125,0.0,0.0030517578125,0.006397642195224762,0.0,0.31298828125,0.31298828125
health_or_damage_miss,1,ep00001_t0002_item000000,5,H5,E6,15,enemy,False,False,0.6806663870811462,False,0.0,-0.00562286376953125,0.0,0.0030517578125,0.006397642195224762,0.0,0.31298828125,0.31298828125
health_or_damage_miss,1,ep00001_t0002_item000000,5,H5,E7,16,enemy,False,False,0.6806663870811462,False,0.0,-0.00562286376953125,0.0,0.0030517578125,0.006397642195224762,0.0,0.31298828125,0.31298828125
health_or_damage_miss,1,ep00001_t0002_item000000,5,H5,E8,17,enemy,False,False,0.6806663870811462,False,0.0,-0.00562286376953125,0.0,0.0030517578125,0.006397642195224762,0.0,0.31298828125,0.31298828125
health_or_damage_miss,1,ep00001_t0002_item000000,5,H5,E9,18,enemy,False,False,0.6806663870811462,False,0.0,-0.00562286376953125,0.0,0.0030517578125,0.006397642195224762,0.0,0.31298828125,0.31298828125
health_or_damage_miss,1,ep00001_t0002_item000000,15,H15,A0,0,ally,True,True,0.9901401400566101,True,-0.10545188188552856,-0.132080078125,-0.2888290286064148,-0.1800537109375,0.11198718845844269,1.0,0.8486328125,0.1513671875
health_or_damage_miss,1,ep00001_t0002_item000000,15,H15,A1,1,ally,True,False,0.02701478824019432,False,0.0,-0.00319671630859375,0.0,0.017120361328125,0.017416249960660934,0.0,-0.012939453125,0.012939453125
health_or_damage_miss,1,ep00001_t0002_item000000,15,H15,A2,2,ally,True,False,0.024191485717892647,False,0.0,-0.005218505859375,0.0,0.021270751953125,0.02190154604613781,0.0,-0.01410675048828125,0.01410675048828125
health_or_damage_miss,1,ep00001_t0002_item000000,15,H15,A3,3,ally,False,False,0.6806663870811462,False,0.0,0.0030517578125,0.0,0.065185546875,0.06525694578886032,0.0,0.31298828125,0.31298828125
health_or_damage_miss,1,ep00001_t0002_item000000,15,H15,A4,4,ally,False,False,0.6806663870811462,False,0.0,0.0030517578125,0.0,0.065185546875,0.06525694578886032,0.0,0.31298828125,0.31298828125
health_or_damage_miss,1,ep00001_t0002_item000000,15,H15,A5,5,ally,False,False,0.6806663870811462,False,0.0,0.0030517578125,0.0,0.065185546875,0.06525694578886032,0.0,0.31298828125,0.31298828125
health_or_damage_miss,1,ep00001_t0002_item000000,15,H15,A6,6,ally,False,False,0.6806663870811462,False,0.0,0.0030517578125,0.0,0.065185546875,0.06525694578886032,0.0,0.31298828125,0.31298828125
health_or_damage_miss,1,ep00001_t0002_item000000,15,H15,A7,7,ally,False,False,0.6806663870811462,False,0.0,0.0030517578125,0.0,0.065185546875,0.06525694578886032,0.0,0.31298828125,0.31298828125
health_or_damage_miss,1,ep00001_t0002_item000000,15,H15,A8,8,ally,False,False,0.6806663870811462,False,0.0,0.0030517578125,0.0,0.065185546875,0.06525694578886032,0.0,0.31298828125,0.31298828125
health_or_damage_miss,1,ep00001_t0002_item000000,15,H15,E0,9,enemy,True,True,0.9996429681777954,True,-0.08154422044754028,-0.11639404296875,-0.0031000375747680664,0.021881103515625,0.042878519743680954,0.46666666865348816,0.5947265625,0.12805989384651184
health_or_damage_miss,1,ep00001_t0002_item000000,15,H15,E1,10,enemy,True,True,0.9998522996902466,True,-0.10034656524658203,-0.1385498046875,0.010892331600189209,0.0035419464111328125,0.03890392929315567,0.6000000238418579,0.7763671875,0.1763671636581421
health_or_damage_miss,1,ep00001_t0002_item000000,15,H15,E2,11,enemy,False,False,0.6806663870811462,False,0.0,-0.00562286376953125,0.0,0.0030517578125,0.006397642195224762,0.0,0.31298828125,0.31298828125
health_or_damage_miss,1,ep00001_t0002_item000000,15,H15,E3,12,enemy,False,False,0.6806663870811462,False,0.0,-0.00562286376953125,0.0,0.0030517578125,0.006397642195224762,0.0,0.31298828125,0.31298828125
health_or_damage_miss,1,ep00001_t0002_item000000,15,H15,E4,13,enemy,False,False,0.6806663870811462,False,0.0,-0.00562286376953125,0.0,0.0030517578125,0.006397642195224762,0.0,0.31298828125,0.31298828125
health_or_damage_miss,1,ep00001_t0002_item000000,15,H15,E5,14,enemy,False,False,0.6806663870811462,False,0.0,-0.00562286376953125,0.0,0.0030517578125,0.006397642195224762,0.0,0.31298828125,0.31298828125
health_or_damage_miss,1,ep00001_t0002_item000000,15,H15,E6,15,enemy,False,False,0.6806663870811462,False,0.0,-0.00562286376953125,0.0,0.0030517578125,0.006397642195224762,0.0,0.31298828125,0.31298828125
health_or_damage_miss,1,ep00001_t0002_item000000,15,H15,E7,16,enemy,False,False,0.6806663870811462,False,0.0,-0.00562286376953125,0.0,0.0030517578125,0.006397642195224762,0.0,0.31298828125,0.31298828125
health_or_damage_miss,1,ep00001_t0002_item000000,15,H15,E8,17,enemy,False,False,0.6806663870811462,False,0.0,-0.00562286376953125,0.0,0.0030517578125,0.006397642195224762,0.0,0.31298828125,0.31298828125
health_or_damage_miss,1,ep00001_t0002_item000000,15,H15,E9,18,enemy,False,False,0.6806663870811462,False,0.0,-0.00562286376953125,0.0,0.0030517578125,0.006397642195224762,0.0,0.31298828125,0.31298828125
health_or_damage_miss,2,ep00001_t0000_item000000,1,H1,A0,0,ally,True,True,0.9999068975448608,True,-0.10545188188552856,-0.0845947265625,-0.05485367774963379,-0.12457275390625,0.07277204841375351,1.0,0.99072265625,0.00927734375
health_or_damage_miss,2,ep00001_t0000_item000000,1,H1,A1,1,ally,True,True,0.999823272228241,True,-0.10555252432823181,-0.14697265625,-0.0032304227352142334,-0.08660888671875,0.0930999219417572,0.8666666746139526,1.0078125,0.14114582538604736
health_or_damage_miss,2,ep00001_t0000_item000000,1,H1,A2,2,ally,True,True,0.9998377561569214,True,-0.11727312207221985,-0.06317138671875,-0.022348672151565552,-0.087890625,0.08498673886060715,1.0,0.92333984375,0.07666015625
health_or_damage_miss,2,ep00001_t0000_item000000,1,H1,A3,3,ally,False,False,0.6806663870811462,False,0.0,0.0030517578125,0.0,0.065185546875,0.06525694578886032,0.0,0.31298828125,0.31298828125
health_or_damage_miss,2,ep00001_t0000_item000000,1,H1,A4,4,ally,False,False,0.6806663870811462,False,0.0,0.0030517578125,0.0,0.065185546875,0.06525694578886032,0.0,0.31298828125,0.31298828125
health_or_damage_miss,2,ep00001_t0000_item000000,1,H1,A5,5,ally,False,False,0.6806663870811462,False,0.0,0.0030517578125,0.0,0.065185546875,0.06525694578886032,0.0,0.31298828125,0.31298828125
health_or_damage_miss,2,ep00001_t0000_item000000,1,H1,A6,6,ally,False,False,0.6806663870811462,False,0.0,0.0030517578125,0.0,0.065185546875,0.06525694578886032,0.0,0.31298828125,0.31298828125
health_or_damage_miss,2,ep00001_t0000_item000000,1,H1,A7,7,ally,False,False,0.6806663870811462,False,0.0,0.0030517578125,0.0,0.065185546875,0.06525694578886032,0.0,0.31298828125,0.31298828125
health_or_damage_miss,2,ep00001_t0000_item000000,1,H1,A8,8,ally,False,False,0.6806663870811462,False,0.0,0.0030517578125,0.0,0.065185546875,0.06525694578886032,0.0,0.31298828125,0.31298828125
health_or_damage_miss,2,ep00001_t0000_item000000,1,H1,E0,9,enemy,True,True,0.9999991655349731,True,0.08654540777206421,0.06988525390625,0.005299806594848633,0.0304412841796875,0.030160481110215187,1.0,0.833984375,0.166015625
health_or_damage_miss,2,ep00001_t0000_item000000,1,H1,E1,10,enemy,True,True,0.9999886751174927,True,0.06310945749282837,0.0863037109375,0.005572974681854248,0.0006237030029296875,0.02371642179787159,1.0,0.88134765625,0.11865234375
health_or_damage_miss,2,ep00001_t0000_item000000,1,H1,E2,11,enemy,False,False,0.6806663870811462,False,0.0,-0.00562286376953125,0.0,0.0030517578125,0.006397642195224762,0.0,0.31298828125,0.31298828125
health_or_damage_miss,2,ep00001_t0000_item000000,1,H1,E3,12,enemy,False,False,0.6806663870811462,False,0.0,-0.00562286376953125,0.0,0.0030517578125,0.006397642195224762,0.0,0.31298828125,0.31298828125
health_or_damage_miss,2,ep00001_t0000_item000000,1,H1,E4,13,enemy,False,False,0.6806663870811462,False,0.0,-0.00562286376953125,0.0,0.0030517578125,0.006397642195224762,0.0,0.31298828125,0.31298828125
health_or_damage_miss,2,ep00001_t0000_item000000,1,H1,E5,14,enemy,False,False,0.6806663870811462,False,0.0,-0.00562286376953125,0.0,0.0030517578125,0.006397642195224762,0.0,0.31298828125,0.31298828125
health_or_damage_miss,2,ep00001_t0000_item000000,1,H1,E6,15,enemy,False,False,0.6806663870811462,False,0.0,-0.00562286376953125,0.0,0.0030517578125,0.006397642195224762,0.0,0.31298828125,0.31298828125
health_or_damage_miss,2,ep00001_t0000_item000000,1,H1,E7,16,enemy,False,False,0.6806663870811462,False,0.0,-0.00562286376953125,0.0,0.0030517578125,0.006397642195224762,0.0,0.31298828125,0.31298828125
health_or_damage_miss,2,ep00001_t0000_item000000,1,H1,E8,17,enemy,False,False,0.6806663870811462,False,0.0,-0.00562286376953125,0.0,0.0030517578125,0.006397642195224762,0.0,0.31298828125,0.31298828125
health_or_damage_miss,2,ep00001_t0000_item000000,1,H1,E9,18,enemy,False,False,0.6806663870811462,False,0.0,-0.00562286376953125,0.0,0.0030517578125,0.006397642195224762,0.0,0.31298828125,0.31298828125
health_or_damage_miss,2,ep00001_t0000_item000000,5,H5,A0,0,ally,True,True,0.9974787831306458,True,-0.15467053651809692,-0.172119140625,-0.10407233238220215,-0.1817626953125,0.07962566614151001,1.0,0.82958984375,0.17041015625
health_or_damage_miss,2,ep00001_t0000_item000000,5,H5,A1,1,ally,True,True,0.9911182522773743,True,-0.046572983264923096,-0.1243896484375,-0.08339828252792358,-0.1483154296875,0.10133937746286392,0.46666666865348816,0.70556640625,0.23889973759651184
health_or_damage_miss,2,ep00001_t0000_item000000,5,H5,A2,2,ally,True,True,0.9207897186279297,True,-0.07606333494186401,-0.03619384765625,0.01875925064086914,-0.004589080810546875,0.04620303586125374,0.6000000238418579,0.368896484375,0.2311035394668579
health_or_damage_miss,2,ep00001_t0000_item000000,5,H5,A3,3,ally,False,False,0.6806663870811462,False,0.0,0.0030517578125,0.0,0.065185546875,0.06525694578886032,0.0,0.31298828125,0.31298828125
health_or_damage_miss,2,ep00001_t0000_item000000,5,H5,A4,4,ally,False,False,0.6806663870811462,False,0.0,0.0030517578125,0.0,0.065185546875,0.06525694578886032,0.0,0.31298828125,0.31298828125
health_or_damage_miss,2,ep00001_t0000_item000000,5,H5,A5,5,ally,False,False,0.6806663870811462,False,0.0,0.0030517578125,0.0,0.065185546875,0.06525694578886032,0.0,0.31298828125,0.31298828125
health_or_damage_miss,2,ep00001_t0000_item000000,5,H5,A6,6,ally,False,False,0.6806663870811462,False,0.0,0.0030517578125,0.0,0.065185546875,0.06525694578886032,0.0,0.31298828125,0.31298828125
health_or_damage_miss,2,ep00001_t0000_item000000,5,H5,A7,7,ally,False,False,0.6806663870811462,False,0.0,0.0030517578125,0.0,0.065185546875,0.06525694578886032,0.0,0.31298828125,0.31298828125
health_or_damage_miss,2,ep00001_t0000_item000000,5,H5,A8,8,ally,False,False,0.6806663870811462,False,0.0,0.0030517578125,0.0,0.065185546875,0.06525694578886032,0.0,0.31298828125,0.31298828125
health_or_damage_miss,2,ep00001_t0000_item000000,5,H5,E0,9,enemy,True,True,0.9999583959579468,True,0.07423019409179688,-0.0413818359375,0.004759669303894043,0.010650634765625,0.11576201766729355,0.7333333492279053,0.58642578125,0.14690756797790527
health_or_damage_miss,2,ep00001_t0000_item000000,5,H5,E1,10,enemy,True,True,0.999994158744812,True,0.0569571852684021,0.01447296142578125,0.005544066429138184,0.0018262863159179688,0.042646583169698715,1.0,0.890625,0.109375
health_or_damage_miss,2,ep00001_t0000_item000000,5,H5,E2,11,enemy,False,False,0.6806663870811462,False,0.0,-0.00562286376953125,0.0,0.0030517578125,0.006397642195224762,0.0,0.31298828125,0.31298828125
health_or_damage_miss,2,ep00001_t0000_item000000,5,H5,E3,12,enemy,False,False,0.6806663870811462,False,0.0,-0.00562286376953125,0.0,0.0030517578125,0.006397642195224762,0.0,0.31298828125,0.31298828125
health_or_damage_miss,2,ep00001_t0000_item000000,5,H5,E4,13,enemy,False,False,0.6806663870811462,False,0.0,-0.00562286376953125,0.0,0.0030517578125,0.006397642195224762,0.0,0.31298828125,0.31298828125
health_or_damage_miss,2,ep00001_t0000_item000000,5,H5,E5,14,enemy,False,False,0.6806663870811462,False,0.0,-0.00562286376953125,0.0,0.0030517578125,0.006397642195224762,0.0,0.31298828125,0.31298828125
health_or_damage_miss,2,ep00001_t0000_item000000,5,H5,E6,15,enemy,False,False,0.6806663870811462,False,0.0,-0.00562286376953125,0.0,0.0030517578125,0.006397642195224762,0.0,0.31298828125,0.31298828125
health_or_damage_miss,2,ep00001_t0000_item000000,5,H5,E7,16,enemy,False,False,0.6806663870811462,False,0.0,-0.00562286376953125,0.0,0.0030517578125,0.006397642195224762,0.0,0.31298828125,0.31298828125
health_or_damage_miss,2,ep00001_t0000_item000000,5,H5,E8,17,enemy,False,False,0.6806663870811462,False,0.0,-0.00562286376953125,0.0,0.0030517578125,0.006397642195224762,0.0,0.31298828125,0.31298828125
health_or_damage_miss,2,ep00001_t0000_item000000,5,H5,E9,18,enemy,False,False,0.6806663870811462,False,0.0,-0.00562286376953125,0.0,0.0030517578125,0.006397642195224762,0.0,0.31298828125,0.31298828125
health_or_damage_miss,2,ep00001_t0000_item000000,15,H15,A0,0,ally,True,True,0.9862046241760254,True,-0.10545188188552856,-0.157470703125,-0.2517118453979492,-0.170654296875,0.0963134691119194,1.0,0.779296875,0.220703125
health_or_damage_miss,2,ep00001_t0000_item000000,15,H15,A1,1,ally,True,False,0.027324529364705086,False,0.0,-0.003692626953125,0.0,0.0185394287109375,0.018903594464063644,0.0,-0.015533447265625,0.015533447265625
health_or_damage_miss,2,ep00001_t0000_item000000,15,H15,A2,2,ally,True,False,0.02595735713839531,False,0.0,-0.00577545166015625,0.0,0.0225067138671875,0.023235920816659927,0.0,-0.015869140625,0.015869140625
health_or_damage_miss,2,ep00001_t0000_item000000,15,H15,A3,3,ally,False,False,0.6806663870811462,False,0.0,0.0030517578125,0.0,0.065185546875,0.06525694578886032,0.0,0.31298828125,0.31298828125
health_or_damage_miss,2,ep00001_t0000_item000000,15,H15,A4,4,ally,False,False,0.6806663870811462,False,0.0,0.0030517578125,0.0,0.065185546875,0.06525694578886032,0.0,0.31298828125,0.31298828125
health_or_damage_miss,2,ep00001_t0000_item000000,15,H15,A5,5,ally,False,False,0.6806663870811462,False,0.0,0.0030517578125,0.0,0.065185546875,0.06525694578886032,0.0,0.31298828125,0.31298828125
health_or_damage_miss,2,ep00001_t0000_item000000,15,H15,A6,6,ally,False,False,0.6806663870811462,False,0.0,0.0030517578125,0.0,0.065185546875,0.06525694578886032,0.0,0.31298828125,0.31298828125
health_or_damage_miss,2,ep00001_t0000_item000000,15,H15,A7,7,ally,False,False,0.6806663870811462,False,0.0,0.0030517578125,0.0,0.065185546875,0.06525694578886032,0.0,0.31298828125,0.31298828125
health_or_damage_miss,2,ep00001_t0000_item000000,15,H15,A8,8,ally,False,False,0.6806663870811462,False,0.0,0.0030517578125,0.0,0.065185546875,0.06525694578886032,0.0,0.31298828125,0.31298828125
health_or_damage_miss,2,ep00001_t0000_item000000,15,H15,E0,9,enemy,True,True,0.9993461966514587,True,-0.09611684083938599,-0.1229248046875,0.00824892520904541,0.0229949951171875,0.030595971271395683,0.46666666865348816,0.51806640625,0.05139973759651184
health_or_damage_miss,2,ep00001_t0000_item000000,15,H15,E1,10,enemy,True,True,0.9997950196266174,True,-0.08552572131156921,-0.149169921875,-0.0001347959041595459,-0.002231597900390625,0.06367873400449753,0.6000000238418579,0.74853515625,0.1485351324081421
health_or_damage_miss,2,ep00001_t0000_item000000,15,H15,E2,11,enemy,False,False,0.6806663870811462,False,0.0,-0.00562286376953125,0.0,0.0030517578125,0.006397642195224762,0.0,0.31298828125,0.31298828125
health_or_damage_miss,2,ep00001_t0000_item000000,15,H15,E3,12,enemy,False,False,0.6806663870811462,False,0.0,-0.00562286376953125,0.0,0.0030517578125,0.006397642195224762,0.0,0.31298828125,0.31298828125
health_or_damage_miss,2,ep00001_t0000_item000000,15,H15,E4,13,enemy,False,False,0.6806663870811462,False,0.0,-0.00562286376953125,0.0,0.0030517578125,0.006397642195224762,0.0,0.31298828125,0.31298828125
health_or_damage_miss,2,ep00001_t0000_item000000,15,H15,E5,14,enemy,False,False,0.6806663870811462,False,0.0,-0.00562286376953125,0.0,0.0030517578125,0.006397642195224762,0.0,0.31298828125,0.31298828125
health_or_damage_miss,2,ep00001_t0000_item000000,15,H15,E6,15,enemy,False,False,0.6806663870811462,False,0.0,-0.00562286376953125,0.0,0.0030517578125,0.006397642195224762,0.0,0.31298828125,0.31298828125
health_or_damage_miss,2,ep00001_t0000_item000000,15,H15,E7,16,enemy,False,False,0.6806663870811462,False,0.0,-0.00562286376953125,0.0,0.0030517578125,0.006397642195224762,0.0,0.31298828125,0.31298828125
health_or_damage_miss,2,ep00001_t0000_item000000,15,H15,E8,17,enemy,False,False,0.6806663870811462,False,0.0,-0.00562286376953125,0.0,0.0030517578125,0.006397642195224762,0.0,0.31298828125,0.31298828125
health_or_damage_miss,2,ep00001_t0000_item000000,15,H15,E9,18,enemy,False,False,0.6806663870811462,False,0.0,-0.00562286376953125,0.0,0.0030517578125,0.006397642195224762,0.0,0.31298828125,0.31298828125
enemy_tracking_failure,1,ep00129_t0012_item002409,1,H1,A0,0,ally,True,True,0.999854564666748,True,-0.2489842176437378,-0.2476806640625,-0.1208629310131073,-0.1219482421875,0.00169621710665524,0.8999999761581421,0.84033203125,0.05966794490814209
enemy_tracking_failure,1,ep00129_t0012_item002409,1,H1,A1,1,ally,True,False,0.0443485826253891,False,0.0,-0.01087188720703125,0.0,0.0125885009765625,0.016633348539471626,0.0,0.001117706298828125,0.001117706298828125
enemy_tracking_failure,1,ep00129_t0012_item002409,1,H1,A2,2,ally,True,False,0.0443485826253891,False,0.0,-0.01087188720703125,0.0,0.0125885009765625,0.016633348539471626,0.0,0.001117706298828125,0.001117706298828125
enemy_tracking_failure,1,ep00129_t0012_item002409,1,H1,A3,3,ally,True,True,0.9942025542259216,True,-0.334256112575531,-0.32861328125,0.08507496118545532,0.152099609375,0.06726176291704178,1.0,0.97216796875,0.02783203125
enemy_tracking_failure,1,ep00129_t0012_item002409,1,H1,A4,4,ally,True,True,0.992452085018158,True,-0.15504568815231323,-0.1563720703125,0.14661890268325806,0.11505126953125,0.031595487147569656,0.9200000166893005,0.88720703125,0.03279298543930054
enemy_tracking_failure,1,ep00129_t0012_item002409,1,H1,A5,5,ally,True,True,0.9955834746360779,True,-0.12030008435249329,-0.11328125,0.1852896809577942,0.1932373046875,0.010603242553770542,0.8080000281333923,0.859375,0.051374971866607666
enemy_tracking_failure,1,ep00129_t0012_item002409,1,H1,A6,6,ally,True,True,0.9806178212165833,True,-0.18416962027549744,-0.162353515625,0.15168088674545288,0.2078857421875,0.060290366411209106,1.0,0.919921875,0.080078125
enemy_tracking_failure,1,ep00129_t0012_item002409,1,H1,A7,7,ally,True,True,0.6149144172668457,True,-0.09154415130615234,-0.06805419921875,0.17603862285614014,0.1070556640625,0.07287267595529556,0.3333333432674408,0.185302734375,0.1480306088924408
enemy_tracking_failure,1,ep00129_t0012_item002409,1,H1,A8,8,ally,False,False,0.6806663870811462,False,0.0,0.0030517578125,0.0,0.065185546875,0.06525694578886032,0.0,0.31298828125,0.31298828125
enemy_tracking_failure,1,ep00129_t0012_item002409,1,H1,E0,9,enemy,True,True,0.99998939037323,True,0.022265911102294922,0.06646728515625,-0.04171910881996155,0.00815582275390625,0.06664285808801651,1.0,0.96875,0.03125
enemy_tracking_failure,1,ep00129_t0012_item002409,1,H1,E1,10,enemy,True,True,0.9996079802513123,True,-0.08707398176193237,-0.09405517578125,0.016212940216064453,-0.002216339111328125,0.019707242026925087,1.0,0.89306640625,0.10693359375
enemy_tracking_failure,1,ep00129_t0012_item002409,1,H1,E2,11,enemy,True,True,0.9998313188552856,True,-0.06293275952339172,-0.0999755859375,0.02088320255279541,0.007244110107421875,0.039473988115787506,1.0,0.86083984375,0.13916015625
enemy_tracking_failure,1,ep00129_t0012_item002409,1,H1,E3,12,enemy,True,True,0.9999227523803711,True,-0.09913292527198792,-0.08782958984375,-0.003938853740692139,-0.0301666259765625,0.028559787198901176,1.0,0.85986328125,0.14013671875
enemy_tracking_failure,1,ep00129_t0012_item002409,1,H1,E4,13,enemy,True,True,0.9999982118606567,True,0.014360308647155762,0.022552490234375,0.07605153322219849,0.052581787109375,0.024858415126800537,1.0,0.9619140625,0.0380859375
enemy_tracking_failure,1,ep00129_t0012_item002409,1,H1,E5,14,enemy,True,True,0.9999961853027344,True,-0.012390464544296265,-0.005489349365234375,0.05505108833312988,0.051788330078125,0.007633543107658625,1.0,0.97509765625,0.02490234375
enemy_tracking_failure,1,ep00129_t0012_item002409,1,H1,E6,15,enemy,True,True,0.9999954700469971,True,-0.03481578826904297,-0.043182373046875,0.03476536273956299,0.038604736328125,0.009205462411046028,1.0,0.88671875,0.11328125
enemy_tracking_failure,1,ep00129_t0012_item002409,1,H1,E7,16,enemy,False,False,0.6806663870811462,False,0.0,-0.00562286376953125,0.0,0.0030517578125,0.006397642195224762,0.0,0.31298828125,0.31298828125
enemy_tracking_failure,1,ep00129_t0012_item002409,1,H1,E8,17,enemy,False,False,0.6806663870811462,False,0.0,-0.00562286376953125,0.0,0.0030517578125,0.006397642195224762,0.0,0.31298828125,0.31298828125
enemy_tracking_failure,1,ep00129_t0012_item002409,1,H1,E9,18,enemy,False,False,0.6806663870811462,False,0.0,-0.00562286376953125,0.0,0.0030517578125,0.006397642195224762,0.0,0.31298828125,0.31298828125
enemy_tracking_failure,1,ep00129_t0012_item002409,5,H5,A0,0,ally,True,True,0.9997867941856384,True,-0.1396092176437378,-0.1712646484375,-0.2302379310131073,-0.21484375,0.035200100392103195,0.8999999761581421,0.86572265625,0.03427731990814209
enemy_tracking_failure,1,ep00129_t0012_item002409,5,H5,A1,1,ally,True,False,0.04352814331650734,False,0.0,-0.003322601318359375,0.0,0.0110321044921875,0.011521589010953903,0.0,0.00676727294921875,0.00676727294921875
enemy_tracking_failure,1,ep00129_t0012_item002409,5,H5,A2,2,ally,True,False,0.04352814331650734,False,0.0,-0.003322601318359375,0.0,0.0110321044921875,0.011521589010953903,0.0,0.00676727294921875,0.00676727294921875
enemy_tracking_failure,1,ep00129_t0012_item002409,5,H5,A3,3,ally,True,True,0.9922744631767273,True,-0.334256112575531,-0.379638671875,0.13429361581802368,0.109130859375,0.05189162865281105,1.0,0.908203125,0.091796875
enemy_tracking_failure,1,ep00129_t0012_item002409,5,H5,A4,4,ally,True,False,0.8643104434013367,False,0.0,-0.133544921875,0.0,0.079345703125,0.15533830225467682,0.0,0.44140625,0.44140625
enemy_tracking_failure,1,ep00129_t0012_item002409,5,H5,A5,5,ally,True,True,0.9964619278907776,True,-0.16779157519340515,-0.1439208984375,0.21498709917068481,0.22021484375,0.02443641796708107,0.8080000281333923,0.87548828125,0.06748825311660767
enemy_tracking_failure,1,ep00129_t0012_item002409,5,H5,A6,6,ally,True,True,0.9610249400138855,True,-0.20663902163505554,-0.130615234375,0.1815558671951294,0.193359375,0.07693464308977127,1.0,0.86865234375,0.13134765625
enemy_tracking_failure,1,ep00129_t0012_item002409,5,H5,A7,7,ally,True,False,0.06941547244787216,False,0.0,0.0018415451049804688,0.0,0.022918701171875,0.022992568090558052,0.0,0.0184173583984375,0.0184173583984375
enemy_tracking_failure,1,ep00129_t0012_item002409,5,H5,A8,8,ally,False,False,0.6806663870811462,False,0.0,0.0030517578125,0.0,0.065185546875,0.06525694578886032,0.0,0.31298828125,0.31298828125
enemy_tracking_failure,1,ep00129_t0012_item002409,5,H5,E0,9,enemy,True,True,0.9999886751174927,True,0.022265911102294922,0.029937744140625,-0.04171910881996155,0.0196075439453125,0.06180465593934059,1.0,0.98291015625,0.01708984375
enemy_tracking_failure,1,ep00129_t0012_item002409,5,H5,E1,10,enemy,True,True,0.9990302324295044,True,-0.08707398176193237,-0.07147216796875,0.016212940216064453,0.01019287109375,0.016722973436117172,1.0,0.75,0.25
enemy_tracking_failure,1,ep00129_t0012_item002409,5,H5,E2,11,enemy,True,True,0.9996199607849121,True,-0.06293275952339172,-0.11627197265625,0.02088320255279541,0.0175628662109375,0.05344245955348015,1.0,0.8583984375,0.1416015625
enemy_tracking_failure,1,ep00129_t0012_item002409,5,H5,E3,12,enemy,True,True,0.9998936653137207,True,-0.09913292527198792,-0.07659912109375,-0.003938853740692139,-0.032562255859375,0.036428991705179214,1.0,0.833984375,0.166015625
enemy_tracking_failure,1,ep00129_t0012_item002409,5,H5,E4,13,enemy,True,True,0.9999977350234985,True,0.014360308647155762,-0.058319091796875,0.07605153322219849,0.0341796875,0.08387816697359085,0.8080000281333923,0.95556640625,0.14756637811660767
enemy_tracking_failure,1,ep00129_t0012_item002409,5,H5,E5,14,enemy,True,True,0.9999971389770508,True,-0.012390464544296265,-0.036285400390625,0.05505108833312988,0.0303192138671875,0.0343894399702549,0.8479999899864197,0.95654296875,0.10854297876358032
enemy_tracking_failure,1,ep00129_t0012_item002409,5,H5,E6,15,enemy,True,True,0.9999960660934448,True,-0.03481578826904297,-0.0789794921875,0.03476536273956299,0.039337158203125,0.04439970850944519,1.0,0.93701171875,0.06298828125
enemy_tracking_failure,1,ep00129_t0012_item002409,5,H5,E7,16,enemy,False,False,0.6806663870811462,False,0.0,-0.00562286376953125,0.0,0.0030517578125,0.006397642195224762,0.0,0.31298828125,0.31298828125
enemy_tracking_failure,1,ep00129_t0012_item002409,5,H5,E8,17,enemy,False,False,0.6806663870811462,False,0.0,-0.00562286376953125,0.0,0.0030517578125,0.006397642195224762,0.0,0.31298828125,0.31298828125
enemy_tracking_failure,1,ep00129_t0012_item002409,5,H5,E9,18,enemy,False,False,0.6806663870811462,False,0.0,-0.00562286376953125,0.0,0.0030517578125,0.006397642195224762,0.0,0.31298828125,0.31298828125
enemy_tracking_failure,1,ep00129_t0012_item002409,15,H15,A0,0,ally,True,True,0.9996993541717529,True,-0.08492171764373779,-0.1483154296875,-0.2302379310131073,-0.1793212890625,0.08130969852209091,0.8999999761581421,0.7412109375,0.1587890386581421
enemy_tracking_failure,1,ep00129_t0012_item002409,15,H15,A1,1,ally,True,False,0.02742854133248329,False,0.0,0.01056671142578125,0.0,-0.004627227783203125,0.01153545081615448,0.0,-0.00966644287109375,0.00966644287109375
enemy_tracking_failure,1,ep00129_t0012_item002409,15,H15,A2,2,ally,True,False,0.02742854133248329,False,0.0,0.01056671142578125,0.0,-0.004627227783203125,0.01153545081615448,0.0,-0.00966644287109375,0.00966644287109375
enemy_tracking_failure,1,ep00129_t0012_item002409,15,H15,A3,3,ally,True,True,0.996160626411438,True,-0.48191240429878235,-0.433837890625,0.20797443389892578,0.130615234375,0.0910802111029625,1.0,0.87939453125,0.12060546875
enemy_tracking_failure,1,ep00129_t0012_item002409,15,H15,A4,4,ally,True,False,0.02527489699423313,False,0.0,0.00940704345703125,0.0,-0.003864288330078125,0.010169818066060543,0.0,-0.01091766357421875,0.01091766357421875
enemy_tracking_failure,1,ep00129_t0012_item002409,15,H15,A5,5,ally,True,False,0.029816539958119392,False,0.0,0.01088714599609375,0.0,-0.00199127197265625,0.011067750863730907,0.0,-0.0029773712158203125,0.0029773712158203125
enemy_tracking_failure,1,ep00129_t0012_item002409,15,H15,A6,6,ally,True,False,0.02992974780499935,False,0.0,0.01206207275390625,0.0,-0.0026607513427734375,0.01235205214470625,0.0,-0.01081085205078125,0.01081085205078125
enemy_tracking_failure,1,ep00129_t0012_item002409,15,H15,A7,7,ally,True,False,0.0699218362569809,False,0.0,0.02117919921875,0.0,0.01337432861328125,0.025048576295375824,0.0,0.01221466064453125,0.01221466064453125
enemy_tracking_failure,1,ep00129_t0012_item002409,15,H15,A8,8,ally,False,False,0.6806663870811462,False,0.0,0.0030517578125,0.0,0.065185546875,0.06525694578886032,0.0,0.31298828125,0.31298828125
enemy_tracking_failure,1,ep00129_t0012_item002409,15,H15,E0,9,enemy,True,True,0.9999933242797852,True,-0.04108801484107971,0.00505828857421875,0.006004214286804199,-0.01235198974609375,0.049663182348012924,1.0,1.0029296875,0.0029296875
enemy_tracking_failure,1,ep00129_t0012_item002409,15,H15,E1,10,enemy,True,True,0.9998390674591064,True,-0.19388332962989807,-0.12213134765625,0.09769439697265625,0.01262664794921875,0.11128732562065125,1.0,0.896484375,0.103515625
enemy_tracking_failure,1,ep00129_t0012_item002409,15,H15,E2,11,enemy,True,True,0.9997448325157166,True,-0.2386813461780548,-0.171630859375,0.09151798486709595,0.027923583984375,0.09241220355033875,1.0,0.896484375,0.103515625
enemy_tracking_failure,1,ep00129_t0012_item002409,15,H15,E3,12,enemy,True,True,0.999906063079834,True,-0.17433705925941467,-0.10223388671875,0.11103343963623047,-0.01425933837890625,0.14455845952033997,1.0,0.814453125,0.185546875
enemy_tracking_failure,1,ep00129_t0012_item002409,15,H15,E4,13,enemy,True,True,0.9999959468841553,True,-0.17867109179496765,-0.10980224609375,0.0704343318939209,0.01885986328125,0.08603978157043457,0.8989999890327454,0.9267578125,0.02775782346725464
enemy_tracking_failure,1,ep00129_t0012_item002409,15,H15,E5,14,enemy,True,True,0.9999959468841553,True,-0.21343514323234558,-0.06512451171875,0.07568484544754028,-0.01415252685546875,0.17339779436588287,0.8665000200271606,0.9482421875,0.08174216747283936
enemy_tracking_failure,1,ep00129_t0012_item002409,15,H15,E6,15,enemy,True,True,0.9999929666519165,True,-0.21596792340278625,-0.1287841796875,0.10554265975952148,0.048919677734375,0.10395752638578415,1.0,0.94970703125,0.05029296875
enemy_tracking_failure,1,ep00129_t0012_item002409,15,H15,E7,16,enemy,False,False,0.6806663870811462,False,0.0,-0.00562286376953125,0.0,0.0030517578125,0.006397642195224762,0.0,0.31298828125,0.31298828125
enemy_tracking_failure,1,ep00129_t0012_item002409,15,H15,E8,17,enemy,False,False,0.6806663870811462,False,0.0,-0.00562286376953125,0.0,0.0030517578125,0.006397642195224762,0.0,0.31298828125,0.31298828125
enemy_tracking_failure,1,ep00129_t0012_item002409,15,H15,E9,18,enemy,False,False,0.6806663870811462,False,0.0,-0.00562286376953125,0.0,0.0030517578125,0.006397642195224762,0.0,0.31298828125,0.31298828125
enemy_tracking_failure,2,ep00129_t0014_item002409,1,H1,A0,0,ally,True,True,0.999762237071991,True,-0.1942967176437378,-0.2215576171875,-0.1755504310131073,-0.162841796875,0.03007766604423523,0.8999999761581421,0.82568359375,0.07431638240814209
enemy_tracking_failure,2,ep00129_t0014_item002409,1,H1,A1,1,ally,True,False,0.03993731364607811,False,0.0,-0.00533294677734375,0.0,0.0126495361328125,0.013727748766541481,0.0,0.006748199462890625,0.006748199462890625
enemy_tracking_failure,2,ep00129_t0014_item002409,1,H1,A2,2,ally,True,False,0.03993731364607811,False,0.0,-0.00533294677734375,0.0,0.0126495361328125,0.013727748766541481,0.0,0.006748199462890625,0.006748199462890625
enemy_tracking_failure,2,ep00129_t0014_item002409,1,H1,A3,3,ally,True,True,0.9960391521453857,True,-0.334256112575531,-0.34228515625,0.13429361581802368,0.1575927734375,0.0246437881141901,1.0,0.982421875,0.017578125
enemy_tracking_failure,2,ep00129_t0014_item002409,1,H1,A4,4,ally,True,True,0.9741412401199341,True,-0.15504568815231323,-0.1407470703125,0.14661890268325806,0.15625,0.017239736393094063,0.5680000185966492,0.70458984375,0.13658982515335083
enemy_tracking_failure,2,ep00129_t0014_item002409,1,H1,A5,5,ally,True,True,0.991186797618866,True,-0.16779157519340515,-0.1600341796875,0.1913244128227234,0.189453125,0.007979906164109707,0.8080000281333923,0.72900390625,0.07899612188339233
enemy_tracking_failure,2,ep00129_t0014_item002409,1,H1,A6,6,ally,True,True,0.9854404330253601,True,-0.19628101587295532,-0.1817626953125,0.18415802717208862,0.26708984375,0.08419303596019745,1.0,0.9345703125,0.0654296875
enemy_tracking_failure,2,ep00129_t0014_item002409,1,H1,A7,7,ally,True,False,0.056861549615859985,False,0.0,0.01035308837890625,0.0,0.10540771484375,0.10591493546962738,0.0,0.0286712646484375,0.0286712646484375
enemy_tracking_failure,2,ep00129_t0014_item002409,1,H1,A8,8,ally,False,False,0.6806663870811462,False,0.0,0.0030517578125,0.0,0.065185546875,0.06525694578886032,0.0,0.31298828125,0.31298828125
enemy_tracking_failure,2,ep00129_t0014_item002409,1,H1,E0,9,enemy,True,True,0.9999923706054688,True,0.022265911102294922,0.05999755859375,-0.04171910881996155,0.0023040771484375,0.05798032507300377,1.0,0.974609375,0.025390625
enemy_tracking_failure,2,ep00129_t0014_item002409,1,H1,E1,10,enemy,True,True,0.9996947050094604,True,-0.08707398176193237,-0.098388671875,0.016212940216064453,0.0098724365234375,0.012970127165317535,1.0,0.91650390625,0.08349609375
enemy_tracking_failure,2,ep00129_t0014_item002409,1,H1,E2,11,enemy,True,True,0.9997325539588928,True,-0.06293275952339172,-0.0771484375,0.02088320255279541,0.0183258056640625,0.014443883672356606,1.0,0.7705078125,0.2294921875
enemy_tracking_failure,2,ep00129_t0014_item002409,1,H1,E3,12,enemy,True,True,0.9999434947967529,True,-0.09913292527198792,-0.116943359375,-0.003938853740692139,-0.0197906494140625,0.02384304814040661,1.0,0.912109375,0.087890625
enemy_tracking_failure,2,ep00129_t0014_item002409,1,H1,E4,13,enemy,True,True,0.9999970197677612,True,0.014360308647155762,-0.003314971923828125,0.07605153322219849,0.060302734375,0.023673618212342262,0.8080000281333923,0.87353515625,0.06553512811660767
enemy_tracking_failure,2,ep00129_t0014_item002409,1,H1,E5,14,enemy,True,True,0.999997615814209,True,-0.012390464544296265,-0.0169525146484375,0.05505108833312988,0.06219482421875,0.00847615860402584,1.0,0.99658203125,0.00341796875
enemy_tracking_failure,2,ep00129_t0014_item002409,1,H1,E6,15,enemy,True,True,0.9999961853027344,True,-0.03481578826904297,-0.0777587890625,0.03476536273956299,0.0396728515625,0.04322250187397003,1.0,0.92333984375,0.07666015625
enemy_tracking_failure,2,ep00129_t0014_item002409,1,H1,E7,16,enemy,False,False,0.6806663870811462,False,0.0,-0.00562286376953125,0.0,0.0030517578125,0.006397642195224762,0.0,0.31298828125,0.31298828125
enemy_tracking_failure,2,ep00129_t0014_item002409,1,H1,E8,17,enemy,False,False,0.6806663870811462,False,0.0,-0.00562286376953125,0.0,0.0030517578125,0.006397642195224762,0.0,0.31298828125,0.31298828125
enemy_tracking_failure,2,ep00129_t0014_item002409,1,H1,E9,18,enemy,False,False,0.6806663870811462,False,0.0,-0.00562286376953125,0.0,0.0030517578125,0.006397642195224762,0.0,0.31298828125,0.31298828125
enemy_tracking_failure,2,ep00129_t0014_item002409,5,H5,A0,0,ally,True,True,0.9997085928916931,True,-0.1942967176437378,-0.21435546875,-0.1755504310131073,-0.186279296875,0.022747792303562164,0.8999999761581421,0.81201171875,0.08798825740814209
enemy_tracking_failure,2,ep00129_t0014_item002409,5,H5,A1,1,ally,True,False,0.04130730405449867,False,0.0,-0.0005993843078613281,0.0,0.01146697998046875,0.011482634581625462,0.0,0.0119781494140625,0.0119781494140625
enemy_tracking_failure,2,ep00129_t0014_item002409,5,H5,A2,2,ally,True,False,0.04130730405449867,False,0.0,-0.0005993843078613281,0.0,0.01146697998046875,0.011482634581625462,0.0,0.0119781494140625,0.0119781494140625
enemy_tracking_failure,2,ep00129_t0014_item002409,5,H5,A3,3,ally,True,True,0.996570348739624,True,-0.4326936602592468,-0.46728515625,0.13429361581802368,0.12054443359375,0.037223804742097855,1.0,0.939453125,0.060546875
enemy_tracking_failure,2,ep00129_t0014_item002409,5,H5,A4,4,ally,True,False,0.04778006672859192,False,0.0,-0.0008563995361328125,0.0,0.0262603759765625,0.026274336501955986,0.0,0.0182952880859375,0.0182952880859375
enemy_tracking_failure,2,ep00129_t0014_item002409,5,H5,A5,5,ally,True,True,0.9914224743843079,True,-0.16779157519340515,-0.1649169921875,0.2291070818901062,0.248291015625,0.019398106262087822,0.8080000281333923,0.767578125,0.040421903133392334
enemy_tracking_failure,2,ep00129_t0014_item002409,5,H5,A6,6,ally,True,True,0.9692078232765198,True,-0.14652717113494873,-0.1307373046875,0.20895010232925415,0.330322265625,0.12239494174718857,0.02222222276031971,0.90673828125,0.8845160603523254
enemy_tracking_failure,2,ep00129_t0014_item002409,5,H5,A7,7,ally,True,False,0.07949569821357727,False,0.0,0.0098114013671875,0.0,0.03143310546875,0.032928768545389175,0.0,0.024688720703125,0.024688720703125
enemy_tracking_failure,2,ep00129_t0014_item002409,5,H5,A8,8,ally,False,False,0.6806663870811462,False,0.0,0.0030517578125,0.0,0.065185546875,0.06525694578886032,0.0,0.31298828125,0.31298828125
enemy_tracking_failure,2,ep00129_t0014_item002409,5,H5,E0,9,enemy,True,True,0.9999911785125732,True,0.022265911102294922,0.0174560546875,-0.04171910881996155,0.00499725341796875,0.046963319182395935,1.0,0.97265625,0.02734375
enemy_tracking_failure,2,ep00129_t0014_item002409,5,H5,E1,10,enemy,True,True,0.9998326301574707,True,-0.11283689737319946,-0.145263671875,0.03302234411239624,0.017730712890625,0.03585149347782135,1.0,0.9033203125,0.0966796875
enemy_tracking_failure,2,ep00129_t0014_item002409,5,H5,E2,11,enemy,True,True,0.9998028874397278,True,-0.09048908948898315,-0.1507568359375,0.03873467445373535,0.027557373046875,0.061295460909605026,1.0,0.8916015625,0.1083984375
enemy_tracking_failure,2,ep00129_t0014_item002409,5,H5,E3,12,enemy,True,True,0.9999599456787109,True,-0.1453324556350708,-0.128662109375,0.032859086990356445,-0.025726318359375,0.06091100350022316,1.0,0.8935546875,0.1064453125
enemy_tracking_failure,2,ep00129_t0014_item002409,5,H5,E4,13,enemy,True,True,0.9999964237213135,True,-0.01961001753807068,-0.06597900390625,0.10320860147476196,0.036865234375,0.08094149082899094,0.8799999952316284,0.85107421875,0.028925776481628418
enemy_tracking_failure,2,ep00129_t0014_item002409,5,H5,E5,14,enemy,True,True,0.9999977350234985,True,-0.042043447494506836,-0.051300048828125,0.07607370615005493,0.024383544921875,0.05251245200634003,0.8479999899864197,0.97607421875,0.12807422876358032
enemy_tracking_failure,2,ep00129_t0014_item002409,5,H5,E6,15,enemy,True,True,0.9999957084655762,True,-0.06619924306869507,-0.105712890625,0.04975557327270508,0.03857421875,0.04106520488858223,1.0,0.94580078125,0.05419921875
enemy_tracking_failure,2,ep00129_t0014_item002409,5,H5,E7,16,enemy,False,False,0.6806663870811462,False,0.0,-0.00562286376953125,0.0,0.0030517578125,0.006397642195224762,0.0,0.31298828125,0.31298828125
enemy_tracking_failure,2,ep00129_t0014_item002409,5,H5,E8,17,enemy,False,False,0.6806663870811462,False,0.0,-0.00562286376953125,0.0,0.0030517578125,0.006397642195224762,0.0,0.31298828125,0.31298828125
enemy_tracking_failure,2,ep00129_t0014_item002409,5,H5,E9,18,enemy,False,False,0.6806663870811462,False,0.0,-0.00562286376953125,0.0,0.0030517578125,0.006397642195224762,0.0,0.31298828125,0.31298828125
enemy_tracking_failure,2,ep00129_t0014_item002409,15,H15,A0,0,ally,True,True,0.9995728135108948,True,-0.08492171764373779,-0.11932373046875,-0.1755504310131073,-0.16552734375,0.035832397639751434,0.8999999761581421,0.6943359375,0.2056640386581421
enemy_tracking_failure,2,ep00129_t0014_item002409,15,H15,A1,1,ally,True,False,0.027066174894571304,False,0.0,0.00931549072265625,0.0,-0.005321502685546875,0.010728315450251102,0.0,-0.00844573974609375,0.00844573974609375
enemy_tracking_failure,2,ep00129_t0014_item002409,15,H15,A2,2,ally,True,False,0.027066174894571304,False,0.0,0.00931549072265625,0.0,-0.005321502685546875,0.010728315450251102,0.0,-0.00844573974609375,0.00844573974609375
enemy_tracking_failure,2,ep00129_t0014_item002409,15,H15,A3,3,ally,True,True,0.9950177073478699,True,-0.4326936602592468,-0.35546875,0.22492259740829468,0.2003173828125,0.08105000853538513,1.0,0.88525390625,0.11474609375
enemy_tracking_failure,2,ep00129_t0014_item002409,15,H15,A4,4,ally,True,False,0.026506125926971436,False,0.0,0.00879669189453125,0.0,-0.003131866455078125,0.009337578900158405,0.0,-0.007511138916015625,0.007511138916015625
enemy_tracking_failure,2,ep00129_t0014_item002409,15,H15,A5,5,ally,True,False,0.029201289638876915,False,0.0,0.00946807861328125,0.0,-0.00411224365234375,0.010322551243007183,0.0,-0.0034275054931640625,0.0034275054931640625
enemy_tracking_failure,2,ep00129_t0014_item002409,15,H15,A6,6,ally,True,False,0.026963500306010246,False,0.0,0.01029205322265625,0.0,-0.004917144775390625,0.011406343430280685,0.0,-0.01010894775390625,0.01010894775390625
enemy_tracking_failure,2,ep00129_t0014_item002409,15,H15,A7,7,ally,True,False,0.07906799018383026,False,0.0,0.0197601318359375,0.0,0.015411376953125,0.025059396401047707,0.0,0.017547607421875,0.017547607421875
enemy_tracking_failure,2,ep00129_t0014_item002409,15,H15,A8,8,ally,False,False,0.6806663870811462,False,0.0,0.0030517578125,0.0,0.065185546875,0.06525694578886032,0.0,0.31298828125,0.31298828125
enemy_tracking_failure,2,ep00129_t0014_item002409,15,H15,E0,9,enemy,True,True,0.9999932050704956,True,-0.04688587784767151,-0.0016613006591796875,0.008062362670898438,-0.0151214599609375,0.05082078278064728,1.0,0.98291015625,0.01708984375
enemy_tracking_failure,2,ep00129_t0014_item002409,15,H15,E1,10,enemy,True,True,0.9998706579208374,True,-0.2040625512599945,-0.1492919921875,0.08942806720733643,0.01030731201171875,0.09622841328382492,1.0,0.91650390625,0.08349609375
enemy_tracking_failure,2,ep00129_t0014_item002409,15,H15,E2,11,enemy,True,True,0.9998133778572083,True,-0.24188318848609924,-0.186279296875,0.10878640413284302,0.027618408203125,0.09838717430830002,1.0,0.90185546875,0.09814453125
enemy_tracking_failure,2,ep00129_t0014_item002409,15,H15,E3,12,enemy,True,True,0.9999473094940186,True,-0.18069428205490112,-0.132080078125,0.09123945236206055,-0.0179443359375,0.11951753497123718,1.0,0.8759765625,0.1240234375
enemy_tracking_failure,2,ep00129_t0014_item002409,15,H15,E4,13,enemy,True,True,0.9999936819076538,True,-0.1983584463596344,-0.08880615234375,0.06069141626358032,0.013397216796875,0.11932495981454849,0.9664999842643738,0.8115234375,0.15497654676437378
enemy_tracking_failure,2,ep00129_t0014_item002409,15,H15,E5,14,enemy,True,True,0.999996542930603,True,-0.23250868916511536,-0.069091796875,0.0809369683265686,-0.0159149169921875,0.1899614930152893,0.8665000200271606,0.9580078125,0.09150779247283936
enemy_tracking_failure,2,ep00129_t0014_item002409,15,H15,E6,15,enemy,True,True,0.9999938011169434,True,-0.21670007705688477,-0.138916015625,0.10929340124130249,0.044342041015625,0.101336270570755,1.0,0.95556640625,0.04443359375
enemy_tracking_failure,2,ep00129_t0014_item002409,15,H15,E7,16,enemy,False,False,0.6806663870811462,False,0.0,-0.00562286376953125,0.0,0.0030517578125,0.006397642195224762,0.0,0.31298828125,0.31298828125
enemy_tracking_failure,2,ep00129_t0014_item002409,15,H15,E8,17,enemy,False,False,0.6806663870811462,False,0.0,-0.00562286376953125,0.0,0.0030517578125,0.006397642195224762,0.0,0.31298828125,0.31298828125
enemy_tracking_failure,2,ep00129_t0014_item002409,15,H15,E9,18,enemy,False,False,0.6806663870811462,False,0.0,-0.00562286376953125,0.0,0.0030517578125,0.006397642195224762,0.0,0.31298828125,0.31298828125
presence_lifecycle_failure,1,ep00199_t0094_item004817,1,H1,A0,0,ally,True,True,0.9991440773010254,True,-0.37490642070770264,-0.372314453125,-0.21210730075836182,-0.2529296875,0.04090459272265434,0.8080000281333923,0.75146484375,0.056535184383392334
presence_lifecycle_failure,1,ep00199_t0094_item004817,1,H1,A1,1,ally,True,True,0.9997367262840271,True,-0.33520764112472534,-0.34375,-0.15262725949287415,-0.216552734375,0.06449370831251144,1.0,0.92626953125,0.07373046875
presence_lifecycle_failure,1,ep00199_t0094_item004817,1,H1,A2,2,ally,True,False,0.015483989380300045,False,0.0,0.01047515869140625,0.0,0.0157012939453125,0.018874840810894966,0.0,-0.006603240966796875,0.006603240966796875
presence_lifecycle_failure,1,ep00199_t0094_item004817,1,H1,A3,3,ally,True,False,0.015483989380300045,False,0.0,0.01047515869140625,0.0,0.0157012939453125,0.018874840810894966,0.0,-0.006603240966796875,0.006603240966796875
presence_lifecycle_failure,1,ep00199_t0094_item004817,1,H1,A4,4,ally,True,False,0.015483989380300045,False,0.0,0.01047515869140625,0.0,0.0157012939453125,0.018874840810894966,0.0,-0.006603240966796875,0.006603240966796875
presence_lifecycle_failure,1,ep00199_t0094_item004817,1,H1,A5,5,ally,True,False,0.015483989380300045,False,0.0,0.01047515869140625,0.0,0.0157012939453125,0.018874840810894966,0.0,-0.006603240966796875,0.006603240966796875
presence_lifecycle_failure,1,ep00199_t0094_item004817,1,H1,A6,6,ally,False,False,0.6806663870811462,False,0.0,0.0030517578125,0.0,0.065185546875,0.06525694578886032,0.0,0.31298828125,0.31298828125
presence_lifecycle_failure,1,ep00199_t0094_item004817,1,H1,A7,7,ally,False,False,0.6806663870811462,False,0.0,0.0030517578125,0.0,0.065185546875,0.06525694578886032,0.0,0.31298828125,0.31298828125
presence_lifecycle_failure,1,ep00199_t0094_item004817,1,H1,A8,8,ally,False,False,0.6806663870811462,False,0.0,0.0030517578125,0.0,0.065185546875,0.06525694578886032,0.0,0.31298828125,0.31298828125
presence_lifecycle_failure,1,ep00199_t0094_item004817,1,H1,E0,9,enemy,True,True,1.0,True,-0.191281259059906,-0.26513671875,0.17021876573562622,0.1788330078125,0.07435613125562668,1.0,0.9794921875,0.0205078125
presence_lifecycle_failure,1,ep00199_t0094_item004817,1,H1,E1,10,enemy,True,False,0.015483989380300045,False,0.0,-0.0209197998046875,0.0,0.01047515869140625,0.023395875468850136,0.0,-0.006603240966796875,0.006603240966796875
presence_lifecycle_failure,1,ep00199_t0094_item004817,1,H1,E2,11,enemy,True,False,0.015483989380300045,False,0.0,-0.0209197998046875,0.0,0.01047515869140625,0.023395875468850136,0.0,-0.006603240966796875,0.006603240966796875
presence_lifecycle_failure,1,ep00199_t0094_item004817,1,H1,E3,12,enemy,True,True,0.9999997615814209,True,-0.35378125309944153,-0.3310546875,0.15850001573562622,0.1522216796875,0.02357783541083336,1.0,0.93310546875,0.06689453125
presence_lifecycle_failure,1,ep00199_t0094_item004817,1,H1,E4,13,enemy,True,False,0.015483989380300045,False,0.0,-0.0209197998046875,0.0,0.01047515869140625,0.023395875468850136,0.0,-0.006603240966796875,0.006603240966796875
presence_lifecycle_failure,1,ep00199_t0094_item004817,1,H1,E5,14,enemy,False,False,0.6806663870811462,False,0.0,-0.00562286376953125,0.0,0.0030517578125,0.006397642195224762,0.0,0.31298828125,0.31298828125
presence_lifecycle_failure,1,ep00199_t0094_item004817,1,H1,E6,15,enemy,False,False,0.6806663870811462,False,0.0,-0.00562286376953125,0.0,0.0030517578125,0.006397642195224762,0.0,0.31298828125,0.31298828125
presence_lifecycle_failure,1,ep00199_t0094_item004817,1,H1,E7,16,enemy,False,False,0.6806663870811462,False,0.0,-0.00562286376953125,0.0,0.0030517578125,0.006397642195224762,0.0,0.31298828125,0.31298828125
presence_lifecycle_failure,1,ep00199_t0094_item004817,1,H1,E8,17,enemy,False,False,0.6806663870811462,False,0.0,-0.00562286376953125,0.0,0.0030517578125,0.006397642195224762,0.0,0.31298828125,0.31298828125
presence_lifecycle_failure,1,ep00199_t0094_item004817,1,H1,E9,18,enemy,False,False,0.6806663870811462,False,0.0,-0.00562286376953125,0.0,0.0030517578125,0.006397642195224762,0.0,0.31298828125,0.31298828125
presence_lifecycle_failure,1,ep00199_t0094_item004817,5,H5,A0,0,ally,True,True,0.9994022846221924,True,-0.37490642070770264,-0.369873046875,-0.20713767409324646,-0.250732421875,0.043884359300136566,0.8080000281333923,0.77001953125,0.037980496883392334
presence_lifecycle_failure,1,ep00199_t0094_item004817,5,H5,A1,1,ally,True,True,0.9992958307266235,True,-0.33520764112472534,-0.333740234375,-0.05418995022773743,-0.1534423828125,0.0992632806301117,0.5360000133514404,0.81103515625,0.27503514289855957
presence_lifecycle_failure,1,ep00199_t0094_item004817,5,H5,A2,2,ally,True,False,0.01358439214527607,False,0.0,0.0139923095703125,0.0,0.020416259765625,0.024750927463173866,0.0,-0.00569915771484375,0.00569915771484375
presence_lifecycle_failure,1,ep00199_t0094_item004817,5,H5,A3,3,ally,True,False,0.01358439214527607,False,0.0,0.0139923095703125,0.0,0.020416259765625,0.024750927463173866,0.0,-0.00569915771484375,0.00569915771484375
presence_lifecycle_failure,1,ep00199_t0094_item004817,5,H5,A4,4,ally,True,False,0.01358439214527607,False,0.0,0.0139923095703125,0.0,0.020416259765625,0.024750927463173866,0.0,-0.00569915771484375,0.00569915771484375
presence_lifecycle_failure,1,ep00199_t0094_item004817,5,H5,A5,5,ally,True,False,0.01358439214527607,False,0.0,0.0139923095703125,0.0,0.020416259765625,0.024750927463173866,0.0,-0.00569915771484375,0.00569915771484375
presence_lifecycle_failure,1,ep00199_t0094_item004817,5,H5,A6,6,ally,False,False,0.6806663870811462,False,0.0,0.0030517578125,0.0,0.065185546875,0.06525694578886032,0.0,0.31298828125,0.31298828125
presence_lifecycle_failure,1,ep00199_t0094_item004817,5,H5,A7,7,ally,False,False,0.6806663870811462,False,0.0,0.0030517578125,0.0,0.065185546875,0.06525694578886032,0.0,0.31298828125,0.31298828125
presence_lifecycle_failure,1,ep00199_t0094_item004817,5,H5,A8,8,ally,False,False,0.6806663870811462,False,0.0,0.0030517578125,0.0,0.065185546875,0.06525694578886032,0.0,0.31298828125,0.31298828125
presence_lifecycle_failure,1,ep00199_t0094_item004817,5,H5,E0,9,enemy,True,True,0.9999998807907104,True,-0.191281259059906,-0.25341796875,0.17021876573562622,0.1807861328125,0.06302887946367264,1.0,0.98095703125,0.01904296875
presence_lifecycle_failure,1,ep00199_t0094_item004817,5,H5,E1,10,enemy,True,False,0.017917344346642494,False,0.0,-0.01430511474609375,0.0,0.00830078125,0.01653902232646942,0.0,-0.007709503173828125,0.007709503173828125
presence_lifecycle_failure,1,ep00199_t0094_item004817,5,H5,E2,11,enemy,True,False,0.017917344346642494,False,0.0,-0.01430511474609375,0.0,0.00830078125,0.01653902232646942,0.0,-0.007709503173828125,0.007709503173828125
presence_lifecycle_failure,1,ep00199_t0094_item004817,5,H5,E3,12,enemy,True,True,0.9999997615814209,True,-0.35378125309944153,-0.264404296875,0.15850001573562622,0.1419677734375,0.09089309722185135,1.0,0.93798828125,0.06201171875
presence_lifecycle_failure,1,ep00199_t0094_item004817,5,H5,E4,13,enemy,True,False,0.017917344346642494,False,0.0,-0.01430511474609375,0.0,0.00830078125,0.01653902232646942,0.0,-0.007709503173828125,0.007709503173828125
presence_lifecycle_failure,1,ep00199_t0094_item004817,5,H5,E5,14,enemy,False,False,0.6806663870811462,False,0.0,-0.00562286376953125,0.0,0.0030517578125,0.006397642195224762,0.0,0.31298828125,0.31298828125
presence_lifecycle_failure,1,ep00199_t0094_item004817,5,H5,E6,15,enemy,False,False,0.6806663870811462,False,0.0,-0.00562286376953125,0.0,0.0030517578125,0.006397642195224762,0.0,0.31298828125,0.31298828125
presence_lifecycle_failure,1,ep00199_t0094_item004817,5,H5,E7,16,enemy,False,False,0.6806663870811462,False,0.0,-0.00562286376953125,0.0,0.0030517578125,0.006397642195224762,0.0,0.31298828125,0.31298828125
presence_lifecycle_failure,1,ep00199_t0094_item004817,5,H5,E8,17,enemy,False,False,0.6806663870811462,False,0.0,-0.00562286376953125,0.0,0.0030517578125,0.006397642195224762,0.0,0.31298828125,0.31298828125
presence_lifecycle_failure,1,ep00199_t0094_item004817,5,H5,E9,18,enemy,False,False,0.6806663870811462,False,0.0,-0.00562286376953125,0.0,0.0030517578125,0.006397642195224762,0.0,0.31298828125,0.31298828125
presence_lifecycle_failure,1,ep00199_t0094_item004817,15,H15,A0,0,ally,True,True,0.9987744688987732,True,-0.3256876468658447,-0.370361328125,-0.14582723379135132,-0.181640625,0.05725676193833351,0.8080000281333923,0.6533203125,0.15467971563339233
presence_lifecycle_failure,1,ep00199_t0094_item004817,15,H15,A1,1,ally,True,False,0.9991540908813477,False,0.0,-0.32958984375,0.0,-0.175048828125,0.37319105863571167,0.0,0.7724609375,0.7724609375
presence_lifecycle_failure,1,ep00199_t0094_item004817,15,H15,A2,2,ally,True,False,0.013376603834331036,False,0.0,0.01499176025390625,0.0,0.021728515625,0.02639850787818432,0.0,-0.00243377685546875,0.00243377685546875
presence_lifecycle_failure,1,ep00199_t0094_item004817,15,H15,A3,3,ally,True,False,0.013376603834331036,False,0.0,0.01499176025390625,0.0,0.021728515625,0.02639850787818432,0.0,-0.00243377685546875,0.00243377685546875
presence_lifecycle_failure,1,ep00199_t0094_item004817,15,H15,A4,4,ally,True,False,0.013376603834331036,False,0.0,0.01499176025390625,0.0,0.021728515625,0.02639850787818432,0.0,-0.00243377685546875,0.00243377685546875
presence_lifecycle_failure,1,ep00199_t0094_item004817,15,H15,A5,5,ally,True,False,0.013376603834331036,False,0.0,0.01499176025390625,0.0,0.021728515625,0.02639850787818432,0.0,-0.00243377685546875,0.00243377685546875
presence_lifecycle_failure,1,ep00199_t0094_item004817,15,H15,A6,6,ally,False,False,0.6806663870811462,False,0.0,0.0030517578125,0.0,0.065185546875,0.06525694578886032,0.0,0.31298828125,0.31298828125
presence_lifecycle_failure,1,ep00199_t0094_item004817,15,H15,A7,7,ally,False,False,0.6806663870811462,False,0.0,0.0030517578125,0.0,0.065185546875,0.06525694578886032,0.0,0.31298828125,0.31298828125
presence_lifecycle_failure,1,ep00199_t0094_item004817,15,H15,A8,8,ally,False,False,0.6806663870811462,False,0.0,0.0030517578125,0.0,0.065185546875,0.06525694578886032,0.0,0.31298828125,0.31298828125
presence_lifecycle_failure,1,ep00199_t0094_item004817,15,H15,E0,9,enemy,True,True,0.9999998807907104,True,-0.191281259059906,-0.245849609375,0.17021876573562622,0.1790771484375,0.05528268963098526,1.0,0.98046875,0.01953125
presence_lifecycle_failure,1,ep00199_t0094_item004817,15,H15,E1,10,enemy,True,False,0.017917344346642494,False,0.0,-0.01654052734375,0.0,0.0094451904296875,0.0190473273396492,0.0,-0.0038776397705078125,0.0038776397705078125
presence_lifecycle_failure,1,ep00199_t0094_item004817,15,H15,E2,11,enemy,True,False,0.017917344346642494,False,0.0,-0.01654052734375,0.0,0.0094451904296875,0.0190473273396492,0.0,-0.0038776397705078125,0.0038776397705078125
presence_lifecycle_failure,1,ep00199_t0094_item004817,15,H15,E3,12,enemy,True,True,0.9999997615814209,True,-0.35378125309944153,-0.261474609375,0.15850001573562622,0.1419677734375,0.0937754288315773,1.0,0.92236328125,0.07763671875
presence_lifecycle_failure,1,ep00199_t0094_item004817,15,H15,E4,13,enemy,True,False,0.017917344346642494,False,0.0,-0.01654052734375,0.0,0.0094451904296875,0.0190473273396492,0.0,-0.0038776397705078125,0.0038776397705078125
presence_lifecycle_failure,1,ep00199_t0094_item004817,15,H15,E5,14,enemy,False,False,0.6806663870811462,False,0.0,-0.00562286376953125,0.0,0.0030517578125,0.006397642195224762,0.0,0.31298828125,0.31298828125
presence_lifecycle_failure,1,ep00199_t0094_item004817,15,H15,E6,15,enemy,False,False,0.6806663870811462,False,0.0,-0.00562286376953125,0.0,0.0030517578125,0.006397642195224762,0.0,0.31298828125,0.31298828125
presence_lifecycle_failure,1,ep00199_t0094_item004817,15,H15,E7,16,enemy,False,False,0.6806663870811462,False,0.0,-0.00562286376953125,0.0,0.0030517578125,0.006397642195224762,0.0,0.31298828125,0.31298828125
presence_lifecycle_failure,1,ep00199_t0094_item004817,15,H15,E8,17,enemy,False,False,0.6806663870811462,False,0.0,-0.00562286376953125,0.0,0.0030517578125,0.006397642195224762,0.0,0.31298828125,0.31298828125
presence_lifecycle_failure,1,ep00199_t0094_item004817,15,H15,E9,18,enemy,False,False,0.6806663870811462,False,0.0,-0.00562286376953125,0.0,0.0030517578125,0.006397642195224762,0.0,0.31298828125,0.31298828125
copying_dynamic_change,1,ep00199_t0082_item004817,1,H1,A0,0,ally,True,True,0.9981827735900879,True,-0.12881281971931458,-0.11541748046875,-0.14416387677192688,-0.2003173828125,0.057729121297597885,0.8080000281333923,0.72216796875,0.08583205938339233
copying_dynamic_change,1,ep00199_t0082_item004817,1,H1,A1,1,ally,True,True,0.9998756647109985,True,-0.3961274027824402,-0.41259765625,-0.22977766394615173,-0.27978515625,0.05264996364712715,1.0,0.9482421875,0.0517578125
copying_dynamic_change,1,ep00199_t0082_item004817,1,H1,A2,2,ally,True,False,0.015306354500353336,False,0.0,0.01177978515625,0.0,0.0139923095703125,0.018290655687451363,0.0,-0.007762908935546875,0.007762908935546875
copying_dynamic_change,1,ep00199_t0082_item004817,1,H1,A3,3,ally,True,False,0.015306354500353336,False,0.0,0.01177978515625,0.0,0.0139923095703125,0.018290655687451363,0.0,-0.007762908935546875,0.007762908935546875
copying_dynamic_change,1,ep00199_t0082_item004817,1,H1,A4,4,ally,True,False,0.015306354500353336,False,0.0,0.01177978515625,0.0,0.0139923095703125,0.018290655687451363,0.0,-0.007762908935546875,0.007762908935546875
copying_dynamic_change,1,ep00199_t0082_item004817,1,H1,A5,5,ally,True,False,0.015306354500353336,False,0.0,0.01177978515625,0.0,0.0139923095703125,0.018290655687451363,0.0,-0.007762908935546875,0.007762908935546875
copying_dynamic_change,1,ep00199_t0082_item004817,1,H1,A6,6,ally,False,False,0.6806663870811462,False,0.0,0.0030517578125,0.0,0.065185546875,0.06525694578886032,0.0,0.31298828125,0.31298828125
copying_dynamic_change,1,ep00199_t0082_item004817,1,H1,A7,7,ally,False,False,0.6806663870811462,False,0.0,0.0030517578125,0.0,0.065185546875,0.06525694578886032,0.0,0.31298828125,0.31298828125
copying_dynamic_change,1,ep00199_t0082_item004817,1,H1,A8,8,ally,False,False,0.6806663870811462,False,0.0,0.0030517578125,0.0,0.065185546875,0.06525694578886032,0.0,0.31298828125,0.31298828125
copying_dynamic_change,1,ep00199_t0082_item004817,1,H1,E0,9,enemy,True,True,1.0,True,-0.191281259059906,-0.266357421875,0.17021876573562622,0.1810302734375,0.07585063576698303,1.0,0.97314453125,0.02685546875
copying_dynamic_change,1,ep00199_t0082_item004817,1,H1,E1,10,enemy,True,False,0.015306354500353336,False,0.0,-0.020294189453125,0.0,0.01177978515625,0.023465240374207497,0.0,-0.007762908935546875,0.007762908935546875
copying_dynamic_change,1,ep00199_t0082_item004817,1,H1,E2,11,enemy,True,False,0.015306354500353336,False,0.0,-0.020294189453125,0.0,0.01177978515625,0.023465240374207497,0.0,-0.007762908935546875,0.007762908935546875
copying_dynamic_change,1,ep00199_t0082_item004817,1,H1,E3,12,enemy,True,True,0.9999997615814209,True,-0.35378125309944153,-0.32666015625,0.15850001573562622,0.15625,0.02721427008509636,1.0,0.92724609375,0.07275390625
copying_dynamic_change,1,ep00199_t0082_item004817,1,H1,E4,13,enemy,True,False,0.015306354500353336,False,0.0,-0.020294189453125,0.0,0.01177978515625,0.023465240374207497,0.0,-0.007762908935546875,0.007762908935546875
copying_dynamic_change,1,ep00199_t0082_item004817,1,H1,E5,14,enemy,False,False,0.6806663870811462,False,0.0,-0.00562286376953125,0.0,0.0030517578125,0.006397642195224762,0.0,0.31298828125,0.31298828125
copying_dynamic_change,1,ep00199_t0082_item004817,1,H1,E6,15,enemy,False,False,0.6806663870811462,False,0.0,-0.00562286376953125,0.0,0.0030517578125,0.006397642195224762,0.0,0.31298828125,0.31298828125
copying_dynamic_change,1,ep00199_t0082_item004817,1,H1,E7,16,enemy,False,False,0.6806663870811462,False,0.0,-0.00562286376953125,0.0,0.0030517578125,0.006397642195224762,0.0,0.31298828125,0.31298828125
copying_dynamic_change,1,ep00199_t0082_item004817,1,H1,E8,17,enemy,False,False,0.6806663870811462,False,0.0,-0.00562286376953125,0.0,0.0030517578125,0.006397642195224762,0.0,0.31298828125,0.31298828125
copying_dynamic_change,1,ep00199_t0082_item004817,1,H1,E9,18,enemy,False,False,0.6806663870811462,False,0.0,-0.00562286376953125,0.0,0.0030517578125,0.006397642195224762,0.0,0.31298828125,0.31298828125
copying_dynamic_change,1,ep00199_t0082_item004817,5,H5,A0,0,ally,True,True,0.998798131942749,True,-0.3256876468658447,-0.250732421875,-0.14416387677192688,-0.201904296875,0.09461628645658493,0.8080000281333923,0.7236328125,0.08436721563339233
copying_dynamic_change,1,ep00199_t0082_item004817,5,H5,A1,1,ally,True,True,0.9997981190681458,True,-0.3961274027824402,-0.375,-0.18055900931358337,-0.2188720703125,0.04375223070383072,1.0,0.9296875,0.0703125
copying_dynamic_change,1,ep00199_t0082_item004817,5,H5,A2,2,ally,True,False,0.013480102643370628,False,0.0,0.01407623291015625,0.0,0.01995849609375,0.02442297898232937,0.0,-0.00785064697265625,0.00785064697265625
copying_dynamic_change,1,ep00199_t0082_item004817,5,H5,A3,3,ally,True,False,0.013480102643370628,False,0.0,0.01407623291015625,0.0,0.01995849609375,0.02442297898232937,0.0,-0.00785064697265625,0.00785064697265625
copying_dynamic_change,1,ep00199_t0082_item004817,5,H5,A4,4,ally,True,False,0.013480102643370628,False,0.0,0.01407623291015625,0.0,0.01995849609375,0.02442297898232937,0.0,-0.00785064697265625,0.00785064697265625
copying_dynamic_change,1,ep00199_t0082_item004817,5,H5,A5,5,ally,True,False,0.013480102643370628,False,0.0,0.01407623291015625,0.0,0.01995849609375,0.02442297898232937,0.0,-0.00785064697265625,0.00785064697265625
copying_dynamic_change,1,ep00199_t0082_item004817,5,H5,A6,6,ally,False,False,0.6806663870811462,False,0.0,0.0030517578125,0.0,0.065185546875,0.06525694578886032,0.0,0.31298828125,0.31298828125
copying_dynamic_change,1,ep00199_t0082_item004817,5,H5,A7,7,ally,False,False,0.6806663870811462,False,0.0,0.0030517578125,0.0,0.065185546875,0.06525694578886032,0.0,0.31298828125,0.31298828125
copying_dynamic_change,1,ep00199_t0082_item004817,5,H5,A8,8,ally,False,False,0.6806663870811462,False,0.0,0.0030517578125,0.0,0.065185546875,0.06525694578886032,0.0,0.31298828125,0.31298828125
copying_dynamic_change,1,ep00199_t0082_item004817,5,H5,E0,9,enemy,True,True,0.9999998807907104,True,-0.191281259059906,-0.254150390625,0.17021876573562622,0.170654296875,0.06287063658237457,1.0,0.97607421875,0.02392578125
copying_dynamic_change,1,ep00199_t0082_item004817,5,H5,E1,10,enemy,True,False,0.01784873753786087,False,0.0,-0.014556884765625,0.0,0.00896453857421875,0.017095783725380898,0.0,-0.00853729248046875,0.00853729248046875
copying_dynamic_change,1,ep00199_t0082_item004817,5,H5,E2,11,enemy,True,False,0.01784873753786087,False,0.0,-0.014556884765625,0.0,0.00896453857421875,0.017095783725380898,0.0,-0.00853729248046875,0.00853729248046875
copying_dynamic_change,1,ep00199_t0082_item004817,5,H5,E3,12,enemy,True,True,0.9999997615814209,True,-0.35378125309944153,-0.26123046875,0.15850001573562622,0.132080078125,0.09624791145324707,1.0,0.9306640625,0.0693359375
copying_dynamic_change,1,ep00199_t0082_item004817,5,H5,E4,13,enemy,True,False,0.01784873753786087,False,0.0,-0.014556884765625,0.0,0.00896453857421875,0.017095783725380898,0.0,-0.00853729248046875,0.00853729248046875
copying_dynamic_change,1,ep00199_t0082_item004817,5,H5,E5,14,enemy,False,False,0.6806663870811462,False,0.0,-0.00562286376953125,0.0,0.0030517578125,0.006397642195224762,0.0,0.31298828125,0.31298828125
copying_dynamic_change,1,ep00199_t0082_item004817,5,H5,E6,15,enemy,False,False,0.6806663870811462,False,0.0,-0.00562286376953125,0.0,0.0030517578125,0.006397642195224762,0.0,0.31298828125,0.31298828125
copying_dynamic_change,1,ep00199_t0082_item004817,5,H5,E7,16,enemy,False,False,0.6806663870811462,False,0.0,-0.00562286376953125,0.0,0.0030517578125,0.006397642195224762,0.0,0.31298828125,0.31298828125
copying_dynamic_change,1,ep00199_t0082_item004817,5,H5,E8,17,enemy,False,False,0.6806663870811462,False,0.0,-0.00562286376953125,0.0,0.0030517578125,0.006397642195224762,0.0,0.31298828125,0.31298828125
copying_dynamic_change,1,ep00199_t0082_item004817,5,H5,E9,18,enemy,False,False,0.6806663870811462,False,0.0,-0.00562286376953125,0.0,0.0030517578125,0.006397642195224762,0.0,0.31298828125,0.31298828125
copying_dynamic_change,1,ep00199_t0082_item004817,15,H15,A0,0,ally,True,True,0.9983515739440918,True,-0.37490642070770264,-0.2080078125,-0.1781700849533081,-0.1781005859375,0.16689862310886383,0.8080000281333923,0.66845703125,0.13954299688339233
copying_dynamic_change,1,ep00199_t0082_item004817,15,H15,A1,1,ally,True,True,0.9994046688079834,True,-0.28598886728286743,-0.2274169921875,-0.10340860486030579,-0.175048828125,0.09253640472888947,1.0,0.8564453125,0.1435546875
copying_dynamic_change,1,ep00199_t0082_item004817,15,H15,A2,2,ally,True,False,0.013325147330760956,False,0.0,0.0142364501953125,0.0,0.02197265625,0.02618156187236309,0.0,-0.005092620849609375,0.005092620849609375
copying_dynamic_change,1,ep00199_t0082_item004817,15,H15,A3,3,ally,True,False,0.013325147330760956,False,0.0,0.0142364501953125,0.0,0.02197265625,0.02618156187236309,0.0,-0.005092620849609375,0.005092620849609375
copying_dynamic_change,1,ep00199_t0082_item004817,15,H15,A4,4,ally,True,False,0.013325147330760956,False,0.0,0.0142364501953125,0.0,0.02197265625,0.02618156187236309,0.0,-0.005092620849609375,0.005092620849609375
copying_dynamic_change,1,ep00199_t0082_item004817,15,H15,A5,5,ally,True,False,0.013325147330760956,False,0.0,0.0142364501953125,0.0,0.02197265625,0.02618156187236309,0.0,-0.005092620849609375,0.005092620849609375
copying_dynamic_change,1,ep00199_t0082_item004817,15,H15,A6,6,ally,False,False,0.6806663870811462,False,0.0,0.0030517578125,0.0,0.065185546875,0.06525694578886032,0.0,0.31298828125,0.31298828125
copying_dynamic_change,1,ep00199_t0082_item004817,15,H15,A7,7,ally,False,False,0.6806663870811462,False,0.0,0.0030517578125,0.0,0.065185546875,0.06525694578886032,0.0,0.31298828125,0.31298828125
copying_dynamic_change,1,ep00199_t0082_item004817,15,H15,A8,8,ally,False,False,0.6806663870811462,False,0.0,0.0030517578125,0.0,0.065185546875,0.06525694578886032,0.0,0.31298828125,0.31298828125
copying_dynamic_change,1,ep00199_t0082_item004817,15,H15,E0,9,enemy,True,True,0.9999998807907104,True,-0.191281259059906,-0.239501953125,0.17021876573562622,0.1658935546875,0.048414282500743866,1.0,0.97900390625,0.02099609375
copying_dynamic_change,1,ep00199_t0082_item004817,15,H15,E1,10,enemy,True,False,0.01764446496963501,False,0.0,-0.01445770263671875,0.0,0.00868988037109375,0.016868289560079575,0.0,-0.006103515625,0.006103515625
copying_dynamic_change,1,ep00199_t0082_item004817,15,H15,E2,11,enemy,True,False,0.01764446496963501,False,0.0,-0.01445770263671875,0.0,0.00868988037109375,0.016868289560079575,0.0,-0.006103515625,0.006103515625
copying_dynamic_change,1,ep00199_t0082_item004817,15,H15,E3,12,enemy,True,True,0.9999997615814209,True,-0.35378125309944153,-0.2529296875,0.15850001573562622,0.1348876953125,0.10357885807752609,1.0,0.92138671875,0.07861328125
copying_dynamic_change,1,ep00199_t0082_item004817,15,H15,E4,13,enemy,True,False,0.01764446496963501,False,0.0,-0.01445770263671875,0.0,0.00868988037109375,0.016868289560079575,0.0,-0.006103515625,0.006103515625
copying_dynamic_change,1,ep00199_t0082_item004817,15,H15,E5,14,enemy,False,False,0.6806663870811462,False,0.0,-0.00562286376953125,0.0,0.0030517578125,0.006397642195224762,0.0,0.31298828125,0.31298828125
copying_dynamic_change,1,ep00199_t0082_item004817,15,H15,E6,15,enemy,False,False,0.6806663870811462,False,0.0,-0.00562286376953125,0.0,0.0030517578125,0.006397642195224762,0.0,0.31298828125,0.31298828125
copying_dynamic_change,1,ep00199_t0082_item004817,15,H15,E7,16,enemy,False,False,0.6806663870811462,False,0.0,-0.00562286376953125,0.0,0.0030517578125,0.006397642195224762,0.0,0.31298828125,0.31298828125
copying_dynamic_change,1,ep00199_t0082_item004817,15,H15,E8,17,enemy,False,False,0.6806663870811462,False,0.0,-0.00562286376953125,0.0,0.0030517578125,0.006397642195224762,0.0,0.31298828125,0.31298828125
copying_dynamic_change,1,ep00199_t0082_item004817,15,H15,E9,18,enemy,False,False,0.6806663870811462,False,0.0,-0.00562286376953125,0.0,0.0030517578125,0.006397642195224762,0.0,0.31298828125,0.31298828125
copying_dynamic_change,2,ep00199_t0083_item004817,1,H1,A0,0,ally,True,True,0.9988027811050415,True,-0.17803147435188293,-0.175048828125,-0.14416387677192688,-0.2076416015625,0.0635477602481842,0.8080000281333923,0.748046875,0.059953153133392334
copying_dynamic_change,2,ep00199_t0083_item004817,1,H1,A1,1,ally,True,True,0.9998352527618408,True,-0.3961274027824402,-0.40283203125,-0.18055900931358337,-0.245361328125,0.0651482343673706,1.0,0.935546875,0.064453125
copying_dynamic_change,2,ep00199_t0083_item004817,1,H1,A2,2,ally,True,False,0.015424552373588085,False,0.0,0.01068115234375,0.0,0.01409912109375,0.017688194289803505,0.0,-0.0086669921875,0.0086669921875
copying_dynamic_change,2,ep00199_t0083_item004817,1,H1,A3,3,ally,True,False,0.015424552373588085,False,0.0,0.01068115234375,0.0,0.01409912109375,0.017688194289803505,0.0,-0.0086669921875,0.0086669921875
copying_dynamic_change,2,ep00199_t0083_item004817,1,H1,A4,4,ally,True,False,0.015424552373588085,False,0.0,0.01068115234375,0.0,0.01409912109375,0.017688194289803505,0.0,-0.0086669921875,0.0086669921875
copying_dynamic_change,2,ep00199_t0083_item004817,1,H1,A5,5,ally,True,False,0.015424552373588085,False,0.0,0.01068115234375,0.0,0.01409912109375,0.017688194289803505,0.0,-0.0086669921875,0.0086669921875
copying_dynamic_change,2,ep00199_t0083_item004817,1,H1,A6,6,ally,False,False,0.6806663870811462,False,0.0,0.0030517578125,0.0,0.065185546875,0.06525694578886032,0.0,0.31298828125,0.31298828125
copying_dynamic_change,2,ep00199_t0083_item004817,1,H1,A7,7,ally,False,False,0.6806663870811462,False,0.0,0.0030517578125,0.0,0.065185546875,0.06525694578886032,0.0,0.31298828125,0.31298828125
copying_dynamic_change,2,ep00199_t0083_item004817,1,H1,A8,8,ally,False,False,0.6806663870811462,False,0.0,0.0030517578125,0.0,0.065185546875,0.06525694578886032,0.0,0.31298828125,0.31298828125
copying_dynamic_change,2,ep00199_t0083_item004817,1,H1,E0,9,enemy,True,True,1.0,True,-0.191281259059906,-0.268310546875,0.17021876573562622,0.181884765625,0.07790768146514893,1.0,0.97509765625,0.02490234375
copying_dynamic_change,2,ep00199_t0083_item004817,1,H1,E1,10,enemy,True,False,0.015424552373588085,False,0.0,-0.018829345703125,0.0,0.01068115234375,0.021647892892360687,0.0,-0.0086669921875,0.0086669921875
copying_dynamic_change,2,ep00199_t0083_item004817,1,H1,E2,11,enemy,True,False,0.015424552373588085,False,0.0,-0.018829345703125,0.0,0.01068115234375,0.021647892892360687,0.0,-0.0086669921875,0.0086669921875
copying_dynamic_change,2,ep00199_t0083_item004817,1,H1,E3,12,enemy,True,True,0.9999997615814209,True,-0.35378125309944153,-0.330078125,0.15850001573562622,0.1558837890625,0.023847073316574097,1.0,0.9306640625,0.0693359375
copying_dynamic_change,2,ep00199_t0083_item004817,1,H1,E4,13,enemy,True,False,0.015424552373588085,False,0.0,-0.018829345703125,0.0,0.01068115234375,0.021647892892360687,0.0,-0.0086669921875,0.0086669921875
copying_dynamic_change,2,ep00199_t0083_item004817,1,H1,E5,14,enemy,False,False,0.6806663870811462,False,0.0,-0.00562286376953125,0.0,0.0030517578125,0.006397642195224762,0.0,0.31298828125,0.31298828125
copying_dynamic_change,2,ep00199_t0083_item004817,1,H1,E6,15,enemy,False,False,0.6806663870811462,False,0.0,-0.00562286376953125,0.0,0.0030517578125,0.006397642195224762,0.0,0.31298828125,0.31298828125
copying_dynamic_change,2,ep00199_t0083_item004817,1,H1,E7,16,enemy,False,False,0.6806663870811462,False,0.0,-0.00562286376953125,0.0,0.0030517578125,0.006397642195224762,0.0,0.31298828125,0.31298828125
copying_dynamic_change,2,ep00199_t0083_item004817,1,H1,E8,17,enemy,False,False,0.6806663870811462,False,0.0,-0.00562286376953125,0.0,0.0030517578125,0.006397642195224762,0.0,0.31298828125,0.31298828125
copying_dynamic_change,2,ep00199_t0083_item004817,1,H1,E9,18,enemy,False,False,0.6806663870811462,False,0.0,-0.00562286376953125,0.0,0.0030517578125,0.006397642195224762,0.0,0.31298828125,0.31298828125
copying_dynamic_change,2,ep00199_t0083_item004817,5,H5,A0,0,ally,True,True,0.9986646175384521,True,-0.2764688730239868,-0.2034912109375,-0.14416387677192688,-0.2037353515625,0.09420455992221832,0.8080000281333923,0.71630859375,0.09169143438339233
copying_dynamic_change,2,ep00199_t0083_item004817,5,H5,A1,1,ally,True,True,0.9998028874397278,True,-0.3961274027824402,-0.377197265625,-0.2085632085800171,-0.238525390625,0.03544125333428383,1.0,0.92724609375,0.07275390625
copying_dynamic_change,2,ep00199_t0083_item004817,5,H5,A2,2,ally,True,False,0.013480102643370628,False,0.0,0.01450347900390625,0.0,0.02117919921875,0.02566923014819622,0.0,-0.0076751708984375,0.0076751708984375
copying_dynamic_change,2,ep00199_t0083_item004817,5,H5,A3,3,ally,True,False,0.013480102643370628,False,0.0,0.01450347900390625,0.0,0.02117919921875,0.02566923014819622,0.0,-0.0076751708984375,0.0076751708984375
copying_dynamic_change,2,ep00199_t0083_item004817,5,H5,A4,4,ally,True,False,0.013480102643370628,False,0.0,0.01450347900390625,0.0,0.02117919921875,0.02566923014819622,0.0,-0.0076751708984375,0.0076751708984375
copying_dynamic_change,2,ep00199_t0083_item004817,5,H5,A5,5,ally,True,False,0.013480102643370628,False,0.0,0.01450347900390625,0.0,0.02117919921875,0.02566923014819622,0.0,-0.0076751708984375,0.0076751708984375
copying_dynamic_change,2,ep00199_t0083_item004817,5,H5,A6,6,ally,False,False,0.6806663870811462,False,0.0,0.0030517578125,0.0,0.065185546875,0.06525694578886032,0.0,0.31298828125,0.31298828125
copying_dynamic_change,2,ep00199_t0083_item004817,5,H5,A7,7,ally,False,False,0.6806663870811462,False,0.0,0.0030517578125,0.0,0.065185546875,0.06525694578886032,0.0,0.31298828125,0.31298828125
copying_dynamic_change,2,ep00199_t0083_item004817,5,H5,A8,8,ally,False,False,0.6806663870811462,False,0.0,0.0030517578125,0.0,0.065185546875,0.06525694578886032,0.0,0.31298828125,0.31298828125
copying_dynamic_change,2,ep00199_t0083_item004817,5,H5,E0,9,enemy,True,True,0.9999998807907104,True,-0.191281259059906,-0.251708984375,0.17021876573562622,0.168701171875,0.06044678017497063,1.0,0.9794921875,0.0205078125
copying_dynamic_change,2,ep00199_t0083_item004817,5,H5,E1,10,enemy,True,False,0.01784873753786087,False,0.0,-0.01486968994140625,0.0,0.00818634033203125,0.016974210739135742,0.0,-0.0083160400390625,0.0083160400390625
copying_dynamic_change,2,ep00199_t0083_item004817,5,H5,E2,11,enemy,True,False,0.01784873753786087,False,0.0,-0.01486968994140625,0.0,0.00818634033203125,0.016974210739135742,0.0,-0.0083160400390625,0.0083160400390625
copying_dynamic_change,2,ep00199_t0083_item004817,5,H5,E3,12,enemy,True,True,0.9999997615814209,True,-0.35378125309944153,-0.259033203125,0.15850001573562622,0.133544921875,0.09797932952642441,1.0,0.93408203125,0.06591796875
copying_dynamic_change,2,ep00199_t0083_item004817,5,H5,E4,13,enemy,True,False,0.01784873753786087,False,0.0,-0.01486968994140625,0.0,0.00818634033203125,0.016974210739135742,0.0,-0.0083160400390625,0.0083160400390625
copying_dynamic_change,2,ep00199_t0083_item004817,5,H5,E5,14,enemy,False,False,0.6806663870811462,False,0.0,-0.00562286376953125,0.0,0.0030517578125,0.006397642195224762,0.0,0.31298828125,0.31298828125
copying_dynamic_change,2,ep00199_t0083_item004817,5,H5,E6,15,enemy,False,False,0.6806663870811462,False,0.0,-0.00562286376953125,0.0,0.0030517578125,0.006397642195224762,0.0,0.31298828125,0.31298828125
copying_dynamic_change,2,ep00199_t0083_item004817,5,H5,E7,16,enemy,False,False,0.6806663870811462,False,0.0,-0.00562286376953125,0.0,0.0030517578125,0.006397642195224762,0.0,0.31298828125,0.31298828125
copying_dynamic_change,2,ep00199_t0083_item004817,5,H5,E8,17,enemy,False,False,0.6806663870811462,False,0.0,-0.00562286376953125,0.0,0.0030517578125,0.006397642195224762,0.0,0.31298828125,0.31298828125
copying_dynamic_change,2,ep00199_t0083_item004817,5,H5,E9,18,enemy,False,False,0.6806663870811462,False,0.0,-0.00562286376953125,0.0,0.0030517578125,0.006397642195224762,0.0,0.31298828125,0.31298828125
copying_dynamic_change,2,ep00199_t0083_item004817,15,H15,A0,0,ally,True,True,0.9985895752906799,True,-0.37490642070770264,-0.23779296875,-0.1781700849533081,-0.1839599609375,0.1372356414794922,0.8080000281333923,0.66650390625,0.14149612188339233
copying_dynamic_change,2,ep00199_t0083_item004817,15,H15,A1,1,ally,True,True,0.9991768002510071,True,-0.28598886728286743,-0.2381591796875,-0.05418995022773743,-0.1405029296875,0.0986793264746666,0.5360000133514404,0.8125,0.27649998664855957
copying_dynamic_change,2,ep00199_t0083_item004817,15,H15,A2,2,ally,True,False,0.013171950355172157,False,0.0,0.01373291015625,0.0,0.01947021484375,0.023826079443097115,0.0,-0.006473541259765625,0.006473541259765625
copying_dynamic_change,2,ep00199_t0083_item004817,15,H15,A3,3,ally,True,False,0.013171950355172157,False,0.0,0.01373291015625,0.0,0.01947021484375,0.023826079443097115,0.0,-0.006473541259765625,0.006473541259765625
copying_dynamic_change,2,ep00199_t0083_item004817,15,H15,A4,4,ally,True,False,0.013171950355172157,False,0.0,0.01373291015625,0.0,0.01947021484375,0.023826079443097115,0.0,-0.006473541259765625,0.006473541259765625
copying_dynamic_change,2,ep00199_t0083_item004817,15,H15,A5,5,ally,True,False,0.013171950355172157,False,0.0,0.01373291015625,0.0,0.01947021484375,0.023826079443097115,0.0,-0.006473541259765625,0.006473541259765625
copying_dynamic_change,2,ep00199_t0083_item004817,15,H15,A6,6,ally,False,False,0.6806663870811462,False,0.0,0.0030517578125,0.0,0.065185546875,0.06525694578886032,0.0,0.31298828125,0.31298828125
copying_dynamic_change,2,ep00199_t0083_item004817,15,H15,A7,7,ally,False,False,0.6806663870811462,False,0.0,0.0030517578125,0.0,0.065185546875,0.06525694578886032,0.0,0.31298828125,0.31298828125
copying_dynamic_change,2,ep00199_t0083_item004817,15,H15,A8,8,ally,False,False,0.6806663870811462,False,0.0,0.0030517578125,0.0,0.065185546875,0.06525694578886032,0.0,0.31298828125,0.31298828125
copying_dynamic_change,2,ep00199_t0083_item004817,15,H15,E0,9,enemy,True,True,0.9999998807907104,True,-0.191281259059906,-0.2445068359375,0.17021876573562622,0.1669921875,0.05332328751683235,1.0,0.97900390625,0.02099609375
copying_dynamic_change,2,ep00199_t0083_item004817,15,H15,E1,10,enemy,True,False,0.017442485317587852,False,0.0,-0.01154327392578125,0.0,0.0084991455078125,0.0143346656113863,0.0,-0.00748443603515625,0.00748443603515625
copying_dynamic_change,2,ep00199_t0083_item004817,15,H15,E2,11,enemy,True,False,0.017442485317587852,False,0.0,-0.01154327392578125,0.0,0.0084991455078125,0.0143346656113863,0.0,-0.00748443603515625,0.00748443603515625
copying_dynamic_change,2,ep00199_t0083_item004817,15,H15,E3,12,enemy,True,True,0.9999997615814209,True,-0.35378125309944153,-0.254638671875,0.15850001573562622,0.136474609375,0.10155968368053436,1.0,0.92236328125,0.07763671875
copying_dynamic_change,2,ep00199_t0083_item004817,15,H15,E4,13,enemy,True,False,0.017442485317587852,False,0.0,-0.01154327392578125,0.0,0.0084991455078125,0.0143346656113863,0.0,-0.00748443603515625,0.00748443603515625
copying_dynamic_change,2,ep00199_t0083_item004817,15,H15,E5,14,enemy,False,False,0.6806663870811462,False,0.0,-0.00562286376953125,0.0,0.0030517578125,0.006397642195224762,0.0,0.31298828125,0.31298828125
copying_dynamic_change,2,ep00199_t0083_item004817,15,H15,E6,15,enemy,False,False,0.6806663870811462,False,0.0,-0.00562286376953125,0.0,0.0030517578125,0.006397642195224762,0.0,0.31298828125,0.31298828125
copying_dynamic_change,2,ep00199_t0083_item004817,15,H15,E7,16,enemy,False,False,0.6806663870811462,False,0.0,-0.00562286376953125,0.0,0.0030517578125,0.006397642195224762,0.0,0.31298828125,0.31298828125
copying_dynamic_change,2,ep00199_t0083_item004817,15,H15,E8,17,enemy,False,False,0.6806663870811462,False,0.0,-0.00562286376953125,0.0,0.0030517578125,0.006397642195224762,0.0,0.31298828125,0.31298828125
copying_dynamic_change,2,ep00199_t0083_item004817,15,H15,E9,18,enemy,False,False,0.6806663870811462,False,0.0,-0.00562286376953125,0.0,0.0030517578125,0.006397642195224762,0.0,0.31298828125,0.31298828125
unstable_overshoot,1,ep00799_t0175_item016861,1,H1,A0,0,ally,True,False,0.013742320239543915,False,0.0,0.0079498291015625,0.0,-0.006893157958984375,0.010522139258682728,0.0,0.01045989990234375,0.01045989990234375
unstable_overshoot,1,ep00799_t0175_item016861,1,H1,A1,1,ally,True,True,0.999045193195343,True,-0.30736202001571655,-0.336181640625,-0.021730244159698486,-0.073486328125,0.05923902988433838,1.0,0.90625,0.09375
unstable_overshoot,1,ep00799_t0175_item016861,1,H1,A2,2,ally,True,False,0.013742320239543915,False,0.0,0.0079498291015625,0.0,-0.006893157958984375,0.010522139258682728,0.0,0.01045989990234375,0.01045989990234375
unstable_overshoot,1,ep00799_t0175_item016861,1,H1,A3,3,ally,True,False,0.013742320239543915,False,0.0,0.0079498291015625,0.0,-0.006893157958984375,0.010522139258682728,0.0,0.01045989990234375,0.01045989990234375
unstable_overshoot,1,ep00799_t0175_item016861,1,H1,A4,4,ally,True,False,0.013742320239543915,False,0.0,0.0079498291015625,0.0,-0.006893157958984375,0.010522139258682728,0.0,0.01045989990234375,0.01045989990234375
unstable_overshoot,1,ep00799_t0175_item016861,1,H1,A5,5,ally,True,False,0.013742320239543915,False,0.0,0.0079498291015625,0.0,-0.006893157958984375,0.010522139258682728,0.0,0.01045989990234375,0.01045989990234375
unstable_overshoot,1,ep00799_t0175_item016861,1,H1,A6,6,ally,True,False,0.013742320239543915,False,0.0,0.0079498291015625,0.0,-0.006893157958984375,0.010522139258682728,0.0,0.01045989990234375,0.01045989990234375
unstable_overshoot,1,ep00799_t0175_item016861,1,H1,A7,7,ally,True,False,0.013742320239543915,False,0.0,0.0079498291015625,0.0,-0.006893157958984375,0.010522139258682728,0.0,0.01045989990234375,0.01045989990234375
unstable_overshoot,1,ep00799_t0175_item016861,1,H1,A8,8,ally,False,False,0.6806663870811462,False,0.0,0.0030517578125,0.0,0.065185546875,0.06525694578886032,0.0,0.31298828125,0.31298828125
unstable_overshoot,1,ep00799_t0175_item016861,1,H1,E0,9,enemy,True,True,0.9999998807907104,True,0.18421876430511475,0.1754150390625,-0.014687508344650269,-0.016754150390625,0.009043040685355663,1.0,0.970703125,0.029296875
unstable_overshoot,1,ep00799_t0175_item016861,1,H1,E1,10,enemy,True,False,0.013742320239543915,False,0.0,-0.0251312255859375,0.0,0.0079498291015625,0.026358647271990776,0.0,0.01045989990234375,0.01045989990234375
unstable_overshoot,1,ep00799_t0175_item016861,1,H1,E2,11,enemy,True,False,0.013742320239543915,False,0.0,-0.0251312255859375,0.0,0.0079498291015625,0.026358647271990776,0.0,0.01045989990234375,0.01045989990234375
unstable_overshoot,1,ep00799_t0175_item016861,1,H1,E3,12,enemy,True,False,0.013742320239543915,False,0.0,-0.0251312255859375,0.0,0.0079498291015625,0.026358647271990776,0.0,0.01045989990234375,0.01045989990234375
unstable_overshoot,1,ep00799_t0175_item016861,1,H1,E4,13,enemy,True,False,0.013742320239543915,False,0.0,-0.0251312255859375,0.0,0.0079498291015625,0.026358647271990776,0.0,0.01045989990234375,0.01045989990234375
unstable_overshoot,1,ep00799_t0175_item016861,1,H1,E5,14,enemy,True,False,0.013742320239543915,False,0.0,-0.0251312255859375,0.0,0.0079498291015625,0.026358647271990776,0.0,0.01045989990234375,0.01045989990234375
unstable_overshoot,1,ep00799_t0175_item016861,1,H1,E6,15,enemy,True,False,0.013742320239543915,False,0.0,-0.0251312255859375,0.0,0.0079498291015625,0.026358647271990776,0.0,0.01045989990234375,0.01045989990234375
unstable_overshoot,1,ep00799_t0175_item016861,1,H1,E7,16,enemy,False,False,0.6806663870811462,False,0.0,-0.00562286376953125,0.0,0.0030517578125,0.006397642195224762,0.0,0.31298828125,0.31298828125
unstable_overshoot,1,ep00799_t0175_item016861,1,H1,E8,17,enemy,False,False,0.6806663870811462,False,0.0,-0.00562286376953125,0.0,0.0030517578125,0.006397642195224762,0.0,0.31298828125,0.31298828125
unstable_overshoot,1,ep00799_t0175_item016861,1,H1,E9,18,enemy,False,False,0.6806663870811462,False,0.0,-0.00562286376953125,0.0,0.0030517578125,0.006397642195224762,0.0,0.31298828125,0.31298828125
unstable_overshoot,1,ep00799_t0175_item016861,5,H5,A0,0,ally,True,False,0.012194132432341576,False,0.0,0.0057373046875,0.0,-0.007228851318359375,0.009228919632732868,0.0,0.018951416015625,0.018951416015625
unstable_overshoot,1,ep00799_t0175_item016861,5,H5,A1,1,ally,True,True,0.9986435770988464,True,-0.25814324617385864,-0.313720703125,-0.021730244159698486,-0.0306854248046875,0.05629430711269379,1.0,0.876953125,0.123046875
unstable_overshoot,1,ep00799_t0175_item016861,5,H5,A2,2,ally,True,False,0.012194132432341576,False,0.0,0.0057373046875,0.0,-0.007228851318359375,0.009228919632732868,0.0,0.018951416015625,0.018951416015625
unstable_overshoot,1,ep00799_t0175_item016861,5,H5,A3,3,ally,True,False,0.012194132432341576,False,0.0,0.0057373046875,0.0,-0.007228851318359375,0.009228919632732868,0.0,0.018951416015625,0.018951416015625
unstable_overshoot,1,ep00799_t0175_item016861,5,H5,A4,4,ally,True,False,0.012194132432341576,False,0.0,0.0057373046875,0.0,-0.007228851318359375,0.009228919632732868,0.0,0.018951416015625,0.018951416015625
unstable_overshoot,1,ep00799_t0175_item016861,5,H5,A5,5,ally,True,False,0.012194132432341576,False,0.0,0.0057373046875,0.0,-0.007228851318359375,0.009228919632732868,0.0,0.018951416015625,0.018951416015625
unstable_overshoot,1,ep00799_t0175_item016861,5,H5,A6,6,ally,True,False,0.012194132432341576,False,0.0,0.0057373046875,0.0,-0.007228851318359375,0.009228919632732868,0.0,0.018951416015625,0.018951416015625
unstable_overshoot,1,ep00799_t0175_item016861,5,H5,A7,7,ally,True,False,0.012194132432341576,False,0.0,0.0057373046875,0.0,-0.007228851318359375,0.009228919632732868,0.0,0.018951416015625,0.018951416015625
unstable_overshoot,1,ep00799_t0175_item016861,5,H5,A8,8,ally,False,False,0.6806663870811462,False,0.0,0.0030517578125,0.0,0.065185546875,0.06525694578886032,0.0,0.31298828125,0.31298828125
unstable_overshoot,1,ep00799_t0175_item016861,5,H5,E0,9,enemy,True,True,0.9999998807907104,True,0.18421876430511475,0.1688232421875,-0.014687508344650269,-0.0268707275390625,0.019632956013083458,1.0,0.97021484375,0.02978515625
unstable_overshoot,1,ep00799_t0175_item016861,5,H5,E1,10,enemy,True,False,0.014728614129126072,False,0.0,-0.0209503173828125,0.0,0.00206756591796875,0.02105209231376648,0.0,0.00453948974609375,0.00453948974609375
unstable_overshoot,1,ep00799_t0175_item016861,5,H5,E2,11,enemy,True,False,0.014728614129126072,False,0.0,-0.0209503173828125,0.0,0.00206756591796875,0.02105209231376648,0.0,0.00453948974609375,0.00453948974609375
unstable_overshoot,1,ep00799_t0175_item016861,5,H5,E3,12,enemy,True,False,0.014728614129126072,False,0.0,-0.0209503173828125,0.0,0.00206756591796875,0.02105209231376648,0.0,0.00453948974609375,0.00453948974609375
unstable_overshoot,1,ep00799_t0175_item016861,5,H5,E4,13,enemy,True,False,0.014728614129126072,False,0.0,-0.0209503173828125,0.0,0.00206756591796875,0.02105209231376648,0.0,0.00453948974609375,0.00453948974609375
unstable_overshoot,1,ep00799_t0175_item016861,5,H5,E5,14,enemy,True,False,0.014728614129126072,False,0.0,-0.0209503173828125,0.0,0.00206756591796875,0.02105209231376648,0.0,0.00453948974609375,0.00453948974609375
unstable_overshoot,1,ep00799_t0175_item016861,5,H5,E6,15,enemy,True,False,0.014728614129126072,False,0.0,-0.0209503173828125,0.0,0.00206756591796875,0.02105209231376648,0.0,0.00453948974609375,0.00453948974609375
unstable_overshoot,1,ep00799_t0175_item016861,5,H5,E7,16,enemy,False,False,0.6806663870811462,False,0.0,-0.00562286376953125,0.0,0.0030517578125,0.006397642195224762,0.0,0.31298828125,0.31298828125
unstable_overshoot,1,ep00799_t0175_item016861,5,H5,E8,17,enemy,False,False,0.6806663870811462,False,0.0,-0.00562286376953125,0.0,0.0030517578125,0.006397642195224762,0.0,0.31298828125,0.31298828125
unstable_overshoot,1,ep00799_t0175_item016861,5,H5,E9,18,enemy,False,False,0.6806663870811462,False,0.0,-0.00562286376953125,0.0,0.0030517578125,0.006397642195224762,0.0,0.31298828125,0.31298828125
unstable_overshoot,1,ep00799_t0175_item016861,15,H15,A0,0,ally,True,False,0.011642225086688995,False,0.0,0.0058746337890625,0.0,-0.00670623779296875,0.008915432728827,0.0,0.0185699462890625,0.0185699462890625
unstable_overshoot,1,ep00799_t0175_item016861,15,H15,A1,1,ally,True,True,0.9991030693054199,True,-0.35658079385757446,-0.40576171875,-0.16833338141441345,-0.1153564453125,0.07228636741638184,1.0,0.86962890625,0.13037109375
unstable_overshoot,1,ep00799_t0175_item016861,15,H15,A2,2,ally,True,False,0.011642225086688995,False,0.0,0.0058746337890625,0.0,-0.00670623779296875,0.008915432728827,0.0,0.0185699462890625,0.0185699462890625
unstable_overshoot,1,ep00799_t0175_item016861,15,H15,A3,3,ally,True,False,0.011642225086688995,False,0.0,0.0058746337890625,0.0,-0.00670623779296875,0.008915432728827,0.0,0.0185699462890625,0.0185699462890625
unstable_overshoot,1,ep00799_t0175_item016861,15,H15,A4,4,ally,True,False,0.011642225086688995,False,0.0,0.0058746337890625,0.0,-0.00670623779296875,0.008915432728827,0.0,0.0185699462890625,0.0185699462890625
unstable_overshoot,1,ep00799_t0175_item016861,15,H15,A5,5,ally,True,False,0.011642225086688995,False,0.0,0.0058746337890625,0.0,-0.00670623779296875,0.008915432728827,0.0,0.0185699462890625,0.0185699462890625
unstable_overshoot,1,ep00799_t0175_item016861,15,H15,A6,6,ally,True,False,0.011642225086688995,False,0.0,0.0058746337890625,0.0,-0.00670623779296875,0.008915432728827,0.0,0.0185699462890625,0.0185699462890625
unstable_overshoot,1,ep00799_t0175_item016861,15,H15,A7,7,ally,True,False,0.011642225086688995,False,0.0,0.0058746337890625,0.0,-0.00670623779296875,0.008915432728827,0.0,0.0185699462890625,0.0185699462890625
unstable_overshoot,1,ep00799_t0175_item016861,15,H15,A8,8,ally,False,False,0.6806663870811462,False,0.0,0.0030517578125,0.0,0.065185546875,0.06525694578886032,0.0,0.31298828125,0.31298828125
unstable_overshoot,1,ep00799_t0175_item016861,15,H15,E0,9,enemy,True,True,0.9999998807907104,True,0.18421876430511475,0.1689453125,-0.014687508344650269,-0.0185699462890625,0.01575917750597,1.0,0.96923828125,0.03076171875
unstable_overshoot,1,ep00799_t0175_item016861,15,H15,E1,10,enemy,True,False,0.014063628390431404,False,0.0,-0.0216217041015625,0.0,0.0024356842041015625,0.021758461371064186,0.0,0.005405426025390625,0.005405426025390625
unstable_overshoot,1,ep00799_t0175_item016861,15,H15,E2,11,enemy,True,False,0.014063628390431404,False,0.0,-0.0216217041015625,0.0,0.0024356842041015625,0.021758461371064186,0.0,0.005405426025390625,0.005405426025390625
unstable_overshoot,1,ep00799_t0175_item016861,15,H15,E3,12,enemy,True,False,0.014063628390431404,False,0.0,-0.0216217041015625,0.0,0.0024356842041015625,0.021758461371064186,0.0,0.005405426025390625,0.005405426025390625
unstable_overshoot,1,ep00799_t0175_item016861,15,H15,E4,13,enemy,True,False,0.014063628390431404,False,0.0,-0.0216217041015625,0.0,0.0024356842041015625,0.021758461371064186,0.0,0.005405426025390625,0.005405426025390625
unstable_overshoot,1,ep00799_t0175_item016861,15,H15,E5,14,enemy,True,False,0.014063628390431404,False,0.0,-0.0216217041015625,0.0,0.0024356842041015625,0.021758461371064186,0.0,0.005405426025390625,0.005405426025390625
unstable_overshoot,1,ep00799_t0175_item016861,15,H15,E6,15,enemy,True,False,0.014063628390431404,False,0.0,-0.0216217041015625,0.0,0.0024356842041015625,0.021758461371064186,0.0,0.005405426025390625,0.005405426025390625
unstable_overshoot,1,ep00799_t0175_item016861,15,H15,E7,16,enemy,False,False,0.6806663870811462,False,0.0,-0.00562286376953125,0.0,0.0030517578125,0.006397642195224762,0.0,0.31298828125,0.31298828125
unstable_overshoot,1,ep00799_t0175_item016861,15,H15,E8,17,enemy,False,False,0.6806663870811462,False,0.0,-0.00562286376953125,0.0,0.0030517578125,0.006397642195224762,0.0,0.31298828125,0.31298828125
unstable_overshoot,1,ep00799_t0175_item016861,15,H15,E9,18,enemy,False,False,0.6806663870811462,False,0.0,-0.00562286376953125,0.0,0.0030517578125,0.006397642195224762,0.0,0.31298828125,0.31298828125
unstable_overshoot,2,ep00799_t0180_item016861,1,H1,A0,0,ally,True,False,0.013902058824896812,False,0.0,0.00814056396484375,0.0,-0.0060272216796875,0.010128977708518505,0.0,0.01078033447265625,0.01078033447265625
unstable_overshoot,2,ep00799_t0180_item016861,1,H1,A1,1,ally,True,True,0.9990378618240356,True,-0.30736202001571655,-0.337158203125,-0.021730244159698486,-0.06903076171875,0.055903054773807526,1.0,0.9111328125,0.0888671875
unstable_overshoot,2,ep00799_t0180_item016861,1,H1,A2,2,ally,True,False,0.013902058824896812,False,0.0,0.00814056396484375,0.0,-0.0060272216796875,0.010128977708518505,0.0,0.01078033447265625,0.01078033447265625
unstable_overshoot,2,ep00799_t0180_item016861,1,H1,A3,3,ally,True,False,0.013902058824896812,False,0.0,0.00814056396484375,0.0,-0.0060272216796875,0.010128977708518505,0.0,0.01078033447265625,0.01078033447265625
unstable_overshoot,2,ep00799_t0180_item016861,1,H1,A4,4,ally,True,False,0.013902058824896812,False,0.0,0.00814056396484375,0.0,-0.0060272216796875,0.010128977708518505,0.0,0.01078033447265625,0.01078033447265625
unstable_overshoot,2,ep00799_t0180_item016861,1,H1,A5,5,ally,True,False,0.013902058824896812,False,0.0,0.00814056396484375,0.0,-0.0060272216796875,0.010128977708518505,0.0,0.01078033447265625,0.01078033447265625
unstable_overshoot,2,ep00799_t0180_item016861,1,H1,A6,6,ally,True,False,0.013902058824896812,False,0.0,0.00814056396484375,0.0,-0.0060272216796875,0.010128977708518505,0.0,0.01078033447265625,0.01078033447265625
unstable_overshoot,2,ep00799_t0180_item016861,1,H1,A7,7,ally,True,False,0.013902058824896812,False,0.0,0.00814056396484375,0.0,-0.0060272216796875,0.010128977708518505,0.0,0.01078033447265625,0.01078033447265625
unstable_overshoot,2,ep00799_t0180_item016861,1,H1,A8,8,ally,False,False,0.6806663870811462,False,0.0,0.0030517578125,0.0,0.065185546875,0.06525694578886032,0.0,0.31298828125,0.31298828125
unstable_overshoot,2,ep00799_t0180_item016861,1,H1,E0,9,enemy,True,True,0.9999998807907104,True,0.18421876430511475,0.169921875,-0.014687508344650269,-0.0160064697265625,0.014357601292431355,1.0,0.96484375,0.03515625
unstable_overshoot,2,ep00799_t0180_item016861,1,H1,E1,10,enemy,True,False,0.013902058824896812,False,0.0,-0.0258941650390625,0.0,0.00814056396484375,0.027143629267811775,0.0,0.01078033447265625,0.01078033447265625
unstable_overshoot,2,ep00799_t0180_item016861,1,H1,E2,11,enemy,True,False,0.013902058824896812,False,0.0,-0.0258941650390625,0.0,0.00814056396484375,0.027143629267811775,0.0,0.01078033447265625,0.01078033447265625
unstable_overshoot,2,ep00799_t0180_item016861,1,H1,E3,12,enemy,True,False,0.013902058824896812,False,0.0,-0.0258941650390625,0.0,0.00814056396484375,0.027143629267811775,0.0,0.01078033447265625,0.01078033447265625
unstable_overshoot,2,ep00799_t0180_item016861,1,H1,E4,13,enemy,True,False,0.013902058824896812,False,0.0,-0.0258941650390625,0.0,0.00814056396484375,0.027143629267811775,0.0,0.01078033447265625,0.01078033447265625
unstable_overshoot,2,ep00799_t0180_item016861,1,H1,E5,14,enemy,True,False,0.013902058824896812,False,0.0,-0.0258941650390625,0.0,0.00814056396484375,0.027143629267811775,0.0,0.01078033447265625,0.01078033447265625
unstable_overshoot,2,ep00799_t0180_item016861,1,H1,E6,15,enemy,True,False,0.013902058824896812,False,0.0,-0.0258941650390625,0.0,0.00814056396484375,0.027143629267811775,0.0,0.01078033447265625,0.01078033447265625
unstable_overshoot,2,ep00799_t0180_item016861,1,H1,E7,16,enemy,False,False,0.6806663870811462,False,0.0,-0.00562286376953125,0.0,0.0030517578125,0.006397642195224762,0.0,0.31298828125,0.31298828125
unstable_overshoot,2,ep00799_t0180_item016861,1,H1,E8,17,enemy,False,False,0.6806663870811462,False,0.0,-0.00562286376953125,0.0,0.0030517578125,0.006397642195224762,0.0,0.31298828125,0.31298828125
unstable_overshoot,2,ep00799_t0180_item016861,1,H1,E9,18,enemy,False,False,0.6806663870811462,False,0.0,-0.00562286376953125,0.0,0.0030517578125,0.006397642195224762,0.0,0.31298828125,0.31298828125
unstable_overshoot,2,ep00799_t0180_item016861,5,H5,A0,0,ally,True,False,0.012100386433303356,False,0.0,0.006847381591796875,0.0,-0.006076812744140625,0.009155014529824257,0.0,0.019317626953125,0.019317626953125
unstable_overshoot,2,ep00799_t0180_item016861,5,H5,A1,1,ally,True,True,0.998793363571167,True,-0.25814324617385864,-0.33837890625,-0.07094889879226685,-0.09600830078125,0.08405792713165283,1.0,0.8837890625,0.1162109375
unstable_overshoot,2,ep00799_t0180_item016861,5,H5,A2,2,ally,True,False,0.012100386433303356,False,0.0,0.006847381591796875,0.0,-0.006076812744140625,0.009155014529824257,0.0,0.019317626953125,0.019317626953125
unstable_overshoot,2,ep00799_t0180_item016861,5,H5,A3,3,ally,True,False,0.012100386433303356,False,0.0,0.006847381591796875,0.0,-0.006076812744140625,0.009155014529824257,0.0,0.019317626953125,0.019317626953125
unstable_overshoot,2,ep00799_t0180_item016861,5,H5,A4,4,ally,True,False,0.012100386433303356,False,0.0,0.006847381591796875,0.0,-0.006076812744140625,0.009155014529824257,0.0,0.019317626953125,0.019317626953125
unstable_overshoot,2,ep00799_t0180_item016861,5,H5,A5,5,ally,True,False,0.012100386433303356,False,0.0,0.006847381591796875,0.0,-0.006076812744140625,0.009155014529824257,0.0,0.019317626953125,0.019317626953125
unstable_overshoot,2,ep00799_t0180_item016861,5,H5,A6,6,ally,True,False,0.012100386433303356,False,0.0,0.006847381591796875,0.0,-0.006076812744140625,0.009155014529824257,0.0,0.019317626953125,0.019317626953125
unstable_overshoot,2,ep00799_t0180_item016861,5,H5,A7,7,ally,True,False,0.012100386433303356,False,0.0,0.006847381591796875,0.0,-0.006076812744140625,0.009155014529824257,0.0,0.019317626953125,0.019317626953125
unstable_overshoot,2,ep00799_t0180_item016861,5,H5,A8,8,ally,False,False,0.6806663870811462,False,0.0,0.0030517578125,0.0,0.065185546875,0.06525694578886032,0.0,0.31298828125,0.31298828125
unstable_overshoot,2,ep00799_t0180_item016861,5,H5,E0,9,enemy,True,True,0.9999998807907104,True,0.18421876430511475,0.1627197265625,-0.014687508344650269,-0.027435302734375,0.024994296953082085,1.0,0.96923828125,0.03076171875
unstable_overshoot,2,ep00799_t0180_item016861,5,H5,E1,10,enemy,True,False,0.014503579586744308,False,0.0,-0.022491455078125,0.0,0.003025054931640625,0.022693974897265434,0.0,0.00507354736328125,0.00507354736328125
unstable_overshoot,2,ep00799_t0180_item016861,5,H5,E2,11,enemy,True,False,0.014503579586744308,False,0.0,-0.022491455078125,0.0,0.003025054931640625,0.022693974897265434,0.0,0.00507354736328125,0.00507354736328125
unstable_overshoot,2,ep00799_t0180_item016861,5,H5,E3,12,enemy,True,False,0.014503579586744308,False,0.0,-0.022491455078125,0.0,0.003025054931640625,0.022693974897265434,0.0,0.00507354736328125,0.00507354736328125
unstable_overshoot,2,ep00799_t0180_item016861,5,H5,E4,13,enemy,True,False,0.014503579586744308,False,0.0,-0.022491455078125,0.0,0.003025054931640625,0.022693974897265434,0.0,0.00507354736328125,0.00507354736328125
unstable_overshoot,2,ep00799_t0180_item016861,5,H5,E5,14,enemy,True,False,0.014503579586744308,False,0.0,-0.022491455078125,0.0,0.003025054931640625,0.022693974897265434,0.0,0.00507354736328125,0.00507354736328125
unstable_overshoot,2,ep00799_t0180_item016861,5,H5,E6,15,enemy,True,False,0.014503579586744308,False,0.0,-0.022491455078125,0.0,0.003025054931640625,0.022693974897265434,0.0,0.00507354736328125,0.00507354736328125
unstable_overshoot,2,ep00799_t0180_item016861,5,H5,E7,16,enemy,False,False,0.6806663870811462,False,0.0,-0.00562286376953125,0.0,0.0030517578125,0.006397642195224762,0.0,0.31298828125,0.31298828125
unstable_overshoot,2,ep00799_t0180_item016861,5,H5,E8,17,enemy,False,False,0.6806663870811462,False,0.0,-0.00562286376953125,0.0,0.0030517578125,0.006397642195224762,0.0,0.31298828125,0.31298828125
unstable_overshoot,2,ep00799_t0180_item016861,5,H5,E9,18,enemy,False,False,0.6806663870811462,False,0.0,-0.00562286376953125,0.0,0.0030517578125,0.006397642195224762,0.0,0.31298828125,0.31298828125
unstable_overshoot,2,ep00799_t0180_item016861,15,H15,A0,0,ally,True,False,0.011777842417359352,False,0.0,0.00676727294921875,0.0,-0.006435394287109375,0.009338644333183765,0.0,0.0171051025390625,0.0171051025390625
unstable_overshoot,2,ep00799_t0180_item016861,15,H15,A1,1,ally,True,True,0.9987840056419373,True,-0.4057995676994324,-0.372802734375,-0.11911472678184509,-0.093017578125,0.042069610208272934,1.0,0.84375,0.15625
unstable_overshoot,2,ep00799_t0180_item016861,15,H15,A2,2,ally,True,False,0.011777842417359352,False,0.0,0.00676727294921875,0.0,-0.006435394287109375,0.009338644333183765,0.0,0.0171051025390625,0.0171051025390625
unstable_overshoot,2,ep00799_t0180_item016861,15,H15,A3,3,ally,True,False,0.011777842417359352,False,0.0,0.00676727294921875,0.0,-0.006435394287109375,0.009338644333183765,0.0,0.0171051025390625,0.0171051025390625
unstable_overshoot,2,ep00799_t0180_item016861,15,H15,A4,4,ally,True,False,0.011777842417359352,False,0.0,0.00676727294921875,0.0,-0.006435394287109375,0.009338644333183765,0.0,0.0171051025390625,0.0171051025390625
unstable_overshoot,2,ep00799_t0180_item016861,15,H15,A5,5,ally,True,False,0.011777842417359352,False,0.0,0.00676727294921875,0.0,-0.006435394287109375,0.009338644333183765,0.0,0.0171051025390625,0.0171051025390625
unstable_overshoot,2,ep00799_t0180_item016861,15,H15,A6,6,ally,True,False,0.011777842417359352,False,0.0,0.00676727294921875,0.0,-0.006435394287109375,0.009338644333183765,0.0,0.0171051025390625,0.0171051025390625
unstable_overshoot,2,ep00799_t0180_item016861,15,H15,A7,7,ally,True,False,0.011777842417359352,False,0.0,0.00676727294921875,0.0,-0.006435394287109375,0.009338644333183765,0.0,0.0171051025390625,0.0171051025390625
unstable_overshoot,2,ep00799_t0180_item016861,15,H15,A8,8,ally,False,False,0.6806663870811462,False,0.0,0.0030517578125,0.0,0.065185546875,0.06525694578886032,0.0,0.31298828125,0.31298828125
unstable_overshoot,2,ep00799_t0180_item016861,15,H15,E0,9,enemy,True,True,0.9999998807907104,True,0.18421876430511475,0.166015625,-0.014687508344650269,-0.0201263427734375,0.018998295068740845,1.0,0.970703125,0.029296875
unstable_overshoot,2,ep00799_t0180_item016861,15,H15,E1,10,enemy,True,False,0.014172364957630634,False,0.0,-0.0219573974609375,0.0,0.0032806396484375,0.02220112457871437,0.0,0.0043487548828125,0.0043487548828125
unstable_overshoot,2,ep00799_t0180_item016861,15,H15,E2,11,enemy,True,False,0.014172364957630634,False,0.0,-0.0219573974609375,0.0,0.0032806396484375,0.02220112457871437,0.0,0.0043487548828125,0.0043487548828125
unstable_overshoot,2,ep00799_t0180_item016861,15,H15,E3,12,enemy,True,False,0.014172364957630634,False,0.0,-0.0219573974609375,0.0,0.0032806396484375,0.02220112457871437,0.0,0.0043487548828125,0.0043487548828125
unstable_overshoot,2,ep00799_t0180_item016861,15,H15,E4,13,enemy,True,False,0.014172364957630634,False,0.0,-0.0219573974609375,0.0,0.0032806396484375,0.02220112457871437,0.0,0.0043487548828125,0.0043487548828125
unstable_overshoot,2,ep00799_t0180_item016861,15,H15,E5,14,enemy,True,False,0.014172364957630634,False,0.0,-0.0219573974609375,0.0,0.0032806396484375,0.02220112457871437,0.0,0.0043487548828125,0.0043487548828125
unstable_overshoot,2,ep00799_t0180_item016861,15,H15,E6,15,enemy,True,False,0.014172364957630634,False,0.0,-0.0219573974609375,0.0,0.0032806396484375,0.02220112457871437,0.0,0.0043487548828125,0.0043487548828125
unstable_overshoot,2,ep00799_t0180_item016861,15,H15,E7,16,enemy,False,False,0.6806663870811462,False,0.0,-0.00562286376953125,0.0,0.0030517578125,0.006397642195224762,0.0,0.31298828125,0.31298828125
unstable_overshoot,2,ep00799_t0180_item016861,15,H15,E8,17,enemy,False,False,0.6806663870811462,False,0.0,-0.00562286376953125,0.0,0.0030517578125,0.006397642195224762,0.0,0.31298828125,0.31298828125
unstable_overshoot,2,ep00799_t0180_item016861,15,H15,E9,18,enemy,False,False,0.6806663870811462,False,0.0,-0.00562286376953125,0.0,0.0030517578125,0.006397642195224762,0.0,0.31298828125,0.31298828125
