category,category_rank,example_id,horizon,entity,slot_index,faction,feature_index,feature,actual,predicted,abs_error,start_value,target_change_from_start,predicted_change_from_start
good_eventful,1,ep00702_t0002_item014452,1,A0,0,ally,0,hp,1.0,1.05859375,0.05859375,1.0,0.0,0.05859375
good_eventful,1,ep00702_t0002_item014452,1,A0,0,ally,1,cooldown_or_energy,0.0,0.0994873046875,0.0994873046875,0.0,0.0,0.0994873046875
good_eventful,1,ep00702_t0002_item014452,1,A0,0,ally,2,dx,-0.13884374499320984,-0.0760498046875,0.06279394030570984,-0.13884374499320984,0.0,0.06279394030570984
good_eventful,1,ep00702_t0002_item014452,1,A0,0,ally,3,dy,-0.20605838298797607,-0.08135986328125,0.12469851970672607,-0.17636126279830933,-0.029697120189666748,0.09500139951705933
good_eventful,1,ep00702_t0002_item014452,1,A0,0,ally,4,shield,0.0,-0.0034389495849609375,0.0034389495849609375,0.0,0.0,-0.0034389495849609375
good_eventful,1,ep00702_t0002_item014452,1,A0,0,ally,5,dynamic_5,0.0,0.07720947265625,0.07720947265625,0.0,0.0,0.07720947265625
good_eventful,1,ep00702_t0002_item014452,1,A0,0,ally,6,dynamic_6,0.0,0.04052734375,0.04052734375,0.0,0.0,0.04052734375
good_eventful,1,ep00702_t0002_item014452,1,A0,0,ally,7,dynamic_7,1.0,1.0703125,0.0703125,1.0,0.0,0.0703125
good_eventful,1,ep00702_t0002_item014452,1,A0,0,ally,8,dynamic_8,0.0,-0.033111572265625,0.033111572265625,0.0,0.0,-0.033111572265625
good_eventful,1,ep00702_t0002_item014452,1,A0,0,ally,9,dynamic_9,0.0,-0.00046062469482421875,0.00046062469482421875,0.0,0.0,-0.00046062469482421875
good_eventful,1,ep00702_t0002_item014452,1,A0,0,ally,10,dynamic_10,0.0,-0.0226287841796875,0.0226287841796875,0.0,0.0,-0.0226287841796875
good_eventful,1,ep00702_t0002_item014452,1,A0,0,ally,11,dynamic_11,0.0,-0.08453369140625,0.08453369140625,0.0,0.0,-0.08453369140625
good_eventful,1,ep00702_t0002_item014452,1,A0,0,ally,12,dynamic_12,0.0,-0.00266265869140625,0.00266265869140625,0.0,0.0,-0.00266265869140625
good_eventful,1,ep00702_t0002_item014452,1,A1,1,ally,0,hp,0.3333333432674408,0.445068359375,0.1117350161075592,0.7333333492279053,-0.4000000059604645,-0.2882649898529053
good_eventful,1,ep00702_t0002_item014452,1,A1,1,ally,1,cooldown_or_energy,0.0,0.048858642578125,0.048858642578125,0.0,0.0,0.048858642578125
good_eventful,1,ep00702_t0002_item014452,1,A1,1,ally,2,dx,-0.06543508172035217,-0.08929443359375,0.023859351873397827,-0.06543508172035217,0.0,-0.023859351873397827
good_eventful,1,ep00702_t0002_item014452,1,A1,1,ally,3,dy,-0.0838647186756134,-0.06500244140625,0.018862277269363403,-0.0838647186756134,0.0,0.018862277269363403
good_eventful,1,ep00702_t0002_item014452,1,A1,1,ally,4,shield,0.0,0.039306640625,0.039306640625,0.0,0.0,0.039306640625
good_eventful,1,ep00702_t0002_item014452,1,A1,1,ally,5,dynamic_5,0.0,0.038726806640625,0.038726806640625,0.0,0.0,0.038726806640625
good_eventful,1,ep00702_t0002_item014452,1,A1,1,ally,6,dynamic_6,0.0,0.0305938720703125,0.0305938720703125,0.0,0.0,0.0305938720703125
good_eventful,1,ep00702_t0002_item014452,1,A1,1,ally,7,dynamic_7,1.0,0.87109375,0.12890625,1.0,0.0,-0.12890625
good_eventful,1,ep00702_t0002_item014452,1,A1,1,ally,8,dynamic_8,0.0,0.06268310546875,0.06268310546875,0.0,0.0,0.06268310546875
good_eventful,1,ep00702_t0002_item014452,1,A1,1,ally,9,dynamic_9,0.0,-0.00028634071350097656,0.00028634071350097656,0.0,0.0,-0.00028634071350097656
good_eventful,1,ep00702_t0002_item014452,1,A1,1,ally,10,dynamic_10,0.0,0.0287322998046875,0.0287322998046875,0.0,0.0,0.0287322998046875
good_eventful,1,ep00702_t0002_item014452,1,A1,1,ally,11,dynamic_11,0.0,-0.006427764892578125,0.006427764892578125,0.0,0.0,-0.006427764892578125
good_eventful,1,ep00702_t0002_item014452,1,A1,1,ally,12,dynamic_12,0.0,0.0118408203125,0.0118408203125,0.0,0.0,0.0118408203125
good_eventful,1,ep00702_t0002_item014452,1,A2,2,ally,0,hp,1.0,0.908203125,0.091796875,1.0,0.0,-0.091796875
good_eventful,1,ep00702_t0002_item014452,1,A2,2,ally,1,cooldown_or_energy,0.0,0.03900146484375,0.03900146484375,0.0,0.0,0.03900146484375
good_eventful,1,ep00702_t0002_item014452,1,A2,2,ally,2,dx,-0.0408724844455719,-0.0394287109375,0.0014437735080718994,-0.08962509036064148,0.04875260591506958,0.05019637942314148
good_eventful,1,ep00702_t0002_item014452,1,A2,2,ally,3,dy,-0.10586780309677124,-0.0921630859375,0.01370471715927124,-0.10506251454353333,-0.000805288553237915,0.012899428606033325
good_eventful,1,ep00702_t0002_item014452,1,A2,2,ally,4,shield,0.0,-0.026123046875,0.026123046875,0.0,0.0,-0.026123046875
good_eventful,1,ep00702_t0002_item014452,1,A2,2,ally,5,dynamic_5,0.0,0.038299560546875,0.038299560546875,0.0,0.0,0.038299560546875
good_eventful,1,ep00702_t0002_item014452,1,A2,2,ally,6,dynamic_6,0.0,-0.046112060546875,0.046112060546875,0.0,0.0,-0.046112060546875
good_eventful,1,ep00702_t0002_item014452,1,A2,2,ally,7,dynamic_7,1.0,1.02734375,0.02734375,1.0,0.0,0.02734375
good_eventful,1,ep00702_t0002_item014452,1,A2,2,ally,8,dynamic_8,0.0,0.05194091796875,0.05194091796875,0.0,0.0,0.05194091796875
good_eventful,1,ep00702_t0002_item014452,1,A2,2,ally,9,dynamic_9,0.0,-0.0002567768096923828,0.0002567768096923828,0.0,0.0,-0.0002567768096923828
good_eventful,1,ep00702_t0002_item014452,1,A2,2,ally,10,dynamic_10,0.0,0.0214691162109375,0.0214691162109375,0.0,0.0,0.0214691162109375
good_eventful,1,ep00702_t0002_item014452,1,A2,2,ally,11,dynamic_11,0.0,-0.124267578125,0.124267578125,0.0,0.0,-0.124267578125
good_eventful,1,ep00702_t0002_item014452,1,A2,2,ally,12,dynamic_12,0.0,-0.0027408599853515625,0.0027408599853515625,0.0,0.0,-0.0027408599853515625
good_eventful,1,ep00702_t0002_item014452,1,A3,3,ally,0,hp,1.0,0.88720703125,0.11279296875,1.0,0.0,-0.11279296875
good_eventful,1,ep00702_t0002_item014452,1,A3,3,ally,1,cooldown_or_energy,0.0,0.05694580078125,0.05694580078125,0.0,0.0,0.05694580078125
good_eventful,1,ep00702_t0002_item014452,1,A3,3,ally,2,dx,-0.01742762327194214,-0.0289154052734375,0.011487782001495361,-0.0666462779045105,0.04921865463256836,0.037730872631073
good_eventful,1,ep00702_t0002_item014452,1,A3,3,ally,3,dy,-0.1527668535709381,-0.06903076171875,0.08373609185218811,-0.1527668535709381,0.0,0.08373609185218811
good_eventful,1,ep00702_t0002_item014452,1,A3,3,ally,4,shield,0.0,-0.00860595703125,0.00860595703125,0.0,0.0,-0.00860595703125
good_eventful,1,ep00702_t0002_item014452,1,A3,3,ally,5,dynamic_5,0.0,0.061309814453125,0.061309814453125,0.0,0.0,0.061309814453125
good_eventful,1,ep00702_t0002_item014452,1,A3,3,ally,6,dynamic_6,0.0,-0.0244598388671875,0.0244598388671875,0.0,0.0,-0.0244598388671875
good_eventful,1,ep00702_t0002_item014452,1,A3,3,ally,7,dynamic_7,1.0,0.79296875,0.20703125,1.0,0.0,-0.20703125
good_eventful,1,ep00702_t0002_item014452,1,A3,3,ally,8,dynamic_8,0.0,0.0836181640625,0.0836181640625,0.0,0.0,0.0836181640625
good_eventful,1,ep00702_t0002_item014452,1,A3,3,ally,9,dynamic_9,0.0,-0.00018084049224853516,0.00018084049224853516,0.0,0.0,-0.00018084049224853516
good_eventful,1,ep00702_t0002_item014452,1,A3,3,ally,10,dynamic_10,0.0,-0.0084381103515625,0.0084381103515625,0.0,0.0,-0.0084381103515625
good_eventful,1,ep00702_t0002_item014452,1,A3,3,ally,11,dynamic_11,0.0,-0.049102783203125,0.049102783203125,0.0,0.0,-0.049102783203125
good_eventful,1,ep00702_t0002_item014452,1,A3,3,ally,12,dynamic_12,0.0,0.0140228271484375,0.0140228271484375,0.0,0.0,0.0140228271484375
good_eventful,1,ep00702_t0002_item014452,1,A4,4,ally,0,hp,1.0,1.060546875,0.060546875,1.0,0.0,0.060546875
good_eventful,1,ep00702_t0002_item014452,1,A4,4,ally,1,cooldown_or_energy,0.0,0.0423583984375,0.0423583984375,0.0,0.0,0.0423583984375
good_eventful,1,ep00702_t0002_item014452,1,A4,4,ally,2,dx,-0.216812402009964,-0.1806640625,0.03614833950996399,-0.16759374737739563,-0.04921865463256836,-0.01307031512260437
good_eventful,1,ep00702_t0002_item014452,1,A4,4,ally,3,dy,0.05574989318847656,0.02825927734375,0.027490615844726562,0.05574989318847656,0.0,-0.027490615844726562
good_eventful,1,ep00702_t0002_item014452,1,A4,4,ally,4,shield,0.0,0.047760009765625,0.047760009765625,0.0,0.0,0.047760009765625
good_eventful,1,ep00702_t0002_item014452,1,A4,4,ally,5,dynamic_5,0.0,-0.03155517578125,0.03155517578125,0.0,0.0,-0.03155517578125
good_eventful,1,ep00702_t0002_item014452,1,A4,4,ally,6,dynamic_6,0.0,-0.026824951171875,0.026824951171875,0.0,0.0,-0.026824951171875
good_eventful,1,ep00702_t0002_item014452,1,A4,4,ally,7,dynamic_7,1.0,1.1181640625,0.1181640625,1.0,0.0,0.1181640625
good_eventful,1,ep00702_t0002_item014452,1,A4,4,ally,8,dynamic_8,0.0,-0.0186004638671875,0.0186004638671875,0.0,0.0,-0.0186004638671875
good_eventful,1,ep00702_t0002_item014452,1,A4,4,ally,9,dynamic_9,0.0,0.0009889602661132812,0.0009889602661132812,0.0,0.0,0.0009889602661132812
good_eventful,1,ep00702_t0002_item014452,1,A4,4,ally,10,dynamic_10,0.0,-0.03546142578125,0.03546142578125,0.0,0.0,-0.03546142578125
good_eventful,1,ep00702_t0002_item014452,1,A4,4,ally,11,dynamic_11,0.0,0.040771484375,0.040771484375,0.0,0.0,0.040771484375
good_eventful,1,ep00702_t0002_item014452,1,A4,4,ally,12,dynamic_12,0.0,-0.0183563232421875,0.0183563232421875,0.0,0.0,-0.0183563232421875
good_eventful,1,ep00702_t0002_item014452,1,A5,5,ally,0,hp,0.8666666746139526,0.9169921875,0.05032551288604736,1.0,-0.13333332538604736,-0.0830078125
good_eventful,1,ep00702_t0002_item014452,1,A5,5,ally,1,cooldown_or_energy,0.0,0.11737060546875,0.11737060546875,0.0,0.0,0.11737060546875
good_eventful,1,ep00702_t0002_item014452,1,A5,5,ally,2,dx,-0.09493759274482727,-0.060211181640625,0.03472641110420227,-0.14415624737739563,0.04921865463256836,0.08394506573677063
good_eventful,1,ep00702_t0002_item014452,1,A5,5,ally,3,dy,-0.042687416076660156,0.0243988037109375,0.06708621978759766,-0.042687416076660156,0.0,0.06708621978759766
good_eventful,1,ep00702_t0002_item014452,1,A5,5,ally,4,shield,0.0,-0.01247406005859375,0.01247406005859375,0.0,0.0,-0.01247406005859375
good_eventful,1,ep00702_t0002_item014452,1,A5,5,ally,5,dynamic_5,0.0,0.04229736328125,0.04229736328125,0.0,0.0,0.04229736328125
good_eventful,1,ep00702_t0002_item014452,1,A5,5,ally,6,dynamic_6,0.0,-0.0238189697265625,0.0238189697265625,0.0,0.0,-0.0238189697265625
good_eventful,1,ep00702_t0002_item014452,1,A5,5,ally,7,dynamic_7,1.0,1.072265625,0.072265625,1.0,0.0,0.072265625
good_eventful,1,ep00702_t0002_item014452,1,A5,5,ally,8,dynamic_8,0.0,0.10101318359375,0.10101318359375,0.0,0.0,0.10101318359375
good_eventful,1,ep00702_t0002_item014452,1,A5,5,ally,9,dynamic_9,0.0,0.0001659393310546875,0.0001659393310546875,0.0,0.0,0.0001659393310546875
good_eventful,1,ep00702_t0002_item014452,1,A5,5,ally,10,dynamic_10,0.0,-0.0648193359375,0.0648193359375,0.0,0.0,-0.0648193359375
good_eventful,1,ep00702_t0002_item014452,1,A5,5,ally,11,dynamic_11,0.0,-0.100341796875,0.100341796875,0.0,0.0,-0.100341796875
good_eventful,1,ep00702_t0002_item014452,1,A5,5,ally,12,dynamic_12,0.0,0.01031494140625,0.01031494140625,0.0,0.0,0.01031494140625
good_eventful,1,ep00702_t0002_item014452,1,A6,6,ally,0,hp,1.0,0.994140625,0.005859375,1.0,0.0,-0.005859375
good_eventful,1,ep00702_t0002_item014452,1,A6,6,ally,1,cooldown_or_energy,0.0,0.062286376953125,0.062286376953125,0.0,0.0,0.062286376953125
good_eventful,1,ep00702_t0002_item014452,1,A6,6,ally,2,dx,-0.21759364008903503,-0.2373046875,0.019711047410964966,-0.21759364008903503,0.0,-0.019711047410964966
good_eventful,1,ep00702_t0002_item014452,1,A6,6,ally,3,dy,-0.01768738031387329,-0.05694580078125,0.03925842046737671,0.03153127431869507,-0.04921865463256836,-0.08847707509994507
good_eventful,1,ep00702_t0002_item014452,1,A6,6,ally,4,shield,0.0,-0.042724609375,0.042724609375,0.0,0.0,-0.042724609375
good_eventful,1,ep00702_t0002_item014452,1,A6,6,ally,5,dynamic_5,0.0,-0.0135345458984375,0.0135345458984375,0.0,0.0,-0.0135345458984375
good_eventful,1,ep00702_t0002_item014452,1,A6,6,ally,6,dynamic_6,0.0,-0.043670654296875,0.043670654296875,0.0,0.0,-0.043670654296875
good_eventful,1,ep00702_t0002_item014452,1,A6,6,ally,7,dynamic_7,1.0,1.1318359375,0.1318359375,1.0,0.0,0.1318359375
good_eventful,1,ep00702_t0002_item014452,1,A6,6,ally,8,dynamic_8,0.0,-0.0224609375,0.0224609375,0.0,0.0,-0.0224609375
good_eventful,1,ep00702_t0002_item014452,1,A6,6,ally,9,dynamic_9,0.0,0.0006461143493652344,0.0006461143493652344,0.0,0.0,0.0006461143493652344
good_eventful,1,ep00702_t0002_item014452,1,A6,6,ally,10,dynamic_10,0.0,-0.0155792236328125,0.0155792236328125,0.0,0.0,-0.0155792236328125
good_eventful,1,ep00702_t0002_item014452,1,A6,6,ally,11,dynamic_11,0.0,-0.06744384765625,0.06744384765625,0.0,0.0,-0.06744384765625
good_eventful,1,ep00702_t0002_item014452,1,A6,6,ally,12,dynamic_12,0.0,0.02362060546875,0.02362060546875,0.0,0.0,0.02362060546875
good_eventful,1,ep00702_t0002_item014452,1,E0,9,enemy,0,hp,1.0,0.8564453125,0.1435546875,1.0,0.0,-0.1435546875
good_eventful,1,ep00702_t0002_item014452,1,E0,9,enemy,1,dx,0.019898951053619385,-0.0335693359375,0.053468286991119385,0.051346421241760254,-0.03144747018814087,-0.08491575717926025
good_eventful,1,ep00702_t0002_item014452,1,E0,9,enemy,2,dy,0.07245486974716187,0.04376220703125,0.028692662715911865,0.08711320161819458,-0.014658331871032715,-0.04335099458694458
good_eventful,1,ep00702_t0002_item014452,1,E0,9,enemy,3,dynamic_3,0.0,-0.036712646484375,0.036712646484375,0.0,0.0,-0.036712646484375
good_eventful,1,ep00702_t0002_item014452,1,E0,9,enemy,4,dynamic_4,0.0,-0.040252685546875,0.040252685546875,0.0,0.0,-0.040252685546875
good_eventful,1,ep00702_t0002_item014452,1,E0,9,enemy,5,dynamic_5,0.0,0.0082244873046875,0.0082244873046875,0.0,0.0,0.0082244873046875
good_eventful,1,ep00702_t0002_item014452,1,E0,9,enemy,6,dynamic_6,1.0,1.0048828125,0.0048828125,1.0,0.0,0.0048828125
good_eventful,1,ep00702_t0002_item014452,1,E0,9,enemy,7,dynamic_7,0.0,-0.015045166015625,0.015045166015625,0.0,0.0,-0.015045166015625
good_eventful,1,ep00702_t0002_item014452,1,E0,9,enemy,8,dynamic_8,0.0,0.01200103759765625,0.01200103759765625,0.0,0.0,0.01200103759765625
good_eventful,1,ep00702_t0002_item014452,1,E0,9,enemy,9,dynamic_9,0.0,0.000278472900390625,0.000278472900390625,0.0,0.0,0.000278472900390625
good_eventful,1,ep00702_t0002_item014452,1,E0,9,enemy,10,dynamic_10,0.0,-0.048004150390625,0.048004150390625,0.0,0.0,-0.048004150390625
good_eventful,1,ep00702_t0002_item014452,1,E0,9,enemy,11,dynamic_11,0.0,-0.0347900390625,0.0347900390625,0.0,0.0,-0.0347900390625
good_eventful,1,ep00702_t0002_item014452,1,E1,10,enemy,0,hp,1.0,0.91015625,0.08984375,1.0,0.0,-0.08984375
good_eventful,1,ep00702_t0002_item014452,1,E1,10,enemy,1,dx,0.004426002502441406,-0.007259368896484375,0.011685371398925781,0.02848750352859497,-0.024061501026153564,-0.035746872425079346
good_eventful,1,ep00702_t0002_item014452,1,E1,10,enemy,2,dy,0.0634337067604065,0.0438232421875,0.019610464572906494,0.0825851559638977,-0.01915144920349121,-0.038761913776397705
good_eventful,1,ep00702_t0002_item014452,1,E1,10,enemy,3,dynamic_3,0.0,-0.033935546875,0.033935546875,0.0,0.0,-0.033935546875
good_eventful,1,ep00702_t0002_item014452,1,E1,10,enemy,4,dynamic_4,0.0,-0.00021898746490478516,0.00021898746490478516,0.0,0.0,-0.00021898746490478516
good_eventful,1,ep00702_t0002_item014452,1,E1,10,enemy,5,dynamic_5,0.0,0.02655029296875,0.02655029296875,0.0,0.0,0.02655029296875
good_eventful,1,ep00702_t0002_item014452,1,E1,10,enemy,6,dynamic_6,1.0,0.9609375,0.0390625,1.0,0.0,-0.0390625
good_eventful,1,ep00702_t0002_item014452,1,E1,10,enemy,7,dynamic_7,0.0,-0.0265655517578125,0.0265655517578125,0.0,0.0,-0.0265655517578125
good_eventful,1,ep00702_t0002_item014452,1,E1,10,enemy,8,dynamic_8,0.0,0.04449462890625,0.04449462890625,0.0,0.0,0.04449462890625
good_eventful,1,ep00702_t0002_item014452,1,E1,10,enemy,9,dynamic_9,0.0,0.00013577938079833984,0.00013577938079833984,0.0,0.0,0.00013577938079833984
good_eventful,1,ep00702_t0002_item014452,1,E1,10,enemy,10,dynamic_10,0.0,-0.0870361328125,0.0870361328125,0.0,0.0,-0.0870361328125
good_eventful,1,ep00702_t0002_item014452,1,E1,10,enemy,11,dynamic_11,0.0,0.05059814453125,0.05059814453125,0.0,0.0,0.05059814453125
good_eventful,1,ep00702_t0002_item014452,1,E2,11,enemy,0,hp,1.0,0.95703125,0.04296875,1.0,0.0,-0.04296875
good_eventful,1,ep00702_t0002_item014452,1,E2,11,enemy,1,dx,0.02845621109008789,0.0050506591796875,0.02340555191040039,0.048539578914642334,-0.020083367824554443,-0.043488919734954834
good_eventful,1,ep00702_t0002_item014452,1,E2,11,enemy,2,dy,0.04999154806137085,0.0310516357421875,0.01893991231918335,0.0641816258430481,-0.014190077781677246,-0.033129990100860596
good_eventful,1,ep00702_t0002_item014452,1,E2,11,enemy,3,dynamic_3,0.0,-0.050933837890625,0.050933837890625,0.0,0.0,-0.050933837890625
good_eventful,1,ep00702_t0002_item014452,1,E2,11,enemy,4,dynamic_4,0.0,-0.0279541015625,0.0279541015625,0.0,0.0,-0.0279541015625
good_eventful,1,ep00702_t0002_item014452,1,E2,11,enemy,5,dynamic_5,0.0,0.037506103515625,0.037506103515625,0.0,0.0,0.037506103515625
good_eventful,1,ep00702_t0002_item014452,1,E2,11,enemy,6,dynamic_6,1.0,0.9970703125,0.0029296875,1.0,0.0,-0.0029296875
good_eventful,1,ep00702_t0002_item014452,1,E2,11,enemy,7,dynamic_7,0.0,-0.038970947265625,0.038970947265625,0.0,0.0,-0.038970947265625
good_eventful,1,ep00702_t0002_item014452,1,E2,11,enemy,8,dynamic_8,0.0,0.05389404296875,0.05389404296875,0.0,0.0,0.05389404296875
good_eventful,1,ep00702_t0002_item014452,1,E2,11,enemy,9,dynamic_9,0.0,0.0014524459838867188,0.0014524459838867188,0.0,0.0,0.0014524459838867188
good_eventful,1,ep00702_t0002_item014452,1,E2,11,enemy,10,dynamic_10,0.0,-0.0189666748046875,0.0189666748046875,0.0,0.0,-0.0189666748046875
good_eventful,1,ep00702_t0002_item014452,1,E2,11,enemy,11,dynamic_11,0.0,0.0250091552734375,0.0250091552734375,0.0,0.0,0.0250091552734375
good_eventful,1,ep00702_t0002_item014452,1,E3,12,enemy,0,hp,1.0,0.96826171875,0.03173828125,1.0,0.0,-0.03173828125
good_eventful,1,ep00702_t0002_item014452,1,E3,12,enemy,1,dx,0.07565003633499146,0.031982421875,0.043667614459991455,0.07565003633499146,0.0,-0.043667614459991455
good_eventful,1,ep00702_t0002_item014452,1,E3,12,enemy,2,dy,-0.005776822566986084,-0.037261962890625,0.031485140323638916,-0.005776822566986084,0.0,-0.031485140323638916
good_eventful,1,ep00702_t0002_item014452,1,E3,12,enemy,3,dynamic_3,0.0,-0.062408447265625,0.062408447265625,0.0,0.0,-0.062408447265625
good_eventful,1,ep00702_t0002_item014452,1,E3,12,enemy,4,dynamic_4,0.0,-0.05621337890625,0.05621337890625,0.0,0.0,-0.05621337890625
good_eventful,1,ep00702_t0002_item014452,1,E3,12,enemy,5,dynamic_5,0.0,0.039398193359375,0.039398193359375,0.0,0.0,0.039398193359375
good_eventful,1,ep00702_t0002_item014452,1,E3,12,enemy,6,dynamic_6,1.0,1.017578125,0.017578125,1.0,0.0,0.017578125
good_eventful,1,ep00702_t0002_item014452,1,E3,12,enemy,7,dynamic_7,0.0,-0.0289306640625,0.0289306640625,0.0,0.0,-0.0289306640625
good_eventful,1,ep00702_t0002_item014452,1,E3,12,enemy,8,dynamic_8,0.0,-0.004924774169921875,0.004924774169921875,0.0,0.0,-0.004924774169921875
good_eventful,1,ep00702_t0002_item014452,1,E3,12,enemy,9,dynamic_9,0.0,0.0010881423950195312,0.0010881423950195312,0.0,0.0,0.0010881423950195312
good_eventful,1,ep00702_t0002_item014452,1,E3,12,enemy,10,dynamic_10,0.0,-0.029876708984375,0.029876708984375,0.0,0.0,-0.029876708984375
good_eventful,1,ep00702_t0002_item014452,1,E3,12,enemy,11,dynamic_11,0.0,0.0170135498046875,0.0170135498046875,0.0,0.0,0.0170135498046875
good_eventful,1,ep00702_t0002_item014452,1,E4,13,enemy,0,hp,1.0,0.95556640625,0.04443359375,1.0,0.0,-0.04443359375
good_eventful,1,ep00702_t0002_item014452,1,E4,13,enemy,1,dx,0.056320011615753174,0.006404876708984375,0.0499151349067688,0.056320011615753174,0.0,-0.0499151349067688
good_eventful,1,ep00702_t0002_item014452,1,E4,13,enemy,2,dy,-0.010610342025756836,-0.047332763671875,0.036722421646118164,-0.010610342025756836,0.0,-0.036722421646118164
good_eventful,1,ep00702_t0002_item014452,1,E4,13,enemy,3,dynamic_3,0.0,-0.019683837890625,0.019683837890625,0.0,0.0,-0.019683837890625
good_eventful,1,ep00702_t0002_item014452,1,E4,13,enemy,4,dynamic_4,0.0,-0.0279388427734375,0.0279388427734375,0.0,0.0,-0.0279388427734375
good_eventful,1,ep00702_t0002_item014452,1,E4,13,enemy,5,dynamic_5,0.0,0.007740020751953125,0.007740020751953125,0.0,0.0,0.007740020751953125
good_eventful,1,ep00702_t0002_item014452,1,E4,13,enemy,6,dynamic_6,1.0,0.9697265625,0.0302734375,1.0,0.0,-0.0302734375
good_eventful,1,ep00702_t0002_item014452,1,E4,13,enemy,7,dynamic_7,0.0,0.021240234375,0.021240234375,0.0,0.0,0.021240234375
good_eventful,1,ep00702_t0002_item014452,1,E4,13,enemy,8,dynamic_8,0.0,-0.006740570068359375,0.006740570068359375,0.0,0.0,-0.006740570068359375
good_eventful,1,ep00702_t0002_item014452,1,E4,13,enemy,9,dynamic_9,0.0,0.0011444091796875,0.0011444091796875,0.0,0.0,0.0011444091796875
good_eventful,1,ep00702_t0002_item014452,1,E4,13,enemy,10,dynamic_10,0.0,-0.0309600830078125,0.0309600830078125,0.0,0.0,-0.0309600830078125
good_eventful,1,ep00702_t0002_item014452,1,E4,13,enemy,11,dynamic_11,0.0,0.00299072265625,0.00299072265625,0.0,0.0,0.00299072265625
good_eventful,1,ep00702_t0002_item014452,1,E5,14,enemy,0,hp,1.0,1.00390625,0.00390625,1.0,0.0,0.00390625
good_eventful,1,ep00702_t0002_item014452,1,E5,14,enemy,1,dx,0.0741376280784607,0.015838623046875,0.05829900503158569,0.0741376280784607,0.0,-0.05829900503158569
good_eventful,1,ep00702_t0002_item014452,1,E5,14,enemy,2,dy,-0.030918776988983154,-0.04656982421875,0.015651047229766846,-0.030918776988983154,0.0,-0.015651047229766846
good_eventful,1,ep00702_t0002_item014452,1,E5,14,enemy,3,dynamic_3,0.0,0.00824737548828125,0.00824737548828125,0.0,0.0,0.00824737548828125
good_eventful,1,ep00702_t0002_item014452,1,E5,14,enemy,4,dynamic_4,0.0,0.00801849365234375,0.00801849365234375,0.0,0.0,0.00801849365234375
good_eventful,1,ep00702_t0002_item014452,1,E5,14,enemy,5,dynamic_5,0.0,-0.0030002593994140625,0.0030002593994140625,0.0,0.0,-0.0030002593994140625
good_eventful,1,ep00702_t0002_item014452,1,E5,14,enemy,6,dynamic_6,1.0,0.9169921875,0.0830078125,1.0,0.0,-0.0830078125
good_eventful,1,ep00702_t0002_item014452,1,E5,14,enemy,7,dynamic_7,0.0,0.027923583984375,0.027923583984375,0.0,0.0,0.027923583984375
good_eventful,1,ep00702_t0002_item014452,1,E5,14,enemy,8,dynamic_8,0.0,-0.01568603515625,0.01568603515625,0.0,0.0,-0.01568603515625
good_eventful,1,ep00702_t0002_item014452,1,E5,14,enemy,9,dynamic_9,0.0,0.00030303001403808594,0.00030303001403808594,0.0,0.0,0.00030303001403808594
good_eventful,1,ep00702_t0002_item014452,1,E5,14,enemy,10,dynamic_10,0.0,0.055419921875,0.055419921875,0.0,0.0,0.055419921875
good_eventful,1,ep00702_t0002_item014452,1,E5,14,enemy,11,dynamic_11,0.0,-0.00669097900390625,0.00669097900390625,0.0,0.0,-0.00669097900390625
good_eventful,1,ep00702_t0002_item014452,5,A0,0,ally,0,hp,1.0,0.96142578125,0.03857421875,1.0,0.0,-0.03857421875
good_eventful,1,ep00702_t0002_item014452,5,A0,0,ally,1,cooldown_or_energy,0.0,0.042022705078125,0.042022705078125,0.0,0.0,0.042022705078125
good_eventful,1,ep00702_t0002_item014452,5,A0,0,ally,2,dx,-0.08962509036064148,-0.088134765625,0.0014903247356414795,-0.13884374499320984,0.04921865463256836,0.05070897936820984
good_eventful,1,ep00702_t0002_item014452,5,A0,0,ally,3,dy,-0.10762107372283936,-0.11907958984375,0.011458516120910645,-0.17636126279830933,0.06874018907546997,0.057281672954559326
good_eventful,1,ep00702_t0002_item014452,5,A0,0,ally,4,shield,0.0,-0.01611328125,0.01611328125,0.0,0.0,-0.01611328125
good_eventful,1,ep00702_t0002_item014452,5,A0,0,ally,5,dynamic_5,0.0,0.011810302734375,0.011810302734375,0.0,0.0,0.011810302734375
good_eventful,1,ep00702_t0002_item014452,5,A0,0,ally,6,dynamic_6,0.0,-0.0289459228515625,0.0289459228515625,0.0,0.0,-0.0289459228515625
good_eventful,1,ep00702_t0002_item014452,5,A0,0,ally,7,dynamic_7,1.0,1.11328125,0.11328125,1.0,0.0,0.11328125
good_eventful,1,ep00702_t0002_item014452,5,A0,0,ally,8,dynamic_8,0.0,-0.046539306640625,0.046539306640625,0.0,0.0,-0.046539306640625
good_eventful,1,ep00702_t0002_item014452,5,A0,0,ally,9,dynamic_9,0.0,0.0001283884048461914,0.0001283884048461914,0.0,0.0,0.0001283884048461914
good_eventful,1,ep00702_t0002_item014452,5,A0,0,ally,10,dynamic_10,0.0,0.01018524169921875,0.01018524169921875,0.0,0.0,0.01018524169921875
good_eventful,1,ep00702_t0002_item014452,5,A0,0,ally,11,dynamic_11,0.0,-0.048919677734375,0.048919677734375,0.0,0.0,-0.048919677734375
good_eventful,1,ep00702_t0002_item014452,5,A0,0,ally,12,dynamic_12,0.0,-0.0275726318359375,0.0275726318359375,0.0,0.0,-0.0275726318359375
good_eventful,1,ep00702_t0002_item014452,5,A2,2,ally,0,hp,1.0,0.499267578125,0.500732421875,1.0,0.0,-0.500732421875
good_eventful,1,ep00702_t0002_item014452,5,A2,2,ally,1,cooldown_or_energy,0.0,0.036590576171875,0.036590576171875,0.0,0.0,0.036590576171875
good_eventful,1,ep00702_t0002_item014452,5,A2,2,ally,2,dx,-0.13930979371070862,-0.18359375,0.04428395628929138,-0.08962509036064148,-0.04968470335006714,-0.09396865963935852
good_eventful,1,ep00702_t0002_item014452,5,A2,2,ally,3,dy,-0.10586780309677124,-0.074951171875,0.03091663122177124,-0.10506251454353333,-0.000805288553237915,0.030111342668533325
good_eventful,1,ep00702_t0002_item014452,5,A2,2,ally,4,shield,0.0,-0.04901123046875,0.04901123046875,0.0,0.0,-0.04901123046875
good_eventful,1,ep00702_t0002_item014452,5,A2,2,ally,5,dynamic_5,0.0,0.002483367919921875,0.002483367919921875,0.0,0.0,0.002483367919921875
good_eventful,1,ep00702_t0002_item014452,5,A2,2,ally,6,dynamic_6,0.0,-0.011505126953125,0.011505126953125,0.0,0.0,-0.011505126953125
good_eventful,1,ep00702_t0002_item014452,5,A2,2,ally,7,dynamic_7,1.0,0.97900390625,0.02099609375,1.0,0.0,-0.02099609375
good_eventful,1,ep00702_t0002_item014452,5,A2,2,ally,8,dynamic_8,0.0,-0.008026123046875,0.008026123046875,0.0,0.0,-0.008026123046875
good_eventful,1,ep00702_t0002_item014452,5,A2,2,ally,9,dynamic_9,0.0,0.0007648468017578125,0.0007648468017578125,0.0,0.0,0.0007648468017578125
good_eventful,1,ep00702_t0002_item014452,5,A2,2,ally,10,dynamic_10,0.0,0.01611328125,0.01611328125,0.0,0.0,0.01611328125
good_eventful,1,ep00702_t0002_item014452,5,A2,2,ally,11,dynamic_11,0.0,0.00397491455078125,0.00397491455078125,0.0,0.0,0.00397491455078125
good_eventful,1,ep00702_t0002_item014452,5,A2,2,ally,12,dynamic_12,0.0,-0.060882568359375,0.060882568359375,0.0,0.0,-0.060882568359375
good_eventful,1,ep00702_t0002_item014452,5,A4,4,ally,0,hp,1.0,0.99755859375,0.00244140625,1.0,0.0,-0.00244140625
good_eventful,1,ep00702_t0002_item014452,5,A4,4,ally,1,cooldown_or_energy,0.0,0.052978515625,0.052978515625,0.0,0.0,0.052978515625
good_eventful,1,ep00702_t0002_item014452,5,A4,4,ally,2,dx,-0.26603108644485474,-0.254638671875,0.011392414569854736,-0.16759374737739563,-0.0984373390674591,-0.08704492449760437
good_eventful,1,ep00702_t0002_item014452,5,A4,4,ally,3,dy,0.006531238555908203,-0.029693603515625,0.0362248420715332,0.05574989318847656,-0.04921865463256836,-0.08544349670410156
good_eventful,1,ep00702_t0002_item014452,5,A4,4,ally,4,shield,0.0,0.015167236328125,0.015167236328125,0.0,0.0,0.015167236328125
good_eventful,1,ep00702_t0002_item014452,5,A4,4,ally,5,dynamic_5,0.0,-0.00799560546875,0.00799560546875,0.0,0.0,-0.00799560546875
good_eventful,1,ep00702_t0002_item014452,5,A4,4,ally,6,dynamic_6,0.0,-0.0192718505859375,0.0192718505859375,0.0,0.0,-0.0192718505859375
good_eventful,1,ep00702_t0002_item014452,5,A4,4,ally,7,dynamic_7,1.0,1.0185546875,0.0185546875,1.0,0.0,0.0185546875
good_eventful,1,ep00702_t0002_item014452,5,A4,4,ally,8,dynamic_8,0.0,-0.03765869140625,0.03765869140625,0.0,0.0,-0.03765869140625
good_eventful,1,ep00702_t0002_item014452,5,A4,4,ally,9,dynamic_9,0.0,0.0012264251708984375,0.0012264251708984375,0.0,0.0,0.0012264251708984375
good_eventful,1,ep00702_t0002_item014452,5,A4,4,ally,10,dynamic_10,0.0,-0.0117034912109375,0.0117034912109375,0.0,0.0,-0.0117034912109375
good_eventful,1,ep00702_t0002_item014452,5,A4,4,ally,11,dynamic_11,0.0,0.12646484375,0.12646484375,0.0,0.0,0.12646484375
good_eventful,1,ep00702_t0002_item014452,5,A4,4,ally,12,dynamic_12,0.0,-0.0587158203125,0.0587158203125,0.0,0.0,-0.0587158203125
good_eventful,1,ep00702_t0002_item014452,5,A6,6,ally,0,hp,1.0,0.77685546875,0.22314453125,1.0,0.0,-0.22314453125
good_eventful,1,ep00702_t0002_item014452,5,A6,6,ally,1,cooldown_or_energy,0.0,0.05059814453125,0.05059814453125,0.0,0.0,0.05059814453125
good_eventful,1,ep00702_t0002_item014452,5,A6,6,ally,2,dx,-0.16837498545646667,-0.192626953125,0.024251967668533325,-0.21759364008903503,0.04921865463256836,0.024966686964035034
good_eventful,1,ep00702_t0002_item014452,5,A6,6,ally,3,dy,0.03153127431869507,0.03070068359375,0.0008305907249450684,0.03153127431869507,0.0,-0.0008305907249450684
good_eventful,1,ep00702_t0002_item014452,5,A6,6,ally,4,shield,0.0,-0.035308837890625,0.035308837890625,0.0,0.0,-0.035308837890625
good_eventful,1,ep00702_t0002_item014452,5,A6,6,ally,5,dynamic_5,0.0,-0.03729248046875,0.03729248046875,0.0,0.0,-0.03729248046875
good_eventful,1,ep00702_t0002_item014452,5,A6,6,ally,6,dynamic_6,0.0,-0.09698486328125,0.09698486328125,0.0,0.0,-0.09698486328125
good_eventful,1,ep00702_t0002_item014452,5,A6,6,ally,7,dynamic_7,1.0,1.1103515625,0.1103515625,1.0,0.0,0.1103515625
good_eventful,1,ep00702_t0002_item014452,5,A6,6,ally,8,dynamic_8,0.0,-0.037933349609375,0.037933349609375,0.0,0.0,-0.037933349609375
good_eventful,1,ep00702_t0002_item014452,5,A6,6,ally,9,dynamic_9,0.0,0.0007462501525878906,0.0007462501525878906,0.0,0.0,0.0007462501525878906
good_eventful,1,ep00702_t0002_item014452,5,A6,6,ally,10,dynamic_10,0.0,0.0254058837890625,0.0254058837890625,0.0,0.0,0.0254058837890625
good_eventful,1,ep00702_t0002_item014452,5,A6,6,ally,11,dynamic_11,0.0,0.026275634765625,0.026275634765625,0.0,0.0,0.026275634765625
good_eventful,1,ep00702_t0002_item014452,5,A6,6,ally,12,dynamic_12,0.0,-0.0161590576171875,0.0161590576171875,0.0,0.0,-0.0161590576171875
good_eventful,1,ep00702_t0002_item014452,5,E0,9,enemy,0,hp,0.8666666746139526,0.86279296875,0.0038737058639526367,1.0,-0.13333332538604736,-0.13720703125
good_eventful,1,ep00702_t0002_item014452,5,E0,9,enemy,1,dx,0.00965738296508789,-0.11627197265625,0.1259293556213379,0.051346421241760254,-0.04168903827667236,-0.16761839389801025
good_eventful,1,ep00702_t0002_item014452,5,E0,9,enemy,2,dy,0.06587809324264526,0.0618896484375,0.003988444805145264,0.08711320161819458,-0.021235108375549316,-0.02522355318069458
good_eventful,1,ep00702_t0002_item014452,5,E0,9,enemy,3,dynamic_3,0.0,-0.0309906005859375,0.0309906005859375,0.0,0.0,-0.0309906005859375
good_eventful,1,ep00702_t0002_item014452,5,E0,9,enemy,4,dynamic_4,0.0,-0.0013790130615234375,0.0013790130615234375,0.0,0.0,-0.0013790130615234375
good_eventful,1,ep00702_t0002_item014452,5,E0,9,enemy,5,dynamic_5,0.0,-0.0012140274047851562,0.0012140274047851562,0.0,0.0,-0.0012140274047851562
good_eventful,1,ep00702_t0002_item014452,5,E0,9,enemy,6,dynamic_6,1.0,1.08203125,0.08203125,1.0,0.0,0.08203125
good_eventful,1,ep00702_t0002_item014452,5,E0,9,enemy,7,dynamic_7,0.0,-0.00986480712890625,0.00986480712890625,0.0,0.0,-0.00986480712890625
good_eventful,1,ep00702_t0002_item014452,5,E0,9,enemy,8,dynamic_8,0.0,-0.0024089813232421875,0.0024089813232421875,0.0,0.0,-0.0024089813232421875
good_eventful,1,ep00702_t0002_item014452,5,E0,9,enemy,9,dynamic_9,0.0,0.0002636909484863281,0.0002636909484863281,0.0,0.0,0.0002636909484863281
good_eventful,1,ep00702_t0002_item014452,5,E0,9,enemy,10,dynamic_10,0.0,-0.0635986328125,0.0635986328125,0.0,0.0,-0.0635986328125
good_eventful,1,ep00702_t0002_item014452,5,E0,9,enemy,11,dynamic_11,0.0,-0.0316162109375,0.0316162109375,0.0,0.0,-0.0316162109375
good_eventful,1,ep00702_t0002_item014452,5,E1,10,enemy,0,hp,0.8666666746139526,0.84619140625,0.020475268363952637,1.0,-0.13333332538604736,-0.15380859375
good_eventful,1,ep00702_t0002_item014452,5,E1,10,enemy,1,dx,-0.004952967166900635,-0.10028076171875,0.09532779455184937,0.02848750352859497,-0.033440470695495605,-0.12876826524734497
good_eventful,1,ep00702_t0002_item014452,5,E1,10,enemy,2,dy,0.055468738079071045,0.049407958984375,0.006060779094696045,0.0825851559638977,-0.02711641788482666,-0.033177196979522705
good_eventful,1,ep00702_t0002_item014452,5,E1,10,enemy,3,dynamic_3,0.0,-0.020111083984375,0.020111083984375,0.0,0.0,-0.020111083984375
good_eventful,1,ep00702_t0002_item014452,5,E1,10,enemy,4,dynamic_4,0.0,-0.005077362060546875,0.005077362060546875,0.0,0.0,-0.005077362060546875
good_eventful,1,ep00702_t0002_item014452,5,E1,10,enemy,5,dynamic_5,0.0,0.003787994384765625,0.003787994384765625,0.0,0.0,0.003787994384765625
good_eventful,1,ep00702_t0002_item014452,5,E1,10,enemy,6,dynamic_6,1.0,0.96142578125,0.03857421875,1.0,0.0,-0.03857421875
good_eventful,1,ep00702_t0002_item014452,5,E1,10,enemy,7,dynamic_7,0.0,-0.0007562637329101562,0.0007562637329101562,0.0,0.0,-0.0007562637329101562
good_eventful,1,ep00702_t0002_item014452,5,E1,10,enemy,8,dynamic_8,0.0,0.0310821533203125,0.0310821533203125,0.0,0.0,0.0310821533203125
good_eventful,1,ep00702_t0002_item014452,5,E1,10,enemy,9,dynamic_9,0.0,-0.00021076202392578125,0.00021076202392578125,0.0,0.0,-0.00021076202392578125
good_eventful,1,ep00702_t0002_item014452,5,E1,10,enemy,10,dynamic_10,0.0,-0.032501220703125,0.032501220703125,0.0,0.0,-0.032501220703125
good_eventful,1,ep00702_t0002_item014452,5,E1,10,enemy,11,dynamic_11,0.0,-0.004436492919921875,0.004436492919921875,0.0,0.0,-0.004436492919921875
good_eventful,1,ep00702_t0002_item014452,5,E2,11,enemy,0,hp,0.7333333492279053,0.814453125,0.08111977577209473,1.0,-0.2666666507720947,-0.185546875
good_eventful,1,ep00702_t0002_item014452,5,E2,11,enemy,1,dx,0.018130183219909668,-0.105224609375,0.12335479259490967,0.048539578914642334,-0.030409395694732666,-0.15376418828964233
good_eventful,1,ep00702_t0002_item014452,5,E2,11,enemy,2,dy,0.043299973011016846,0.019989013671875,0.023310959339141846,0.0641816258430481,-0.02088165283203125,-0.044192612171173096
good_eventful,1,ep00702_t0002_item014452,5,E2,11,enemy,3,dynamic_3,0.0,-0.0574951171875,0.0574951171875,0.0,0.0,-0.0574951171875
good_eventful,1,ep00702_t0002_item014452,5,E2,11,enemy,4,dynamic_4,0.0,-0.0027027130126953125,0.0027027130126953125,0.0,0.0,-0.0027027130126953125
good_eventful,1,ep00702_t0002_item014452,5,E2,11,enemy,5,dynamic_5,0.0,6.306171417236328e-05,6.306171417236328e-05,0.0,0.0,6.306171417236328e-05
good_eventful,1,ep00702_t0002_item014452,5,E2,11,enemy,6,dynamic_6,1.0,1.0,0.0,1.0,0.0,0.0
good_eventful,1,ep00702_t0002_item014452,5,E2,11,enemy,7,dynamic_7,0.0,0.0010938644409179688,0.0010938644409179688,0.0,0.0,0.0010938644409179688
good_eventful,1,ep00702_t0002_item014452,5,E2,11,enemy,8,dynamic_8,0.0,0.042266845703125,0.042266845703125,0.0,0.0,0.042266845703125
good_eventful,1,ep00702_t0002_item014452,5,E2,11,enemy,9,dynamic_9,0.0,0.0002084970474243164,0.0002084970474243164,0.0,0.0,0.0002084970474243164
good_eventful,1,ep00702_t0002_item014452,5,E2,11,enemy,10,dynamic_10,0.0,-0.050933837890625,0.050933837890625,0.0,0.0,-0.050933837890625
good_eventful,1,ep00702_t0002_item014452,5,E2,11,enemy,11,dynamic_11,0.0,0.01336669921875,0.01336669921875,0.0,0.0,0.01336669921875
good_eventful,1,ep00702_t0002_item014452,5,E3,12,enemy,0,hp,1.0,0.884765625,0.115234375,1.0,0.0,-0.115234375
good_eventful,1,ep00702_t0002_item014452,5,E3,12,enemy,1,dx,0.07137727737426758,-0.0638427734375,0.13522005081176758,0.07565003633499146,-0.004272758960723877,-0.13949280977249146
good_eventful,1,ep00702_t0002_item014452,5,E3,12,enemy,2,dy,-0.006811738014221191,-0.039581298828125,0.03276956081390381,-0.005776822566986084,-0.0010349154472351074,-0.033804476261138916
good_eventful,1,ep00702_t0002_item014452,5,E3,12,enemy,3,dynamic_3,0.0,-0.037750244140625,0.037750244140625,0.0,0.0,-0.037750244140625
good_eventful,1,ep00702_t0002_item014452,5,E3,12,enemy,4,dynamic_4,0.0,-0.013580322265625,0.013580322265625,0.0,0.0,-0.013580322265625
good_eventful,1,ep00702_t0002_item014452,5,E3,12,enemy,5,dynamic_5,0.0,0.0136871337890625,0.0136871337890625,0.0,0.0,0.0136871337890625
good_eventful,1,ep00702_t0002_item014452,5,E3,12,enemy,6,dynamic_6,1.0,1.076171875,0.076171875,1.0,0.0,0.076171875
good_eventful,1,ep00702_t0002_item014452,5,E3,12,enemy,7,dynamic_7,0.0,-0.019622802734375,0.019622802734375,0.0,0.0,-0.019622802734375
good_eventful,1,ep00702_t0002_item014452,5,E3,12,enemy,8,dynamic_8,0.0,-0.02032470703125,0.02032470703125,0.0,0.0,-0.02032470703125
good_eventful,1,ep00702_t0002_item014452,5,E3,12,enemy,9,dynamic_9,0.0,0.00013375282287597656,0.00013375282287597656,0.0,0.0,0.00013375282287597656
good_eventful,1,ep00702_t0002_item014452,5,E3,12,enemy,10,dynamic_10,0.0,-0.045562744140625,0.045562744140625,0.0,0.0,-0.045562744140625
good_eventful,1,ep00702_t0002_item014452,5,E3,12,enemy,11,dynamic_11,0.0,-0.032958984375,0.032958984375,0.0,0.0,-0.032958984375
good_eventful,1,ep00702_t0002_item014452,5,E4,13,enemy,0,hp,1.0,0.89990234375,0.10009765625,1.0,0.0,-0.10009765625
good_eventful,1,ep00702_t0002_item014452,5,E4,13,enemy,1,dx,0.044374048709869385,-0.0809326171875,0.12530666589736938,0.056320011615753174,-0.011945962905883789,-0.13725262880325317
good_eventful,1,ep00702_t0002_item014452,5,E4,13,enemy,2,dy,-0.013559997081756592,-0.0338134765625,0.020253479480743408,-0.010610342025756836,-0.002949655055999756,-0.023203134536743164
good_eventful,1,ep00702_t0002_item014452,5,E4,13,enemy,3,dynamic_3,0.0,-0.037078857421875,0.037078857421875,0.0,0.0,-0.037078857421875
good_eventful,1,ep00702_t0002_item014452,5,E4,13,enemy,4,dynamic_4,0.0,0.0025844573974609375,0.0025844573974609375,0.0,0.0,0.0025844573974609375
good_eventful,1,ep00702_t0002_item014452,5,E4,13,enemy,5,dynamic_5,0.0,0.01299285888671875,0.01299285888671875,0.0,0.0,0.01299285888671875
good_eventful,1,ep00702_t0002_item014452,5,E4,13,enemy,6,dynamic_6,1.0,1.025390625,0.025390625,1.0,0.0,0.025390625
good_eventful,1,ep00702_t0002_item014452,5,E4,13,enemy,7,dynamic_7,0.0,-0.0011701583862304688,0.0011701583862304688,0.0,0.0,-0.0011701583862304688
good_eventful,1,ep00702_t0002_item014452,5,E4,13,enemy,8,dynamic_8,0.0,-0.004657745361328125,0.004657745361328125,0.0,0.0,-0.004657745361328125
good_eventful,1,ep00702_t0002_item014452,5,E4,13,enemy,9,dynamic_9,0.0,0.00030922889709472656,0.00030922889709472656,0.0,0.0,0.00030922889709472656
good_eventful,1,ep00702_t0002_item014452,5,E4,13,enemy,10,dynamic_10,0.0,-0.036651611328125,0.036651611328125,0.0,0.0,-0.036651611328125
good_eventful,1,ep00702_t0002_item014452,5,E4,13,enemy,11,dynamic_11,0.0,-0.004486083984375,0.004486083984375,0.0,0.0,-0.004486083984375
good_eventful,1,ep00702_t0002_item014452,5,E5,14,enemy,0,hp,0.6000000238418579,0.7587890625,0.1587890386581421,1.0,-0.3999999761581421,-0.2412109375
good_eventful,1,ep00702_t0002_item014452,5,E5,14,enemy,1,dx,0.06193786859512329,-0.0753173828125,0.1372552514076233,0.0741376280784607,-0.012199759483337402,-0.1494550108909607
good_eventful,1,ep00702_t0002_item014452,5,E5,14,enemy,2,dy,-0.03252202272415161,-0.0694580078125,0.03693598508834839,-0.030918776988983154,-0.001603245735168457,-0.038539230823516846
good_eventful,1,ep00702_t0002_item014452,5,E5,14,enemy,3,dynamic_3,0.0,-0.004993438720703125,0.004993438720703125,0.0,0.0,-0.004993438720703125
good_eventful,1,ep00702_t0002_item014452,5,E5,14,enemy,4,dynamic_4,0.0,-0.0095367431640625,0.0095367431640625,0.0,0.0,-0.0095367431640625
good_eventful,1,ep00702_t0002_item014452,5,E5,14,enemy,5,dynamic_5,0.0,0.0099639892578125,0.0099639892578125,0.0,0.0,0.0099639892578125
good_eventful,1,ep00702_t0002_item014452,5,E5,14,enemy,6,dynamic_6,1.0,0.99658203125,0.00341796875,1.0,0.0,-0.00341796875
good_eventful,1,ep00702_t0002_item014452,5,E5,14,enemy,7,dynamic_7,0.0,-0.0008425712585449219,0.0008425712585449219,0.0,0.0,-0.0008425712585449219
good_eventful,1,ep00702_t0002_item014452,5,E5,14,enemy,8,dynamic_8,0.0,-0.012969970703125,0.012969970703125,0.0,0.0,-0.012969970703125
good_eventful,1,ep00702_t0002_item014452,5,E5,14,enemy,9,dynamic_9,0.0,0.0003364086151123047,0.0003364086151123047,0.0,0.0,0.0003364086151123047
good_eventful,1,ep00702_t0002_item014452,5,E5,14,enemy,10,dynamic_10,0.0,0.011077880859375,0.011077880859375,0.0,0.0,0.011077880859375
good_eventful,1,ep00702_t0002_item014452,5,E5,14,enemy,11,dynamic_11,0.0,-0.01953125,0.01953125,0.0,0.0,-0.01953125
good_eventful,1,ep00702_t0002_item014452,15,A4,4,ally,0,hp,1.0,0.88232421875,0.11767578125,1.0,0.0,-0.11767578125
good_eventful,1,ep00702_t0002_item014452,15,A4,4,ally,1,cooldown_or_energy,0.0,0.006603240966796875,0.006603240966796875,0.0,0.0,0.006603240966796875
good_eventful,1,ep00702_t0002_item014452,15,A4,4,ally,2,dx,-0.36446863412857056,-0.2445068359375,0.11996179819107056,-0.16759374737739563,-0.19687488675117493,-0.07691308856010437
good_eventful,1,ep00702_t0002_item014452,15,A4,4,ally,3,dy,0.006531238555908203,-0.0229034423828125,0.029434680938720703,0.05574989318847656,-0.04921865463256836,-0.07865333557128906
good_eventful,1,ep00702_t0002_item014452,15,A4,4,ally,4,shield,0.0,-0.0214691162109375,0.0214691162109375,0.0,0.0,-0.0214691162109375
good_eventful,1,ep00702_t0002_item014452,15,A4,4,ally,5,dynamic_5,0.0,-0.0191497802734375,0.0191497802734375,0.0,0.0,-0.0191497802734375
good_eventful,1,ep00702_t0002_item014452,15,A4,4,ally,6,dynamic_6,0.0,-0.01262664794921875,0.01262664794921875,0.0,0.0,-0.01262664794921875
good_eventful,1,ep00702_t0002_item014452,15,A4,4,ally,7,dynamic_7,1.0,1.068359375,0.068359375,1.0,0.0,0.068359375
good_eventful,1,ep00702_t0002_item014452,15,A4,4,ally,8,dynamic_8,0.0,-0.032806396484375,0.032806396484375,0.0,0.0,-0.032806396484375
good_eventful,1,ep00702_t0002_item014452,15,A4,4,ally,9,dynamic_9,0.0,0.0010671615600585938,0.0010671615600585938,0.0,0.0,0.0010671615600585938
good_eventful,1,ep00702_t0002_item014452,15,A4,4,ally,10,dynamic_10,0.0,0.00238037109375,0.00238037109375,0.0,0.0,0.00238037109375
good_eventful,1,ep00702_t0002_item014452,15,A4,4,ally,11,dynamic_11,0.0,0.10919189453125,0.10919189453125,0.0,0.0,0.10919189453125
good_eventful,1,ep00702_t0002_item014452,15,A4,4,ally,12,dynamic_12,0.0,-0.082275390625,0.082275390625,0.0,0.0,-0.082275390625
good_eventful,1,ep00702_t0002_item014452,15,E0,9,enemy,0,hp,0.7333333492279053,0.79541015625,0.06207680702209473,1.0,-0.2666666507720947,-0.20458984375
good_eventful,1,ep00702_t0002_item014452,15,E0,9,enemy,1,dx,-0.1396077573299408,-0.192626953125,0.053019195795059204,0.051346421241760254,-0.19095417857170105,-0.24397337436676025
good_eventful,1,ep00702_t0002_item014452,15,E0,9,enemy,2,dy,-0.03956526517868042,0.03271484375,0.07228010892868042,0.08711320161819458,-0.126678466796875,-0.05439835786819458
good_eventful,1,ep00702_t0002_item014452,15,E0,9,enemy,3,dynamic_3,0.0,-0.03668212890625,0.03668212890625,0.0,0.0,-0.03668212890625
good_eventful,1,ep00702_t0002_item014452,15,E0,9,enemy,4,dynamic_4,0.0,-0.00621795654296875,0.00621795654296875,0.0,0.0,-0.00621795654296875
good_eventful,1,ep00702_t0002_item014452,15,E0,9,enemy,5,dynamic_5,0.0,-0.00545501708984375,0.00545501708984375,0.0,0.0,-0.00545501708984375
good_eventful,1,ep00702_t0002_item014452,15,E0,9,enemy,6,dynamic_6,1.0,1.0751953125,0.0751953125,1.0,0.0,0.0751953125
good_eventful,1,ep00702_t0002_item014452,15,E0,9,enemy,7,dynamic_7,0.0,-0.012481689453125,0.012481689453125,0.0,0.0,-0.012481689453125
good_eventful,1,ep00702_t0002_item014452,15,E0,9,enemy,8,dynamic_8,0.0,-0.0048065185546875,0.0048065185546875,0.0,0.0,-0.0048065185546875
good_eventful,1,ep00702_t0002_item014452,15,E0,9,enemy,9,dynamic_9,0.0,0.0002682209014892578,0.0002682209014892578,0.0,0.0,0.0002682209014892578
good_eventful,1,ep00702_t0002_item014452,15,E0,9,enemy,10,dynamic_10,0.0,-0.054351806640625,0.054351806640625,0.0,0.0,-0.054351806640625
good_eventful,1,ep00702_t0002_item014452,15,E0,9,enemy,11,dynamic_11,0.0,-0.0221405029296875,0.0221405029296875,0.0,0.0,-0.0221405029296875
good_eventful,1,ep00702_t0002_item014452,15,E1,10,enemy,0,hp,0.8666666746139526,0.87158203125,0.004915356636047363,1.0,-0.13333332538604736,-0.12841796875
good_eventful,1,ep00702_t0002_item014452,15,E1,10,enemy,1,dx,-0.15024271607398987,-0.168212890625,0.017970174551010132,0.02848750352859497,-0.17873021960258484,-0.19670039415359497
good_eventful,1,ep00702_t0002_item014452,15,E1,10,enemy,2,dy,-0.056135982275009155,0.051361083984375,0.10749706625938416,0.0825851559638977,-0.13872113823890686,-0.031224071979522705
good_eventful,1,ep00702_t0002_item014452,15,E1,10,enemy,3,dynamic_3,0.0,-0.021942138671875,0.021942138671875,0.0,0.0,-0.021942138671875
good_eventful,1,ep00702_t0002_item014452,15,E1,10,enemy,4,dynamic_4,0.0,-0.004413604736328125,0.004413604736328125,0.0,0.0,-0.004413604736328125
good_eventful,1,ep00702_t0002_item014452,15,E1,10,enemy,5,dynamic_5,0.0,0.01369476318359375,0.01369476318359375,0.0,0.0,0.01369476318359375
good_eventful,1,ep00702_t0002_item014452,15,E1,10,enemy,6,dynamic_6,1.0,0.9345703125,0.0654296875,1.0,0.0,-0.0654296875
good_eventful,1,ep00702_t0002_item014452,15,E1,10,enemy,7,dynamic_7,0.0,-0.0015392303466796875,0.0015392303466796875,0.0,0.0,-0.0015392303466796875
good_eventful,1,ep00702_t0002_item014452,15,E1,10,enemy,8,dynamic_8,0.0,0.0305023193359375,0.0305023193359375,0.0,0.0,0.0305023193359375
good_eventful,1,ep00702_t0002_item014452,15,E1,10,enemy,9,dynamic_9,0.0,-7.450580596923828e-05,7.450580596923828e-05,0.0,0.0,-7.450580596923828e-05
good_eventful,1,ep00702_t0002_item014452,15,E1,10,enemy,10,dynamic_10,0.0,-0.0291900634765625,0.0291900634765625,0.0,0.0,-0.0291900634765625
good_eventful,1,ep00702_t0002_item014452,15,E1,10,enemy,11,dynamic_11,0.0,0.01393890380859375,0.01393890380859375,0.0,0.0,0.01393890380859375
good_eventful,1,ep00702_t0002_item014452,15,E2,11,enemy,0,hp,0.7333333492279053,0.7685546875,0.03522133827209473,1.0,-0.2666666507720947,-0.2314453125
good_eventful,1,ep00702_t0002_item014452,15,E2,11,enemy,1,dx,-0.11591276526451111,-0.1702880859375,0.05437532067298889,0.048539578914642334,-0.16445234417915344,-0.21882766485214233
good_eventful,1,ep00702_t0002_item014452,15,E2,11,enemy,2,dy,-0.04374426603317261,0.008880615234375,0.05262488126754761,0.0641816258430481,-0.1079258918762207,-0.055301010608673096
good_eventful,1,ep00702_t0002_item014452,15,E2,11,enemy,3,dynamic_3,0.0,-0.037506103515625,0.037506103515625,0.0,0.0,-0.037506103515625
good_eventful,1,ep00702_t0002_item014452,15,E2,11,enemy,4,dynamic_4,0.0,-0.0009632110595703125,0.0009632110595703125,0.0,0.0,-0.0009632110595703125
good_eventful,1,ep00702_t0002_item014452,15,E2,11,enemy,5,dynamic_5,0.0,-0.00331878662109375,0.00331878662109375,0.0,0.0,-0.00331878662109375
good_eventful,1,ep00702_t0002_item014452,15,E2,11,enemy,6,dynamic_6,1.0,0.99609375,0.00390625,1.0,0.0,-0.00390625
good_eventful,1,ep00702_t0002_item014452,15,E2,11,enemy,7,dynamic_7,0.0,-0.00022900104522705078,0.00022900104522705078,0.0,0.0,-0.00022900104522705078
good_eventful,1,ep00702_t0002_item014452,15,E2,11,enemy,8,dynamic_8,0.0,0.0302886962890625,0.0302886962890625,0.0,0.0,0.0302886962890625
good_eventful,1,ep00702_t0002_item014452,15,E2,11,enemy,9,dynamic_9,0.0,-6.198883056640625e-06,6.198883056640625e-06,0.0,0.0,-6.198883056640625e-06
good_eventful,1,ep00702_t0002_item014452,15,E2,11,enemy,10,dynamic_10,0.0,-0.05096435546875,0.05096435546875,0.0,0.0,-0.05096435546875
good_eventful,1,ep00702_t0002_item014452,15,E2,11,enemy,11,dynamic_11,0.0,0.033203125,0.033203125,0.0,0.0,0.033203125
good_eventful,1,ep00702_t0002_item014452,15,E3,12,enemy,0,hp,0.8666666746139526,0.751953125,0.11471354961395264,1.0,-0.13333332538604736,-0.248046875
good_eventful,1,ep00702_t0002_item014452,15,E3,12,enemy,1,dx,-0.11756372451782227,-0.119384765625,0.0018210411071777344,0.07565003633499146,-0.19321376085281372,-0.19503480195999146
good_eventful,1,ep00702_t0002_item014452,15,E3,12,enemy,2,dy,-0.06722080707550049,-0.05340576171875,0.013815045356750488,-0.005776822566986084,-0.061443984508514404,-0.047628939151763916
good_eventful,1,ep00702_t0002_item014452,15,E3,12,enemy,3,dynamic_3,0.0,-0.00273895263671875,0.00273895263671875,0.0,0.0,-0.00273895263671875
good_eventful,1,ep00702_t0002_item014452,15,E3,12,enemy,4,dynamic_4,0.0,-0.01142120361328125,0.01142120361328125,0.0,0.0,-0.01142120361328125
good_eventful,1,ep00702_t0002_item014452,15,E3,12,enemy,5,dynamic_5,0.0,0.0162811279296875,0.0162811279296875,0.0,0.0,0.0162811279296875
good_eventful,1,ep00702_t0002_item014452,15,E3,12,enemy,6,dynamic_6,1.0,1.0771484375,0.0771484375,1.0,0.0,0.0771484375
good_eventful,1,ep00702_t0002_item014452,15,E3,12,enemy,7,dynamic_7,0.0,-0.012939453125,0.012939453125,0.0,0.0,-0.012939453125
good_eventful,1,ep00702_t0002_item014452,15,E3,12,enemy,8,dynamic_8,0.0,-0.0277557373046875,0.0277557373046875,0.0,0.0,-0.0277557373046875
good_eventful,1,ep00702_t0002_item014452,15,E3,12,enemy,9,dynamic_9,0.0,3.814697265625e-06,3.814697265625e-06,0.0,0.0,3.814697265625e-06
good_eventful,1,ep00702_t0002_item014452,15,E3,12,enemy,10,dynamic_10,0.0,-0.04681396484375,0.04681396484375,0.0,0.0,-0.04681396484375
good_eventful,1,ep00702_t0002_item014452,15,E3,12,enemy,11,dynamic_11,0.0,-0.0364990234375,0.0364990234375,0.0,0.0,-0.0364990234375
good_eventful,1,ep00702_t0002_item014452,15,E4,13,enemy,0,hp,1.0,0.8203125,0.1796875,1.0,0.0,-0.1796875
good_eventful,1,ep00702_t0002_item014452,15,E4,13,enemy,1,dx,-0.13902738690376282,-0.1405029296875,0.0014755427837371826,0.056320011615753174,-0.195347398519516,-0.19682294130325317
good_eventful,1,ep00702_t0002_item014452,15,E4,13,enemy,2,dy,-0.05689963698387146,-0.058502197265625,0.00160256028175354,-0.010610342025756836,-0.046289294958114624,-0.047891855239868164
good_eventful,1,ep00702_t0002_item014452,15,E4,13,enemy,3,dynamic_3,0.0,-0.0310821533203125,0.0310821533203125,0.0,0.0,-0.0310821533203125
good_eventful,1,ep00702_t0002_item014452,15,E4,13,enemy,4,dynamic_4,0.0,-0.0037059783935546875,0.0037059783935546875,0.0,0.0,-0.0037059783935546875
good_eventful,1,ep00702_t0002_item014452,15,E4,13,enemy,5,dynamic_5,0.0,0.00678253173828125,0.00678253173828125,0.0,0.0,0.00678253173828125
good_eventful,1,ep00702_t0002_item014452,15,E4,13,enemy,6,dynamic_6,1.0,1.029296875,0.029296875,1.0,0.0,0.029296875
good_eventful,1,ep00702_t0002_item014452,15,E4,13,enemy,7,dynamic_7,0.0,-0.0013790130615234375,0.0013790130615234375,0.0,0.0,-0.0013790130615234375
good_eventful,1,ep00702_t0002_item014452,15,E4,13,enemy,8,dynamic_8,0.0,-0.012969970703125,0.012969970703125,0.0,0.0,-0.012969970703125
good_eventful,1,ep00702_t0002_item014452,15,E4,13,enemy,9,dynamic_9,0.0,0.00028824806213378906,0.00028824806213378906,0.0,0.0,0.00028824806213378906
good_eventful,1,ep00702_t0002_item014452,15,E4,13,enemy,10,dynamic_10,0.0,-0.0360107421875,0.0360107421875,0.0,0.0,-0.0360107421875
good_eventful,1,ep00702_t0002_item014452,15,E4,13,enemy,11,dynamic_11,0.0,0.006134033203125,0.006134033203125,0.0,0.0,0.006134033203125
good_eventful,1,ep00702_t0002_item014452,15,E5,14,enemy,0,hp,0.3333333432674408,0.6943359375,0.3610025942325592,1.0,-0.6666666567325592,-0.3056640625
good_eventful,1,ep00702_t0002_item014452,15,E5,14,enemy,1,dx,-0.1441752016544342,-0.1341552734375,0.010019928216934204,0.0741376280784607,-0.2183128297328949,-0.2082929015159607
good_eventful,1,ep00702_t0002_item014452,15,E5,14,enemy,2,dy,-0.07211524248123169,-0.09857177734375,0.02645653486251831,-0.030918776988983154,-0.041196465492248535,-0.06765300035476685
good_eventful,1,ep00702_t0002_item014452,15,E5,14,enemy,3,dynamic_3,0.0,0.0175323486328125,0.0175323486328125,0.0,0.0,0.0175323486328125
good_eventful,1,ep00702_t0002_item014452,15,E5,14,enemy,4,dynamic_4,0.0,-0.0145416259765625,0.0145416259765625,0.0,0.0,-0.0145416259765625
good_eventful,1,ep00702_t0002_item014452,15,E5,14,enemy,5,dynamic_5,0.0,-0.01551055908203125,0.01551055908203125,0.0,0.0,-0.01551055908203125
good_eventful,1,ep00702_t0002_item014452,15,E5,14,enemy,6,dynamic_6,1.0,1.078125,0.078125,1.0,0.0,0.078125
good_eventful,1,ep00702_t0002_item014452,15,E5,14,enemy,7,dynamic_7,0.0,-0.01355743408203125,0.01355743408203125,0.0,0.0,-0.01355743408203125
good_eventful,1,ep00702_t0002_item014452,15,E5,14,enemy,8,dynamic_8,0.0,-0.0225677490234375,0.0225677490234375,0.0,0.0,-0.0225677490234375
good_eventful,1,ep00702_t0002_item014452,15,E5,14,enemy,9,dynamic_9,0.0,0.000446319580078125,0.000446319580078125,0.0,0.0,0.000446319580078125
good_eventful,1,ep00702_t0002_item014452,15,E5,14,enemy,10,dynamic_10,0.0,0.00350189208984375,0.00350189208984375,0.0,0.0,0.00350189208984375
good_eventful,1,ep00702_t0002_item014452,15,E5,14,enemy,11,dynamic_11,0.0,-0.04412841796875,0.04412841796875,0.0,0.0,-0.04412841796875
good_eventful,2,ep00702_t0003_item014452,1,A0,0,ally,0,hp,1.0,1.0751953125,0.0751953125,1.0,0.0,0.0751953125
good_eventful,2,ep00702_t0003_item014452,1,A0,0,ally,1,cooldown_or_energy,0.0,0.04620361328125,0.04620361328125,0.0,0.0,0.04620361328125
good_eventful,2,ep00702_t0003_item014452,1,A0,0,ally,2,dx,-0.13884374499320984,-0.06671142578125,0.07213231921195984,-0.13884374499320984,0.0,0.07213231921195984
good_eventful,2,ep00702_t0003_item014452,1,A0,0,ally,3,dy,-0.20605838298797607,-0.134033203125,0.07202517986297607,-0.20605838298797607,0.0,0.07202517986297607
good_eventful,2,ep00702_t0003_item014452,1,A0,0,ally,4,shield,0.0,-0.03338623046875,0.03338623046875,0.0,0.0,-0.03338623046875
good_eventful,2,ep00702_t0003_item014452,1,A0,0,ally,5,dynamic_5,0.0,0.0506591796875,0.0506591796875,0.0,0.0,0.0506591796875
good_eventful,2,ep00702_t0003_item014452,1,A0,0,ally,6,dynamic_6,0.0,0.003421783447265625,0.003421783447265625,0.0,0.0,0.003421783447265625
good_eventful,2,ep00702_t0003_item014452,1,A0,0,ally,7,dynamic_7,1.0,1.1787109375,0.1787109375,1.0,0.0,0.1787109375
good_eventful,2,ep00702_t0003_item014452,1,A0,0,ally,8,dynamic_8,0.0,-0.06134033203125,0.06134033203125,0.0,0.0,-0.06134033203125
good_eventful,2,ep00702_t0003_item014452,1,A0,0,ally,9,dynamic_9,0.0,-0.00032711029052734375,0.00032711029052734375,0.0,0.0,-0.00032711029052734375
good_eventful,2,ep00702_t0003_item014452,1,A0,0,ally,10,dynamic_10,0.0,0.025665283203125,0.025665283203125,0.0,0.0,0.025665283203125
good_eventful,2,ep00702_t0003_item014452,1,A0,0,ally,11,dynamic_11,0.0,-0.11077880859375,0.11077880859375,0.0,0.0,-0.11077880859375
good_eventful,2,ep00702_t0003_item014452,1,A0,0,ally,12,dynamic_12,0.0,-0.016143798828125,0.016143798828125,0.0,0.0,-0.016143798828125
good_eventful,2,ep00702_t0003_item014452,1,A2,2,ally,0,hp,1.0,0.87060546875,0.12939453125,1.0,0.0,-0.12939453125
good_eventful,2,ep00702_t0003_item014452,1,A2,2,ally,1,cooldown_or_energy,0.28278687596321106,0.260986328125,0.02180054783821106,0.0,0.28278687596321106,0.260986328125
good_eventful,2,ep00702_t0003_item014452,1,A2,2,ally,2,dx,-0.0408724844455719,-0.017913818359375,0.0229586660861969,-0.0408724844455719,0.0,0.0229586660861969
good_eventful,2,ep00702_t0003_item014452,1,A2,2,ally,3,dy,-0.10586780309677124,-0.06402587890625,0.04184192419052124,-0.10586780309677124,0.0,0.04184192419052124
good_eventful,2,ep00702_t0003_item014452,1,A2,2,ally,4,shield,0.0,-0.0421142578125,0.0421142578125,0.0,0.0,-0.0421142578125
good_eventful,2,ep00702_t0003_item014452,1,A2,2,ally,5,dynamic_5,0.0,0.030303955078125,0.030303955078125,0.0,0.0,0.030303955078125
good_eventful,2,ep00702_t0003_item014452,1,A2,2,ally,6,dynamic_6,0.0,-0.048095703125,0.048095703125,0.0,0.0,-0.048095703125
good_eventful,2,ep00702_t0003_item014452,1,A2,2,ally,7,dynamic_7,1.0,1.05859375,0.05859375,1.0,0.0,0.05859375
good_eventful,2,ep00702_t0003_item014452,1,A2,2,ally,8,dynamic_8,0.0,0.0361328125,0.0361328125,0.0,0.0,0.0361328125
good_eventful,2,ep00702_t0003_item014452,1,A2,2,ally,9,dynamic_9,0.0,-0.0002589225769042969,0.0002589225769042969,0.0,0.0,-0.0002589225769042969
good_eventful,2,ep00702_t0003_item014452,1,A2,2,ally,10,dynamic_10,0.0,0.019561767578125,0.019561767578125,0.0,0.0,0.019561767578125
good_eventful,2,ep00702_t0003_item014452,1,A2,2,ally,11,dynamic_11,0.0,-0.09991455078125,0.09991455078125,0.0,0.0,-0.09991455078125
good_eventful,2,ep00702_t0003_item014452,1,A2,2,ally,12,dynamic_12,0.0,-0.02777099609375,0.02777099609375,0.0,0.0,-0.02777099609375
good_eventful,2,ep00702_t0003_item014452,1,A3,3,ally,0,hp,1.0,0.91748046875,0.08251953125,1.0,0.0,-0.08251953125
good_eventful,2,ep00702_t0003_item014452,1,A3,3,ally,1,cooldown_or_energy,0.0,0.0196380615234375,0.0196380615234375,0.0,0.0,0.0196380615234375
good_eventful,2,ep00702_t0003_item014452,1,A3,3,ally,2,dx,-0.01742762327194214,-0.0151519775390625,0.0022756457328796387,-0.01742762327194214,0.0,0.0022756457328796387
good_eventful,2,ep00702_t0003_item014452,1,A3,3,ally,3,dy,-0.10354819893836975,-0.09197998046875,0.011568218469619751,-0.1527668535709381,0.04921865463256836,0.06078687310218811
good_eventful,2,ep00702_t0003_item014452,1,A3,3,ally,4,shield,0.0,-0.0240631103515625,0.0240631103515625,0.0,0.0,-0.0240631103515625
good_eventful,2,ep00702_t0003_item014452,1,A3,3,ally,5,dynamic_5,0.0,0.026153564453125,0.026153564453125,0.0,0.0,0.026153564453125
good_eventful,2,ep00702_t0003_item014452,1,A3,3,ally,6,dynamic_6,0.0,-0.033782958984375,0.033782958984375,0.0,0.0,-0.033782958984375
good_eventful,2,ep00702_t0003_item014452,1,A3,3,ally,7,dynamic_7,1.0,0.94677734375,0.05322265625,1.0,0.0,-0.05322265625
good_eventful,2,ep00702_t0003_item014452,1,A3,3,ally,8,dynamic_8,0.0,0.050872802734375,0.050872802734375,0.0,0.0,0.050872802734375
good_eventful,2,ep00702_t0003_item014452,1,A3,3,ally,9,dynamic_9,0.0,-0.00017201900482177734,0.00017201900482177734,0.0,0.0,-0.00017201900482177734
good_eventful,2,ep00702_t0003_item014452,1,A3,3,ally,10,dynamic_10,0.0,-0.005725860595703125,0.005725860595703125,0.0,0.0,-0.005725860595703125
good_eventful,2,ep00702_t0003_item014452,1,A3,3,ally,11,dynamic_11,0.0,-0.060638427734375,0.060638427734375,0.0,0.0,-0.060638427734375
good_eventful,2,ep00702_t0003_item014452,1,A3,3,ally,12,dynamic_12,0.0,-0.01361083984375,0.01361083984375,0.0,0.0,-0.01361083984375
good_eventful,2,ep00702_t0003_item014452,1,A4,4,ally,0,hp,1.0,1.080078125,0.080078125,1.0,0.0,0.080078125
good_eventful,2,ep00702_t0003_item014452,1,A4,4,ally,1,cooldown_or_energy,0.0,0.0112457275390625,0.0112457275390625,0.0,0.0,0.0112457275390625
good_eventful,2,ep00702_t0003_item014452,1,A4,4,ally,2,dx,-0.16759374737739563,-0.109619140625,0.05797460675239563,-0.216812402009964,0.04921865463256836,0.10719326138496399
good_eventful,2,ep00702_t0003_item014452,1,A4,4,ally,3,dy,0.05574989318847656,0.04931640625,0.0064334869384765625,0.05574989318847656,0.0,-0.0064334869384765625
good_eventful,2,ep00702_t0003_item014452,1,A4,4,ally,4,shield,0.0,0.041900634765625,0.041900634765625,0.0,0.0,0.041900634765625
good_eventful,2,ep00702_t0003_item014452,1,A4,4,ally,5,dynamic_5,0.0,-0.033416748046875,0.033416748046875,0.0,0.0,-0.033416748046875
good_eventful,2,ep00702_t0003_item014452,1,A4,4,ally,6,dynamic_6,0.0,-0.0682373046875,0.0682373046875,0.0,0.0,-0.0682373046875
good_eventful,2,ep00702_t0003_item014452,1,A4,4,ally,7,dynamic_7,1.0,1.1728515625,0.1728515625,1.0,0.0,0.1728515625
good_eventful,2,ep00702_t0003_item014452,1,A4,4,ally,8,dynamic_8,0.0,-0.0204925537109375,0.0204925537109375,0.0,0.0,-0.0204925537109375
good_eventful,2,ep00702_t0003_item014452,1,A4,4,ally,9,dynamic_9,0.0,0.0012178421020507812,0.0012178421020507812,0.0,0.0,0.0012178421020507812
good_eventful,2,ep00702_t0003_item014452,1,A4,4,ally,10,dynamic_10,0.0,-0.057098388671875,0.057098388671875,0.0,0.0,-0.057098388671875
good_eventful,2,ep00702_t0003_item014452,1,A4,4,ally,11,dynamic_11,0.0,0.048187255859375,0.048187255859375,0.0,0.0,0.048187255859375
good_eventful,2,ep00702_t0003_item014452,1,A4,4,ally,12,dynamic_12,0.0,-0.044586181640625,0.044586181640625,0.0,0.0,-0.044586181640625
good_eventful,2,ep00702_t0003_item014452,1,A5,5,ally,0,hp,0.6000000238418579,0.55078125,0.04921877384185791,0.8666666746139526,-0.2666666507720947,-0.31588542461395264
good_eventful,2,ep00702_t0003_item014452,1,A5,5,ally,1,cooldown_or_energy,0.28278687596321106,0.321044921875,0.03825804591178894,0.0,0.28278687596321106,0.321044921875
good_eventful,2,ep00702_t0003_item014452,1,A5,5,ally,2,dx,-0.09493759274482727,-0.0987548828125,0.0038172900676727295,-0.09493759274482727,0.0,-0.0038172900676727295
good_eventful,2,ep00702_t0003_item014452,1,A5,5,ally,3,dy,-0.042687416076660156,0.02587890625,0.06856632232666016,-0.042687416076660156,0.0,0.06856632232666016
good_eventful,2,ep00702_t0003_item014452,1,A5,5,ally,4,shield,0.0,-0.0080718994140625,0.0080718994140625,0.0,0.0,-0.0080718994140625
good_eventful,2,ep00702_t0003_item014452,1,A5,5,ally,5,dynamic_5,0.0,0.018829345703125,0.018829345703125,0.0,0.0,0.018829345703125
good_eventful,2,ep00702_t0003_item014452,1,A5,5,ally,6,dynamic_6,0.0,-0.01165771484375,0.01165771484375,0.0,0.0,-0.01165771484375
good_eventful,2,ep00702_t0003_item014452,1,A5,5,ally,7,dynamic_7,1.0,0.8232421875,0.1767578125,1.0,0.0,-0.1767578125
good_eventful,2,ep00702_t0003_item014452,1,A5,5,ally,8,dynamic_8,0.0,0.06219482421875,0.06219482421875,0.0,0.0,0.06219482421875
good_eventful,2,ep00702_t0003_item014452,1,A5,5,ally,9,dynamic_9,0.0,-0.0002474784851074219,0.0002474784851074219,0.0,0.0,-0.0002474784851074219
good_eventful,2,ep00702_t0003_item014452,1,A5,5,ally,10,dynamic_10,0.0,-0.040985107421875,0.040985107421875,0.0,0.0,-0.040985107421875
good_eventful,2,ep00702_t0003_item014452,1,A5,5,ally,11,dynamic_11,0.0,-0.01425933837890625,0.01425933837890625,0.0,0.0,-0.01425933837890625
good_eventful,2,ep00702_t0003_item014452,1,A5,5,ally,12,dynamic_12,0.0,0.0268096923828125,0.0268096923828125,0.0,0.0,0.0268096923828125
good_eventful,2,ep00702_t0003_item014452,1,A6,6,ally,0,hp,1.0,1.0205078125,0.0205078125,1.0,0.0,0.0205078125
good_eventful,2,ep00702_t0003_item014452,1,A6,6,ally,1,cooldown_or_energy,0.0,0.021636962890625,0.021636962890625,0.0,0.0,0.021636962890625
good_eventful,2,ep00702_t0003_item014452,1,A6,6,ally,2,dx,-0.21759364008903503,-0.2169189453125,0.0006746947765350342,-0.21759364008903503,0.0,0.0006746947765350342
good_eventful,2,ep00702_t0003_item014452,1,A6,6,ally,3,dy,-0.01768738031387329,-0.060943603515625,0.04325622320175171,-0.01768738031387329,0.0,-0.04325622320175171
good_eventful,2,ep00702_t0003_item014452,1,A6,6,ally,4,shield,0.0,-0.034637451171875,0.034637451171875,0.0,0.0,-0.034637451171875
good_eventful,2,ep00702_t0003_item014452,1,A6,6,ally,5,dynamic_5,0.0,-0.0027313232421875,0.0027313232421875,0.0,0.0,-0.0027313232421875
good_eventful,2,ep00702_t0003_item014452,1,A6,6,ally,6,dynamic_6,0.0,-0.07208251953125,0.07208251953125,0.0,0.0,-0.07208251953125
good_eventful,2,ep00702_t0003_item014452,1,A6,6,ally,7,dynamic_7,1.0,1.1884765625,0.1884765625,1.0,0.0,0.1884765625
good_eventful,2,ep00702_t0003_item014452,1,A6,6,ally,8,dynamic_8,0.0,-0.033233642578125,0.033233642578125,0.0,0.0,-0.033233642578125
good_eventful,2,ep00702_t0003_item014452,1,A6,6,ally,9,dynamic_9,0.0,0.0006699562072753906,0.0006699562072753906,0.0,0.0,0.0006699562072753906
good_eventful,2,ep00702_t0003_item014452,1,A6,6,ally,10,dynamic_10,0.0,-0.0057525634765625,0.0057525634765625,0.0,0.0,-0.0057525634765625
good_eventful,2,ep00702_t0003_item014452,1,A6,6,ally,11,dynamic_11,0.0,-0.05340576171875,0.05340576171875,0.0,0.0,-0.05340576171875
good_eventful,2,ep00702_t0003_item014452,1,A6,6,ally,12,dynamic_12,0.0,0.008575439453125,0.008575439453125,0.0,0.0,0.008575439453125
good_eventful,2,ep00702_t0003_item014452,1,E0,9,enemy,0,hp,0.8666666746139526,0.833984375,0.03268229961395264,1.0,-0.13333332538604736,-0.166015625
good_eventful,2,ep00702_t0003_item014452,1,E0,9,enemy,1,dx,0.019898951053619385,-0.04669189453125,0.06659084558486938,0.019898951053619385,0.0,-0.06659084558486938
good_eventful,2,ep00702_t0003_item014452,1,E0,9,enemy,2,dy,0.07245486974716187,0.049102783203125,0.023352086544036865,0.07245486974716187,0.0,-0.023352086544036865
good_eventful,2,ep00702_t0003_item014452,1,E0,9,enemy,3,dynamic_3,0.0,-0.03802490234375,0.03802490234375,0.0,0.0,-0.03802490234375
good_eventful,2,ep00702_t0003_item014452,1,E0,9,enemy,4,dynamic_4,0.0,-0.02435302734375,0.02435302734375,0.0,0.0,-0.02435302734375
good_eventful,2,ep00702_t0003_item014452,1,E0,9,enemy,5,dynamic_5,0.0,-8.124113082885742e-05,8.124113082885742e-05,0.0,0.0,-8.124113082885742e-05
good_eventful,2,ep00702_t0003_item014452,1,E0,9,enemy,6,dynamic_6,1.0,1.0498046875,0.0498046875,1.0,0.0,0.0498046875
good_eventful,2,ep00702_t0003_item014452,1,E0,9,enemy,7,dynamic_7,0.0,-0.023468017578125,0.023468017578125,0.0,0.0,-0.023468017578125
good_eventful,2,ep00702_t0003_item014452,1,E0,9,enemy,8,dynamic_8,0.0,0.0118408203125,0.0118408203125,0.0,0.0,0.0118408203125
good_eventful,2,ep00702_t0003_item014452,1,E0,9,enemy,9,dynamic_9,0.0,0.0002675056457519531,0.0002675056457519531,0.0,0.0,0.0002675056457519531
good_eventful,2,ep00702_t0003_item014452,1,E0,9,enemy,10,dynamic_10,0.0,-0.0595703125,0.0595703125,0.0,0.0,-0.0595703125
good_eventful,2,ep00702_t0003_item014452,1,E0,9,enemy,11,dynamic_11,0.0,-0.0205535888671875,0.0205535888671875,0.0,0.0,-0.0205535888671875
good_eventful,2,ep00702_t0003_item014452,1,E1,10,enemy,0,hp,1.0,0.89599609375,0.10400390625,1.0,0.0,-0.10400390625
good_eventful,2,ep00702_t0003_item014452,1,E1,10,enemy,1,dx,0.004426002502441406,-0.03570556640625,0.040131568908691406,0.004426002502441406,0.0,-0.040131568908691406
good_eventful,2,ep00702_t0003_item014452,1,E1,10,enemy,2,dy,0.0634337067604065,0.039276123046875,0.024157583713531494,0.0634337067604065,0.0,-0.024157583713531494
good_eventful,2,ep00702_t0003_item014452,1,E1,10,enemy,3,dynamic_3,0.0,-0.042816162109375,0.042816162109375,0.0,0.0,-0.042816162109375
good_eventful,2,ep00702_t0003_item014452,1,E1,10,enemy,4,dynamic_4,0.0,-0.0095672607421875,0.0095672607421875,0.0,0.0,-0.0095672607421875
good_eventful,2,ep00702_t0003_item014452,1,E1,10,enemy,5,dynamic_5,0.0,0.01284027099609375,0.01284027099609375,0.0,0.0,0.01284027099609375
good_eventful,2,ep00702_t0003_item014452,1,E1,10,enemy,6,dynamic_6,1.0,0.95947265625,0.04052734375,1.0,0.0,-0.04052734375
good_eventful,2,ep00702_t0003_item014452,1,E1,10,enemy,7,dynamic_7,0.0,-0.0206756591796875,0.0206756591796875,0.0,0.0,-0.0206756591796875
good_eventful,2,ep00702_t0003_item014452,1,E1,10,enemy,8,dynamic_8,0.0,0.0245208740234375,0.0245208740234375,0.0,0.0,0.0245208740234375
good_eventful,2,ep00702_t0003_item014452,1,E1,10,enemy,9,dynamic_9,0.0,-0.0003597736358642578,0.0003597736358642578,0.0,0.0,-0.0003597736358642578
good_eventful,2,ep00702_t0003_item014452,1,E1,10,enemy,10,dynamic_10,0.0,-0.05511474609375,0.05511474609375,0.0,0.0,-0.05511474609375
good_eventful,2,ep00702_t0003_item014452,1,E1,10,enemy,11,dynamic_11,0.0,0.0516357421875,0.0516357421875,0.0,0.0,0.0516357421875
good_eventful,2,ep00702_t0003_item014452,1,E2,11,enemy,0,hp,0.8666666746139526,0.8994140625,0.03274738788604736,1.0,-0.13333332538604736,-0.1005859375
good_eventful,2,ep00702_t0003_item014452,1,E2,11,enemy,1,dx,0.02845621109008789,-0.0113677978515625,0.03982400894165039,0.02845621109008789,0.0,-0.03982400894165039
good_eventful,2,ep00702_t0003_item014452,1,E2,11,enemy,2,dy,0.04999154806137085,0.028350830078125,0.02164071798324585,0.04999154806137085,0.0,-0.02164071798324585
good_eventful,2,ep00702_t0003_item014452,1,E2,11,enemy,3,dynamic_3,0.0,-0.08245849609375,0.08245849609375,0.0,0.0,-0.08245849609375
good_eventful,2,ep00702_t0003_item014452,1,E2,11,enemy,4,dynamic_4,0.0,-0.0182647705078125,0.0182647705078125,0.0,0.0,-0.0182647705078125
good_eventful,2,ep00702_t0003_item014452,1,E2,11,enemy,5,dynamic_5,0.0,0.041290283203125,0.041290283203125,0.0,0.0,0.041290283203125
good_eventful,2,ep00702_t0003_item014452,1,E2,11,enemy,6,dynamic_6,1.0,1.001953125,0.001953125,1.0,0.0,0.001953125
good_eventful,2,ep00702_t0003_item014452,1,E2,11,enemy,7,dynamic_7,0.0,-0.01404571533203125,0.01404571533203125,0.0,0.0,-0.01404571533203125
good_eventful,2,ep00702_t0003_item014452,1,E2,11,enemy,8,dynamic_8,0.0,0.0389404296875,0.0389404296875,0.0,0.0,0.0389404296875
good_eventful,2,ep00702_t0003_item014452,1,E2,11,enemy,9,dynamic_9,0.0,0.0009860992431640625,0.0009860992431640625,0.0,0.0,0.0009860992431640625
good_eventful,2,ep00702_t0003_item014452,1,E2,11,enemy,10,dynamic_10,0.0,-0.032012939453125,0.032012939453125,0.0,0.0,-0.032012939453125
good_eventful,2,ep00702_t0003_item014452,1,E2,11,enemy,11,dynamic_11,0.0,0.04510498046875,0.04510498046875,0.0,0.0,0.04510498046875
good_eventful,2,ep00702_t0003_item014452,1,E3,12,enemy,0,hp,1.0,0.9501953125,0.0498046875,1.0,0.0,-0.0498046875
good_eventful,2,ep00702_t0003_item014452,1,E3,12,enemy,1,dx,0.07565003633499146,0.00832366943359375,0.0673263669013977,0.07565003633499146,0.0,-0.0673263669013977
good_eventful,2,ep00702_t0003_item014452,1,E3,12,enemy,2,dy,-0.005776822566986084,-0.03131103515625,0.025534212589263916,-0.005776822566986084,0.0,-0.025534212589263916
good_eventful,2,ep00702_t0003_item014452,1,E3,12,enemy,3,dynamic_3,0.0,-0.0816650390625,0.0816650390625,0.0,0.0,-0.0816650390625
good_eventful,2,ep00702_t0003_item014452,1,E3,12,enemy,4,dynamic_4,0.0,-0.03814697265625,0.03814697265625,0.0,0.0,-0.03814697265625
good_eventful,2,ep00702_t0003_item014452,1,E3,12,enemy,5,dynamic_5,0.0,0.02435302734375,0.02435302734375,0.0,0.0,0.02435302734375
good_eventful,2,ep00702_t0003_item014452,1,E3,12,enemy,6,dynamic_6,1.0,1.0556640625,0.0556640625,1.0,0.0,0.0556640625
good_eventful,2,ep00702_t0003_item014452,1,E3,12,enemy,7,dynamic_7,0.0,-0.03466796875,0.03466796875,0.0,0.0,-0.03466796875
good_eventful,2,ep00702_t0003_item014452,1,E3,12,enemy,8,dynamic_8,0.0,-0.02398681640625,0.02398681640625,0.0,0.0,-0.02398681640625
good_eventful,2,ep00702_t0003_item014452,1,E3,12,enemy,9,dynamic_9,0.0,0.00040078163146972656,0.00040078163146972656,0.0,0.0,0.00040078163146972656
good_eventful,2,ep00702_t0003_item014452,1,E3,12,enemy,10,dynamic_10,0.0,-0.045684814453125,0.045684814453125,0.0,0.0,-0.045684814453125
good_eventful,2,ep00702_t0003_item014452,1,E3,12,enemy,11,dynamic_11,0.0,0.0272979736328125,0.0272979736328125,0.0,0.0,0.0272979736328125
good_eventful,2,ep00702_t0003_item014452,1,E4,13,enemy,0,hp,1.0,0.95263671875,0.04736328125,1.0,0.0,-0.04736328125
good_eventful,2,ep00702_t0003_item014452,1,E4,13,enemy,1,dx,0.056320011615753174,-0.020050048828125,0.07637006044387817,0.056320011615753174,0.0,-0.07637006044387817
good_eventful,2,ep00702_t0003_item014452,1,E4,13,enemy,2,dy,-0.010610342025756836,-0.039031982421875,0.028421640396118164,-0.010610342025756836,0.0,-0.028421640396118164
good_eventful,2,ep00702_t0003_item014452,1,E4,13,enemy,3,dynamic_3,0.0,-0.045135498046875,0.045135498046875,0.0,0.0,-0.045135498046875
good_eventful,2,ep00702_t0003_item014452,1,E4,13,enemy,4,dynamic_4,0.0,-0.017669677734375,0.017669677734375,0.0,0.0,-0.017669677734375
good_eventful,2,ep00702_t0003_item014452,1,E4,13,enemy,5,dynamic_5,0.0,0.00525665283203125,0.00525665283203125,0.0,0.0,0.00525665283203125
good_eventful,2,ep00702_t0003_item014452,1,E4,13,enemy,6,dynamic_6,1.0,1.02734375,0.02734375,1.0,0.0,0.02734375
good_eventful,2,ep00702_t0003_item014452,1,E4,13,enemy,7,dynamic_7,0.0,0.0131988525390625,0.0131988525390625,0.0,0.0,0.0131988525390625
good_eventful,2,ep00702_t0003_item014452,1,E4,13,enemy,8,dynamic_8,0.0,-0.0244293212890625,0.0244293212890625,0.0,0.0,-0.0244293212890625
good_eventful,2,ep00702_t0003_item014452,1,E4,13,enemy,9,dynamic_9,0.0,0.0007276535034179688,0.0007276535034179688,0.0,0.0,0.0007276535034179688
good_eventful,2,ep00702_t0003_item014452,1,E4,13,enemy,10,dynamic_10,0.0,-0.0305023193359375,0.0305023193359375,0.0,0.0,-0.0305023193359375
good_eventful,2,ep00702_t0003_item014452,1,E4,13,enemy,11,dynamic_11,0.0,-0.0017261505126953125,0.0017261505126953125,0.0,0.0,-0.0017261505126953125
good_eventful,2,ep00702_t0003_item014452,1,E5,14,enemy,0,hp,0.8666666746139526,0.91552734375,0.04886066913604736,1.0,-0.13333332538604736,-0.08447265625
good_eventful,2,ep00702_t0003_item014452,1,E5,14,enemy,1,dx,0.0741376280784607,-0.0165557861328125,0.0906934142112732,0.0741376280784607,0.0,-0.0906934142112732
good_eventful,2,ep00702_t0003_item014452,1,E5,14,enemy,2,dy,-0.030918776988983154,-0.039764404296875,0.008845627307891846,-0.030918776988983154,0.0,-0.008845627307891846
good_eventful,2,ep00702_t0003_item014452,1,E5,14,enemy,3,dynamic_3,0.0,-0.00666046142578125,0.00666046142578125,0.0,0.0,-0.00666046142578125
good_eventful,2,ep00702_t0003_item014452,1,E5,14,enemy,4,dynamic_4,0.0,-0.003505706787109375,0.003505706787109375,0.0,0.0,-0.003505706787109375
good_eventful,2,ep00702_t0003_item014452,1,E5,14,enemy,5,dynamic_5,0.0,-0.004238128662109375,0.004238128662109375,0.0,0.0,-0.004238128662109375
good_eventful,2,ep00702_t0003_item014452,1,E5,14,enemy,6,dynamic_6,1.0,0.98095703125,0.01904296875,1.0,0.0,-0.01904296875
good_eventful,2,ep00702_t0003_item014452,1,E5,14,enemy,7,dynamic_7,0.0,0.01110076904296875,0.01110076904296875,0.0,0.0,0.01110076904296875
good_eventful,2,ep00702_t0003_item014452,1,E5,14,enemy,8,dynamic_8,0.0,-0.0192413330078125,0.0192413330078125,0.0,0.0,-0.0192413330078125
good_eventful,2,ep00702_t0003_item014452,1,E5,14,enemy,9,dynamic_9,0.0,0.0002359151840209961,0.0002359151840209961,0.0,0.0,0.0002359151840209961
good_eventful,2,ep00702_t0003_item014452,1,E5,14,enemy,10,dynamic_10,0.0,0.0204925537109375,0.0204925537109375,0.0,0.0,0.0204925537109375
good_eventful,2,ep00702_t0003_item014452,1,E5,14,enemy,11,dynamic_11,0.0,-0.016265869140625,0.016265869140625,0.0,0.0,-0.016265869140625
good_eventful,2,ep00702_t0003_item014452,5,A0,0,ally,0,hp,0.8666666746139526,0.88525390625,0.018587231636047363,1.0,-0.13333332538604736,-0.11474609375
good_eventful,2,ep00702_t0003_item014452,5,A0,0,ally,1,cooldown_or_energy,0.0,0.0136871337890625,0.0136871337890625,0.0,0.0,0.0136871337890625
good_eventful,2,ep00702_t0003_item014452,5,A0,0,ally,2,dx,-0.1162647008895874,-0.138671875,0.022407174110412598,-0.13884374499320984,0.022579044103622437,0.00017186999320983887
good_eventful,2,ep00702_t0003_item014452,5,A0,0,ally,3,dy,-0.11028611660003662,-0.09735107421875,0.012935042381286621,-0.20605838298797607,0.09577226638793945,0.10870730876922607
good_eventful,2,ep00702_t0003_item014452,5,A0,0,ally,4,shield,0.0,-0.0153656005859375,0.0153656005859375,0.0,0.0,-0.0153656005859375
good_eventful,2,ep00702_t0003_item014452,5,A0,0,ally,5,dynamic_5,0.0,0.003070831298828125,0.003070831298828125,0.0,0.0,0.003070831298828125
good_eventful,2,ep00702_t0003_item014452,5,A0,0,ally,6,dynamic_6,0.0,-0.0244598388671875,0.0244598388671875,0.0,0.0,-0.0244598388671875
good_eventful,2,ep00702_t0003_item014452,5,A0,0,ally,7,dynamic_7,1.0,1.0927734375,0.0927734375,1.0,0.0,0.0927734375
good_eventful,2,ep00702_t0003_item014452,5,A0,0,ally,8,dynamic_8,0.0,-0.03790283203125,0.03790283203125,0.0,0.0,-0.03790283203125
good_eventful,2,ep00702_t0003_item014452,5,A0,0,ally,9,dynamic_9,0.0,-5.125999450683594e-06,5.125999450683594e-06,0.0,0.0,-5.125999450683594e-06
good_eventful,2,ep00702_t0003_item014452,5,A0,0,ally,10,dynamic_10,0.0,0.01549530029296875,0.01549530029296875,0.0,0.0,0.01549530029296875
good_eventful,2,ep00702_t0003_item014452,5,A0,0,ally,11,dynamic_11,0.0,-0.04388427734375,0.04388427734375,0.0,0.0,-0.04388427734375
good_eventful,2,ep00702_t0003_item014452,5,A0,0,ally,12,dynamic_12,0.0,-0.03631591796875,0.03631591796875,0.0,0.0,-0.03631591796875
good_eventful,2,ep00702_t0003_item014452,5,A2,2,ally,0,hp,1.0,0.7001953125,0.2998046875,1.0,0.0,-0.2998046875
good_eventful,2,ep00702_t0003_item014452,5,A2,2,ally,1,cooldown_or_energy,0.0,0.0181884765625,0.0181884765625,0.0,0.0,0.0181884765625
good_eventful,2,ep00702_t0003_item014452,5,A2,2,ally,2,dx,-0.13930979371070862,-0.167236328125,0.027926534414291382,-0.0408724844455719,-0.09843730926513672,-0.1263638436794281
good_eventful,2,ep00702_t0003_item014452,5,A2,2,ally,3,dy,-0.10586780309677124,-0.0650634765625,0.04080432653427124,-0.10586780309677124,0.0,0.04080432653427124
good_eventful,2,ep00702_t0003_item014452,5,A2,2,ally,4,shield,0.0,-0.033538818359375,0.033538818359375,0.0,0.0,-0.033538818359375
good_eventful,2,ep00702_t0003_item014452,5,A2,2,ally,5,dynamic_5,0.0,0.00429534912109375,0.00429534912109375,0.0,0.0,0.00429534912109375
good_eventful,2,ep00702_t0003_item014452,5,A2,2,ally,6,dynamic_6,0.0,-0.0168914794921875,0.0168914794921875,0.0,0.0,-0.0168914794921875
good_eventful,2,ep00702_t0003_item014452,5,A2,2,ally,7,dynamic_7,1.0,1.0556640625,0.0556640625,1.0,0.0,0.0556640625
good_eventful,2,ep00702_t0003_item014452,5,A2,2,ally,8,dynamic_8,0.0,-0.0153656005859375,0.0153656005859375,0.0,0.0,-0.0153656005859375
good_eventful,2,ep00702_t0003_item014452,5,A2,2,ally,9,dynamic_9,0.0,0.0006461143493652344,0.0006461143493652344,0.0,0.0,0.0006461143493652344
good_eventful,2,ep00702_t0003_item014452,5,A2,2,ally,10,dynamic_10,0.0,0.007221221923828125,0.007221221923828125,0.0,0.0,0.007221221923828125
good_eventful,2,ep00702_t0003_item014452,5,A2,2,ally,11,dynamic_11,0.0,-0.00518798828125,0.00518798828125,0.0,0.0,-0.00518798828125
good_eventful,2,ep00702_t0003_item014452,5,A2,2,ally,12,dynamic_12,0.0,-0.08673095703125,0.08673095703125,0.0,0.0,-0.08673095703125
good_eventful,2,ep00702_t0003_item014452,5,A4,4,ally,0,hp,1.0,1.0048828125,0.0048828125,1.0,0.0,0.0048828125
good_eventful,2,ep00702_t0003_item014452,5,A4,4,ally,1,cooldown_or_energy,0.0,0.038818359375,0.038818359375,0.0,0.0,0.038818359375
good_eventful,2,ep00702_t0003_item014452,5,A4,4,ally,2,dx,-0.26603108644485474,-0.234375,0.031656086444854736,-0.216812402009964,-0.04921868443489075,-0.01756259799003601
good_eventful,2,ep00702_t0003_item014452,5,A4,4,ally,3,dy,-0.042687416076660156,-0.05419921875,0.011511802673339844,0.05574989318847656,-0.09843730926513672,-0.10994911193847656
good_eventful,2,ep00702_t0003_item014452,5,A4,4,ally,4,shield,0.0,0.01390838623046875,0.01390838623046875,0.0,0.0,0.01390838623046875
good_eventful,2,ep00702_t0003_item014452,5,A4,4,ally,5,dynamic_5,0.0,-0.004547119140625,0.004547119140625,0.0,0.0,-0.004547119140625
good_eventful,2,ep00702_t0003_item014452,5,A4,4,ally,6,dynamic_6,0.0,-0.020416259765625,0.020416259765625,0.0,0.0,-0.020416259765625
good_eventful,2,ep00702_t0003_item014452,5,A4,4,ally,7,dynamic_7,1.0,1.01953125,0.01953125,1.0,0.0,0.01953125
good_eventful,2,ep00702_t0003_item014452,5,A4,4,ally,8,dynamic_8,0.0,-0.0237884521484375,0.0237884521484375,0.0,0.0,-0.0237884521484375
good_eventful,2,ep00702_t0003_item014452,5,A4,4,ally,9,dynamic_9,0.0,0.0012302398681640625,0.0012302398681640625,0.0,0.0,0.0012302398681640625
good_eventful,2,ep00702_t0003_item014452,5,A4,4,ally,10,dynamic_10,0.0,-0.007328033447265625,0.007328033447265625,0.0,0.0,-0.007328033447265625
good_eventful,2,ep00702_t0003_item014452,5,A4,4,ally,11,dynamic_11,0.0,0.11260986328125,0.11260986328125,0.0,0.0,0.11260986328125
good_eventful,2,ep00702_t0003_item014452,5,A4,4,ally,12,dynamic_12,0.0,-0.06005859375,0.06005859375,0.0,0.0,-0.06005859375
good_eventful,2,ep00702_t0003_item014452,5,A6,6,ally,0,hp,0.46666666865348816,0.67822265625,0.21155598759651184,1.0,-0.5333333313465118,-0.32177734375
good_eventful,2,ep00702_t0003_item014452,5,A6,6,ally,1,cooldown_or_energy,0.0,0.0386962890625,0.0386962890625,0.0,0.0,0.0386962890625
good_eventful,2,ep00702_t0003_item014452,5,A6,6,ally,2,dx,-0.11915633082389832,-0.119873046875,0.0007167160511016846,-0.21759364008903503,0.09843730926513672,0.09772059321403503
good_eventful,2,ep00702_t0003_item014452,5,A6,6,ally,3,dy,0.03153127431869507,0.046234130859375,0.014702856540679932,-0.01768738031387329,0.04921865463256836,0.06392151117324829
good_eventful,2,ep00702_t0003_item014452,5,A6,6,ally,4,shield,0.0,-0.040740966796875,0.040740966796875,0.0,0.0,-0.040740966796875
good_eventful,2,ep00702_t0003_item014452,5,A6,6,ally,5,dynamic_5,0.0,-0.040618896484375,0.040618896484375,0.0,0.0,-0.040618896484375
good_eventful,2,ep00702_t0003_item014452,5,A6,6,ally,6,dynamic_6,0.0,-0.07940673828125,0.07940673828125,0.0,0.0,-0.07940673828125
good_eventful,2,ep00702_t0003_item014452,5,A6,6,ally,7,dynamic_7,1.0,1.0634765625,0.0634765625,1.0,0.0,0.0634765625
good_eventful,2,ep00702_t0003_item014452,5,A6,6,ally,8,dynamic_8,0.0,-0.039947509765625,0.039947509765625,0.0,0.0,-0.039947509765625
good_eventful,2,ep00702_t0003_item014452,5,A6,6,ally,9,dynamic_9,0.0,0.0006666183471679688,0.0006666183471679688,0.0,0.0,0.0006666183471679688
good_eventful,2,ep00702_t0003_item014452,5,A6,6,ally,10,dynamic_10,0.0,0.031494140625,0.031494140625,0.0,0.0,0.031494140625
good_eventful,2,ep00702_t0003_item014452,5,A6,6,ally,11,dynamic_11,0.0,0.05108642578125,0.05108642578125,0.0,0.0,0.05108642578125
good_eventful,2,ep00702_t0003_item014452,5,A6,6,ally,12,dynamic_12,0.0,-0.0347900390625,0.0347900390625,0.0,0.0,-0.0347900390625
good_eventful,2,ep00702_t0003_item014452,5,E0,9,enemy,0,hp,0.8666666746139526,0.85986328125,0.006803393363952637,1.0,-0.13333332538604736,-0.14013671875
good_eventful,2,ep00702_t0003_item014452,5,E0,9,enemy,1,dx,0.010661423206329346,-0.13134765625,0.14200907945632935,0.019898951053619385,-0.009237527847290039,-0.15124660730361938
good_eventful,2,ep00702_t0003_item014452,5,E0,9,enemy,2,dy,0.06321984529495239,0.051849365234375,0.011370480060577393,0.07245486974716187,-0.009235024452209473,-0.020605504512786865
good_eventful,2,ep00702_t0003_item014452,5,E0,9,enemy,3,dynamic_3,0.0,-0.02593994140625,0.02593994140625,0.0,0.0,-0.02593994140625
good_eventful,2,ep00702_t0003_item014452,5,E0,9,enemy,4,dynamic_4,0.0,-0.004730224609375,0.004730224609375,0.0,0.0,-0.004730224609375
good_eventful,2,ep00702_t0003_item014452,5,E0,9,enemy,5,dynamic_5,0.0,-0.000186920166015625,0.000186920166015625,0.0,0.0,-0.000186920166015625
good_eventful,2,ep00702_t0003_item014452,5,E0,9,enemy,6,dynamic_6,1.0,1.07421875,0.07421875,1.0,0.0,0.07421875
good_eventful,2,ep00702_t0003_item014452,5,E0,9,enemy,7,dynamic_7,0.0,-0.00905609130859375,0.00905609130859375,0.0,0.0,-0.00905609130859375
good_eventful,2,ep00702_t0003_item014452,5,E0,9,enemy,8,dynamic_8,0.0,-0.0018854141235351562,0.0018854141235351562,0.0,0.0,-0.0018854141235351562
good_eventful,2,ep00702_t0003_item014452,5,E0,9,enemy,9,dynamic_9,0.0,0.0003132820129394531,0.0003132820129394531,0.0,0.0,0.0003132820129394531
good_eventful,2,ep00702_t0003_item014452,5,E0,9,enemy,10,dynamic_10,0.0,-0.05804443359375,0.05804443359375,0.0,0.0,-0.05804443359375
good_eventful,2,ep00702_t0003_item014452,5,E0,9,enemy,11,dynamic_11,0.0,-0.02996826171875,0.02996826171875,0.0,0.0,-0.02996826171875
good_eventful,2,ep00702_t0003_item014452,5,E1,10,enemy,0,hp,0.8666666746139526,0.84814453125,0.018522143363952637,1.0,-0.13333332538604736,-0.15185546875
good_eventful,2,ep00702_t0003_item014452,5,E1,10,enemy,1,dx,-0.004952967166900635,-0.11895751953125,0.11400455236434937,0.004426002502441406,-0.009378969669342041,-0.1233835220336914
good_eventful,2,ep00702_t0003_item014452,5,E1,10,enemy,2,dy,0.055468738079071045,0.04815673828125,0.007311999797821045,0.0634337067604065,-0.00796496868133545,-0.015276968479156494
good_eventful,2,ep00702_t0003_item014452,5,E1,10,enemy,3,dynamic_3,0.0,-0.01678466796875,0.01678466796875,0.0,0.0,-0.01678466796875
good_eventful,2,ep00702_t0003_item014452,5,E1,10,enemy,4,dynamic_4,0.0,-0.00814056396484375,0.00814056396484375,0.0,0.0,-0.00814056396484375
good_eventful,2,ep00702_t0003_item014452,5,E1,10,enemy,5,dynamic_5,0.0,0.004974365234375,0.004974365234375,0.0,0.0,0.004974365234375
good_eventful,2,ep00702_t0003_item014452,5,E1,10,enemy,6,dynamic_6,1.0,0.958984375,0.041015625,1.0,0.0,-0.041015625
good_eventful,2,ep00702_t0003_item014452,5,E1,10,enemy,7,dynamic_7,0.0,-0.00037479400634765625,0.00037479400634765625,0.0,0.0,-0.00037479400634765625
good_eventful,2,ep00702_t0003_item014452,5,E1,10,enemy,8,dynamic_8,0.0,0.0275726318359375,0.0275726318359375,0.0,0.0,0.0275726318359375
good_eventful,2,ep00702_t0003_item014452,5,E1,10,enemy,9,dynamic_9,0.0,-0.00014698505401611328,0.00014698505401611328,0.0,0.0,-0.00014698505401611328
good_eventful,2,ep00702_t0003_item014452,5,E1,10,enemy,10,dynamic_10,0.0,-0.03179931640625,0.03179931640625,0.0,0.0,-0.03179931640625
good_eventful,2,ep00702_t0003_item014452,5,E1,10,enemy,11,dynamic_11,0.0,0.0007071495056152344,0.0007071495056152344,0.0,0.0,0.0007071495056152344
good_eventful,2,ep00702_t0003_item014452,5,E2,11,enemy,0,hp,0.7333333492279053,0.81884765625,0.08551430702209473,1.0,-0.2666666507720947,-0.18115234375
good_eventful,2,ep00702_t0003_item014452,5,E2,11,enemy,1,dx,0.007804155349731445,-0.1318359375,0.13964009284973145,0.02845621109008789,-0.020652055740356445,-0.1602921485900879
good_eventful,2,ep00702_t0003_item014452,5,E2,11,enemy,2,dy,0.03660839796066284,0.01885986328125,0.017748534679412842,0.04999154806137085,-0.013383150100708008,-0.03113168478012085
good_eventful,2,ep00702_t0003_item014452,5,E2,11,enemy,3,dynamic_3,0.0,-0.055023193359375,0.055023193359375,0.0,0.0,-0.055023193359375
good_eventful,2,ep00702_t0003_item014452,5,E2,11,enemy,4,dynamic_4,0.0,-0.00576019287109375,0.00576019287109375,0.0,0.0,-0.00576019287109375
good_eventful,2,ep00702_t0003_item014452,5,E2,11,enemy,5,dynamic_5,0.0,0.0002396106719970703,0.0002396106719970703,0.0,0.0,0.0002396106719970703
good_eventful,2,ep00702_t0003_item014452,5,E2,11,enemy,6,dynamic_6,1.0,1.001953125,0.001953125,1.0,0.0,0.001953125
good_eventful,2,ep00702_t0003_item014452,5,E2,11,enemy,7,dynamic_7,0.0,-0.0006494522094726562,0.0006494522094726562,0.0,0.0,-0.0006494522094726562
good_eventful,2,ep00702_t0003_item014452,5,E2,11,enemy,8,dynamic_8,0.0,0.035064697265625,0.035064697265625,0.0,0.0,0.035064697265625
good_eventful,2,ep00702_t0003_item014452,5,E2,11,enemy,9,dynamic_9,0.0,0.0002180337905883789,0.0002180337905883789,0.0,0.0,0.0002180337905883789
good_eventful,2,ep00702_t0003_item014452,5,E2,11,enemy,10,dynamic_10,0.0,-0.052886962890625,0.052886962890625,0.0,0.0,-0.052886962890625
good_eventful,2,ep00702_t0003_item014452,5,E2,11,enemy,11,dynamic_11,0.0,0.02197265625,0.02197265625,0.0,0.0,0.02197265625
good_eventful,2,ep00702_t0003_item014452,5,E3,12,enemy,0,hp,1.0,0.86962890625,0.13037109375,1.0,0.0,-0.13037109375
good_eventful,2,ep00702_t0003_item014452,5,E3,12,enemy,1,dx,0.043303608894348145,-0.08563232421875,0.12893593311309814,0.07565003633499146,-0.03234642744064331,-0.16128236055374146
good_eventful,2,ep00702_t0003_item014452,5,E3,12,enemy,2,dy,-0.013685494661331177,-0.034149169921875,0.020463675260543823,-0.005776822566986084,-0.007908672094345093,-0.028372347354888916
good_eventful,2,ep00702_t0003_item014452,5,E3,12,enemy,3,dynamic_3,0.0,-0.0297698974609375,0.0297698974609375,0.0,0.0,-0.0297698974609375
good_eventful,2,ep00702_t0003_item014452,5,E3,12,enemy,4,dynamic_4,0.0,-0.0157928466796875,0.0157928466796875,0.0,0.0,-0.0157928466796875
good_eventful,2,ep00702_t0003_item014452,5,E3,12,enemy,5,dynamic_5,0.0,0.019683837890625,0.019683837890625,0.0,0.0,0.019683837890625
good_eventful,2,ep00702_t0003_item014452,5,E3,12,enemy,6,dynamic_6,1.0,1.0654296875,0.0654296875,1.0,0.0,0.0654296875
good_eventful,2,ep00702_t0003_item014452,5,E3,12,enemy,7,dynamic_7,0.0,-0.0160369873046875,0.0160369873046875,0.0,0.0,-0.0160369873046875
good_eventful,2,ep00702_t0003_item014452,5,E3,12,enemy,8,dynamic_8,0.0,-0.02142333984375,0.02142333984375,0.0,0.0,-0.02142333984375
good_eventful,2,ep00702_t0003_item014452,5,E3,12,enemy,9,dynamic_9,0.0,0.00013458728790283203,0.00013458728790283203,0.0,0.0,0.00013458728790283203
good_eventful,2,ep00702_t0003_item014452,5,E3,12,enemy,10,dynamic_10,0.0,-0.045318603515625,0.045318603515625,0.0,0.0,-0.045318603515625
good_eventful,2,ep00702_t0003_item014452,5,E3,12,enemy,11,dynamic_11,0.0,-0.034912109375,0.034912109375,0.0,0.0,-0.034912109375
good_eventful,2,ep00702_t0003_item014452,5,E4,13,enemy,0,hp,1.0,0.8935546875,0.1064453125,1.0,0.0,-0.1064453125
good_eventful,2,ep00702_t0003_item014452,5,E4,13,enemy,1,dx,0.02613961696624756,-0.0931396484375,0.11927926540374756,0.056320011615753174,-0.030180394649505615,-0.14945966005325317
good_eventful,2,ep00702_t0003_item014452,5,E4,13,enemy,2,dy,-0.015728652477264404,-0.03759765625,0.021869003772735596,-0.010610342025756836,-0.005118310451507568,-0.026987314224243164
good_eventful,2,ep00702_t0003_item014452,5,E4,13,enemy,3,dynamic_3,0.0,-0.03851318359375,0.03851318359375,0.0,0.0,-0.03851318359375
good_eventful,2,ep00702_t0003_item014452,5,E4,13,enemy,4,dynamic_4,0.0,-0.0007758140563964844,0.0007758140563964844,0.0,0.0,-0.0007758140563964844
good_eventful,2,ep00702_t0003_item014452,5,E4,13,enemy,5,dynamic_5,0.0,0.01486968994140625,0.01486968994140625,0.0,0.0,0.01486968994140625
good_eventful,2,ep00702_t0003_item014452,5,E4,13,enemy,6,dynamic_6,1.0,1.0283203125,0.0283203125,1.0,0.0,0.0283203125
good_eventful,2,ep00702_t0003_item014452,5,E4,13,enemy,7,dynamic_7,0.0,-0.002582550048828125,0.002582550048828125,0.0,0.0,-0.002582550048828125
good_eventful,2,ep00702_t0003_item014452,5,E4,13,enemy,8,dynamic_8,0.0,-0.006061553955078125,0.006061553955078125,0.0,0.0,-0.006061553955078125
good_eventful,2,ep00702_t0003_item014452,5,E4,13,enemy,9,dynamic_9,0.0,0.0003185272216796875,0.0003185272216796875,0.0,0.0,0.0003185272216796875
good_eventful,2,ep00702_t0003_item014452,5,E4,13,enemy,10,dynamic_10,0.0,-0.0357666015625,0.0357666015625,0.0,0.0,-0.0357666015625
good_eventful,2,ep00702_t0003_item014452,5,E4,13,enemy,11,dynamic_11,0.0,-0.0045318603515625,0.0045318603515625,0.0,0.0,-0.0045318603515625
good_eventful,2,ep00702_t0003_item014452,5,E5,14,enemy,0,hp,0.6000000238418579,0.810546875,0.2105468511581421,1.0,-0.3999999761581421,-0.189453125
good_eventful,2,ep00702_t0003_item014452,5,E5,14,enemy,1,dx,0.03818702697753906,-0.09722900390625,0.13541603088378906,0.0741376280784607,-0.03595060110092163,-0.1713666319847107
good_eventful,2,ep00702_t0003_item014452,5,E5,14,enemy,2,dy,-0.03767484426498413,-0.06719970703125,0.02952486276626587,-0.030918776988983154,-0.0067560672760009766,-0.036280930042266846
good_eventful,2,ep00702_t0003_item014452,5,E5,14,enemy,3,dynamic_3,0.0,0.00620269775390625,0.00620269775390625,0.0,0.0,0.00620269775390625
good_eventful,2,ep00702_t0003_item014452,5,E5,14,enemy,4,dynamic_4,0.0,-0.01479339599609375,0.01479339599609375,0.0,0.0,-0.01479339599609375
good_eventful,2,ep00702_t0003_item014452,5,E5,14,enemy,5,dynamic_5,0.0,0.00672149658203125,0.00672149658203125,0.0,0.0,0.00672149658203125
good_eventful,2,ep00702_t0003_item014452,5,E5,14,enemy,6,dynamic_6,1.0,1.0087890625,0.0087890625,1.0,0.0,0.0087890625
good_eventful,2,ep00702_t0003_item014452,5,E5,14,enemy,7,dynamic_7,0.0,-0.0056304931640625,0.0056304931640625,0.0,0.0,-0.0056304931640625
good_eventful,2,ep00702_t0003_item014452,5,E5,14,enemy,8,dynamic_8,0.0,-0.01488494873046875,0.01488494873046875,0.0,0.0,-0.01488494873046875
good_eventful,2,ep00702_t0003_item014452,5,E5,14,enemy,9,dynamic_9,0.0,0.00039839744567871094,0.00039839744567871094,0.0,0.0,0.00039839744567871094
good_eventful,2,ep00702_t0003_item014452,5,E5,14,enemy,10,dynamic_10,0.0,0.010528564453125,0.010528564453125,0.0,0.0,0.010528564453125
good_eventful,2,ep00702_t0003_item014452,5,E5,14,enemy,11,dynamic_11,0.0,-0.0224609375,0.0224609375,0.0,0.0,-0.0224609375
good_eventful,2,ep00702_t0003_item014452,15,A4,4,ally,0,hp,1.0,0.94189453125,0.05810546875,1.0,0.0,-0.05810546875
good_eventful,2,ep00702_t0003_item014452,15,A4,4,ally,1,cooldown_or_energy,0.0,0.01337432861328125,0.01337432861328125,0.0,0.0,0.01337432861328125
good_eventful,2,ep00702_t0003_item014452,15,A4,4,ally,2,dx,-0.41368740797042847,-0.29345703125,0.12023037672042847,-0.216812402009964,-0.19687500596046448,-0.07664462924003601
good_eventful,2,ep00702_t0003_item014452,15,A4,4,ally,3,dy,0.006531238555908203,0.01092529296875,0.004394054412841797,0.05574989318847656,-0.04921865463256836,-0.04482460021972656
good_eventful,2,ep00702_t0003_item014452,15,A4,4,ally,4,shield,0.0,-0.017364501953125,0.017364501953125,0.0,0.0,-0.017364501953125
good_eventful,2,ep00702_t0003_item014452,15,A4,4,ally,5,dynamic_5,0.0,-0.0211181640625,0.0211181640625,0.0,0.0,-0.0211181640625
good_eventful,2,ep00702_t0003_item014452,15,A4,4,ally,6,dynamic_6,0.0,-0.007373809814453125,0.007373809814453125,0.0,0.0,-0.007373809814453125
good_eventful,2,ep00702_t0003_item014452,15,A4,4,ally,7,dynamic_7,1.0,1.0439453125,0.0439453125,1.0,0.0,0.0439453125
good_eventful,2,ep00702_t0003_item014452,15,A4,4,ally,8,dynamic_8,0.0,-0.024261474609375,0.024261474609375,0.0,0.0,-0.024261474609375
good_eventful,2,ep00702_t0003_item014452,15,A4,4,ally,9,dynamic_9,0.0,0.00110626220703125,0.00110626220703125,0.0,0.0,0.00110626220703125
good_eventful,2,ep00702_t0003_item014452,15,A4,4,ally,10,dynamic_10,0.0,0.000980377197265625,0.000980377197265625,0.0,0.0,0.000980377197265625
good_eventful,2,ep00702_t0003_item014452,15,A4,4,ally,11,dynamic_11,0.0,0.1124267578125,0.1124267578125,0.0,0.0,0.1124267578125
good_eventful,2,ep00702_t0003_item014452,15,A4,4,ally,12,dynamic_12,0.0,-0.07421875,0.07421875,0.0,0.0,-0.07421875
good_eventful,2,ep00702_t0003_item014452,15,E0,9,enemy,0,hp,0.7333333492279053,0.82080078125,0.08746743202209473,1.0,-0.2666666507720947,-0.17919921875
good_eventful,2,ep00702_t0003_item014452,15,E0,9,enemy,1,dx,-0.13068902492523193,-0.1846923828125,0.054003357887268066,0.019898951053619385,-0.15058797597885132,-0.20459133386611938
good_eventful,2,ep00702_t0003_item014452,15,E0,9,enemy,2,dy,-0.037047237157821655,0.02825927734375,0.06530651450157166,0.07245486974716187,-0.10950210690498352,-0.044195592403411865
good_eventful,2,ep00702_t0003_item014452,15,E0,9,enemy,3,dynamic_3,0.0,-0.0294952392578125,0.0294952392578125,0.0,0.0,-0.0294952392578125
good_eventful,2,ep00702_t0003_item014452,15,E0,9,enemy,4,dynamic_4,0.0,-0.0060882568359375,0.0060882568359375,0.0,0.0,-0.0060882568359375
good_eventful,2,ep00702_t0003_item014452,15,E0,9,enemy,5,dynamic_5,0.0,-0.004486083984375,0.004486083984375,0.0,0.0,-0.004486083984375
good_eventful,2,ep00702_t0003_item014452,15,E0,9,enemy,6,dynamic_6,1.0,1.0654296875,0.0654296875,1.0,0.0,0.0654296875
good_eventful,2,ep00702_t0003_item014452,15,E0,9,enemy,7,dynamic_7,0.0,-0.01373291015625,0.01373291015625,0.0,0.0,-0.01373291015625
good_eventful,2,ep00702_t0003_item014452,15,E0,9,enemy,8,dynamic_8,0.0,-0.0024890899658203125,0.0024890899658203125,0.0,0.0,-0.0024890899658203125
good_eventful,2,ep00702_t0003_item014452,15,E0,9,enemy,9,dynamic_9,0.0,0.0002865791320800781,0.0002865791320800781,0.0,0.0,0.0002865791320800781
good_eventful,2,ep00702_t0003_item014452,15,E0,9,enemy,10,dynamic_10,0.0,-0.0479736328125,0.0479736328125,0.0,0.0,-0.0479736328125
good_eventful,2,ep00702_t0003_item014452,15,E0,9,enemy,11,dynamic_11,0.0,-0.0236358642578125,0.0236358642578125,0.0,0.0,-0.0236358642578125
good_eventful,2,ep00702_t0003_item014452,15,E1,10,enemy,0,hp,0.8666666746139526,0.861328125,0.005338549613952637,1.0,-0.13333332538604736,-0.138671875
good_eventful,2,ep00702_t0003_item014452,15,E1,10,enemy,1,dx,-0.15990209579467773,-0.170654296875,0.010752201080322266,0.004426002502441406,-0.16432809829711914,-0.1750802993774414
good_eventful,2,ep00702_t0003_item014452,15,E1,10,enemy,2,dy,-0.06709557771682739,0.049041748046875,0.11613732576370239,0.0634337067604065,-0.1305292844772339,-0.014391958713531494
good_eventful,2,ep00702_t0003_item014452,15,E1,10,enemy,3,dynamic_3,0.0,-0.0139923095703125,0.0139923095703125,0.0,0.0,-0.0139923095703125
good_eventful,2,ep00702_t0003_item014452,15,E1,10,enemy,4,dynamic_4,0.0,-0.00429534912109375,0.00429534912109375,0.0,0.0,-0.00429534912109375
good_eventful,2,ep00702_t0003_item014452,15,E1,10,enemy,5,dynamic_5,0.0,0.01374053955078125,0.01374053955078125,0.0,0.0,0.01374053955078125
good_eventful,2,ep00702_t0003_item014452,15,E1,10,enemy,6,dynamic_6,1.0,0.92626953125,0.07373046875,1.0,0.0,-0.07373046875
good_eventful,2,ep00702_t0003_item014452,15,E1,10,enemy,7,dynamic_7,0.0,-0.0027980804443359375,0.0027980804443359375,0.0,0.0,-0.0027980804443359375
good_eventful,2,ep00702_t0003_item014452,15,E1,10,enemy,8,dynamic_8,0.0,0.0301361083984375,0.0301361083984375,0.0,0.0,0.0301361083984375
good_eventful,2,ep00702_t0003_item014452,15,E1,10,enemy,9,dynamic_9,0.0,-6.16908073425293e-05,6.16908073425293e-05,0.0,0.0,-6.16908073425293e-05
good_eventful,2,ep00702_t0003_item014452,15,E1,10,enemy,10,dynamic_10,0.0,-0.02630615234375,0.02630615234375,0.0,0.0,-0.02630615234375
good_eventful,2,ep00702_t0003_item014452,15,E1,10,enemy,11,dynamic_11,0.0,0.019378662109375,0.019378662109375,0.0,0.0,0.019378662109375
good_eventful,2,ep00702_t0003_item014452,15,E2,11,enemy,0,hp,0.7333333492279053,0.78125,0.04791665077209473,1.0,-0.2666666507720947,-0.21875
good_eventful,2,ep00702_t0003_item014452,15,E2,11,enemy,1,dx,-0.14118927717208862,-0.1761474609375,0.03495818376541138,0.02845621109008789,-0.1696454882621765,-0.2046036720275879
good_eventful,2,ep00702_t0003_item014452,15,E2,11,enemy,2,dy,-0.05697989463806152,0.01324462890625,0.07022452354431152,0.04999154806137085,-0.10697144269943237,-0.03674691915512085
good_eventful,2,ep00702_t0003_item014452,15,E2,11,enemy,3,dynamic_3,0.0,-0.0309600830078125,0.0309600830078125,0.0,0.0,-0.0309600830078125
good_eventful,2,ep00702_t0003_item014452,15,E2,11,enemy,4,dynamic_4,0.0,-0.0013132095336914062,0.0013132095336914062,0.0,0.0,-0.0013132095336914062
good_eventful,2,ep00702_t0003_item014452,15,E2,11,enemy,5,dynamic_5,0.0,-0.004894256591796875,0.004894256591796875,0.0,0.0,-0.004894256591796875
good_eventful,2,ep00702_t0003_item014452,15,E2,11,enemy,6,dynamic_6,1.0,0.994140625,0.005859375,1.0,0.0,-0.005859375
good_eventful,2,ep00702_t0003_item014452,15,E2,11,enemy,7,dynamic_7,0.0,-0.0011129379272460938,0.0011129379272460938,0.0,0.0,-0.0011129379272460938
good_eventful,2,ep00702_t0003_item014452,15,E2,11,enemy,8,dynamic_8,0.0,0.0291900634765625,0.0291900634765625,0.0,0.0,0.0291900634765625
good_eventful,2,ep00702_t0003_item014452,15,E2,11,enemy,9,dynamic_9,0.0,-2.2172927856445312e-05,2.2172927856445312e-05,0.0,0.0,-2.2172927856445312e-05
good_eventful,2,ep00702_t0003_item014452,15,E2,11,enemy,10,dynamic_10,0.0,-0.05340576171875,0.05340576171875,0.0,0.0,-0.05340576171875
good_eventful,2,ep00702_t0003_item014452,15,E2,11,enemy,11,dynamic_11,0.0,0.039886474609375,0.039886474609375,0.0,0.0,0.039886474609375
good_eventful,2,ep00702_t0003_item014452,15,E3,12,enemy,0,hp,0.8666666746139526,0.73291015625,0.13375651836395264,1.0,-0.13333332538604736,-0.26708984375
good_eventful,2,ep00702_t0003_item014452,15,E3,12,enemy,1,dx,-0.12379366159439087,-0.11590576171875,0.00788789987564087,0.07565003633499146,-0.19944369792938232,-0.19155579805374146
good_eventful,2,ep00702_t0003_item014452,15,E3,12,enemy,2,dy,-0.07072734832763672,-0.04638671875,0.02434062957763672,-0.005776822566986084,-0.06495052576065063,-0.040609896183013916
good_eventful,2,ep00702_t0003_item014452,15,E3,12,enemy,3,dynamic_3,0.0,0.002658843994140625,0.002658843994140625,0.0,0.0,0.002658843994140625
good_eventful,2,ep00702_t0003_item014452,15,E3,12,enemy,4,dynamic_4,0.0,-0.01065826416015625,0.01065826416015625,0.0,0.0,-0.01065826416015625
good_eventful,2,ep00702_t0003_item014452,15,E3,12,enemy,5,dynamic_5,0.0,0.017578125,0.017578125,0.0,0.0,0.017578125
good_eventful,2,ep00702_t0003_item014452,15,E3,12,enemy,6,dynamic_6,1.0,1.068359375,0.068359375,1.0,0.0,0.068359375
good_eventful,2,ep00702_t0003_item014452,15,E3,12,enemy,7,dynamic_7,0.0,-0.012725830078125,0.012725830078125,0.0,0.0,-0.012725830078125
good_eventful,2,ep00702_t0003_item014452,15,E3,12,enemy,8,dynamic_8,0.0,-0.023681640625,0.023681640625,0.0,0.0,-0.023681640625
good_eventful,2,ep00702_t0003_item014452,15,E3,12,enemy,9,dynamic_9,0.0,-8.165836334228516e-06,8.165836334228516e-06,0.0,0.0,-8.165836334228516e-06
good_eventful,2,ep00702_t0003_item014452,15,E3,12,enemy,10,dynamic_10,0.0,-0.04803466796875,0.04803466796875,0.0,0.0,-0.04803466796875
good_eventful,2,ep00702_t0003_item014452,15,E3,12,enemy,11,dynamic_11,0.0,-0.03387451171875,0.03387451171875,0.0,0.0,-0.03387451171875
good_eventful,2,ep00702_t0003_item014452,15,E4,13,enemy,0,hp,1.0,0.80712890625,0.19287109375,1.0,0.0,-0.19287109375
good_eventful,2,ep00702_t0003_item014452,15,E4,13,enemy,1,dx,-0.15605711936950684,-0.13232421875,0.023732900619506836,0.056320011615753174,-0.21237713098526,-0.18864423036575317
good_eventful,2,ep00702_t0003_item014452,15,E4,13,enemy,2,dy,-0.04006776213645935,-0.056884765625,0.01681700348854065,-0.010610342025756836,-0.029457420110702515,-0.046274423599243164
good_eventful,2,ep00702_t0003_item014452,15,E4,13,enemy,3,dynamic_3,0.0,-0.027984619140625,0.027984619140625,0.0,0.0,-0.027984619140625
good_eventful,2,ep00702_t0003_item014452,15,E4,13,enemy,4,dynamic_4,0.0,-0.004150390625,0.004150390625,0.0,0.0,-0.004150390625
good_eventful,2,ep00702_t0003_item014452,15,E4,13,enemy,5,dynamic_5,0.0,0.00511932373046875,0.00511932373046875,0.0,0.0,0.00511932373046875
good_eventful,2,ep00702_t0003_item014452,15,E4,13,enemy,6,dynamic_6,1.0,1.025390625,0.025390625,1.0,0.0,0.025390625
good_eventful,2,ep00702_t0003_item014452,15,E4,13,enemy,7,dynamic_7,0.0,-0.002605438232421875,0.002605438232421875,0.0,0.0,-0.002605438232421875
good_eventful,2,ep00702_t0003_item014452,15,E4,13,enemy,8,dynamic_8,0.0,-0.01129913330078125,0.01129913330078125,0.0,0.0,-0.01129913330078125
good_eventful,2,ep00702_t0003_item014452,15,E4,13,enemy,9,dynamic_9,0.0,0.0003204345703125,0.0003204345703125,0.0,0.0,0.0003204345703125
good_eventful,2,ep00702_t0003_item014452,15,E4,13,enemy,10,dynamic_10,0.0,-0.038116455078125,0.038116455078125,0.0,0.0,-0.038116455078125
good_eventful,2,ep00702_t0003_item014452,15,E4,13,enemy,11,dynamic_11,0.0,0.01470184326171875,0.01470184326171875,0.0,0.0,0.01470184326171875
good_eventful,2,ep00702_t0003_item014452,15,E5,14,enemy,0,hp,0.3333333432674408,0.6650390625,0.3317057192325592,1.0,-0.6666666567325592,-0.3349609375
good_eventful,2,ep00702_t0003_item014452,15,E5,14,enemy,1,dx,-0.1448778510093689,-0.137451171875,0.0074266791343688965,0.0741376280784607,-0.2190154790878296,-0.2115887999534607
good_eventful,2,ep00702_t0003_item014452,15,E5,14,enemy,2,dy,-0.08350393176078796,-0.09814453125,0.014640599489212036,-0.030918776988983154,-0.05258515477180481,-0.06722575426101685
good_eventful,2,ep00702_t0003_item014452,15,E5,14,enemy,3,dynamic_3,0.0,0.0259246826171875,0.0259246826171875,0.0,0.0,0.0259246826171875
good_eventful,2,ep00702_t0003_item014452,15,E5,14,enemy,4,dynamic_4,0.0,-0.0136871337890625,0.0136871337890625,0.0,0.0,-0.0136871337890625
good_eventful,2,ep00702_t0003_item014452,15,E5,14,enemy,5,dynamic_5,0.0,-0.0175933837890625,0.0175933837890625,0.0,0.0,-0.0175933837890625
good_eventful,2,ep00702_t0003_item014452,15,E5,14,enemy,6,dynamic_6,1.0,1.06640625,0.06640625,1.0,0.0,0.06640625
good_eventful,2,ep00702_t0003_item014452,15,E5,14,enemy,7,dynamic_7,0.0,-0.014373779296875,0.014373779296875,0.0,0.0,-0.014373779296875
good_eventful,2,ep00702_t0003_item014452,15,E5,14,enemy,8,dynamic_8,0.0,-0.023223876953125,0.023223876953125,0.0,0.0,-0.023223876953125
good_eventful,2,ep00702_t0003_item014452,15,E5,14,enemy,9,dynamic_9,0.0,0.0004208087921142578,0.0004208087921142578,0.0,0.0,0.0004208087921142578
good_eventful,2,ep00702_t0003_item014452,15,E5,14,enemy,10,dynamic_10,0.0,0.0051422119140625,0.0051422119140625,0.0,0.0,0.0051422119140625
good_eventful,2,ep00702_t0003_item014452,15,E5,14,enemy,11,dynamic_11,0.0,-0.03472900390625,0.03472900390625,0.0,0.0,-0.03472900390625
late_rollout_drift,1,ep00199_t0092_item004817,1,A0,0,ally,0,hp,0.8080000281333923,0.74609375,0.061906278133392334,0.8080000281333923,0.0,-0.061906278133392334
late_rollout_drift,1,ep00199_t0092_item004817,1,A0,0,ally,1,cooldown_or_energy,0.0,0.050750732421875,0.050750732421875,0.0,0.0,0.050750732421875
late_rollout_drift,1,ep00199_t0092_item004817,1,A0,0,ally,2,dx,-0.37490642070770264,-0.375244140625,0.0003377199172973633,-0.3256876468658447,-0.04921877384185791,-0.04955649375915527
late_rollout_drift,1,ep00199_t0092_item004817,1,A0,0,ally,3,dy,-0.18649828433990479,-0.230712890625,0.044214606285095215,-0.18649828433990479,0.0,-0.044214606285095215
late_rollout_drift,1,ep00199_t0092_item004817,1,A0,0,ally,4,shield,0.0,-0.05999755859375,0.05999755859375,0.0,0.0,-0.05999755859375
late_rollout_drift,1,ep00199_t0092_item004817,1,A0,0,ally,5,dynamic_5,0.0,0.0008864402770996094,0.0008864402770996094,0.0,0.0,0.0008864402770996094
late_rollout_drift,1,ep00199_t0092_item004817,1,A0,0,ally,6,dynamic_6,1.0,1.00390625,0.00390625,1.0,0.0,0.00390625
late_rollout_drift,1,ep00199_t0092_item004817,1,A0,0,ally,7,dynamic_7,0.0,0.01276397705078125,0.01276397705078125,0.0,0.0,0.01276397705078125
late_rollout_drift,1,ep00199_t0092_item004817,1,A0,0,ally,8,dynamic_8,0.0,0.01507568359375,0.01507568359375,0.0,0.0,0.01507568359375
late_rollout_drift,1,ep00199_t0092_item004817,1,A0,0,ally,9,dynamic_9,0.0,0.0001875162124633789,0.0001875162124633789,0.0,0.0,0.0001875162124633789
late_rollout_drift,1,ep00199_t0092_item004817,1,A0,0,ally,10,dynamic_10,0.0,-0.0195770263671875,0.0195770263671875,0.0,0.0,-0.0195770263671875
late_rollout_drift,1,ep00199_t0092_item004817,1,A0,0,ally,11,dynamic_11,0.0,-0.0352783203125,0.0352783203125,0.0,0.0,-0.0352783203125
late_rollout_drift,1,ep00199_t0092_item004817,1,A0,0,ally,12,dynamic_12,0.0,-0.010345458984375,0.010345458984375,0.0,0.0,-0.010345458984375
late_rollout_drift,1,ep00199_t0092_item004817,1,A1,1,ally,0,hp,1.0,0.92822265625,0.07177734375,1.0,0.0,-0.07177734375
late_rollout_drift,1,ep00199_t0092_item004817,1,A1,1,ally,1,cooldown_or_energy,0.0,-0.03607177734375,0.03607177734375,0.0,0.0,-0.03607177734375
late_rollout_drift,1,ep00199_t0092_item004817,1,A1,1,ally,2,dx,-0.39716416597366333,-0.3994140625,0.00224989652633667,-0.4453461766242981,0.048182010650634766,0.045932114124298096
late_rollout_drift,1,ep00199_t0092_item004817,1,A1,1,ally,3,dy,-0.17562633752822876,-0.22705078125,0.05142444372177124,-0.1760551929473877,0.00042885541915893555,-0.050995588302612305
late_rollout_drift,1,ep00199_t0092_item004817,1,A1,1,ally,4,shield,0.0,-0.0540771484375,0.0540771484375,0.0,0.0,-0.0540771484375
late_rollout_drift,1,ep00199_t0092_item004817,1,A1,1,ally,5,dynamic_5,0.0,-0.018524169921875,0.018524169921875,0.0,0.0,-0.018524169921875
late_rollout_drift,1,ep00199_t0092_item004817,1,A1,1,ally,6,dynamic_6,1.0,0.98681640625,0.01318359375,1.0,0.0,-0.01318359375
late_rollout_drift,1,ep00199_t0092_item004817,1,A1,1,ally,7,dynamic_7,0.0,0.1002197265625,0.1002197265625,0.0,0.0,0.1002197265625
late_rollout_drift,1,ep00199_t0092_item004817,1,A1,1,ally,8,dynamic_8,0.0,-0.030731201171875,0.030731201171875,0.0,0.0,-0.030731201171875
late_rollout_drift,1,ep00199_t0092_item004817,1,A1,1,ally,9,dynamic_9,0.0,0.000919342041015625,0.000919342041015625,0.0,0.0,0.000919342041015625
late_rollout_drift,1,ep00199_t0092_item004817,1,A1,1,ally,10,dynamic_10,0.0,0.0011386871337890625,0.0011386871337890625,0.0,0.0,0.0011386871337890625
late_rollout_drift,1,ep00199_t0092_item004817,1,A1,1,ally,11,dynamic_11,0.0,-0.00710296630859375,0.00710296630859375,0.0,0.0,-0.00710296630859375
late_rollout_drift,1,ep00199_t0092_item004817,1,A1,1,ally,12,dynamic_12,0.0,-0.01259613037109375,0.01259613037109375,0.0,0.0,-0.01259613037109375
late_rollout_drift,1,ep00199_t0092_item004817,1,E0,9,enemy,0,hp,1.0,0.97802734375,0.02197265625,1.0,0.0,-0.02197265625
late_rollout_drift,1,ep00199_t0092_item004817,1,E0,9,enemy,1,dx,-0.191281259059906,-0.26806640625,0.076785147190094,-0.191281259059906,0.0,-0.076785147190094
late_rollout_drift,1,ep00199_t0092_item004817,1,E0,9,enemy,2,dy,0.17021876573562622,0.1827392578125,0.01252049207687378,0.17021876573562622,0.0,0.01252049207687378
late_rollout_drift,1,ep00199_t0092_item004817,1,E0,9,enemy,3,dynamic_3,0.0,-0.0305328369140625,0.0305328369140625,0.0,0.0,-0.0305328369140625
late_rollout_drift,1,ep00199_t0092_item004817,1,E0,9,enemy,4,dynamic_4,0.0,-0.0011510848999023438,0.0011510848999023438,0.0,0.0,-0.0011510848999023438
late_rollout_drift,1,ep00199_t0092_item004817,1,E0,9,enemy,5,dynamic_5,0.0,-0.01059722900390625,0.01059722900390625,0.0,0.0,-0.01059722900390625
late_rollout_drift,1,ep00199_t0092_item004817,1,E0,9,enemy,6,dynamic_6,0.0,-0.0078887939453125,0.0078887939453125,0.0,0.0,-0.0078887939453125
late_rollout_drift,1,ep00199_t0092_item004817,1,E0,9,enemy,7,dynamic_7,0.0,0.0089263916015625,0.0089263916015625,0.0,0.0,0.0089263916015625
late_rollout_drift,1,ep00199_t0092_item004817,1,E0,9,enemy,8,dynamic_8,1.0,1.0263671875,0.0263671875,1.0,0.0,0.0263671875
late_rollout_drift,1,ep00199_t0092_item004817,1,E0,9,enemy,9,dynamic_9,0.0,0.0006566047668457031,0.0006566047668457031,0.0,0.0,0.0006566047668457031
late_rollout_drift,1,ep00199_t0092_item004817,1,E0,9,enemy,10,dynamic_10,0.0,0.0153961181640625,0.0153961181640625,0.0,0.0,0.0153961181640625
late_rollout_drift,1,ep00199_t0092_item004817,1,E0,9,enemy,11,dynamic_11,0.0,-0.00988006591796875,0.00988006591796875,0.0,0.0,-0.00988006591796875
late_rollout_drift,1,ep00199_t0092_item004817,1,E3,12,enemy,0,hp,1.0,0.93212890625,0.06787109375,1.0,0.0,-0.06787109375
late_rollout_drift,1,ep00199_t0092_item004817,1,E3,12,enemy,1,dx,-0.35378125309944153,-0.33544921875,0.01833203434944153,-0.35378125309944153,0.0,0.01833203434944153
late_rollout_drift,1,ep00199_t0092_item004817,1,E3,12,enemy,2,dy,0.15850001573562622,0.1552734375,0.0032265782356262207,0.15850001573562622,0.0,-0.0032265782356262207
late_rollout_drift,1,ep00199_t0092_item004817,1,E3,12,enemy,3,dynamic_3,0.0,-0.007282257080078125,0.007282257080078125,0.0,0.0,-0.007282257080078125
late_rollout_drift,1,ep00199_t0092_item004817,1,E3,12,enemy,4,dynamic_4,0.0,-0.0019369125366210938,0.0019369125366210938,0.0,0.0,-0.0019369125366210938
late_rollout_drift,1,ep00199_t0092_item004817,1,E3,12,enemy,5,dynamic_5,0.0,0.0197296142578125,0.0197296142578125,0.0,0.0,0.0197296142578125
late_rollout_drift,1,ep00199_t0092_item004817,1,E3,12,enemy,6,dynamic_6,0.0,-0.0134429931640625,0.0134429931640625,0.0,0.0,-0.0134429931640625
late_rollout_drift,1,ep00199_t0092_item004817,1,E3,12,enemy,7,dynamic_7,0.0,0.005985260009765625,0.005985260009765625,0.0,0.0,0.005985260009765625
late_rollout_drift,1,ep00199_t0092_item004817,1,E3,12,enemy,8,dynamic_8,1.0,0.951171875,0.048828125,1.0,0.0,-0.048828125
late_rollout_drift,1,ep00199_t0092_item004817,1,E3,12,enemy,9,dynamic_9,0.0,0.000988006591796875,0.000988006591796875,0.0,0.0,0.000988006591796875
late_rollout_drift,1,ep00199_t0092_item004817,1,E3,12,enemy,10,dynamic_10,0.0,0.0176239013671875,0.0176239013671875,0.0,0.0,0.0176239013671875
late_rollout_drift,1,ep00199_t0092_item004817,1,E3,12,enemy,11,dynamic_11,0.0,0.004024505615234375,0.004024505615234375,0.0,0.0,0.004024505615234375
late_rollout_drift,1,ep00199_t0092_item004817,5,A0,0,ally,0,hp,0.8080000281333923,0.71826171875,0.08973830938339233,0.8080000281333923,0.0,-0.08973830938339233
late_rollout_drift,1,ep00199_t0092_item004817,5,A0,0,ally,1,cooldown_or_energy,0.0,0.01194000244140625,0.01194000244140625,0.0,0.0,0.01194000244140625
late_rollout_drift,1,ep00199_t0092_item004817,5,A0,0,ally,2,dx,-0.37490642070770264,-0.381103515625,0.006197094917297363,-0.3256876468658447,-0.04921877384185791,-0.05541586875915527
late_rollout_drift,1,ep00199_t0092_item004817,5,A0,0,ally,3,dy,-0.1781700849533081,-0.2144775390625,0.036307454109191895,-0.18649828433990479,0.00832819938659668,-0.027979254722595215
late_rollout_drift,1,ep00199_t0092_item004817,5,A0,0,ally,4,shield,0.0,-0.06707763671875,0.06707763671875,0.0,0.0,-0.06707763671875
late_rollout_drift,1,ep00199_t0092_item004817,5,A0,0,ally,5,dynamic_5,0.0,-0.005462646484375,0.005462646484375,0.0,0.0,-0.005462646484375
late_rollout_drift,1,ep00199_t0092_item004817,5,A0,0,ally,6,dynamic_6,1.0,0.97412109375,0.02587890625,1.0,0.0,-0.02587890625
late_rollout_drift,1,ep00199_t0092_item004817,5,A0,0,ally,7,dynamic_7,0.0,0.03680419921875,0.03680419921875,0.0,0.0,0.03680419921875
late_rollout_drift,1,ep00199_t0092_item004817,5,A0,0,ally,8,dynamic_8,0.0,0.0023479461669921875,0.0023479461669921875,0.0,0.0,0.0023479461669921875
late_rollout_drift,1,ep00199_t0092_item004817,5,A0,0,ally,9,dynamic_9,0.0,0.00016188621520996094,0.00016188621520996094,0.0,0.0,0.00016188621520996094
late_rollout_drift,1,ep00199_t0092_item004817,5,A0,0,ally,10,dynamic_10,0.0,-0.0219879150390625,0.0219879150390625,0.0,0.0,-0.0219879150390625
late_rollout_drift,1,ep00199_t0092_item004817,5,A0,0,ally,11,dynamic_11,0.0,-0.02398681640625,0.02398681640625,0.0,0.0,-0.02398681640625
late_rollout_drift,1,ep00199_t0092_item004817,5,A0,0,ally,12,dynamic_12,0.0,0.00501251220703125,0.00501251220703125,0.0,0.0,0.00501251220703125
late_rollout_drift,1,ep00199_t0092_item004817,5,A1,1,ally,0,hp,1.0,0.84912109375,0.15087890625,1.0,0.0,-0.15087890625
late_rollout_drift,1,ep00199_t0092_item004817,5,A1,1,ally,1,cooldown_or_energy,0.0,-0.05914306640625,0.05914306640625,0.0,0.0,-0.05914306640625
late_rollout_drift,1,ep00199_t0092_item004817,5,A1,1,ally,2,dx,-0.28598886728286743,-0.260498046875,0.02549082040786743,-0.4453461766242981,0.15935730934143066,0.1848481297492981
late_rollout_drift,1,ep00199_t0092_item004817,5,A1,1,ally,3,dy,-0.10340860486030579,-0.1693115234375,0.06590291857719421,-0.1760551929473877,0.07264658808708191,0.006743669509887695
late_rollout_drift,1,ep00199_t0092_item004817,5,A1,1,ally,4,shield,0.0,-0.033203125,0.033203125,0.0,0.0,-0.033203125
late_rollout_drift,1,ep00199_t0092_item004817,5,A1,1,ally,5,dynamic_5,0.0,0.0005297660827636719,0.0005297660827636719,0.0,0.0,0.0005297660827636719
late_rollout_drift,1,ep00199_t0092_item004817,5,A1,1,ally,6,dynamic_6,1.0,0.97705078125,0.02294921875,1.0,0.0,-0.02294921875
late_rollout_drift,1,ep00199_t0092_item004817,5,A1,1,ally,7,dynamic_7,0.0,0.050750732421875,0.050750732421875,0.0,0.0,0.050750732421875
late_rollout_drift,1,ep00199_t0092_item004817,5,A1,1,ally,8,dynamic_8,0.0,-0.030181884765625,0.030181884765625,0.0,0.0,-0.030181884765625
late_rollout_drift,1,ep00199_t0092_item004817,5,A1,1,ally,9,dynamic_9,0.0,0.0010480880737304688,0.0010480880737304688,0.0,0.0,0.0010480880737304688
late_rollout_drift,1,ep00199_t0092_item004817,5,A1,1,ally,10,dynamic_10,0.0,-0.0035533905029296875,0.0035533905029296875,0.0,0.0,-0.0035533905029296875
late_rollout_drift,1,ep00199_t0092_item004817,5,A1,1,ally,11,dynamic_11,0.0,0.02374267578125,0.02374267578125,0.0,0.0,0.02374267578125
late_rollout_drift,1,ep00199_t0092_item004817,5,A1,1,ally,12,dynamic_12,0.0,-0.0037403106689453125,0.0037403106689453125,0.0,0.0,-0.0037403106689453125
late_rollout_drift,1,ep00199_t0092_item004817,5,E0,9,enemy,0,hp,1.0,0.98291015625,0.01708984375,1.0,0.0,-0.01708984375
late_rollout_drift,1,ep00199_t0092_item004817,5,E0,9,enemy,1,dx,-0.191281259059906,-0.25048828125,0.059207022190093994,-0.191281259059906,0.0,-0.059207022190093994
late_rollout_drift,1,ep00199_t0092_item004817,5,E0,9,enemy,2,dy,0.17021876573562622,0.177734375,0.007515609264373779,0.17021876573562622,0.0,0.007515609264373779
late_rollout_drift,1,ep00199_t0092_item004817,5,E0,9,enemy,3,dynamic_3,0.0,-0.029937744140625,0.029937744140625,0.0,0.0,-0.029937744140625
late_rollout_drift,1,ep00199_t0092_item004817,5,E0,9,enemy,4,dynamic_4,0.0,-0.0012044906616210938,0.0012044906616210938,0.0,0.0,-0.0012044906616210938
late_rollout_drift,1,ep00199_t0092_item004817,5,E0,9,enemy,5,dynamic_5,0.0,-0.01433563232421875,0.01433563232421875,0.0,0.0,-0.01433563232421875
late_rollout_drift,1,ep00199_t0092_item004817,5,E0,9,enemy,6,dynamic_6,0.0,-0.00859832763671875,0.00859832763671875,0.0,0.0,-0.00859832763671875
late_rollout_drift,1,ep00199_t0092_item004817,5,E0,9,enemy,7,dynamic_7,0.0,0.007358551025390625,0.007358551025390625,0.0,0.0,0.007358551025390625
late_rollout_drift,1,ep00199_t0092_item004817,5,E0,9,enemy,8,dynamic_8,1.0,1.0205078125,0.0205078125,1.0,0.0,0.0205078125
late_rollout_drift,1,ep00199_t0092_item004817,5,E0,9,enemy,9,dynamic_9,0.0,0.0007123947143554688,0.0007123947143554688,0.0,0.0,0.0007123947143554688
late_rollout_drift,1,ep00199_t0092_item004817,5,E0,9,enemy,10,dynamic_10,0.0,0.00965118408203125,0.00965118408203125,0.0,0.0,0.00965118408203125
late_rollout_drift,1,ep00199_t0092_item004817,5,E0,9,enemy,11,dynamic_11,0.0,0.0015125274658203125,0.0015125274658203125,0.0,0.0,0.0015125274658203125
late_rollout_drift,1,ep00199_t0092_item004817,5,E3,12,enemy,0,hp,1.0,0.94140625,0.05859375,1.0,0.0,-0.05859375
late_rollout_drift,1,ep00199_t0092_item004817,5,E3,12,enemy,1,dx,-0.35378125309944153,-0.2607421875,0.09303906559944153,-0.35378125309944153,0.0,0.09303906559944153
late_rollout_drift,1,ep00199_t0092_item004817,5,E3,12,enemy,2,dy,0.15850001573562622,0.1390380859375,0.01946192979812622,0.15850001573562622,0.0,-0.01946192979812622
late_rollout_drift,1,ep00199_t0092_item004817,5,E3,12,enemy,3,dynamic_3,0.0,-0.0218505859375,0.0218505859375,0.0,0.0,-0.0218505859375
late_rollout_drift,1,ep00199_t0092_item004817,5,E3,12,enemy,4,dynamic_4,0.0,-0.01224517822265625,0.01224517822265625,0.0,0.0,-0.01224517822265625
late_rollout_drift,1,ep00199_t0092_item004817,5,E3,12,enemy,5,dynamic_5,0.0,0.00435638427734375,0.00435638427734375,0.0,0.0,0.00435638427734375
late_rollout_drift,1,ep00199_t0092_item004817,5,E3,12,enemy,6,dynamic_6,0.0,-0.0077362060546875,0.0077362060546875,0.0,0.0,-0.0077362060546875
late_rollout_drift,1,ep00199_t0092_item004817,5,E3,12,enemy,7,dynamic_7,0.0,0.00629425048828125,0.00629425048828125,0.0,0.0,0.00629425048828125
late_rollout_drift,1,ep00199_t0092_item004817,5,E3,12,enemy,8,dynamic_8,1.0,0.95263671875,0.04736328125,1.0,0.0,-0.04736328125
late_rollout_drift,1,ep00199_t0092_item004817,5,E3,12,enemy,9,dynamic_9,0.0,0.0008616447448730469,0.0008616447448730469,0.0,0.0,0.0008616447448730469
late_rollout_drift,1,ep00199_t0092_item004817,5,E3,12,enemy,10,dynamic_10,0.0,0.004425048828125,0.004425048828125,0.0,0.0,0.004425048828125
late_rollout_drift,1,ep00199_t0092_item004817,5,E3,12,enemy,11,dynamic_11,0.0,0.0262451171875,0.0262451171875,0.0,0.0,0.0262451171875
late_rollout_drift,1,ep00199_t0092_item004817,15,A0,0,ally,0,hp,0.8080000281333923,0.640625,0.16737502813339233,0.8080000281333923,0.0,-0.16737502813339233
late_rollout_drift,1,ep00199_t0092_item004817,15,A0,0,ally,1,cooldown_or_energy,0.0,-0.02288818359375,0.02288818359375,0.0,0.0,-0.02288818359375
late_rollout_drift,1,ep00199_t0092_item004817,15,A0,0,ally,2,dx,-0.3256876468658447,-0.373779296875,0.04809165000915527,-0.3256876468658447,0.0,-0.04809165000915527
late_rollout_drift,1,ep00199_t0092_item004817,15,A0,0,ally,3,dy,-0.19504588842391968,-0.2120361328125,0.016990244388580322,-0.18649828433990479,-0.008547604084014893,-0.025537848472595215
late_rollout_drift,1,ep00199_t0092_item004817,15,A0,0,ally,4,shield,0.0,-0.07196044921875,0.07196044921875,0.0,0.0,-0.07196044921875
late_rollout_drift,1,ep00199_t0092_item004817,15,A0,0,ally,5,dynamic_5,0.0,-0.0030956268310546875,0.0030956268310546875,0.0,0.0,-0.0030956268310546875
late_rollout_drift,1,ep00199_t0092_item004817,15,A0,0,ally,6,dynamic_6,1.0,0.9580078125,0.0419921875,1.0,0.0,-0.0419921875
late_rollout_drift,1,ep00199_t0092_item004817,15,A0,0,ally,7,dynamic_7,0.0,0.05914306640625,0.05914306640625,0.0,0.0,0.05914306640625
late_rollout_drift,1,ep00199_t0092_item004817,15,A0,0,ally,8,dynamic_8,0.0,0.0076141357421875,0.0076141357421875,0.0,0.0,0.0076141357421875
late_rollout_drift,1,ep00199_t0092_item004817,15,A0,0,ally,9,dynamic_9,0.0,-2.0563602447509766e-05,2.0563602447509766e-05,0.0,0.0,-2.0563602447509766e-05
late_rollout_drift,1,ep00199_t0092_item004817,15,A0,0,ally,10,dynamic_10,0.0,-0.02349853515625,0.02349853515625,0.0,0.0,-0.02349853515625
late_rollout_drift,1,ep00199_t0092_item004817,15,A0,0,ally,11,dynamic_11,0.0,-0.0372314453125,0.0372314453125,0.0,0.0,-0.0372314453125
late_rollout_drift,1,ep00199_t0092_item004817,15,A0,0,ally,12,dynamic_12,0.0,-0.01136016845703125,0.01136016845703125,0.0,0.0,-0.01136016845703125
late_rollout_drift,1,ep00199_t0092_item004817,15,A1,1,ally,0,hp,0.07199999690055847,0.78515625,0.7131562530994415,1.0,-0.9280000030994415,-0.21484375
late_rollout_drift,1,ep00199_t0092_item004817,15,A1,1,ally,1,cooldown_or_energy,0.0,-0.0572509765625,0.0572509765625,0.0,0.0,-0.0572509765625
late_rollout_drift,1,ep00199_t0092_item004817,15,A1,1,ally,2,dx,-0.4828639030456543,-0.376953125,0.1059107780456543,-0.4453461766242981,-0.0375177264213562,0.0683930516242981
late_rollout_drift,1,ep00199_t0092_item004817,15,A1,1,ally,3,dy,-0.004971295595169067,-0.1280517578125,0.12308046221733093,-0.1760551929473877,0.17108389735221863,0.048003435134887695
late_rollout_drift,1,ep00199_t0092_item004817,15,A1,1,ally,4,shield,0.0,-0.054840087890625,0.054840087890625,0.0,0.0,-0.054840087890625
late_rollout_drift,1,ep00199_t0092_item004817,15,A1,1,ally,5,dynamic_5,0.0,-0.00963592529296875,0.00963592529296875,0.0,0.0,-0.00963592529296875
late_rollout_drift,1,ep00199_t0092_item004817,15,A1,1,ally,6,dynamic_6,1.0,0.94287109375,0.05712890625,1.0,0.0,-0.05712890625
late_rollout_drift,1,ep00199_t0092_item004817,15,A1,1,ally,7,dynamic_7,0.0,0.108642578125,0.108642578125,0.0,0.0,0.108642578125
late_rollout_drift,1,ep00199_t0092_item004817,15,A1,1,ally,8,dynamic_8,0.0,-0.0289764404296875,0.0289764404296875,0.0,0.0,-0.0289764404296875
late_rollout_drift,1,ep00199_t0092_item004817,15,A1,1,ally,9,dynamic_9,0.0,0.0006899833679199219,0.0006899833679199219,0.0,0.0,0.0006899833679199219
late_rollout_drift,1,ep00199_t0092_item004817,15,A1,1,ally,10,dynamic_10,0.0,-0.0115814208984375,0.0115814208984375,0.0,0.0,-0.0115814208984375
late_rollout_drift,1,ep00199_t0092_item004817,15,A1,1,ally,11,dynamic_11,0.0,0.0212249755859375,0.0212249755859375,0.0,0.0,0.0212249755859375
late_rollout_drift,1,ep00199_t0092_item004817,15,A1,1,ally,12,dynamic_12,0.0,-0.01526641845703125,0.01526641845703125,0.0,0.0,-0.01526641845703125
late_rollout_drift,1,ep00199_t0092_item004817,15,E0,9,enemy,0,hp,1.0,0.97900390625,0.02099609375,1.0,0.0,-0.02099609375
late_rollout_drift,1,ep00199_t0092_item004817,15,E0,9,enemy,1,dx,-0.191281259059906,-0.25244140625,0.061160147190093994,-0.191281259059906,0.0,-0.061160147190093994
late_rollout_drift,1,ep00199_t0092_item004817,15,E0,9,enemy,2,dy,0.17021876573562622,0.180419921875,0.01020115613937378,0.17021876573562622,0.0,0.01020115613937378
late_rollout_drift,1,ep00199_t0092_item004817,15,E0,9,enemy,3,dynamic_3,0.0,-0.0284881591796875,0.0284881591796875,0.0,0.0,-0.0284881591796875
late_rollout_drift,1,ep00199_t0092_item004817,15,E0,9,enemy,4,dynamic_4,0.0,-0.000507354736328125,0.000507354736328125,0.0,0.0,-0.000507354736328125
late_rollout_drift,1,ep00199_t0092_item004817,15,E0,9,enemy,5,dynamic_5,0.0,-0.01512908935546875,0.01512908935546875,0.0,0.0,-0.01512908935546875
late_rollout_drift,1,ep00199_t0092_item004817,15,E0,9,enemy,6,dynamic_6,0.0,-0.00757598876953125,0.00757598876953125,0.0,0.0,-0.00757598876953125
late_rollout_drift,1,ep00199_t0092_item004817,15,E0,9,enemy,7,dynamic_7,0.0,0.0083160400390625,0.0083160400390625,0.0,0.0,0.0083160400390625
late_rollout_drift,1,ep00199_t0092_item004817,15,E0,9,enemy,8,dynamic_8,1.0,1.013671875,0.013671875,1.0,0.0,0.013671875
late_rollout_drift,1,ep00199_t0092_item004817,15,E0,9,enemy,9,dynamic_9,0.0,0.0007290840148925781,0.0007290840148925781,0.0,0.0,0.0007290840148925781
late_rollout_drift,1,ep00199_t0092_item004817,15,E0,9,enemy,10,dynamic_10,0.0,0.01016998291015625,0.01016998291015625,0.0,0.0,0.01016998291015625
late_rollout_drift,1,ep00199_t0092_item004817,15,E0,9,enemy,11,dynamic_11,0.0,0.0031299591064453125,0.0031299591064453125,0.0,0.0,0.0031299591064453125
late_rollout_drift,1,ep00199_t0092_item004817,15,E3,12,enemy,0,hp,1.0,0.92236328125,0.07763671875,1.0,0.0,-0.07763671875
late_rollout_drift,1,ep00199_t0092_item004817,15,E3,12,enemy,1,dx,-0.35378125309944153,-0.26513671875,0.08864453434944153,-0.35378125309944153,0.0,0.08864453434944153
late_rollout_drift,1,ep00199_t0092_item004817,15,E3,12,enemy,2,dy,0.15850001573562622,0.1405029296875,0.01799708604812622,0.15850001573562622,0.0,-0.01799708604812622
late_rollout_drift,1,ep00199_t0092_item004817,15,E3,12,enemy,3,dynamic_3,0.0,-0.017181396484375,0.017181396484375,0.0,0.0,-0.017181396484375
late_rollout_drift,1,ep00199_t0092_item004817,15,E3,12,enemy,4,dynamic_4,0.0,-0.00971221923828125,0.00971221923828125,0.0,0.0,-0.00971221923828125
late_rollout_drift,1,ep00199_t0092_item004817,15,E3,12,enemy,5,dynamic_5,0.0,0.003093719482421875,0.003093719482421875,0.0,0.0,0.003093719482421875
late_rollout_drift,1,ep00199_t0092_item004817,15,E3,12,enemy,6,dynamic_6,0.0,-0.0035572052001953125,0.0035572052001953125,0.0,0.0,-0.0035572052001953125
late_rollout_drift,1,ep00199_t0092_item004817,15,E3,12,enemy,7,dynamic_7,0.0,0.00402069091796875,0.00402069091796875,0.0,0.0,0.00402069091796875
late_rollout_drift,1,ep00199_t0092_item004817,15,E3,12,enemy,8,dynamic_8,1.0,0.9482421875,0.0517578125,1.0,0.0,-0.0517578125
late_rollout_drift,1,ep00199_t0092_item004817,15,E3,12,enemy,9,dynamic_9,0.0,0.0008635520935058594,0.0008635520935058594,0.0,0.0,0.0008635520935058594
late_rollout_drift,1,ep00199_t0092_item004817,15,E3,12,enemy,10,dynamic_10,0.0,0.00498199462890625,0.00498199462890625,0.0,0.0,0.00498199462890625
late_rollout_drift,1,ep00199_t0092_item004817,15,E3,12,enemy,11,dynamic_11,0.0,0.02606201171875,0.02606201171875,0.0,0.0,0.02606201171875
late_rollout_drift,2,ep00199_t0093_item004817,1,A0,0,ally,0,hp,0.8080000281333923,0.7431640625,0.06483596563339233,0.8080000281333923,0.0,-0.06483596563339233
late_rollout_drift,2,ep00199_t0093_item004817,1,A0,0,ally,1,cooldown_or_energy,0.0,0.0360107421875,0.0360107421875,0.0,0.0,0.0360107421875
late_rollout_drift,2,ep00199_t0093_item004817,1,A0,0,ally,2,dx,-0.37490642070770264,-0.369384765625,0.005521655082702637,-0.37490642070770264,0.0,0.005521655082702637
late_rollout_drift,2,ep00199_t0093_item004817,1,A0,0,ally,3,dy,-0.18649828433990479,-0.226806640625,0.040308356285095215,-0.18649828433990479,0.0,-0.040308356285095215
late_rollout_drift,2,ep00199_t0093_item004817,1,A0,0,ally,4,shield,0.0,-0.06512451171875,0.06512451171875,0.0,0.0,-0.06512451171875
late_rollout_drift,2,ep00199_t0093_item004817,1,A0,0,ally,5,dynamic_5,0.0,0.0030117034912109375,0.0030117034912109375,0.0,0.0,0.0030117034912109375
late_rollout_drift,2,ep00199_t0093_item004817,1,A0,0,ally,6,dynamic_6,1.0,1.0107421875,0.0107421875,1.0,0.0,0.0107421875
late_rollout_drift,2,ep00199_t0093_item004817,1,A0,0,ally,7,dynamic_7,0.0,0.01009368896484375,0.01009368896484375,0.0,0.0,0.01009368896484375
late_rollout_drift,2,ep00199_t0093_item004817,1,A0,0,ally,8,dynamic_8,0.0,0.016510009765625,0.016510009765625,0.0,0.0,0.016510009765625
late_rollout_drift,2,ep00199_t0093_item004817,1,A0,0,ally,9,dynamic_9,0.0,0.0001926422119140625,0.0001926422119140625,0.0,0.0,0.0001926422119140625
late_rollout_drift,2,ep00199_t0093_item004817,1,A0,0,ally,10,dynamic_10,0.0,-0.0247802734375,0.0247802734375,0.0,0.0,-0.0247802734375
late_rollout_drift,2,ep00199_t0093_item004817,1,A0,0,ally,11,dynamic_11,0.0,-0.0296630859375,0.0296630859375,0.0,0.0,-0.0296630859375
late_rollout_drift,2,ep00199_t0093_item004817,1,A0,0,ally,12,dynamic_12,0.0,-0.007717132568359375,0.007717132568359375,0.0,0.0,-0.007717132568359375
late_rollout_drift,2,ep00199_t0093_item004817,1,A1,1,ally,0,hp,1.0,0.93505859375,0.06494140625,1.0,0.0,-0.06494140625
late_rollout_drift,2,ep00199_t0093_item004817,1,A1,1,ally,1,cooldown_or_energy,0.0,-0.0509033203125,0.0509033203125,0.0,0.0,-0.0509033203125
late_rollout_drift,2,ep00199_t0093_item004817,1,A1,1,ally,2,dx,-0.38442638516426086,-0.359130859375,0.025295525789260864,-0.39716416597366333,0.012737780809402466,0.03803330659866333
late_rollout_drift,2,ep00199_t0093_item004817,1,A1,1,ally,3,dy,-0.15262725949287415,-0.2274169921875,0.07478973269462585,-0.17562633752822876,0.022999078035354614,-0.05179065465927124
late_rollout_drift,2,ep00199_t0093_item004817,1,A1,1,ally,4,shield,0.0,-0.048828125,0.048828125,0.0,0.0,-0.048828125
late_rollout_drift,2,ep00199_t0093_item004817,1,A1,1,ally,5,dynamic_5,0.0,-0.01377105712890625,0.01377105712890625,0.0,0.0,-0.01377105712890625
late_rollout_drift,2,ep00199_t0093_item004817,1,A1,1,ally,6,dynamic_6,1.0,0.9921875,0.0078125,1.0,0.0,-0.0078125
late_rollout_drift,2,ep00199_t0093_item004817,1,A1,1,ally,7,dynamic_7,0.0,0.096923828125,0.096923828125,0.0,0.0,0.096923828125
late_rollout_drift,2,ep00199_t0093_item004817,1,A1,1,ally,8,dynamic_8,0.0,-0.030364990234375,0.030364990234375,0.0,0.0,-0.030364990234375
late_rollout_drift,2,ep00199_t0093_item004817,1,A1,1,ally,9,dynamic_9,0.0,0.000972747802734375,0.000972747802734375,0.0,0.0,0.000972747802734375
late_rollout_drift,2,ep00199_t0093_item004817,1,A1,1,ally,10,dynamic_10,0.0,0.0001531839370727539,0.0001531839370727539,0.0,0.0,0.0001531839370727539
late_rollout_drift,2,ep00199_t0093_item004817,1,A1,1,ally,11,dynamic_11,0.0,-0.01303863525390625,0.01303863525390625,0.0,0.0,-0.01303863525390625
late_rollout_drift,2,ep00199_t0093_item004817,1,A1,1,ally,12,dynamic_12,0.0,-0.0156097412109375,0.0156097412109375,0.0,0.0,-0.0156097412109375
late_rollout_drift,2,ep00199_t0093_item004817,1,E0,9,enemy,0,hp,1.0,0.978515625,0.021484375,1.0,0.0,-0.021484375
late_rollout_drift,2,ep00199_t0093_item004817,1,E0,9,enemy,1,dx,-0.191281259059906,-0.264892578125,0.073611319065094,-0.191281259059906,0.0,-0.073611319065094
late_rollout_drift,2,ep00199_t0093_item004817,1,E0,9,enemy,2,dy,0.17021876573562622,0.1798095703125,0.00959080457687378,0.17021876573562622,0.0,0.00959080457687378
late_rollout_drift,2,ep00199_t0093_item004817,1,E0,9,enemy,3,dynamic_3,0.0,-0.029998779296875,0.029998779296875,0.0,0.0,-0.029998779296875
late_rollout_drift,2,ep00199_t0093_item004817,1,E0,9,enemy,4,dynamic_4,0.0,-0.0011701583862304688,0.0011701583862304688,0.0,0.0,-0.0011701583862304688
late_rollout_drift,2,ep00199_t0093_item004817,1,E0,9,enemy,5,dynamic_5,0.0,-0.01026153564453125,0.01026153564453125,0.0,0.0,-0.01026153564453125
late_rollout_drift,2,ep00199_t0093_item004817,1,E0,9,enemy,6,dynamic_6,0.0,-0.007686614990234375,0.007686614990234375,0.0,0.0,-0.007686614990234375
late_rollout_drift,2,ep00199_t0093_item004817,1,E0,9,enemy,7,dynamic_7,0.0,0.0083160400390625,0.0083160400390625,0.0,0.0,0.0083160400390625
late_rollout_drift,2,ep00199_t0093_item004817,1,E0,9,enemy,8,dynamic_8,1.0,1.0263671875,0.0263671875,1.0,0.0,0.0263671875
late_rollout_drift,2,ep00199_t0093_item004817,1,E0,9,enemy,9,dynamic_9,0.0,0.0006589889526367188,0.0006589889526367188,0.0,0.0,0.0006589889526367188
late_rollout_drift,2,ep00199_t0093_item004817,1,E0,9,enemy,10,dynamic_10,0.0,0.01546478271484375,0.01546478271484375,0.0,0.0,0.01546478271484375
late_rollout_drift,2,ep00199_t0093_item004817,1,E0,9,enemy,11,dynamic_11,0.0,-0.00946807861328125,0.00946807861328125,0.0,0.0,-0.00946807861328125
late_rollout_drift,2,ep00199_t0093_item004817,1,E3,12,enemy,0,hp,1.0,0.93310546875,0.06689453125,1.0,0.0,-0.06689453125
late_rollout_drift,2,ep00199_t0093_item004817,1,E3,12,enemy,1,dx,-0.35378125309944153,-0.3310546875,0.02272656559944153,-0.35378125309944153,0.0,0.02272656559944153
late_rollout_drift,2,ep00199_t0093_item004817,1,E3,12,enemy,2,dy,0.15850001573562622,0.1527099609375,0.005790054798126221,0.15850001573562622,0.0,-0.005790054798126221
late_rollout_drift,2,ep00199_t0093_item004817,1,E3,12,enemy,3,dynamic_3,0.0,-0.006221771240234375,0.006221771240234375,0.0,0.0,-0.006221771240234375
late_rollout_drift,2,ep00199_t0093_item004817,1,E3,12,enemy,4,dynamic_4,0.0,-0.0021762847900390625,0.0021762847900390625,0.0,0.0,-0.0021762847900390625
late_rollout_drift,2,ep00199_t0093_item004817,1,E3,12,enemy,5,dynamic_5,0.0,0.018829345703125,0.018829345703125,0.0,0.0,0.018829345703125
late_rollout_drift,2,ep00199_t0093_item004817,1,E3,12,enemy,6,dynamic_6,0.0,-0.012939453125,0.012939453125,0.0,0.0,-0.012939453125
late_rollout_drift,2,ep00199_t0093_item004817,1,E3,12,enemy,7,dynamic_7,0.0,0.005825042724609375,0.005825042724609375,0.0,0.0,0.005825042724609375
late_rollout_drift,2,ep00199_t0093_item004817,1,E3,12,enemy,8,dynamic_8,1.0,0.95068359375,0.04931640625,1.0,0.0,-0.04931640625
late_rollout_drift,2,ep00199_t0093_item004817,1,E3,12,enemy,9,dynamic_9,0.0,0.0009794235229492188,0.0009794235229492188,0.0,0.0,0.0009794235229492188
late_rollout_drift,2,ep00199_t0093_item004817,1,E3,12,enemy,10,dynamic_10,0.0,0.018096923828125,0.018096923828125,0.0,0.0,0.018096923828125
late_rollout_drift,2,ep00199_t0093_item004817,1,E3,12,enemy,11,dynamic_11,0.0,0.00592803955078125,0.00592803955078125,0.0,0.0,0.00592803955078125
late_rollout_drift,2,ep00199_t0093_item004817,5,A0,0,ally,0,hp,0.8080000281333923,0.72509765625,0.08290237188339233,0.8080000281333923,0.0,-0.08290237188339233
late_rollout_drift,2,ep00199_t0093_item004817,5,A0,0,ally,1,cooldown_or_energy,0.0,-0.0193939208984375,0.0193939208984375,0.0,0.0,-0.0193939208984375
late_rollout_drift,2,ep00199_t0093_item004817,5,A0,0,ally,2,dx,-0.37490642070770264,-0.37109375,0.0038126707077026367,-0.37490642070770264,0.0,0.0038126707077026367
late_rollout_drift,2,ep00199_t0093_item004817,5,A0,0,ally,3,dy,-0.1781700849533081,-0.2147216796875,0.036551594734191895,-0.18649828433990479,0.00832819938659668,-0.028223395347595215
late_rollout_drift,2,ep00199_t0093_item004817,5,A0,0,ally,4,shield,0.0,-0.0699462890625,0.0699462890625,0.0,0.0,-0.0699462890625
late_rollout_drift,2,ep00199_t0093_item004817,5,A0,0,ally,5,dynamic_5,0.0,-0.002712249755859375,0.002712249755859375,0.0,0.0,-0.002712249755859375
late_rollout_drift,2,ep00199_t0093_item004817,5,A0,0,ally,6,dynamic_6,1.0,0.97900390625,0.02099609375,1.0,0.0,-0.02099609375
late_rollout_drift,2,ep00199_t0093_item004817,5,A0,0,ally,7,dynamic_7,0.0,0.034423828125,0.034423828125,0.0,0.0,0.034423828125
late_rollout_drift,2,ep00199_t0093_item004817,5,A0,0,ally,8,dynamic_8,0.0,0.003513336181640625,0.003513336181640625,0.0,0.0,0.003513336181640625
late_rollout_drift,2,ep00199_t0093_item004817,5,A0,0,ally,9,dynamic_9,0.0,0.00016105175018310547,0.00016105175018310547,0.0,0.0,0.00016105175018310547
late_rollout_drift,2,ep00199_t0093_item004817,5,A0,0,ally,10,dynamic_10,0.0,-0.0294342041015625,0.0294342041015625,0.0,0.0,-0.0294342041015625
late_rollout_drift,2,ep00199_t0093_item004817,5,A0,0,ally,11,dynamic_11,0.0,-0.0166473388671875,0.0166473388671875,0.0,0.0,-0.0166473388671875
late_rollout_drift,2,ep00199_t0093_item004817,5,A0,0,ally,12,dynamic_12,0.0,0.00624847412109375,0.00624847412109375,0.0,0.0,0.00624847412109375
late_rollout_drift,2,ep00199_t0093_item004817,5,A1,1,ally,0,hp,0.5360000133514404,0.82763671875,0.29163670539855957,1.0,-0.46399998664855957,-0.17236328125
late_rollout_drift,2,ep00199_t0093_item004817,5,A1,1,ally,1,cooldown_or_energy,0.0,-0.04931640625,0.04931640625,0.0,0.0,-0.04931640625
late_rollout_drift,2,ep00199_t0093_item004817,5,A1,1,ally,2,dx,-0.28598886728286743,-0.27001953125,0.01596933603286743,-0.39716416597366333,0.1111752986907959,0.12714463472366333
late_rollout_drift,2,ep00199_t0093_item004817,5,A1,1,ally,3,dy,-0.05418995022773743,-0.1427001953125,0.08851024508476257,-0.17562633752822876,0.12143638730049133,0.03292614221572876
late_rollout_drift,2,ep00199_t0093_item004817,5,A1,1,ally,4,shield,0.0,-0.03521728515625,0.03521728515625,0.0,0.0,-0.03521728515625
late_rollout_drift,2,ep00199_t0093_item004817,5,A1,1,ally,5,dynamic_5,0.0,-0.00039649009704589844,0.00039649009704589844,0.0,0.0,-0.00039649009704589844
late_rollout_drift,2,ep00199_t0093_item004817,5,A1,1,ally,6,dynamic_6,1.0,0.97607421875,0.02392578125,1.0,0.0,-0.02392578125
late_rollout_drift,2,ep00199_t0093_item004817,5,A1,1,ally,7,dynamic_7,0.0,0.045745849609375,0.045745849609375,0.0,0.0,0.045745849609375
late_rollout_drift,2,ep00199_t0093_item004817,5,A1,1,ally,8,dynamic_8,0.0,-0.031646728515625,0.031646728515625,0.0,0.0,-0.031646728515625
late_rollout_drift,2,ep00199_t0093_item004817,5,A1,1,ally,9,dynamic_9,0.0,0.001007080078125,0.001007080078125,0.0,0.0,0.001007080078125
late_rollout_drift,2,ep00199_t0093_item004817,5,A1,1,ally,10,dynamic_10,0.0,-0.0011415481567382812,0.0011415481567382812,0.0,0.0,-0.0011415481567382812
late_rollout_drift,2,ep00199_t0093_item004817,5,A1,1,ally,11,dynamic_11,0.0,0.024139404296875,0.024139404296875,0.0,0.0,0.024139404296875
late_rollout_drift,2,ep00199_t0093_item004817,5,A1,1,ally,12,dynamic_12,0.0,-0.0012407302856445312,0.0012407302856445312,0.0,0.0,-0.0012407302856445312
late_rollout_drift,2,ep00199_t0093_item004817,5,E0,9,enemy,0,hp,1.0,0.98193359375,0.01806640625,1.0,0.0,-0.01806640625
late_rollout_drift,2,ep00199_t0093_item004817,5,E0,9,enemy,1,dx,-0.191281259059906,-0.2509765625,0.059695303440093994,-0.191281259059906,0.0,-0.059695303440093994
late_rollout_drift,2,ep00199_t0093_item004817,5,E0,9,enemy,2,dy,0.17021876573562622,0.1798095703125,0.00959080457687378,0.17021876573562622,0.0,0.00959080457687378
late_rollout_drift,2,ep00199_t0093_item004817,5,E0,9,enemy,3,dynamic_3,0.0,-0.0299835205078125,0.0299835205078125,0.0,0.0,-0.0299835205078125
late_rollout_drift,2,ep00199_t0093_item004817,5,E0,9,enemy,4,dynamic_4,0.0,-0.00133514404296875,0.00133514404296875,0.0,0.0,-0.00133514404296875
late_rollout_drift,2,ep00199_t0093_item004817,5,E0,9,enemy,5,dynamic_5,0.0,-0.01406097412109375,0.01406097412109375,0.0,0.0,-0.01406097412109375
late_rollout_drift,2,ep00199_t0093_item004817,5,E0,9,enemy,6,dynamic_6,0.0,-0.00801849365234375,0.00801849365234375,0.0,0.0,-0.00801849365234375
late_rollout_drift,2,ep00199_t0093_item004817,5,E0,9,enemy,7,dynamic_7,0.0,0.007297515869140625,0.007297515869140625,0.0,0.0,0.007297515869140625
late_rollout_drift,2,ep00199_t0093_item004817,5,E0,9,enemy,8,dynamic_8,1.0,1.01953125,0.01953125,1.0,0.0,0.01953125
late_rollout_drift,2,ep00199_t0093_item004817,5,E0,9,enemy,9,dynamic_9,0.0,0.0007100105285644531,0.0007100105285644531,0.0,0.0,0.0007100105285644531
late_rollout_drift,2,ep00199_t0093_item004817,5,E0,9,enemy,10,dynamic_10,0.0,0.01015472412109375,0.01015472412109375,0.0,0.0,0.01015472412109375
late_rollout_drift,2,ep00199_t0093_item004817,5,E0,9,enemy,11,dynamic_11,0.0,0.0011043548583984375,0.0011043548583984375,0.0,0.0,0.0011043548583984375
late_rollout_drift,2,ep00199_t0093_item004817,5,E3,12,enemy,0,hp,1.0,0.9404296875,0.0595703125,1.0,0.0,-0.0595703125
late_rollout_drift,2,ep00199_t0093_item004817,5,E3,12,enemy,1,dx,-0.35378125309944153,-0.261962890625,0.09181836247444153,-0.35378125309944153,0.0,0.09181836247444153
late_rollout_drift,2,ep00199_t0093_item004817,5,E3,12,enemy,2,dy,0.15850001573562622,0.1400146484375,0.01848536729812622,0.15850001573562622,0.0,-0.01848536729812622
late_rollout_drift,2,ep00199_t0093_item004817,5,E3,12,enemy,3,dynamic_3,0.0,-0.02166748046875,0.02166748046875,0.0,0.0,-0.02166748046875
late_rollout_drift,2,ep00199_t0093_item004817,5,E3,12,enemy,4,dynamic_4,0.0,-0.01258087158203125,0.01258087158203125,0.0,0.0,-0.01258087158203125
late_rollout_drift,2,ep00199_t0093_item004817,5,E3,12,enemy,5,dynamic_5,0.0,0.004070281982421875,0.004070281982421875,0.0,0.0,0.004070281982421875
late_rollout_drift,2,ep00199_t0093_item004817,5,E3,12,enemy,6,dynamic_6,0.0,-0.00690460205078125,0.00690460205078125,0.0,0.0,-0.00690460205078125
late_rollout_drift,2,ep00199_t0093_item004817,5,E3,12,enemy,7,dynamic_7,0.0,0.007144927978515625,0.007144927978515625,0.0,0.0,0.007144927978515625
late_rollout_drift,2,ep00199_t0093_item004817,5,E3,12,enemy,8,dynamic_8,1.0,0.95263671875,0.04736328125,1.0,0.0,-0.04736328125
late_rollout_drift,2,ep00199_t0093_item004817,5,E3,12,enemy,9,dynamic_9,0.0,0.0008597373962402344,0.0008597373962402344,0.0,0.0,0.0008597373962402344
late_rollout_drift,2,ep00199_t0093_item004817,5,E3,12,enemy,10,dynamic_10,0.0,0.005184173583984375,0.005184173583984375,0.0,0.0,0.005184173583984375
late_rollout_drift,2,ep00199_t0093_item004817,5,E3,12,enemy,11,dynamic_11,0.0,0.0256805419921875,0.0256805419921875,0.0,0.0,0.0256805419921875
late_rollout_drift,2,ep00199_t0093_item004817,15,A0,0,ally,0,hp,0.8080000281333923,0.6025390625,0.20546096563339233,0.8080000281333923,0.0,-0.20546096563339233
late_rollout_drift,2,ep00199_t0093_item004817,15,A0,0,ally,1,cooldown_or_energy,0.0,0.005199432373046875,0.005199432373046875,0.0,0.0,0.005199432373046875
late_rollout_drift,2,ep00199_t0093_item004817,15,A0,0,ally,2,dx,-0.3256876468658447,-0.375244140625,0.04955649375915527,-0.37490642070770264,0.04921877384185791,-0.0003377199172973633
late_rollout_drift,2,ep00199_t0093_item004817,15,A0,0,ally,3,dy,-0.14582723379135132,-0.1612548828125,0.015427649021148682,-0.18649828433990479,0.04067105054855347,0.025243401527404785
late_rollout_drift,2,ep00199_t0093_item004817,15,A0,0,ally,4,shield,0.0,-0.07183837890625,0.07183837890625,0.0,0.0,-0.07183837890625
late_rollout_drift,2,ep00199_t0093_item004817,15,A0,0,ally,5,dynamic_5,0.0,-0.0022449493408203125,0.0022449493408203125,0.0,0.0,-0.0022449493408203125
late_rollout_drift,2,ep00199_t0093_item004817,15,A0,0,ally,6,dynamic_6,1.0,0.95458984375,0.04541015625,1.0,0.0,-0.04541015625
late_rollout_drift,2,ep00199_t0093_item004817,15,A0,0,ally,7,dynamic_7,0.0,0.053314208984375,0.053314208984375,0.0,0.0,0.053314208984375
late_rollout_drift,2,ep00199_t0093_item004817,15,A0,0,ally,8,dynamic_8,0.0,0.007808685302734375,0.007808685302734375,0.0,0.0,0.007808685302734375
late_rollout_drift,2,ep00199_t0093_item004817,15,A0,0,ally,9,dynamic_9,0.0,-5.125999450683594e-05,5.125999450683594e-05,0.0,0.0,-5.125999450683594e-05
late_rollout_drift,2,ep00199_t0093_item004817,15,A0,0,ally,10,dynamic_10,0.0,-0.016510009765625,0.016510009765625,0.0,0.0,-0.016510009765625
late_rollout_drift,2,ep00199_t0093_item004817,15,A0,0,ally,11,dynamic_11,0.0,-0.032135009765625,0.032135009765625,0.0,0.0,-0.032135009765625
late_rollout_drift,2,ep00199_t0093_item004817,15,A0,0,ally,12,dynamic_12,0.0,-0.004833221435546875,0.004833221435546875,0.0,0.0,-0.004833221435546875
late_rollout_drift,2,ep00199_t0093_item004817,15,A1,1,ally,0,hp,0.07199999690055847,0.7705078125,0.6985078155994415,1.0,-0.9280000030994415,-0.2294921875
late_rollout_drift,2,ep00199_t0093_item004817,15,A1,1,ally,1,cooldown_or_energy,0.0,-0.0693359375,0.0693359375,0.0,0.0,-0.0693359375
late_rollout_drift,2,ep00199_t0093_item004817,15,A1,1,ally,2,dx,-0.43364518880844116,-0.32080078125,0.11284440755844116,-0.39716416597366333,-0.03648102283477783,0.07636338472366333
late_rollout_drift,2,ep00199_t0093_item004817,15,A1,1,ally,3,dy,-0.004971295595169067,-0.1392822265625,0.13431093096733093,-0.17562633752822876,0.1706550419330597,0.03634411096572876
late_rollout_drift,2,ep00199_t0093_item004817,15,A1,1,ally,4,shield,0.0,-0.04901123046875,0.04901123046875,0.0,0.0,-0.04901123046875
late_rollout_drift,2,ep00199_t0093_item004817,15,A1,1,ally,5,dynamic_5,0.0,-0.0029582977294921875,0.0029582977294921875,0.0,0.0,-0.0029582977294921875
late_rollout_drift,2,ep00199_t0093_item004817,15,A1,1,ally,6,dynamic_6,1.0,0.95263671875,0.04736328125,1.0,0.0,-0.04736328125
late_rollout_drift,2,ep00199_t0093_item004817,15,A1,1,ally,7,dynamic_7,0.0,0.090576171875,0.090576171875,0.0,0.0,0.090576171875
late_rollout_drift,2,ep00199_t0093_item004817,15,A1,1,ally,8,dynamic_8,0.0,-0.02703857421875,0.02703857421875,0.0,0.0,-0.02703857421875
late_rollout_drift,2,ep00199_t0093_item004817,15,A1,1,ally,9,dynamic_9,0.0,0.0007014274597167969,0.0007014274597167969,0.0,0.0,0.0007014274597167969
late_rollout_drift,2,ep00199_t0093_item004817,15,A1,1,ally,10,dynamic_10,0.0,-0.01340484619140625,0.01340484619140625,0.0,0.0,-0.01340484619140625
late_rollout_drift,2,ep00199_t0093_item004817,15,A1,1,ally,11,dynamic_11,0.0,0.0187225341796875,0.0187225341796875,0.0,0.0,0.0187225341796875
late_rollout_drift,2,ep00199_t0093_item004817,15,A1,1,ally,12,dynamic_12,0.0,-0.01397705078125,0.01397705078125,0.0,0.0,-0.01397705078125
late_rollout_drift,2,ep00199_t0093_item004817,15,E0,9,enemy,0,hp,1.0,0.9814453125,0.0185546875,1.0,0.0,-0.0185546875
late_rollout_drift,2,ep00199_t0093_item004817,15,E0,9,enemy,1,dx,-0.191281259059906,-0.249267578125,0.057986319065093994,-0.191281259059906,0.0,-0.057986319065093994
late_rollout_drift,2,ep00199_t0093_item004817,15,E0,9,enemy,2,dy,0.17021876573562622,0.1796875,0.00946873426437378,0.17021876573562622,0.0,0.00946873426437378
late_rollout_drift,2,ep00199_t0093_item004817,15,E0,9,enemy,3,dynamic_3,0.0,-0.027557373046875,0.027557373046875,0.0,0.0,-0.027557373046875
late_rollout_drift,2,ep00199_t0093_item004817,15,E0,9,enemy,4,dynamic_4,0.0,-0.0010347366333007812,0.0010347366333007812,0.0,0.0,-0.0010347366333007812
late_rollout_drift,2,ep00199_t0093_item004817,15,E0,9,enemy,5,dynamic_5,0.0,-0.016693115234375,0.016693115234375,0.0,0.0,-0.016693115234375
late_rollout_drift,2,ep00199_t0093_item004817,15,E0,9,enemy,6,dynamic_6,0.0,-0.007568359375,0.007568359375,0.0,0.0,-0.007568359375
late_rollout_drift,2,ep00199_t0093_item004817,15,E0,9,enemy,7,dynamic_7,0.0,0.00872802734375,0.00872802734375,0.0,0.0,0.00872802734375
late_rollout_drift,2,ep00199_t0093_item004817,15,E0,9,enemy,8,dynamic_8,1.0,1.015625,0.015625,1.0,0.0,0.015625
late_rollout_drift,2,ep00199_t0093_item004817,15,E0,9,enemy,9,dynamic_9,0.0,0.0007166862487792969,0.0007166862487792969,0.0,0.0,0.0007166862487792969
late_rollout_drift,2,ep00199_t0093_item004817,15,E0,9,enemy,10,dynamic_10,0.0,0.009552001953125,0.009552001953125,0.0,0.0,0.009552001953125
late_rollout_drift,2,ep00199_t0093_item004817,15,E0,9,enemy,11,dynamic_11,0.0,0.0033512115478515625,0.0033512115478515625,0.0,0.0,0.0033512115478515625
late_rollout_drift,2,ep00199_t0093_item004817,15,E3,12,enemy,0,hp,1.0,0.923828125,0.076171875,1.0,0.0,-0.076171875
late_rollout_drift,2,ep00199_t0093_item004817,15,E3,12,enemy,1,dx,-0.35378125309944153,-0.262939453125,0.09084179997444153,-0.35378125309944153,0.0,0.09084179997444153
late_rollout_drift,2,ep00199_t0093_item004817,15,E3,12,enemy,2,dy,0.15850001573562622,0.140869140625,0.01763087511062622,0.15850001573562622,0.0,-0.01763087511062622
late_rollout_drift,2,ep00199_t0093_item004817,15,E3,12,enemy,3,dynamic_3,0.0,-0.0163421630859375,0.0163421630859375,0.0,0.0,-0.0163421630859375
late_rollout_drift,2,ep00199_t0093_item004817,15,E3,12,enemy,4,dynamic_4,0.0,-0.01009368896484375,0.01009368896484375,0.0,0.0,-0.01009368896484375
late_rollout_drift,2,ep00199_t0093_item004817,15,E3,12,enemy,5,dynamic_5,0.0,0.0005822181701660156,0.0005822181701660156,0.0,0.0,0.0005822181701660156
late_rollout_drift,2,ep00199_t0093_item004817,15,E3,12,enemy,6,dynamic_6,0.0,-0.004032135009765625,0.004032135009765625,0.0,0.0,-0.004032135009765625
late_rollout_drift,2,ep00199_t0093_item004817,15,E3,12,enemy,7,dynamic_7,0.0,0.004222869873046875,0.004222869873046875,0.0,0.0,0.004222869873046875
late_rollout_drift,2,ep00199_t0093_item004817,15,E3,12,enemy,8,dynamic_8,1.0,0.95166015625,0.04833984375,1.0,0.0,-0.04833984375
late_rollout_drift,2,ep00199_t0093_item004817,15,E3,12,enemy,9,dynamic_9,0.0,0.0008549690246582031,0.0008549690246582031,0.0,0.0,0.0008549690246582031
late_rollout_drift,2,ep00199_t0093_item004817,15,E3,12,enemy,10,dynamic_10,0.0,0.0036640167236328125,0.0036640167236328125,0.0,0.0,0.0036640167236328125
late_rollout_drift,2,ep00199_t0093_item004817,15,E3,12,enemy,11,dynamic_11,0.0,0.0269775390625,0.0269775390625,0.0,0.0,0.0269775390625
position_drift,1,ep00129_t0016_item002409,1,A0,0,ally,0,hp,0.8999999761581421,0.83154296875,0.06845700740814209,0.8999999761581421,0.0,-0.06845700740814209
position_drift,1,ep00129_t0016_item002409,1,A0,0,ally,1,cooldown_or_energy,0.26390624046325684,0.255859375,0.008046865463256836,0.26249998807907104,0.001406252384185791,-0.006640613079071045
position_drift,1,ep00129_t0016_item002409,1,A0,0,ally,2,dx,-0.1396092176437378,-0.1668701171875,0.027260899543762207,-0.1396092176437378,0.0,-0.027260899543762207
position_drift,1,ep00129_t0016_item002409,1,A0,0,ally,3,dy,-0.2302379310131073,-0.198486328125,0.0317516028881073,-0.1755504310131073,-0.0546875,-0.0229358971118927
position_drift,1,ep00129_t0016_item002409,1,A0,0,ally,4,shield,0.0,-0.0018596649169921875,0.0018596649169921875,0.0,0.0,-0.0018596649169921875
position_drift,1,ep00129_t0016_item002409,1,A0,0,ally,5,dynamic_5,0.0,-0.0004017353057861328,0.0004017353057861328,0.0,0.0,-0.0004017353057861328
position_drift,1,ep00129_t0016_item002409,1,A0,0,ally,6,dynamic_6,0.0,-0.007305145263671875,0.007305145263671875,0.0,0.0,-0.007305145263671875
position_drift,1,ep00129_t0016_item002409,1,A0,0,ally,7,dynamic_7,0.0,0.0670166015625,0.0670166015625,0.0,0.0,0.0670166015625
position_drift,1,ep00129_t0016_item002409,1,A0,0,ally,8,dynamic_8,1.0,0.9951171875,0.0048828125,1.0,0.0,-0.0048828125
position_drift,1,ep00129_t0016_item002409,1,A0,0,ally,9,dynamic_9,0.0,0.00038170814514160156,0.00038170814514160156,0.0,0.0,0.00038170814514160156
position_drift,1,ep00129_t0016_item002409,1,A0,0,ally,10,dynamic_10,0.0,-0.0161590576171875,0.0161590576171875,0.0,0.0,-0.0161590576171875
position_drift,1,ep00129_t0016_item002409,1,A0,0,ally,11,dynamic_11,0.0,-0.044342041015625,0.044342041015625,0.0,0.0,-0.044342041015625
position_drift,1,ep00129_t0016_item002409,1,A0,0,ally,12,dynamic_12,0.0,-0.00728607177734375,0.00728607177734375,0.0,0.0,-0.00728607177734375
position_drift,1,ep00129_t0016_item002409,1,A3,3,ally,0,hp,1.0,0.96826171875,0.03173828125,1.0,0.0,-0.03173828125
position_drift,1,ep00129_t0016_item002409,1,A3,3,ally,1,cooldown_or_energy,0.0,0.004985809326171875,0.004985809326171875,0.0,0.0,0.004985809326171875
position_drift,1,ep00129_t0016_item002409,1,A3,3,ally,2,dx,-0.334256112575531,-0.341552734375,0.007296621799468994,-0.3834748864173889,0.04921877384185791,0.041922152042388916
position_drift,1,ep00129_t0016_item002409,1,A3,3,ally,3,dy,0.13429361581802368,0.15625,0.02195638418197632,0.13429361581802368,0.0,0.02195638418197632
position_drift,1,ep00129_t0016_item002409,1,A3,3,ally,4,shield,0.0,-0.0169677734375,0.0169677734375,0.0,0.0,-0.0169677734375
position_drift,1,ep00129_t0016_item002409,1,A3,3,ally,5,dynamic_5,0.0,-0.015228271484375,0.015228271484375,0.0,0.0,-0.015228271484375
position_drift,1,ep00129_t0016_item002409,1,A3,3,ally,6,dynamic_6,0.0,0.01204681396484375,0.01204681396484375,0.0,0.0,0.01204681396484375
position_drift,1,ep00129_t0016_item002409,1,A3,3,ally,7,dynamic_7,1.0,1.0361328125,0.0361328125,1.0,0.0,0.0361328125
position_drift,1,ep00129_t0016_item002409,1,A3,3,ally,8,dynamic_8,0.0,0.028656005859375,0.028656005859375,0.0,0.0,0.028656005859375
position_drift,1,ep00129_t0016_item002409,1,A3,3,ally,9,dynamic_9,0.0,0.0004801750183105469,0.0004801750183105469,0.0,0.0,0.0004801750183105469
position_drift,1,ep00129_t0016_item002409,1,A3,3,ally,10,dynamic_10,0.0,-0.00783538818359375,0.00783538818359375,0.0,0.0,-0.00783538818359375
position_drift,1,ep00129_t0016_item002409,1,A3,3,ally,11,dynamic_11,0.0,0.0162200927734375,0.0162200927734375,0.0,0.0,0.0162200927734375
position_drift,1,ep00129_t0016_item002409,1,A3,3,ally,12,dynamic_12,0.0,-0.035186767578125,0.035186767578125,0.0,0.0,-0.035186767578125
position_drift,1,ep00129_t0016_item002409,1,A5,5,ally,0,hp,0.8080000281333923,0.78515625,0.022843778133392334,0.8080000281333923,0.0,-0.022843778133392334
position_drift,1,ep00129_t0016_item002409,1,A5,5,ally,1,cooldown_or_energy,0.0,0.0291900634765625,0.0291900634765625,0.0,0.0,0.0291900634765625
position_drift,1,ep00129_t0016_item002409,1,A5,5,ally,2,dx,-0.16779157519340515,-0.1611328125,0.006658762693405151,-0.16779157519340515,0.0,0.006658762693405151
position_drift,1,ep00129_t0016_item002409,1,A5,5,ally,3,dy,0.21498709917068481,0.2025146484375,0.012472450733184814,0.21498709917068481,0.0,-0.012472450733184814
position_drift,1,ep00129_t0016_item002409,1,A5,5,ally,4,shield,0.0,0.0186614990234375,0.0186614990234375,0.0,0.0,0.0186614990234375
position_drift,1,ep00129_t0016_item002409,1,A5,5,ally,5,dynamic_5,0.0,0.0191650390625,0.0191650390625,0.0,0.0,0.0191650390625
position_drift,1,ep00129_t0016_item002409,1,A5,5,ally,6,dynamic_6,1.0,0.94970703125,0.05029296875,1.0,0.0,-0.05029296875
position_drift,1,ep00129_t0016_item002409,1,A5,5,ally,7,dynamic_7,0.0,0.0751953125,0.0751953125,0.0,0.0,0.0751953125
position_drift,1,ep00129_t0016_item002409,1,A5,5,ally,8,dynamic_8,0.0,-0.006511688232421875,0.006511688232421875,0.0,0.0,-0.006511688232421875
position_drift,1,ep00129_t0016_item002409,1,A5,5,ally,9,dynamic_9,0.0,0.0016536712646484375,0.0016536712646484375,0.0,0.0,0.0016536712646484375
position_drift,1,ep00129_t0016_item002409,1,A5,5,ally,10,dynamic_10,0.0,-0.0017023086547851562,0.0017023086547851562,0.0,0.0,-0.0017023086547851562
position_drift,1,ep00129_t0016_item002409,1,A5,5,ally,11,dynamic_11,0.0,0.01277923583984375,0.01277923583984375,0.0,0.0,0.01277923583984375
position_drift,1,ep00129_t0016_item002409,1,A5,5,ally,12,dynamic_12,0.0,-0.03936767578125,0.03936767578125,0.0,0.0,-0.03936767578125
position_drift,1,ep00129_t0016_item002409,1,A6,6,ally,0,hp,1.0,0.94140625,0.05859375,1.0,0.0,-0.05859375
position_drift,1,ep00129_t0016_item002409,1,A6,6,ally,1,cooldown_or_energy,0.0,0.0303802490234375,0.0303802490234375,0.0,0.0,0.0303802490234375
position_drift,1,ep00129_t0016_item002409,1,A6,6,ally,2,dx,-0.20663902163505554,-0.2178955078125,0.011256486177444458,-0.15863588452339172,-0.04800313711166382,-0.059259623289108276
position_drift,1,ep00129_t0016_item002409,1,A6,6,ally,3,dy,0.1815558671951294,0.193115234375,0.011559367179870605,0.18094587326049805,0.0006099939346313477,0.012169361114501953
position_drift,1,ep00129_t0016_item002409,1,A6,6,ally,4,shield,0.0,0.037139892578125,0.037139892578125,0.0,0.0,0.037139892578125
position_drift,1,ep00129_t0016_item002409,1,A6,6,ally,5,dynamic_5,0.0,-0.0272979736328125,0.0272979736328125,0.0,0.0,-0.0272979736328125
position_drift,1,ep00129_t0016_item002409,1,A6,6,ally,6,dynamic_6,0.0,-0.04888916015625,0.04888916015625,0.0,0.0,-0.04888916015625
position_drift,1,ep00129_t0016_item002409,1,A6,6,ally,7,dynamic_7,1.0,1.009765625,0.009765625,1.0,0.0,0.009765625
position_drift,1,ep00129_t0016_item002409,1,A6,6,ally,8,dynamic_8,0.0,0.0018444061279296875,0.0018444061279296875,0.0,0.0,0.0018444061279296875
position_drift,1,ep00129_t0016_item002409,1,A6,6,ally,9,dynamic_9,0.0,0.00162506103515625,0.00162506103515625,0.0,0.0,0.00162506103515625
position_drift,1,ep00129_t0016_item002409,1,A6,6,ally,10,dynamic_10,0.0,-0.012298583984375,0.012298583984375,0.0,0.0,-0.012298583984375
position_drift,1,ep00129_t0016_item002409,1,A6,6,ally,11,dynamic_11,0.0,0.0261993408203125,0.0261993408203125,0.0,0.0,0.0261993408203125
position_drift,1,ep00129_t0016_item002409,1,A6,6,ally,12,dynamic_12,0.0,0.038543701171875,0.038543701171875,0.0,0.0,0.038543701171875
position_drift,1,ep00129_t0016_item002409,1,E0,9,enemy,0,hp,1.0,0.96533203125,0.03466796875,1.0,0.0,-0.03466796875
position_drift,1,ep00129_t0016_item002409,1,E0,9,enemy,1,dx,0.022265911102294922,0.05670166015625,0.03443574905395508,0.022265911102294922,0.0,0.03443574905395508
position_drift,1,ep00129_t0016_item002409,1,E0,9,enemy,2,dy,-0.04171910881996155,-0.000659942626953125,0.04105916619300842,-0.04171910881996155,0.0,0.04105916619300842
position_drift,1,ep00129_t0016_item002409,1,E0,9,enemy,3,dynamic_3,0.0,-0.04345703125,0.04345703125,0.0,0.0,-0.04345703125
position_drift,1,ep00129_t0016_item002409,1,E0,9,enemy,4,dynamic_4,0.0,0.002918243408203125,0.002918243408203125,0.0,0.0,0.002918243408203125
position_drift,1,ep00129_t0016_item002409,1,E0,9,enemy,5,dynamic_5,0.0,-0.015289306640625,0.015289306640625,0.0,0.0,-0.015289306640625
position_drift,1,ep00129_t0016_item002409,1,E0,9,enemy,6,dynamic_6,0.0,0.0052032470703125,0.0052032470703125,0.0,0.0,0.0052032470703125
position_drift,1,ep00129_t0016_item002409,1,E0,9,enemy,7,dynamic_7,1.0,0.9306640625,0.0693359375,1.0,0.0,-0.0693359375
position_drift,1,ep00129_t0016_item002409,1,E0,9,enemy,8,dynamic_8,0.0,0.061065673828125,0.061065673828125,0.0,0.0,0.061065673828125
position_drift,1,ep00129_t0016_item002409,1,E0,9,enemy,9,dynamic_9,0.0,-0.0004954338073730469,0.0004954338073730469,0.0,0.0,-0.0004954338073730469
position_drift,1,ep00129_t0016_item002409,1,E0,9,enemy,10,dynamic_10,0.0,0.0198516845703125,0.0198516845703125,0.0,0.0,0.0198516845703125
position_drift,1,ep00129_t0016_item002409,1,E0,9,enemy,11,dynamic_11,0.0,-0.0211029052734375,0.0211029052734375,0.0,0.0,-0.0211029052734375
position_drift,1,ep00129_t0016_item002409,1,E1,10,enemy,0,hp,1.0,0.7890625,0.2109375,1.0,0.0,-0.2109375
position_drift,1,ep00129_t0016_item002409,1,E1,10,enemy,1,dx,-0.08707398176193237,-0.08819580078125,0.001121819019317627,-0.08707398176193237,0.0,-0.001121819019317627
position_drift,1,ep00129_t0016_item002409,1,E1,10,enemy,2,dy,0.016212940216064453,0.01068878173828125,0.005524158477783203,0.016212940216064453,0.0,-0.005524158477783203
position_drift,1,ep00129_t0016_item002409,1,E1,10,enemy,3,dynamic_3,0.0,-0.01824951171875,0.01824951171875,0.0,0.0,-0.01824951171875
position_drift,1,ep00129_t0016_item002409,1,E1,10,enemy,4,dynamic_4,0.0,-0.01082611083984375,0.01082611083984375,0.0,0.0,-0.01082611083984375
position_drift,1,ep00129_t0016_item002409,1,E1,10,enemy,5,dynamic_5,0.0,-0.0134735107421875,0.0134735107421875,0.0,0.0,-0.0134735107421875
position_drift,1,ep00129_t0016_item002409,1,E1,10,enemy,6,dynamic_6,1.0,0.99462890625,0.00537109375,1.0,0.0,-0.00537109375
position_drift,1,ep00129_t0016_item002409,1,E1,10,enemy,7,dynamic_7,0.0,-0.006557464599609375,0.006557464599609375,0.0,0.0,-0.006557464599609375
position_drift,1,ep00129_t0016_item002409,1,E1,10,enemy,8,dynamic_8,0.0,0.004589080810546875,0.004589080810546875,0.0,0.0,0.004589080810546875
position_drift,1,ep00129_t0016_item002409,1,E1,10,enemy,9,dynamic_9,0.0,-0.00021505355834960938,0.00021505355834960938,0.0,0.0,-0.00021505355834960938
position_drift,1,ep00129_t0016_item002409,1,E1,10,enemy,10,dynamic_10,0.0,-0.0023193359375,0.0023193359375,0.0,0.0,-0.0023193359375
position_drift,1,ep00129_t0016_item002409,1,E1,10,enemy,11,dynamic_11,0.0,0.00702667236328125,0.00702667236328125,0.0,0.0,0.00702667236328125
position_drift,1,ep00129_t0016_item002409,1,E2,11,enemy,0,hp,1.0,0.87841796875,0.12158203125,1.0,0.0,-0.12158203125
position_drift,1,ep00129_t0016_item002409,1,E2,11,enemy,1,dx,-0.06293275952339172,-0.10284423828125,0.039911478757858276,-0.06293275952339172,0.0,-0.039911478757858276
position_drift,1,ep00129_t0016_item002409,1,E2,11,enemy,2,dy,0.02088320255279541,0.0168609619140625,0.00402224063873291,0.02088320255279541,0.0,-0.00402224063873291
position_drift,1,ep00129_t0016_item002409,1,E2,11,enemy,3,dynamic_3,0.0,-0.034912109375,0.034912109375,0.0,0.0,-0.034912109375
position_drift,1,ep00129_t0016_item002409,1,E2,11,enemy,4,dynamic_4,0.0,-0.02117919921875,0.02117919921875,0.0,0.0,-0.02117919921875
position_drift,1,ep00129_t0016_item002409,1,E2,11,enemy,5,dynamic_5,0.0,-0.011199951171875,0.011199951171875,0.0,0.0,-0.011199951171875
position_drift,1,ep00129_t0016_item002409,1,E2,11,enemy,6,dynamic_6,1.0,0.9951171875,0.0048828125,1.0,0.0,-0.0048828125
position_drift,1,ep00129_t0016_item002409,1,E2,11,enemy,7,dynamic_7,0.0,-0.00939178466796875,0.00939178466796875,0.0,0.0,-0.00939178466796875
position_drift,1,ep00129_t0016_item002409,1,E2,11,enemy,8,dynamic_8,0.0,0.0229949951171875,0.0229949951171875,0.0,0.0,0.0229949951171875
position_drift,1,ep00129_t0016_item002409,1,E2,11,enemy,9,dynamic_9,0.0,0.00024700164794921875,0.00024700164794921875,0.0,0.0,0.00024700164794921875
position_drift,1,ep00129_t0016_item002409,1,E2,11,enemy,10,dynamic_10,0.0,-0.0037784576416015625,0.0037784576416015625,0.0,0.0,-0.0037784576416015625
position_drift,1,ep00129_t0016_item002409,1,E2,11,enemy,11,dynamic_11,0.0,0.0054931640625,0.0054931640625,0.0,0.0,0.0054931640625
position_drift,1,ep00129_t0016_item002409,1,E3,12,enemy,0,hp,1.0,0.9033203125,0.0966796875,1.0,0.0,-0.0966796875
position_drift,1,ep00129_t0016_item002409,1,E3,12,enemy,1,dx,-0.09913292527198792,-0.120849609375,0.021716684103012085,-0.09913292527198792,0.0,-0.021716684103012085
position_drift,1,ep00129_t0016_item002409,1,E3,12,enemy,2,dy,-0.003938853740692139,-0.020416259765625,0.01647740602493286,-0.003938853740692139,0.0,-0.01647740602493286
position_drift,1,ep00129_t0016_item002409,1,E3,12,enemy,3,dynamic_3,0.0,-0.035369873046875,0.035369873046875,0.0,0.0,-0.035369873046875
position_drift,1,ep00129_t0016_item002409,1,E3,12,enemy,4,dynamic_4,0.0,-0.00940704345703125,0.00940704345703125,0.0,0.0,-0.00940704345703125
position_drift,1,ep00129_t0016_item002409,1,E3,12,enemy,5,dynamic_5,0.0,-0.006465911865234375,0.006465911865234375,0.0,0.0,-0.006465911865234375
position_drift,1,ep00129_t0016_item002409,1,E3,12,enemy,6,dynamic_6,1.0,1.0146484375,0.0146484375,1.0,0.0,0.0146484375
position_drift,1,ep00129_t0016_item002409,1,E3,12,enemy,7,dynamic_7,0.0,-0.01200103759765625,0.01200103759765625,0.0,0.0,-0.01200103759765625
position_drift,1,ep00129_t0016_item002409,1,E3,12,enemy,8,dynamic_8,0.0,-0.01617431640625,0.01617431640625,0.0,0.0,-0.01617431640625
position_drift,1,ep00129_t0016_item002409,1,E3,12,enemy,9,dynamic_9,0.0,-1.3113021850585938e-06,1.3113021850585938e-06,0.0,0.0,-1.3113021850585938e-06
position_drift,1,ep00129_t0016_item002409,1,E3,12,enemy,10,dynamic_10,0.0,-0.00914764404296875,0.00914764404296875,0.0,0.0,-0.00914764404296875
position_drift,1,ep00129_t0016_item002409,1,E3,12,enemy,11,dynamic_11,0.0,-0.01471710205078125,0.01471710205078125,0.0,0.0,-0.01471710205078125
position_drift,1,ep00129_t0016_item002409,1,E4,13,enemy,0,hp,0.8080000281333923,0.82958984375,0.021589815616607666,0.8080000281333923,0.0,0.021589815616607666
position_drift,1,ep00129_t0016_item002409,1,E4,13,enemy,1,dx,0.014360308647155762,-0.002178192138671875,0.016538500785827637,0.014360308647155762,0.0,-0.016538500785827637
position_drift,1,ep00129_t0016_item002409,1,E4,13,enemy,2,dy,0.07605153322219849,0.048828125,0.027223408222198486,0.07605153322219849,0.0,-0.027223408222198486
position_drift,1,ep00129_t0016_item002409,1,E4,13,enemy,3,dynamic_3,0.0,-0.0024623870849609375,0.0024623870849609375,0.0,0.0,-0.0024623870849609375
position_drift,1,ep00129_t0016_item002409,1,E4,13,enemy,4,dynamic_4,0.0,-0.01904296875,0.01904296875,0.0,0.0,-0.01904296875
position_drift,1,ep00129_t0016_item002409,1,E4,13,enemy,5,dynamic_5,1.0,0.99169921875,0.00830078125,1.0,0.0,-0.00830078125
position_drift,1,ep00129_t0016_item002409,1,E4,13,enemy,6,dynamic_6,0.0,0.01922607421875,0.01922607421875,0.0,0.0,0.01922607421875
position_drift,1,ep00129_t0016_item002409,1,E4,13,enemy,7,dynamic_7,0.0,-0.009429931640625,0.009429931640625,0.0,0.0,-0.009429931640625
position_drift,1,ep00129_t0016_item002409,1,E4,13,enemy,8,dynamic_8,0.0,-0.0241851806640625,0.0241851806640625,0.0,0.0,-0.0241851806640625
position_drift,1,ep00129_t0016_item002409,1,E4,13,enemy,9,dynamic_9,0.0,-0.0002529621124267578,0.0002529621124267578,0.0,0.0,-0.0002529621124267578
position_drift,1,ep00129_t0016_item002409,1,E4,13,enemy,10,dynamic_10,0.0,-0.01751708984375,0.01751708984375,0.0,0.0,-0.01751708984375
position_drift,1,ep00129_t0016_item002409,1,E4,13,enemy,11,dynamic_11,0.0,0.056793212890625,0.056793212890625,0.0,0.0,0.056793212890625
position_drift,1,ep00129_t0016_item002409,1,E5,14,enemy,0,hp,0.8479999899864197,0.9091796875,0.06117969751358032,0.8479999899864197,0.0,0.06117969751358032
position_drift,1,ep00129_t0016_item002409,1,E5,14,enemy,1,dx,-0.012390464544296265,-0.0167694091796875,0.004378944635391235,-0.012390464544296265,0.0,-0.004378944635391235
position_drift,1,ep00129_t0016_item002409,1,E5,14,enemy,2,dy,0.05505108833312988,0.063232421875,0.008181333541870117,0.05505108833312988,0.0,0.008181333541870117
position_drift,1,ep00129_t0016_item002409,1,E5,14,enemy,3,dynamic_3,0.0,0.0016584396362304688,0.0016584396362304688,0.0,0.0,0.0016584396362304688
position_drift,1,ep00129_t0016_item002409,1,E5,14,enemy,4,dynamic_4,0.0,0.0009813308715820312,0.0009813308715820312,0.0,0.0,0.0009813308715820312
position_drift,1,ep00129_t0016_item002409,1,E5,14,enemy,5,dynamic_5,1.0,0.98828125,0.01171875,1.0,0.0,-0.01171875
position_drift,1,ep00129_t0016_item002409,1,E5,14,enemy,6,dynamic_6,0.0,-0.0154266357421875,0.0154266357421875,0.0,0.0,-0.0154266357421875
position_drift,1,ep00129_t0016_item002409,1,E5,14,enemy,7,dynamic_7,0.0,-0.0146484375,0.0146484375,0.0,0.0,-0.0146484375
position_drift,1,ep00129_t0016_item002409,1,E5,14,enemy,8,dynamic_8,0.0,-0.01081085205078125,0.01081085205078125,0.0,0.0,-0.01081085205078125
position_drift,1,ep00129_t0016_item002409,1,E5,14,enemy,9,dynamic_9,0.0,-0.00011199712753295898,0.00011199712753295898,0.0,0.0,-0.00011199712753295898
position_drift,1,ep00129_t0016_item002409,1,E5,14,enemy,10,dynamic_10,0.0,0.024993896484375,0.024993896484375,0.0,0.0,0.024993896484375
position_drift,1,ep00129_t0016_item002409,1,E5,14,enemy,11,dynamic_11,0.0,0.005767822265625,0.005767822265625,0.0,0.0,0.005767822265625
position_drift,1,ep00129_t0016_item002409,1,E6,15,enemy,0,hp,1.0,0.9228515625,0.0771484375,1.0,0.0,-0.0771484375
position_drift,1,ep00129_t0016_item002409,1,E6,15,enemy,1,dx,-0.03481578826904297,-0.07806396484375,0.04324817657470703,-0.03481578826904297,0.0,-0.04324817657470703
position_drift,1,ep00129_t0016_item002409,1,E6,15,enemy,2,dy,0.03476536273956299,0.0355224609375,0.0007570981979370117,0.03476536273956299,0.0,0.0007570981979370117
position_drift,1,ep00129_t0016_item002409,1,E6,15,enemy,3,dynamic_3,0.0,0.00801849365234375,0.00801849365234375,0.0,0.0,0.00801849365234375
position_drift,1,ep00129_t0016_item002409,1,E6,15,enemy,4,dynamic_4,0.0,-0.01715087890625,0.01715087890625,0.0,0.0,-0.01715087890625
position_drift,1,ep00129_t0016_item002409,1,E6,15,enemy,5,dynamic_5,0.0,-0.0166778564453125,0.0166778564453125,0.0,0.0,-0.0166778564453125
position_drift,1,ep00129_t0016_item002409,1,E6,15,enemy,6,dynamic_6,1.0,0.9658203125,0.0341796875,1.0,0.0,-0.0341796875
position_drift,1,ep00129_t0016_item002409,1,E6,15,enemy,7,dynamic_7,0.0,0.00946044921875,0.00946044921875,0.0,0.0,0.00946044921875
position_drift,1,ep00129_t0016_item002409,1,E6,15,enemy,8,dynamic_8,0.0,-0.0176544189453125,0.0176544189453125,0.0,0.0,-0.0176544189453125
position_drift,1,ep00129_t0016_item002409,1,E6,15,enemy,9,dynamic_9,0.0,0.00045037269592285156,0.00045037269592285156,0.0,0.0,0.00045037269592285156
position_drift,1,ep00129_t0016_item002409,1,E6,15,enemy,10,dynamic_10,0.0,-0.00682830810546875,0.00682830810546875,0.0,0.0,-0.00682830810546875
position_drift,1,ep00129_t0016_item002409,1,E6,15,enemy,11,dynamic_11,0.0,0.0109405517578125,0.0109405517578125,0.0,0.0,0.0109405517578125
position_drift,1,ep00129_t0016_item002409,5,A0,0,ally,0,hp,0.8999999761581421,0.7998046875,0.10019528865814209,0.8999999761581421,0.0,-0.10019528865814209
position_drift,1,ep00129_t0016_item002409,5,A0,0,ally,1,cooldown_or_energy,0.26953125,0.262939453125,0.006591796875,0.26249998807907104,0.007031261920928955,0.0004394650459289551
position_drift,1,ep00129_t0016_item002409,5,A0,0,ally,2,dx,-0.1396092176437378,-0.160888671875,0.021279454231262207,-0.1396092176437378,0.0,-0.021279454231262207
position_drift,1,ep00129_t0016_item002409,5,A0,0,ally,3,dy,-0.2302379310131073,-0.2066650390625,0.0235728919506073,-0.1755504310131073,-0.0546875,-0.0311146080493927
position_drift,1,ep00129_t0016_item002409,5,A0,0,ally,4,shield,0.0,-0.0084991455078125,0.0084991455078125,0.0,0.0,-0.0084991455078125
position_drift,1,ep00129_t0016_item002409,5,A0,0,ally,5,dynamic_5,0.0,-9.870529174804688e-05,9.870529174804688e-05,0.0,0.0,-9.870529174804688e-05
position_drift,1,ep00129_t0016_item002409,5,A0,0,ally,6,dynamic_6,0.0,-0.01546478271484375,0.01546478271484375,0.0,0.0,-0.01546478271484375
position_drift,1,ep00129_t0016_item002409,5,A0,0,ally,7,dynamic_7,0.0,0.08929443359375,0.08929443359375,0.0,0.0,0.08929443359375
position_drift,1,ep00129_t0016_item002409,5,A0,0,ally,8,dynamic_8,1.0,0.97021484375,0.02978515625,1.0,0.0,-0.02978515625
position_drift,1,ep00129_t0016_item002409,5,A0,0,ally,9,dynamic_9,0.0,0.0004391670227050781,0.0004391670227050781,0.0,0.0,0.0004391670227050781
position_drift,1,ep00129_t0016_item002409,5,A0,0,ally,10,dynamic_10,0.0,-0.0195159912109375,0.0195159912109375,0.0,0.0,-0.0195159912109375
position_drift,1,ep00129_t0016_item002409,5,A0,0,ally,11,dynamic_11,0.0,-0.03802490234375,0.03802490234375,0.0,0.0,-0.03802490234375
position_drift,1,ep00129_t0016_item002409,5,A0,0,ally,12,dynamic_12,0.0,0.01079559326171875,0.01079559326171875,0.0,0.0,0.01079559326171875
position_drift,1,ep00129_t0016_item002409,5,A3,3,ally,0,hp,1.0,0.921875,0.078125,1.0,0.0,-0.078125
position_drift,1,ep00129_t0016_item002409,5,A3,3,ally,1,cooldown_or_energy,0.0,-0.0282135009765625,0.0282135009765625,0.0,0.0,-0.0282135009765625
position_drift,1,ep00129_t0016_item002409,5,A3,3,ally,2,dx,-0.3834748864173889,-0.3916015625,0.008126676082611084,-0.3834748864173889,0.0,-0.008126676082611084
position_drift,1,ep00129_t0016_item002409,5,A3,3,ally,3,dy,0.13429361581802368,0.09649658203125,0.03779703378677368,0.13429361581802368,0.0,-0.03779703378677368
position_drift,1,ep00129_t0016_item002409,5,A3,3,ally,4,shield,0.0,-0.02337646484375,0.02337646484375,0.0,0.0,-0.02337646484375
position_drift,1,ep00129_t0016_item002409,5,A3,3,ally,5,dynamic_5,0.0,-0.02276611328125,0.02276611328125,0.0,0.0,-0.02276611328125
position_drift,1,ep00129_t0016_item002409,5,A3,3,ally,6,dynamic_6,0.0,0.0014553070068359375,0.0014553070068359375,0.0,0.0,0.0014553070068359375
position_drift,1,ep00129_t0016_item002409,5,A3,3,ally,7,dynamic_7,1.0,1.0517578125,0.0517578125,1.0,0.0,0.0517578125
position_drift,1,ep00129_t0016_item002409,5,A3,3,ally,8,dynamic_8,0.0,0.03253173828125,0.03253173828125,0.0,0.0,0.03253173828125
position_drift,1,ep00129_t0016_item002409,5,A3,3,ally,9,dynamic_9,0.0,0.00047588348388671875,0.00047588348388671875,0.0,0.0,0.00047588348388671875
position_drift,1,ep00129_t0016_item002409,5,A3,3,ally,10,dynamic_10,0.0,-0.014251708984375,0.014251708984375,0.0,0.0,-0.014251708984375
position_drift,1,ep00129_t0016_item002409,5,A3,3,ally,11,dynamic_11,0.0,0.0482177734375,0.0482177734375,0.0,0.0,0.0482177734375
position_drift,1,ep00129_t0016_item002409,5,A3,3,ally,12,dynamic_12,0.0,-0.0216064453125,0.0216064453125,0.0,0.0,-0.0216064453125
position_drift,1,ep00129_t0016_item002409,5,A5,5,ally,0,hp,0.4959999918937683,0.7353515625,0.2393515706062317,0.8080000281333923,-0.312000036239624,-0.07264846563339233
position_drift,1,ep00129_t0016_item002409,5,A5,5,ally,1,cooldown_or_energy,0.59112149477005,0.356201171875,0.23492032289505005,0.0,0.59112149477005,0.356201171875
position_drift,1,ep00129_t0016_item002409,5,A5,5,ally,2,dx,-0.1281842291355133,-0.12261962890625,0.005564600229263306,-0.16779157519340515,0.039607346057891846,0.04517194628715515
position_drift,1,ep00129_t0016_item002409,5,A5,5,ally,3,dy,0.23007607460021973,0.22119140625,0.008884668350219727,0.21498709917068481,0.015088975429534912,0.0062043070793151855
position_drift,1,ep00129_t0016_item002409,5,A5,5,ally,4,shield,0.0,0.0025768280029296875,0.0025768280029296875,0.0,0.0,0.0025768280029296875
position_drift,1,ep00129_t0016_item002409,5,A5,5,ally,5,dynamic_5,0.0,0.0352783203125,0.0352783203125,0.0,0.0,0.0352783203125
position_drift,1,ep00129_t0016_item002409,5,A5,5,ally,6,dynamic_6,1.0,0.9375,0.0625,1.0,0.0,-0.0625
position_drift,1,ep00129_t0016_item002409,5,A5,5,ally,7,dynamic_7,0.0,0.061187744140625,0.061187744140625,0.0,0.0,0.061187744140625
position_drift,1,ep00129_t0016_item002409,5,A5,5,ally,8,dynamic_8,0.0,-0.0005121231079101562,0.0005121231079101562,0.0,0.0,-0.0005121231079101562
position_drift,1,ep00129_t0016_item002409,5,A5,5,ally,9,dynamic_9,0.0,0.0015649795532226562,0.0015649795532226562,0.0,0.0,0.0015649795532226562
position_drift,1,ep00129_t0016_item002409,5,A5,5,ally,10,dynamic_10,0.0,0.0125885009765625,0.0125885009765625,0.0,0.0,0.0125885009765625
position_drift,1,ep00129_t0016_item002409,5,A5,5,ally,11,dynamic_11,0.0,-0.00859832763671875,0.00859832763671875,0.0,0.0,-0.00859832763671875
position_drift,1,ep00129_t0016_item002409,5,A5,5,ally,12,dynamic_12,0.0,-0.04193115234375,0.04193115234375,0.0,0.0,-0.04193115234375
position_drift,1,ep00129_t0016_item002409,5,E0,9,enemy,0,hp,1.0,0.97021484375,0.02978515625,1.0,0.0,-0.02978515625
position_drift,1,ep00129_t0016_item002409,5,E0,9,enemy,1,dx,0.022265911102294922,0.0158233642578125,0.006442546844482422,0.022265911102294922,0.0,-0.006442546844482422
position_drift,1,ep00129_t0016_item002409,5,E0,9,enemy,2,dy,-0.04171910881996155,0.004596710205078125,0.04631581902503967,-0.04171910881996155,0.0,0.04631581902503967
position_drift,1,ep00129_t0016_item002409,5,E0,9,enemy,3,dynamic_3,0.0,-0.040130615234375,0.040130615234375,0.0,0.0,-0.040130615234375
position_drift,1,ep00129_t0016_item002409,5,E0,9,enemy,4,dynamic_4,0.0,-0.0008764266967773438,0.0008764266967773438,0.0,0.0,-0.0008764266967773438
position_drift,1,ep00129_t0016_item002409,5,E0,9,enemy,5,dynamic_5,0.0,-0.00630950927734375,0.00630950927734375,0.0,0.0,-0.00630950927734375
position_drift,1,ep00129_t0016_item002409,5,E0,9,enemy,6,dynamic_6,0.0,0.01222991943359375,0.01222991943359375,0.0,0.0,0.01222991943359375
position_drift,1,ep00129_t0016_item002409,5,E0,9,enemy,7,dynamic_7,1.0,0.9306640625,0.0693359375,1.0,0.0,-0.0693359375
position_drift,1,ep00129_t0016_item002409,5,E0,9,enemy,8,dynamic_8,0.0,0.04217529296875,0.04217529296875,0.0,0.0,0.04217529296875
position_drift,1,ep00129_t0016_item002409,5,E0,9,enemy,9,dynamic_9,0.0,-0.0005559921264648438,0.0005559921264648438,0.0,0.0,-0.0005559921264648438
position_drift,1,ep00129_t0016_item002409,5,E0,9,enemy,10,dynamic_10,0.0,0.003215789794921875,0.003215789794921875,0.0,0.0,0.003215789794921875
position_drift,1,ep00129_t0016_item002409,5,E0,9,enemy,11,dynamic_11,0.0,0.0225830078125,0.0225830078125,0.0,0.0,0.0225830078125
position_drift,1,ep00129_t0016_item002409,5,E1,10,enemy,0,hp,1.0,0.9208984375,0.0791015625,1.0,0.0,-0.0791015625
position_drift,1,ep00129_t0016_item002409,5,E1,10,enemy,1,dx,-0.1447189748287201,-0.140869140625,0.0038498342037200928,-0.08707398176193237,-0.05764499306678772,-0.05379515886306763
position_drift,1,ep00129_t0016_item002409,5,E1,10,enemy,2,dy,0.0603102445602417,0.0177459716796875,0.0425642728805542,0.016212940216064453,0.044097304344177246,0.0015330314636230469
position_drift,1,ep00129_t0016_item002409,5,E1,10,enemy,3,dynamic_3,0.0,-0.0131072998046875,0.0131072998046875,0.0,0.0,-0.0131072998046875
position_drift,1,ep00129_t0016_item002409,5,E1,10,enemy,4,dynamic_4,0.0,-0.0118560791015625,0.0118560791015625,0.0,0.0,-0.0118560791015625
position_drift,1,ep00129_t0016_item002409,5,E1,10,enemy,5,dynamic_5,0.0,-0.01081085205078125,0.01081085205078125,0.0,0.0,-0.01081085205078125
position_drift,1,ep00129_t0016_item002409,5,E1,10,enemy,6,dynamic_6,1.0,0.96337890625,0.03662109375,1.0,0.0,-0.03662109375
position_drift,1,ep00129_t0016_item002409,5,E1,10,enemy,7,dynamic_7,0.0,-0.0022678375244140625,0.0022678375244140625,0.0,0.0,-0.0022678375244140625
position_drift,1,ep00129_t0016_item002409,5,E1,10,enemy,8,dynamic_8,0.0,0.00830841064453125,0.00830841064453125,0.0,0.0,0.00830841064453125
position_drift,1,ep00129_t0016_item002409,5,E1,10,enemy,9,dynamic_9,0.0,-0.0002620220184326172,0.0002620220184326172,0.0,0.0,-0.0002620220184326172
position_drift,1,ep00129_t0016_item002409,5,E1,10,enemy,10,dynamic_10,0.0,-0.00899505615234375,0.00899505615234375,0.0,0.0,-0.00899505615234375
position_drift,1,ep00129_t0016_item002409,5,E1,10,enemy,11,dynamic_11,0.0,0.01253509521484375,0.01253509521484375,0.0,0.0,0.01253509521484375
position_drift,1,ep00129_t0016_item002409,5,E2,11,enemy,0,hp,1.0,0.90625,0.09375,1.0,0.0,-0.09375
position_drift,1,ep00129_t0016_item002409,5,E2,11,enemy,1,dx,-0.12143173813819885,-0.1429443359375,0.021512597799301147,-0.06293275952339172,-0.05849897861480713,-0.08001157641410828
position_drift,1,ep00129_t0016_item002409,5,E2,11,enemy,2,dy,0.057610511779785156,0.024688720703125,0.032921791076660156,0.02088320255279541,0.036727309226989746,0.00380551815032959
position_drift,1,ep00129_t0016_item002409,5,E2,11,enemy,3,dynamic_3,0.0,-0.009307861328125,0.009307861328125,0.0,0.0,-0.009307861328125
position_drift,1,ep00129_t0016_item002409,5,E2,11,enemy,4,dynamic_4,0.0,-0.0187530517578125,0.0187530517578125,0.0,0.0,-0.0187530517578125
position_drift,1,ep00129_t0016_item002409,5,E2,11,enemy,5,dynamic_5,0.0,-0.00870513916015625,0.00870513916015625,0.0,0.0,-0.00870513916015625
position_drift,1,ep00129_t0016_item002409,5,E2,11,enemy,6,dynamic_6,1.0,0.97802734375,0.02197265625,1.0,0.0,-0.02197265625
position_drift,1,ep00129_t0016_item002409,5,E2,11,enemy,7,dynamic_7,0.0,-0.01146697998046875,0.01146697998046875,0.0,0.0,-0.01146697998046875
position_drift,1,ep00129_t0016_item002409,5,E2,11,enemy,8,dynamic_8,0.0,0.019744873046875,0.019744873046875,0.0,0.0,0.019744873046875
position_drift,1,ep00129_t0016_item002409,5,E2,11,enemy,9,dynamic_9,0.0,0.00010377168655395508,0.00010377168655395508,0.0,0.0,0.00010377168655395508
position_drift,1,ep00129_t0016_item002409,5,E2,11,enemy,10,dynamic_10,0.0,-0.02410888671875,0.02410888671875,0.0,0.0,-0.02410888671875
position_drift,1,ep00129_t0016_item002409,5,E2,11,enemy,11,dynamic_11,0.0,0.0261688232421875,0.0261688232421875,0.0,0.0,0.0261688232421875
position_drift,1,ep00129_t0016_item002409,5,E3,12,enemy,0,hp,1.0,0.9140625,0.0859375,1.0,0.0,-0.0859375
position_drift,1,ep00129_t0016_item002409,5,E3,12,enemy,1,dx,-0.17085599899291992,-0.126220703125,0.04463529586791992,-0.09913292527198792,-0.071723073720932,-0.027087777853012085
position_drift,1,ep00129_t0016_item002409,5,E3,12,enemy,2,dy,0.05952739715576172,-0.0241546630859375,0.08368206024169922,-0.003938853740692139,0.06346625089645386,-0.02021580934524536
position_drift,1,ep00129_t0016_item002409,5,E3,12,enemy,3,dynamic_3,0.0,-0.0166015625,0.0166015625,0.0,0.0,-0.0166015625
position_drift,1,ep00129_t0016_item002409,5,E3,12,enemy,4,dynamic_4,0.0,-0.018707275390625,0.018707275390625,0.0,0.0,-0.018707275390625
position_drift,1,ep00129_t0016_item002409,5,E3,12,enemy,5,dynamic_5,0.0,-0.0060272216796875,0.0060272216796875,0.0,0.0,-0.0060272216796875
position_drift,1,ep00129_t0016_item002409,5,E3,12,enemy,6,dynamic_6,1.0,1.0107421875,0.0107421875,1.0,0.0,0.0107421875
position_drift,1,ep00129_t0016_item002409,5,E3,12,enemy,7,dynamic_7,0.0,-0.01274871826171875,0.01274871826171875,0.0,0.0,-0.01274871826171875
position_drift,1,ep00129_t0016_item002409,5,E3,12,enemy,8,dynamic_8,0.0,-0.016387939453125,0.016387939453125,0.0,0.0,-0.016387939453125
position_drift,1,ep00129_t0016_item002409,5,E3,12,enemy,9,dynamic_9,0.0,-6.520748138427734e-05,6.520748138427734e-05,0.0,0.0,-6.520748138427734e-05
position_drift,1,ep00129_t0016_item002409,5,E3,12,enemy,10,dynamic_10,0.0,-0.0224761962890625,0.0224761962890625,0.0,0.0,-0.0224761962890625
position_drift,1,ep00129_t0016_item002409,5,E3,12,enemy,11,dynamic_11,0.0,-0.00711822509765625,0.00711822509765625,0.0,0.0,-0.00711822509765625
position_drift,1,ep00129_t0016_item002409,5,E4,13,enemy,0,hp,0.800000011920929,0.72119140625,0.07880860567092896,0.8080000281333923,-0.008000016212463379,-0.08680862188339233
position_drift,1,ep00129_t0016_item002409,5,E4,13,enemy,1,dx,-0.029751330614089966,-0.07171630859375,0.041964977979660034,0.014360308647155762,-0.04411163926124573,-0.08607661724090576
position_drift,1,ep00129_t0016_item002409,5,E4,13,enemy,2,dy,0.1113007664680481,0.020660400390625,0.0906403660774231,0.07605153322219849,0.03524923324584961,-0.055391132831573486
position_drift,1,ep00129_t0016_item002409,5,E4,13,enemy,3,dynamic_3,0.0,-0.00763702392578125,0.00763702392578125,0.0,0.0,-0.00763702392578125
position_drift,1,ep00129_t0016_item002409,5,E4,13,enemy,4,dynamic_4,0.0,-0.021636962890625,0.021636962890625,0.0,0.0,-0.021636962890625
position_drift,1,ep00129_t0016_item002409,5,E4,13,enemy,5,dynamic_5,1.0,0.97509765625,0.02490234375,1.0,0.0,-0.02490234375
position_drift,1,ep00129_t0016_item002409,5,E4,13,enemy,6,dynamic_6,0.0,0.0206451416015625,0.0206451416015625,0.0,0.0,0.0206451416015625
position_drift,1,ep00129_t0016_item002409,5,E4,13,enemy,7,dynamic_7,0.0,-0.006175994873046875,0.006175994873046875,0.0,0.0,-0.006175994873046875
position_drift,1,ep00129_t0016_item002409,5,E4,13,enemy,8,dynamic_8,0.0,-0.0201568603515625,0.0201568603515625,0.0,0.0,-0.0201568603515625
position_drift,1,ep00129_t0016_item002409,5,E4,13,enemy,9,dynamic_9,0.0,-0.00016164779663085938,0.00016164779663085938,0.0,0.0,-0.00016164779663085938
position_drift,1,ep00129_t0016_item002409,5,E4,13,enemy,10,dynamic_10,0.0,0.0006041526794433594,0.0006041526794433594,0.0,0.0,0.0006041526794433594
position_drift,1,ep00129_t0016_item002409,5,E4,13,enemy,11,dynamic_11,0.0,0.036102294921875,0.036102294921875,0.0,0.0,0.036102294921875
position_drift,1,ep00129_t0016_item002409,5,E5,14,enemy,0,hp,0.8080000281333923,0.90576171875,0.09776169061660767,0.8479999899864197,-0.039999961853027344,0.05776172876358032
position_drift,1,ep00129_t0016_item002409,5,E5,14,enemy,1,dx,-0.053772956132888794,-0.046630859375,0.007142096757888794,-0.012390464544296265,-0.04138249158859253,-0.034240394830703735
position_drift,1,ep00129_t0016_item002409,5,E5,14,enemy,2,dy,0.08524024486541748,0.01338958740234375,0.07185065746307373,0.05505108833312988,0.030189156532287598,-0.04166150093078613
position_drift,1,ep00129_t0016_item002409,5,E5,14,enemy,3,dynamic_3,0.0,0.01324462890625,0.01324462890625,0.0,0.0,0.01324462890625
position_drift,1,ep00129_t0016_item002409,5,E5,14,enemy,4,dynamic_4,0.0,-0.002117156982421875,0.002117156982421875,0.0,0.0,-0.002117156982421875
position_drift,1,ep00129_t0016_item002409,5,E5,14,enemy,5,dynamic_5,1.0,0.982421875,0.017578125,1.0,0.0,-0.017578125
position_drift,1,ep00129_t0016_item002409,5,E5,14,enemy,6,dynamic_6,0.0,-0.00861358642578125,0.00861358642578125,0.0,0.0,-0.00861358642578125
position_drift,1,ep00129_t0016_item002409,5,E5,14,enemy,7,dynamic_7,0.0,-0.01206207275390625,0.01206207275390625,0.0,0.0,-0.01206207275390625
position_drift,1,ep00129_t0016_item002409,5,E5,14,enemy,8,dynamic_8,0.0,-0.00856781005859375,0.00856781005859375,0.0,0.0,-0.00856781005859375
position_drift,1,ep00129_t0016_item002409,5,E5,14,enemy,9,dynamic_9,0.0,1.0609626770019531e-05,1.0609626770019531e-05,0.0,0.0,1.0609626770019531e-05
position_drift,1,ep00129_t0016_item002409,5,E5,14,enemy,10,dynamic_10,0.0,0.022430419921875,0.022430419921875,0.0,0.0,0.022430419921875
position_drift,1,ep00129_t0016_item002409,5,E5,14,enemy,11,dynamic_11,0.0,0.01236724853515625,0.01236724853515625,0.0,0.0,0.01236724853515625
position_drift,1,ep00129_t0016_item002409,5,E6,15,enemy,0,hp,1.0,0.94921875,0.05078125,1.0,0.0,-0.05078125
position_drift,1,ep00129_t0016_item002409,5,E6,15,enemy,1,dx,-0.08928170800209045,-0.096923828125,0.007642120122909546,-0.03481578826904297,-0.054465919733047485,-0.06210803985595703
position_drift,1,ep00129_t0016_item002409,5,E6,15,enemy,2,dy,0.0653601884841919,0.03216552734375,0.033194661140441895,0.03476536273956299,0.030594825744628906,-0.0025998353958129883
position_drift,1,ep00129_t0016_item002409,5,E6,15,enemy,3,dynamic_3,0.0,0.006984710693359375,0.006984710693359375,0.0,0.0,0.006984710693359375
position_drift,1,ep00129_t0016_item002409,5,E6,15,enemy,4,dynamic_4,0.0,-0.01373291015625,0.01373291015625,0.0,0.0,-0.01373291015625
position_drift,1,ep00129_t0016_item002409,5,E6,15,enemy,5,dynamic_5,0.0,-0.0187530517578125,0.0187530517578125,0.0,0.0,-0.0187530517578125
position_drift,1,ep00129_t0016_item002409,5,E6,15,enemy,6,dynamic_6,1.0,0.9638671875,0.0361328125,1.0,0.0,-0.0361328125
position_drift,1,ep00129_t0016_item002409,5,E6,15,enemy,7,dynamic_7,0.0,0.010040283203125,0.010040283203125,0.0,0.0,0.010040283203125
position_drift,1,ep00129_t0016_item002409,5,E6,15,enemy,8,dynamic_8,0.0,-0.014801025390625,0.014801025390625,0.0,0.0,-0.014801025390625
position_drift,1,ep00129_t0016_item002409,5,E6,15,enemy,9,dynamic_9,0.0,0.0002186298370361328,0.0002186298370361328,0.0,0.0,0.0002186298370361328
position_drift,1,ep00129_t0016_item002409,5,E6,15,enemy,10,dynamic_10,0.0,-0.00946807861328125,0.00946807861328125,0.0,0.0,-0.00946807861328125
position_drift,1,ep00129_t0016_item002409,5,E6,15,enemy,11,dynamic_11,0.0,0.0184783935546875,0.0184783935546875,0.0,0.0,0.0184783935546875
position_drift,1,ep00129_t0016_item002409,15,A0,0,ally,0,hp,0.8999999761581421,0.6484375,0.2515624761581421,0.8999999761581421,0.0,-0.2515624761581421
position_drift,1,ep00129_t0016_item002409,15,A0,0,ally,1,cooldown_or_energy,0.2835937440395355,0.304443359375,0.020849615335464478,0.26249998807907104,0.021093755960464478,0.041943371295928955
position_drift,1,ep00129_t0016_item002409,15,A0,0,ally,2,dx,-0.08492171764373779,-0.09564208984375,0.010720372200012207,-0.1396092176437378,0.0546875,0.04396712779998779
position_drift,1,ep00129_t0016_item002409,15,A0,0,ally,3,dy,-0.1208629310131073,-0.128662109375,0.0077991783618927,-0.1755504310131073,0.0546875,0.0468883216381073
position_drift,1,ep00129_t0016_item002409,15,A0,0,ally,4,shield,0.0,-0.019683837890625,0.019683837890625,0.0,0.0,-0.019683837890625
position_drift,1,ep00129_t0016_item002409,15,A0,0,ally,5,dynamic_5,0.0,0.01102447509765625,0.01102447509765625,0.0,0.0,0.01102447509765625
position_drift,1,ep00129_t0016_item002409,15,A0,0,ally,6,dynamic_6,0.0,-0.0340576171875,0.0340576171875,0.0,0.0,-0.0340576171875
position_drift,1,ep00129_t0016_item002409,15,A0,0,ally,7,dynamic_7,0.0,0.03350830078125,0.03350830078125,0.0,0.0,0.03350830078125
position_drift,1,ep00129_t0016_item002409,15,A0,0,ally,8,dynamic_8,1.0,1.078125,0.078125,1.0,0.0,0.078125
position_drift,1,ep00129_t0016_item002409,15,A0,0,ally,9,dynamic_9,0.0,0.00045013427734375,0.00045013427734375,0.0,0.0,0.00045013427734375
position_drift,1,ep00129_t0016_item002409,15,A0,0,ally,10,dynamic_10,0.0,-0.035430908203125,0.035430908203125,0.0,0.0,-0.035430908203125
position_drift,1,ep00129_t0016_item002409,15,A0,0,ally,11,dynamic_11,0.0,-0.061065673828125,0.061065673828125,0.0,0.0,-0.061065673828125
position_drift,1,ep00129_t0016_item002409,15,A0,0,ally,12,dynamic_12,0.0,0.006137847900390625,0.006137847900390625,0.0,0.0,0.006137847900390625
position_drift,1,ep00129_t0016_item002409,15,A3,3,ally,0,hp,1.0,0.8505859375,0.1494140625,1.0,0.0,-0.1494140625
position_drift,1,ep00129_t0016_item002409,15,A3,3,ally,1,cooldown_or_energy,0.0,-0.0206146240234375,0.0206146240234375,0.0,0.0,-0.0206146240234375
position_drift,1,ep00129_t0016_item002409,15,A3,3,ally,2,dx,-0.4326936602592468,-0.358642578125,0.07405108213424683,-0.3834748864173889,-0.04921877384185791,0.024832308292388916
position_drift,1,ep00129_t0016_item002409,15,A3,3,ally,3,dy,0.17570394277572632,0.05267333984375,0.12303060293197632,0.13429361581802368,0.04141032695770264,-0.08162027597427368
position_drift,1,ep00129_t0016_item002409,15,A3,3,ally,4,shield,0.0,-0.035980224609375,0.035980224609375,0.0,0.0,-0.035980224609375
position_drift,1,ep00129_t0016_item002409,15,A3,3,ally,5,dynamic_5,0.0,-0.0283050537109375,0.0283050537109375,0.0,0.0,-0.0283050537109375
position_drift,1,ep00129_t0016_item002409,15,A3,3,ally,6,dynamic_6,0.0,0.00545501708984375,0.00545501708984375,0.0,0.0,0.00545501708984375
position_drift,1,ep00129_t0016_item002409,15,A3,3,ally,7,dynamic_7,1.0,1.0400390625,0.0400390625,1.0,0.0,0.0400390625
position_drift,1,ep00129_t0016_item002409,15,A3,3,ally,8,dynamic_8,0.0,0.0283355712890625,0.0283355712890625,0.0,0.0,0.0283355712890625
position_drift,1,ep00129_t0016_item002409,15,A3,3,ally,9,dynamic_9,0.0,0.0003542900085449219,0.0003542900085449219,0.0,0.0,0.0003542900085449219
position_drift,1,ep00129_t0016_item002409,15,A3,3,ally,10,dynamic_10,0.0,-0.01096343994140625,0.01096343994140625,0.0,0.0,-0.01096343994140625
position_drift,1,ep00129_t0016_item002409,15,A3,3,ally,11,dynamic_11,0.0,0.0546875,0.0546875,0.0,0.0,0.0546875
position_drift,1,ep00129_t0016_item002409,15,A3,3,ally,12,dynamic_12,0.0,-0.01230621337890625,0.01230621337890625,0.0,0.0,-0.01230621337890625
position_drift,1,ep00129_t0016_item002409,15,E0,9,enemy,0,hp,1.0,0.97802734375,0.02197265625,1.0,0.0,-0.02197265625
position_drift,1,ep00129_t0016_item002409,15,E0,9,enemy,1,dx,-0.08487087488174438,-0.0027923583984375,0.08207851648330688,0.022265911102294922,-0.1071367859840393,-0.025058269500732422
position_drift,1,ep00129_t0016_item002409,15,E0,9,enemy,2,dy,0.028356552124023438,-0.0123291015625,0.04068565368652344,-0.04171910881996155,0.07007566094398499,0.029390007257461548
position_drift,1,ep00129_t0016_item002409,15,E0,9,enemy,3,dynamic_3,0.0,-0.015106201171875,0.015106201171875,0.0,0.0,-0.015106201171875
position_drift,1,ep00129_t0016_item002409,15,E0,9,enemy,4,dynamic_4,0.0,0.004611968994140625,0.004611968994140625,0.0,0.0,0.004611968994140625
position_drift,1,ep00129_t0016_item002409,15,E0,9,enemy,5,dynamic_5,0.0,-0.0070648193359375,0.0070648193359375,0.0,0.0,-0.0070648193359375
position_drift,1,ep00129_t0016_item002409,15,E0,9,enemy,6,dynamic_6,0.0,0.037261962890625,0.037261962890625,0.0,0.0,0.037261962890625
position_drift,1,ep00129_t0016_item002409,15,E0,9,enemy,7,dynamic_7,1.0,0.8056640625,0.1943359375,1.0,0.0,-0.1943359375
position_drift,1,ep00129_t0016_item002409,15,E0,9,enemy,8,dynamic_8,0.0,0.06402587890625,0.06402587890625,0.0,0.0,0.06402587890625
position_drift,1,ep00129_t0016_item002409,15,E0,9,enemy,9,dynamic_9,0.0,-0.0004954338073730469,0.0004954338073730469,0.0,0.0,-0.0004954338073730469
position_drift,1,ep00129_t0016_item002409,15,E0,9,enemy,10,dynamic_10,0.0,-0.0007724761962890625,0.0007724761962890625,0.0,0.0,-0.0007724761962890625
position_drift,1,ep00129_t0016_item002409,15,E0,9,enemy,11,dynamic_11,0.0,0.0928955078125,0.0928955078125,0.0,0.0,0.0928955078125
position_drift,1,ep00129_t0016_item002409,15,E1,10,enemy,0,hp,1.0,0.919921875,0.080078125,1.0,0.0,-0.080078125
position_drift,1,ep00129_t0016_item002409,15,E1,10,enemy,1,dx,-0.21469342708587646,-0.146728515625,0.06796491146087646,-0.08707398176193237,-0.1276194453239441,-0.05965453386306763
position_drift,1,ep00129_t0016_item002409,15,E1,10,enemy,2,dy,0.08857566118240356,0.01202392578125,0.07655173540115356,0.016212940216064453,0.07236272096633911,-0.004189014434814453
position_drift,1,ep00129_t0016_item002409,15,E1,10,enemy,3,dynamic_3,0.0,-0.01232147216796875,0.01232147216796875,0.0,0.0,-0.01232147216796875
position_drift,1,ep00129_t0016_item002409,15,E1,10,enemy,4,dynamic_4,0.0,-0.01349639892578125,0.01349639892578125,0.0,0.0,-0.01349639892578125
position_drift,1,ep00129_t0016_item002409,15,E1,10,enemy,5,dynamic_5,0.0,-0.0067596435546875,0.0067596435546875,0.0,0.0,-0.0067596435546875
position_drift,1,ep00129_t0016_item002409,15,E1,10,enemy,6,dynamic_6,1.0,0.96435546875,0.03564453125,1.0,0.0,-0.03564453125
position_drift,1,ep00129_t0016_item002409,15,E1,10,enemy,7,dynamic_7,0.0,-0.003406524658203125,0.003406524658203125,0.0,0.0,-0.003406524658203125
position_drift,1,ep00129_t0016_item002409,15,E1,10,enemy,8,dynamic_8,0.0,0.01019287109375,0.01019287109375,0.0,0.0,0.01019287109375
position_drift,1,ep00129_t0016_item002409,15,E1,10,enemy,9,dynamic_9,0.0,-0.0002548694610595703,0.0002548694610595703,0.0,0.0,-0.0002548694610595703
position_drift,1,ep00129_t0016_item002409,15,E1,10,enemy,10,dynamic_10,0.0,-0.0159912109375,0.0159912109375,0.0,0.0,-0.0159912109375
position_drift,1,ep00129_t0016_item002409,15,E1,10,enemy,11,dynamic_11,0.0,0.01462554931640625,0.01462554931640625,0.0,0.0,0.01462554931640625
position_drift,1,ep00129_t0016_item002409,15,E2,11,enemy,0,hp,1.0,0.9052734375,0.0947265625,1.0,0.0,-0.0947265625
position_drift,1,ep00129_t0016_item002409,15,E2,11,enemy,1,dx,-0.21400803327560425,-0.1778564453125,0.03615158796310425,-0.06293275952339172,-0.15107527375221252,-0.11492368578910828
position_drift,1,ep00129_t0016_item002409,15,E2,11,enemy,2,dy,0.11232292652130127,0.0277557373046875,0.08456718921661377,0.02088320255279541,0.09143972396850586,0.00687253475189209
position_drift,1,ep00129_t0016_item002409,15,E2,11,enemy,3,dynamic_3,0.0,-0.0231475830078125,0.0231475830078125,0.0,0.0,-0.0231475830078125
position_drift,1,ep00129_t0016_item002409,15,E2,11,enemy,4,dynamic_4,0.0,-0.020660400390625,0.020660400390625,0.0,0.0,-0.020660400390625
position_drift,1,ep00129_t0016_item002409,15,E2,11,enemy,5,dynamic_5,0.0,-0.007648468017578125,0.007648468017578125,0.0,0.0,-0.007648468017578125
position_drift,1,ep00129_t0016_item002409,15,E2,11,enemy,6,dynamic_6,1.0,1.009765625,0.009765625,1.0,0.0,0.009765625
position_drift,1,ep00129_t0016_item002409,15,E2,11,enemy,7,dynamic_7,0.0,-0.0133056640625,0.0133056640625,0.0,0.0,-0.0133056640625
position_drift,1,ep00129_t0016_item002409,15,E2,11,enemy,8,dynamic_8,0.0,0.0164947509765625,0.0164947509765625,0.0,0.0,0.0164947509765625
position_drift,1,ep00129_t0016_item002409,15,E2,11,enemy,9,dynamic_9,0.0,9.506940841674805e-05,9.506940841674805e-05,0.0,0.0,9.506940841674805e-05
position_drift,1,ep00129_t0016_item002409,15,E2,11,enemy,10,dynamic_10,0.0,-0.043853759765625,0.043853759765625,0.0,0.0,-0.043853759765625
position_drift,1,ep00129_t0016_item002409,15,E2,11,enemy,11,dynamic_11,0.0,0.0307464599609375,0.0307464599609375,0.0,0.0,0.0307464599609375
position_drift,1,ep00129_t0016_item002409,15,E3,12,enemy,0,hp,1.0,0.896484375,0.103515625,1.0,0.0,-0.103515625
position_drift,1,ep00129_t0016_item002409,15,E3,12,enemy,1,dx,-0.19006305932998657,-0.1326904296875,0.05737262964248657,-0.09913292527198792,-0.09093013405799866,-0.033557504415512085
position_drift,1,ep00129_t0016_item002409,15,E3,12,enemy,2,dy,0.0921252965927124,-0.01519775390625,0.1073230504989624,-0.003938853740692139,0.09606415033340454,-0.011258900165557861
position_drift,1,ep00129_t0016_item002409,15,E3,12,enemy,3,dynamic_3,0.0,-0.003406524658203125,0.003406524658203125,0.0,0.0,-0.003406524658203125
position_drift,1,ep00129_t0016_item002409,15,E3,12,enemy,4,dynamic_4,0.0,-0.0215911865234375,0.0215911865234375,0.0,0.0,-0.0215911865234375
position_drift,1,ep00129_t0016_item002409,15,E3,12,enemy,5,dynamic_5,0.0,-0.0074005126953125,0.0074005126953125,0.0,0.0,-0.0074005126953125
position_drift,1,ep00129_t0016_item002409,15,E3,12,enemy,6,dynamic_6,1.0,1.0380859375,0.0380859375,1.0,0.0,0.0380859375
position_drift,1,ep00129_t0016_item002409,15,E3,12,enemy,7,dynamic_7,0.0,-0.0146331787109375,0.0146331787109375,0.0,0.0,-0.0146331787109375
position_drift,1,ep00129_t0016_item002409,15,E3,12,enemy,8,dynamic_8,0.0,-0.016143798828125,0.016143798828125,0.0,0.0,-0.016143798828125
position_drift,1,ep00129_t0016_item002409,15,E3,12,enemy,9,dynamic_9,0.0,-5.131959915161133e-05,5.131959915161133e-05,0.0,0.0,-5.131959915161133e-05
position_drift,1,ep00129_t0016_item002409,15,E3,12,enemy,10,dynamic_10,0.0,-0.03790283203125,0.03790283203125,0.0,0.0,-0.03790283203125
position_drift,1,ep00129_t0016_item002409,15,E3,12,enemy,11,dynamic_11,0.0,-0.0105133056640625,0.0105133056640625,0.0,0.0,-0.0105133056640625
position_drift,1,ep00129_t0016_item002409,15,E4,13,enemy,0,hp,1.0,0.8232421875,0.1767578125,0.8080000281333923,0.19199997186660767,0.015242159366607666
position_drift,1,ep00129_t0016_item002409,15,E4,13,enemy,1,dx,-0.20043089985847473,-0.09075927734375,0.10967162251472473,0.014360308647155762,-0.2147912085056305,-0.10511958599090576
position_drift,1,ep00129_t0016_item002409,15,E4,13,enemy,2,dy,0.06271535158157349,0.006069183349609375,0.05664616823196411,0.07605153322219849,-0.013336181640625,-0.06998234987258911
position_drift,1,ep00129_t0016_item002409,15,E4,13,enemy,3,dynamic_3,0.0,-0.0038814544677734375,0.0038814544677734375,0.0,0.0,-0.0038814544677734375
position_drift,1,ep00129_t0016_item002409,15,E4,13,enemy,4,dynamic_4,0.0,-0.0230865478515625,0.0230865478515625,0.0,0.0,-0.0230865478515625
position_drift,1,ep00129_t0016_item002409,15,E4,13,enemy,5,dynamic_5,1.0,0.95068359375,0.04931640625,1.0,0.0,-0.04931640625
position_drift,1,ep00129_t0016_item002409,15,E4,13,enemy,6,dynamic_6,0.0,0.019195556640625,0.019195556640625,0.0,0.0,0.019195556640625
position_drift,1,ep00129_t0016_item002409,15,E4,13,enemy,7,dynamic_7,0.0,-0.006725311279296875,0.006725311279296875,0.0,0.0,-0.006725311279296875
position_drift,1,ep00129_t0016_item002409,15,E4,13,enemy,8,dynamic_8,0.0,-0.0114288330078125,0.0114288330078125,0.0,0.0,-0.0114288330078125
position_drift,1,ep00129_t0016_item002409,15,E4,13,enemy,9,dynamic_9,0.0,-8.612871170043945e-05,8.612871170043945e-05,0.0,0.0,-8.612871170043945e-05
position_drift,1,ep00129_t0016_item002409,15,E4,13,enemy,10,dynamic_10,0.0,0.0090179443359375,0.0090179443359375,0.0,0.0,0.0090179443359375
position_drift,1,ep00129_t0016_item002409,15,E4,13,enemy,11,dynamic_11,0.0,0.036163330078125,0.036163330078125,0.0,0.0,0.036163330078125
position_drift,1,ep00129_t0016_item002409,15,E5,14,enemy,0,hp,0.8665000200271606,0.9033203125,0.036820292472839355,0.8479999899864197,0.018500030040740967,0.05532032251358032
position_drift,1,ep00129_t0016_item002409,15,E5,14,enemy,1,dx,-0.24405437707901,-0.061614990234375,0.182439386844635,-0.012390464544296265,-0.23166391253471375,-0.049224525690078735
position_drift,1,ep00129_t0016_item002409,15,E5,14,enemy,2,dy,0.08472186326980591,-0.0228729248046875,0.10759478807449341,0.05505108833312988,0.029670774936676025,-0.07792401313781738
position_drift,1,ep00129_t0016_item002409,15,E5,14,enemy,3,dynamic_3,0.0,0.0218658447265625,0.0218658447265625,0.0,0.0,0.0218658447265625
position_drift,1,ep00129_t0016_item002409,15,E5,14,enemy,4,dynamic_4,0.0,-0.0037670135498046875,0.0037670135498046875,0.0,0.0,-0.0037670135498046875
position_drift,1,ep00129_t0016_item002409,15,E5,14,enemy,5,dynamic_5,1.0,0.96875,0.03125,1.0,0.0,-0.03125
position_drift,1,ep00129_t0016_item002409,15,E5,14,enemy,6,dynamic_6,0.0,-0.01003265380859375,0.01003265380859375,0.0,0.0,-0.01003265380859375
position_drift,1,ep00129_t0016_item002409,15,E5,14,enemy,7,dynamic_7,0.0,-0.01313018798828125,0.01313018798828125,0.0,0.0,-0.01313018798828125
position_drift,1,ep00129_t0016_item002409,15,E5,14,enemy,8,dynamic_8,0.0,-0.0050811767578125,0.0050811767578125,0.0,0.0,-0.0050811767578125
position_drift,1,ep00129_t0016_item002409,15,E5,14,enemy,9,dynamic_9,0.0,0.00011092424392700195,0.00011092424392700195,0.0,0.0,0.00011092424392700195
position_drift,1,ep00129_t0016_item002409,15,E5,14,enemy,10,dynamic_10,0.0,0.020660400390625,0.020660400390625,0.0,0.0,0.020660400390625
position_drift,1,ep00129_t0016_item002409,15,E5,14,enemy,11,dynamic_11,0.0,0.023040771484375,0.023040771484375,0.0,0.0,0.023040771484375
position_drift,1,ep00129_t0016_item002409,15,E6,15,enemy,0,hp,1.0,0.95654296875,0.04345703125,1.0,0.0,-0.04345703125
position_drift,1,ep00129_t0016_item002409,15,E6,15,enemy,1,dx,-0.1896364688873291,-0.1353759765625,0.0542604923248291,-0.03481578826904297,-0.15482068061828613,-0.10056018829345703
position_drift,1,ep00129_t0016_item002409,15,E6,15,enemy,2,dy,0.11600583791732788,0.038726806640625,0.07727903127670288,0.03476536273956299,0.08124047517776489,0.003961443901062012
position_drift,1,ep00129_t0016_item002409,15,E6,15,enemy,3,dynamic_3,0.0,-0.0009613037109375,0.0009613037109375,0.0,0.0,-0.0009613037109375
position_drift,1,ep00129_t0016_item002409,15,E6,15,enemy,4,dynamic_4,0.0,-0.0155487060546875,0.0155487060546875,0.0,0.0,-0.0155487060546875
position_drift,1,ep00129_t0016_item002409,15,E6,15,enemy,5,dynamic_5,0.0,-0.0205535888671875,0.0205535888671875,0.0,0.0,-0.0205535888671875
position_drift,1,ep00129_t0016_item002409,15,E6,15,enemy,6,dynamic_6,1.0,0.9833984375,0.0166015625,1.0,0.0,-0.0166015625
position_drift,1,ep00129_t0016_item002409,15,E6,15,enemy,7,dynamic_7,0.0,0.002239227294921875,0.002239227294921875,0.0,0.0,0.002239227294921875
position_drift,1,ep00129_t0016_item002409,15,E6,15,enemy,8,dynamic_8,0.0,-0.013824462890625,0.013824462890625,0.0,0.0,-0.013824462890625
position_drift,1,ep00129_t0016_item002409,15,E6,15,enemy,9,dynamic_9,0.0,0.00013899803161621094,0.00013899803161621094,0.0,0.0,0.00013899803161621094
position_drift,1,ep00129_t0016_item002409,15,E6,15,enemy,10,dynamic_10,0.0,-0.008026123046875,0.008026123046875,0.0,0.0,-0.008026123046875
position_drift,1,ep00129_t0016_item002409,15,E6,15,enemy,11,dynamic_11,0.0,0.012298583984375,0.012298583984375,0.0,0.0,0.012298583984375
position_drift,2,ep00129_t0013_item002409,1,A0,0,ally,0,hp,0.8999999761581421,0.86669921875,0.03330075740814209,0.8999999761581421,0.0,-0.03330075740814209
position_drift,2,ep00129_t0013_item002409,1,A0,0,ally,1,cooldown_or_energy,0.25968751311302185,0.220947265625,0.03874024748802185,0.25828126072883606,0.001406252384185791,-0.03733399510383606
position_drift,2,ep00129_t0013_item002409,1,A0,0,ally,2,dx,-0.2489842176437378,-0.261474609375,0.012490391731262207,-0.2489842176437378,0.0,-0.012490391731262207
position_drift,2,ep00129_t0013_item002409,1,A0,0,ally,3,dy,-0.1755504310131073,-0.1746826171875,0.0008678138256072998,-0.1208629310131073,-0.0546875,-0.0538196861743927
position_drift,2,ep00129_t0013_item002409,1,A0,0,ally,4,shield,0.0,-0.0024394989013671875,0.0024394989013671875,0.0,0.0,-0.0024394989013671875
position_drift,2,ep00129_t0013_item002409,1,A0,0,ally,5,dynamic_5,0.0,0.005672454833984375,0.005672454833984375,0.0,0.0,0.005672454833984375
position_drift,2,ep00129_t0013_item002409,1,A0,0,ally,6,dynamic_6,0.0,-0.01052093505859375,0.01052093505859375,0.0,0.0,-0.01052093505859375
position_drift,2,ep00129_t0013_item002409,1,A0,0,ally,7,dynamic_7,0.0,0.0511474609375,0.0511474609375,0.0,0.0,0.0511474609375
position_drift,2,ep00129_t0013_item002409,1,A0,0,ally,8,dynamic_8,1.0,1.01953125,0.01953125,1.0,0.0,0.01953125
position_drift,2,ep00129_t0013_item002409,1,A0,0,ally,9,dynamic_9,0.0,0.0003161430358886719,0.0003161430358886719,0.0,0.0,0.0003161430358886719
position_drift,2,ep00129_t0013_item002409,1,A0,0,ally,10,dynamic_10,0.0,-0.026885986328125,0.026885986328125,0.0,0.0,-0.026885986328125
position_drift,2,ep00129_t0013_item002409,1,A0,0,ally,11,dynamic_11,0.0,-0.041412353515625,0.041412353515625,0.0,0.0,-0.041412353515625
position_drift,2,ep00129_t0013_item002409,1,A0,0,ally,12,dynamic_12,0.0,0.0091400146484375,0.0091400146484375,0.0,0.0,0.0091400146484375
position_drift,2,ep00129_t0013_item002409,1,A3,3,ally,0,hp,1.0,0.9892578125,0.0107421875,1.0,0.0,-0.0107421875
position_drift,2,ep00129_t0013_item002409,1,A3,3,ally,1,cooldown_or_energy,0.0,-0.01375579833984375,0.01375579833984375,0.0,0.0,-0.01375579833984375
position_drift,2,ep00129_t0013_item002409,1,A3,3,ally,2,dx,-0.334256112575531,-0.3369140625,0.002657949924468994,-0.334256112575531,0.0,-0.002657949924468994
position_drift,2,ep00129_t0013_item002409,1,A3,3,ally,3,dy,0.13429361581802368,0.2047119140625,0.07041829824447632,0.08507496118545532,0.04921865463256836,0.11963695287704468
position_drift,2,ep00129_t0013_item002409,1,A3,3,ally,4,shield,0.0,-0.0163726806640625,0.0163726806640625,0.0,0.0,-0.0163726806640625
position_drift,2,ep00129_t0013_item002409,1,A3,3,ally,5,dynamic_5,0.0,-0.01174163818359375,0.01174163818359375,0.0,0.0,-0.01174163818359375
position_drift,2,ep00129_t0013_item002409,1,A3,3,ally,6,dynamic_6,0.0,0.006290435791015625,0.006290435791015625,0.0,0.0,0.006290435791015625
position_drift,2,ep00129_t0013_item002409,1,A3,3,ally,7,dynamic_7,1.0,1.0791015625,0.0791015625,1.0,0.0,0.0791015625
position_drift,2,ep00129_t0013_item002409,1,A3,3,ally,8,dynamic_8,0.0,0.02874755859375,0.02874755859375,0.0,0.0,0.02874755859375
position_drift,2,ep00129_t0013_item002409,1,A3,3,ally,9,dynamic_9,0.0,0.0005593299865722656,0.0005593299865722656,0.0,0.0,0.0005593299865722656
position_drift,2,ep00129_t0013_item002409,1,A3,3,ally,10,dynamic_10,0.0,-0.02203369140625,0.02203369140625,0.0,0.0,-0.02203369140625
position_drift,2,ep00129_t0013_item002409,1,A3,3,ally,11,dynamic_11,0.0,0.01219940185546875,0.01219940185546875,0.0,0.0,0.01219940185546875
position_drift,2,ep00129_t0013_item002409,1,A3,3,ally,12,dynamic_12,0.0,-0.059967041015625,0.059967041015625,0.0,0.0,-0.059967041015625
position_drift,2,ep00129_t0013_item002409,1,A4,4,ally,0,hp,0.8799999952316284,0.82275390625,0.05724608898162842,0.9200000166893005,-0.04000002145767212,-0.09724611043930054
position_drift,2,ep00129_t0013_item002409,1,A4,4,ally,1,cooldown_or_energy,0.59112149477005,0.3984375,0.19268399477005005,0.0,0.59112149477005,0.3984375
position_drift,2,ep00129_t0013_item002409,1,A4,4,ally,2,dx,-0.15504568815231323,-0.1343994140625,0.020646274089813232,-0.15504568815231323,0.0,0.020646274089813232
position_drift,2,ep00129_t0013_item002409,1,A4,4,ally,3,dy,0.14661890268325806,0.128662109375,0.017956793308258057,0.14661890268325806,0.0,-0.017956793308258057
position_drift,2,ep00129_t0013_item002409,1,A4,4,ally,4,shield,0.0,0.015655517578125,0.015655517578125,0.0,0.0,0.015655517578125
position_drift,2,ep00129_t0013_item002409,1,A4,4,ally,5,dynamic_5,0.0,0.004169464111328125,0.004169464111328125,0.0,0.0,0.004169464111328125
position_drift,2,ep00129_t0013_item002409,1,A4,4,ally,6,dynamic_6,1.0,0.98193359375,0.01806640625,1.0,0.0,-0.01806640625
position_drift,2,ep00129_t0013_item002409,1,A4,4,ally,7,dynamic_7,0.0,0.0977783203125,0.0977783203125,0.0,0.0,0.0977783203125
position_drift,2,ep00129_t0013_item002409,1,A4,4,ally,8,dynamic_8,0.0,-0.0216217041015625,0.0216217041015625,0.0,0.0,-0.0216217041015625
position_drift,2,ep00129_t0013_item002409,1,A4,4,ally,9,dynamic_9,0.0,0.0020351409912109375,0.0020351409912109375,0.0,0.0,0.0020351409912109375
position_drift,2,ep00129_t0013_item002409,1,A4,4,ally,10,dynamic_10,0.0,-0.014678955078125,0.014678955078125,0.0,0.0,-0.014678955078125
position_drift,2,ep00129_t0013_item002409,1,A4,4,ally,11,dynamic_11,0.0,0.023193359375,0.023193359375,0.0,0.0,0.023193359375
position_drift,2,ep00129_t0013_item002409,1,A4,4,ally,12,dynamic_12,0.0,-0.058258056640625,0.058258056640625,0.0,0.0,-0.058258056640625
position_drift,2,ep00129_t0013_item002409,1,A5,5,ally,0,hp,0.8080000281333923,0.748046875,0.059953153133392334,0.8080000281333923,0.0,-0.059953153133392334
position_drift,2,ep00129_t0013_item002409,1,A5,5,ally,1,cooldown_or_energy,0.0,0.0645751953125,0.0645751953125,0.0,0.0,0.0645751953125
position_drift,2,ep00129_t0013_item002409,1,A5,5,ally,2,dx,-0.16779157519340515,-0.1685791015625,0.0007875263690948486,-0.12030008435249329,-0.047491490840911865,-0.048279017210006714
position_drift,2,ep00129_t0013_item002409,1,A5,5,ally,3,dy,0.1913244128227234,0.2130126953125,0.02168828248977661,0.1852896809577942,0.006034731864929199,0.02772301435470581
position_drift,2,ep00129_t0013_item002409,1,A5,5,ally,4,shield,0.0,-0.005550384521484375,0.005550384521484375,0.0,0.0,-0.005550384521484375
position_drift,2,ep00129_t0013_item002409,1,A5,5,ally,5,dynamic_5,0.0,0.0034427642822265625,0.0034427642822265625,0.0,0.0,0.0034427642822265625
position_drift,2,ep00129_t0013_item002409,1,A5,5,ally,6,dynamic_6,1.0,0.951171875,0.048828125,1.0,0.0,-0.048828125
position_drift,2,ep00129_t0013_item002409,1,A5,5,ally,7,dynamic_7,0.0,0.07147216796875,0.07147216796875,0.0,0.0,0.07147216796875
position_drift,2,ep00129_t0013_item002409,1,A5,5,ally,8,dynamic_8,0.0,-0.005535125732421875,0.005535125732421875,0.0,0.0,-0.005535125732421875
position_drift,2,ep00129_t0013_item002409,1,A5,5,ally,9,dynamic_9,0.0,0.0016183853149414062,0.0016183853149414062,0.0,0.0,0.0016183853149414062
position_drift,2,ep00129_t0013_item002409,1,A5,5,ally,10,dynamic_10,0.0,0.0036602020263671875,0.0036602020263671875,0.0,0.0,0.0036602020263671875
position_drift,2,ep00129_t0013_item002409,1,A5,5,ally,11,dynamic_11,0.0,-0.021270751953125,0.021270751953125,0.0,0.0,-0.021270751953125
position_drift,2,ep00129_t0013_item002409,1,A5,5,ally,12,dynamic_12,0.0,-0.0270538330078125,0.0270538330078125,0.0,0.0,-0.0270538330078125
position_drift,2,ep00129_t0013_item002409,1,A6,6,ally,0,hp,1.0,0.94287109375,0.05712890625,1.0,0.0,-0.05712890625
position_drift,2,ep00129_t0013_item002409,1,A6,6,ally,1,cooldown_or_energy,0.0,0.021026611328125,0.021026611328125,0.0,0.0,0.021026611328125
position_drift,2,ep00129_t0013_item002409,1,A6,6,ally,2,dx,-0.17878779768943787,-0.1610107421875,0.017777055501937866,-0.18416962027549744,0.00538182258605957,0.023158878087997437
position_drift,2,ep00129_t0013_item002409,1,A6,6,ally,3,dy,0.163807213306427,0.2044677734375,0.040660560131073,0.15168088674545288,0.012126326560974121,0.05278688669204712
position_drift,2,ep00129_t0013_item002409,1,A6,6,ally,4,shield,0.0,0.0287017822265625,0.0287017822265625,0.0,0.0,0.0287017822265625
position_drift,2,ep00129_t0013_item002409,1,A6,6,ally,5,dynamic_5,0.0,-0.0197601318359375,0.0197601318359375,0.0,0.0,-0.0197601318359375
position_drift,2,ep00129_t0013_item002409,1,A6,6,ally,6,dynamic_6,0.0,-0.056365966796875,0.056365966796875,0.0,0.0,-0.056365966796875
position_drift,2,ep00129_t0013_item002409,1,A6,6,ally,7,dynamic_7,1.0,1.0400390625,0.0400390625,1.0,0.0,0.0400390625
position_drift,2,ep00129_t0013_item002409,1,A6,6,ally,8,dynamic_8,0.0,0.0011243820190429688,0.0011243820190429688,0.0,0.0,0.0011243820190429688
position_drift,2,ep00129_t0013_item002409,1,A6,6,ally,9,dynamic_9,0.0,0.001739501953125,0.001739501953125,0.0,0.0,0.001739501953125
position_drift,2,ep00129_t0013_item002409,1,A6,6,ally,10,dynamic_10,0.0,-0.037445068359375,0.037445068359375,0.0,0.0,-0.037445068359375
position_drift,2,ep00129_t0013_item002409,1,A6,6,ally,11,dynamic_11,0.0,0.0024471282958984375,0.0024471282958984375,0.0,0.0,0.0024471282958984375
position_drift,2,ep00129_t0013_item002409,1,A6,6,ally,12,dynamic_12,0.0,0.0430908203125,0.0430908203125,0.0,0.0,0.0430908203125
position_drift,2,ep00129_t0013_item002409,1,E0,9,enemy,0,hp,1.0,0.9794921875,0.0205078125,1.0,0.0,-0.0205078125
position_drift,2,ep00129_t0013_item002409,1,E0,9,enemy,1,dx,0.022265911102294922,0.06121826171875,0.03895235061645508,0.022265911102294922,0.0,0.03895235061645508
position_drift,2,ep00129_t0013_item002409,1,E0,9,enemy,2,dy,-0.04171910881996155,0.004451751708984375,0.04617086052894592,-0.04171910881996155,0.0,0.04617086052894592
position_drift,2,ep00129_t0013_item002409,1,E0,9,enemy,3,dynamic_3,0.0,-0.049713134765625,0.049713134765625,0.0,0.0,-0.049713134765625
position_drift,2,ep00129_t0013_item002409,1,E0,9,enemy,4,dynamic_4,0.0,0.00060272216796875,0.00060272216796875,0.0,0.0,0.00060272216796875
position_drift,2,ep00129_t0013_item002409,1,E0,9,enemy,5,dynamic_5,0.0,-0.0147705078125,0.0147705078125,0.0,0.0,-0.0147705078125
position_drift,2,ep00129_t0013_item002409,1,E0,9,enemy,6,dynamic_6,0.0,0.006954193115234375,0.006954193115234375,0.0,0.0,0.006954193115234375
position_drift,2,ep00129_t0013_item002409,1,E0,9,enemy,7,dynamic_7,1.0,0.93359375,0.06640625,1.0,0.0,-0.06640625
position_drift,2,ep00129_t0013_item002409,1,E0,9,enemy,8,dynamic_8,0.0,0.04815673828125,0.04815673828125,0.0,0.0,0.04815673828125
position_drift,2,ep00129_t0013_item002409,1,E0,9,enemy,9,dynamic_9,0.0,-0.0004363059997558594,0.0004363059997558594,0.0,0.0,-0.0004363059997558594
position_drift,2,ep00129_t0013_item002409,1,E0,9,enemy,10,dynamic_10,0.0,0.030792236328125,0.030792236328125,0.0,0.0,0.030792236328125
position_drift,2,ep00129_t0013_item002409,1,E0,9,enemy,11,dynamic_11,0.0,-0.0131378173828125,0.0131378173828125,0.0,0.0,-0.0131378173828125
position_drift,2,ep00129_t0013_item002409,1,E1,10,enemy,0,hp,1.0,0.9111328125,0.0888671875,1.0,0.0,-0.0888671875
position_drift,2,ep00129_t0013_item002409,1,E1,10,enemy,1,dx,-0.08707398176193237,-0.0953369140625,0.008262932300567627,-0.08707398176193237,0.0,-0.008262932300567627
position_drift,2,ep00129_t0013_item002409,1,E1,10,enemy,2,dy,0.016212940216064453,0.0059661865234375,0.010246753692626953,0.016212940216064453,0.0,-0.010246753692626953
position_drift,2,ep00129_t0013_item002409,1,E1,10,enemy,3,dynamic_3,0.0,-0.0242156982421875,0.0242156982421875,0.0,0.0,-0.0242156982421875
position_drift,2,ep00129_t0013_item002409,1,E1,10,enemy,4,dynamic_4,0.0,-0.0076446533203125,0.0076446533203125,0.0,0.0,-0.0076446533203125
position_drift,2,ep00129_t0013_item002409,1,E1,10,enemy,5,dynamic_5,0.0,-0.00836944580078125,0.00836944580078125,0.0,0.0,-0.00836944580078125
position_drift,2,ep00129_t0013_item002409,1,E1,10,enemy,6,dynamic_6,1.0,0.96533203125,0.03466796875,1.0,0.0,-0.03466796875
position_drift,2,ep00129_t0013_item002409,1,E1,10,enemy,7,dynamic_7,0.0,-0.0101165771484375,0.0101165771484375,0.0,0.0,-0.0101165771484375
position_drift,2,ep00129_t0013_item002409,1,E1,10,enemy,8,dynamic_8,0.0,0.005489349365234375,0.005489349365234375,0.0,0.0,0.005489349365234375
position_drift,2,ep00129_t0013_item002409,1,E1,10,enemy,9,dynamic_9,0.0,-0.00017392635345458984,0.00017392635345458984,0.0,0.0,-0.00017392635345458984
position_drift,2,ep00129_t0013_item002409,1,E1,10,enemy,10,dynamic_10,0.0,-0.0037975311279296875,0.0037975311279296875,0.0,0.0,-0.0037975311279296875
position_drift,2,ep00129_t0013_item002409,1,E1,10,enemy,11,dynamic_11,0.0,0.01219940185546875,0.01219940185546875,0.0,0.0,0.01219940185546875
position_drift,2,ep00129_t0013_item002409,1,E2,11,enemy,0,hp,1.0,0.8671875,0.1328125,1.0,0.0,-0.1328125
position_drift,2,ep00129_t0013_item002409,1,E2,11,enemy,1,dx,-0.06293275952339172,-0.0911865234375,0.028253763914108276,-0.06293275952339172,0.0,-0.028253763914108276
position_drift,2,ep00129_t0013_item002409,1,E2,11,enemy,2,dy,0.02088320255279541,0.017852783203125,0.00303041934967041,0.02088320255279541,0.0,-0.00303041934967041
position_drift,2,ep00129_t0013_item002409,1,E2,11,enemy,3,dynamic_3,0.0,-0.037139892578125,0.037139892578125,0.0,0.0,-0.037139892578125
position_drift,2,ep00129_t0013_item002409,1,E2,11,enemy,4,dynamic_4,0.0,-0.017486572265625,0.017486572265625,0.0,0.0,-0.017486572265625
position_drift,2,ep00129_t0013_item002409,1,E2,11,enemy,5,dynamic_5,0.0,0.0023441314697265625,0.0023441314697265625,0.0,0.0,0.0023441314697265625
position_drift,2,ep00129_t0013_item002409,1,E2,11,enemy,6,dynamic_6,1.0,0.990234375,0.009765625,1.0,0.0,-0.009765625
position_drift,2,ep00129_t0013_item002409,1,E2,11,enemy,7,dynamic_7,0.0,-0.010955810546875,0.010955810546875,0.0,0.0,-0.010955810546875
position_drift,2,ep00129_t0013_item002409,1,E2,11,enemy,8,dynamic_8,0.0,0.0136566162109375,0.0136566162109375,0.0,0.0,0.0136566162109375
position_drift,2,ep00129_t0013_item002409,1,E2,11,enemy,9,dynamic_9,0.0,0.00028228759765625,0.00028228759765625,0.0,0.0,0.00028228759765625
position_drift,2,ep00129_t0013_item002409,1,E2,11,enemy,10,dynamic_10,0.0,-0.011566162109375,0.011566162109375,0.0,0.0,-0.011566162109375
position_drift,2,ep00129_t0013_item002409,1,E2,11,enemy,11,dynamic_11,0.0,0.014373779296875,0.014373779296875,0.0,0.0,0.014373779296875
position_drift,2,ep00129_t0013_item002409,1,E3,12,enemy,0,hp,1.0,0.912109375,0.087890625,1.0,0.0,-0.087890625
position_drift,2,ep00129_t0013_item002409,1,E3,12,enemy,1,dx,-0.09913292527198792,-0.1109619140625,0.011828988790512085,-0.09913292527198792,0.0,-0.011828988790512085
position_drift,2,ep00129_t0013_item002409,1,E3,12,enemy,2,dy,-0.003938853740692139,-0.0231170654296875,0.01917821168899536,-0.003938853740692139,0.0,-0.01917821168899536
position_drift,2,ep00129_t0013_item002409,1,E3,12,enemy,3,dynamic_3,0.0,-0.03350830078125,0.03350830078125,0.0,0.0,-0.03350830078125
position_drift,2,ep00129_t0013_item002409,1,E3,12,enemy,4,dynamic_4,0.0,-0.00937652587890625,0.00937652587890625,0.0,0.0,-0.00937652587890625
position_drift,2,ep00129_t0013_item002409,1,E3,12,enemy,5,dynamic_5,0.0,-0.003643035888671875,0.003643035888671875,0.0,0.0,-0.003643035888671875
position_drift,2,ep00129_t0013_item002409,1,E3,12,enemy,6,dynamic_6,1.0,1.0166015625,0.0166015625,1.0,0.0,0.0166015625
position_drift,2,ep00129_t0013_item002409,1,E3,12,enemy,7,dynamic_7,0.0,-0.0152435302734375,0.0152435302734375,0.0,0.0,-0.0152435302734375
position_drift,2,ep00129_t0013_item002409,1,E3,12,enemy,8,dynamic_8,0.0,-0.0113067626953125,0.0113067626953125,0.0,0.0,-0.0113067626953125
position_drift,2,ep00129_t0013_item002409,1,E3,12,enemy,9,dynamic_9,0.0,7.027387619018555e-05,7.027387619018555e-05,0.0,0.0,7.027387619018555e-05
position_drift,2,ep00129_t0013_item002409,1,E3,12,enemy,10,dynamic_10,0.0,-0.0090789794921875,0.0090789794921875,0.0,0.0,-0.0090789794921875
position_drift,2,ep00129_t0013_item002409,1,E3,12,enemy,11,dynamic_11,0.0,-0.0144805908203125,0.0144805908203125,0.0,0.0,-0.0144805908203125
position_drift,2,ep00129_t0013_item002409,1,E4,13,enemy,0,hp,0.8080000281333923,0.91796875,0.10996872186660767,1.0,-0.19199997186660767,-0.08203125
position_drift,2,ep00129_t0013_item002409,1,E4,13,enemy,1,dx,0.014360308647155762,-0.00018644332885742188,0.014546751976013184,0.014360308647155762,0.0,-0.014546751976013184
position_drift,2,ep00129_t0013_item002409,1,E4,13,enemy,2,dy,0.07605153322219849,0.05859375,0.017457783222198486,0.07605153322219849,0.0,-0.017457783222198486
position_drift,2,ep00129_t0013_item002409,1,E4,13,enemy,3,dynamic_3,0.0,-0.0014085769653320312,0.0014085769653320312,0.0,0.0,-0.0014085769653320312
position_drift,2,ep00129_t0013_item002409,1,E4,13,enemy,4,dynamic_4,0.0,-0.01593017578125,0.01593017578125,0.0,0.0,-0.01593017578125
position_drift,2,ep00129_t0013_item002409,1,E4,13,enemy,5,dynamic_5,1.0,1.0341796875,0.0341796875,1.0,0.0,0.0341796875
position_drift,2,ep00129_t0013_item002409,1,E4,13,enemy,6,dynamic_6,0.0,0.0188140869140625,0.0188140869140625,0.0,0.0,0.0188140869140625
position_drift,2,ep00129_t0013_item002409,1,E4,13,enemy,7,dynamic_7,0.0,-0.01482391357421875,0.01482391357421875,0.0,0.0,-0.01482391357421875
position_drift,2,ep00129_t0013_item002409,1,E4,13,enemy,8,dynamic_8,0.0,-0.02813720703125,0.02813720703125,0.0,0.0,-0.02813720703125
position_drift,2,ep00129_t0013_item002409,1,E4,13,enemy,9,dynamic_9,0.0,-0.00019609928131103516,0.00019609928131103516,0.0,0.0,-0.00019609928131103516
position_drift,2,ep00129_t0013_item002409,1,E4,13,enemy,10,dynamic_10,0.0,-0.01885986328125,0.01885986328125,0.0,0.0,-0.01885986328125
position_drift,2,ep00129_t0013_item002409,1,E4,13,enemy,11,dynamic_11,0.0,0.034637451171875,0.034637451171875,0.0,0.0,0.034637451171875
position_drift,2,ep00129_t0013_item002409,1,E5,14,enemy,0,hp,1.0,0.99755859375,0.00244140625,1.0,0.0,-0.00244140625
position_drift,2,ep00129_t0013_item002409,1,E5,14,enemy,1,dx,-0.012390464544296265,-0.01023101806640625,0.0021594464778900146,-0.012390464544296265,0.0,0.0021594464778900146
position_drift,2,ep00129_t0013_item002409,1,E5,14,enemy,2,dy,0.05505108833312988,0.06060791015625,0.005556821823120117,0.05505108833312988,0.0,0.005556821823120117
position_drift,2,ep00129_t0013_item002409,1,E5,14,enemy,3,dynamic_3,0.0,0.01007843017578125,0.01007843017578125,0.0,0.0,0.01007843017578125
position_drift,2,ep00129_t0013_item002409,1,E5,14,enemy,4,dynamic_4,0.0,0.0048675537109375,0.0048675537109375,0.0,0.0,0.0048675537109375
position_drift,2,ep00129_t0013_item002409,1,E5,14,enemy,5,dynamic_5,1.0,1.01171875,0.01171875,1.0,0.0,0.01171875
position_drift,2,ep00129_t0013_item002409,1,E5,14,enemy,6,dynamic_6,0.0,-0.0177459716796875,0.0177459716796875,0.0,0.0,-0.0177459716796875
position_drift,2,ep00129_t0013_item002409,1,E5,14,enemy,7,dynamic_7,0.0,-0.0167999267578125,0.0167999267578125,0.0,0.0,-0.0167999267578125
position_drift,2,ep00129_t0013_item002409,1,E5,14,enemy,8,dynamic_8,0.0,-0.01416015625,0.01416015625,0.0,0.0,-0.01416015625
position_drift,2,ep00129_t0013_item002409,1,E5,14,enemy,9,dynamic_9,0.0,-0.00020492076873779297,0.00020492076873779297,0.0,0.0,-0.00020492076873779297
position_drift,2,ep00129_t0013_item002409,1,E5,14,enemy,10,dynamic_10,0.0,0.01079559326171875,0.01079559326171875,0.0,0.0,0.01079559326171875
position_drift,2,ep00129_t0013_item002409,1,E5,14,enemy,11,dynamic_11,0.0,0.001667022705078125,0.001667022705078125,0.0,0.0,0.001667022705078125
position_drift,2,ep00129_t0013_item002409,1,E6,15,enemy,0,hp,1.0,0.91552734375,0.08447265625,1.0,0.0,-0.08447265625
position_drift,2,ep00129_t0013_item002409,1,E6,15,enemy,1,dx,-0.03481578826904297,-0.0740966796875,0.03928089141845703,-0.03481578826904297,0.0,-0.03928089141845703
position_drift,2,ep00129_t0013_item002409,1,E6,15,enemy,2,dy,0.03476536273956299,0.031585693359375,0.0031796693801879883,0.03476536273956299,0.0,-0.0031796693801879883
position_drift,2,ep00129_t0013_item002409,1,E6,15,enemy,3,dynamic_3,0.0,0.0131683349609375,0.0131683349609375,0.0,0.0,0.0131683349609375
position_drift,2,ep00129_t0013_item002409,1,E6,15,enemy,4,dynamic_4,0.0,-0.018402099609375,0.018402099609375,0.0,0.0,-0.018402099609375
position_drift,2,ep00129_t0013_item002409,1,E6,15,enemy,5,dynamic_5,0.0,-0.0178985595703125,0.0178985595703125,0.0,0.0,-0.0178985595703125
position_drift,2,ep00129_t0013_item002409,1,E6,15,enemy,6,dynamic_6,1.0,0.9638671875,0.0361328125,1.0,0.0,-0.0361328125
position_drift,2,ep00129_t0013_item002409,1,E6,15,enemy,7,dynamic_7,0.0,0.0084381103515625,0.0084381103515625,0.0,0.0,0.0084381103515625
position_drift,2,ep00129_t0013_item002409,1,E6,15,enemy,8,dynamic_8,0.0,-0.018707275390625,0.018707275390625,0.0,0.0,-0.018707275390625
position_drift,2,ep00129_t0013_item002409,1,E6,15,enemy,9,dynamic_9,0.0,0.0005354881286621094,0.0005354881286621094,0.0,0.0,0.0005354881286621094
position_drift,2,ep00129_t0013_item002409,1,E6,15,enemy,10,dynamic_10,0.0,-0.007137298583984375,0.007137298583984375,0.0,0.0,-0.007137298583984375
position_drift,2,ep00129_t0013_item002409,1,E6,15,enemy,11,dynamic_11,0.0,0.01239013671875,0.01239013671875,0.0,0.0,0.01239013671875
position_drift,2,ep00129_t0013_item002409,5,A0,0,ally,0,hp,0.8999999761581421,0.85791015625,0.04208981990814209,0.8999999761581421,0.0,-0.04208981990814209
position_drift,2,ep00129_t0013_item002409,5,A0,0,ally,1,cooldown_or_energy,0.2653124928474426,0.262451171875,0.002861320972442627,0.25828126072883606,0.007031232118606567,0.00416991114616394
position_drift,2,ep00129_t0013_item002409,5,A0,0,ally,2,dx,-0.1396092176437378,-0.1744384765625,0.03482925891876221,-0.2489842176437378,0.109375,0.07454574108123779
position_drift,2,ep00129_t0013_item002409,5,A0,0,ally,3,dy,-0.1755504310131073,-0.1793212890625,0.0037708580493927,-0.1208629310131073,-0.0546875,-0.0584583580493927
position_drift,2,ep00129_t0013_item002409,5,A0,0,ally,4,shield,0.0,0.00629425048828125,0.00629425048828125,0.0,0.0,0.00629425048828125
position_drift,2,ep00129_t0013_item002409,5,A0,0,ally,5,dynamic_5,0.0,0.0045166015625,0.0045166015625,0.0,0.0,0.0045166015625
position_drift,2,ep00129_t0013_item002409,5,A0,0,ally,6,dynamic_6,0.0,-0.00711822509765625,0.00711822509765625,0.0,0.0,-0.00711822509765625
position_drift,2,ep00129_t0013_item002409,5,A0,0,ally,7,dynamic_7,0.0,0.1302490234375,0.1302490234375,0.0,0.0,0.1302490234375
position_drift,2,ep00129_t0013_item002409,5,A0,0,ally,8,dynamic_8,1.0,0.9453125,0.0546875,1.0,0.0,-0.0546875
position_drift,2,ep00129_t0013_item002409,5,A0,0,ally,9,dynamic_9,0.0,0.0002663135528564453,0.0002663135528564453,0.0,0.0,0.0002663135528564453
position_drift,2,ep00129_t0013_item002409,5,A0,0,ally,10,dynamic_10,0.0,-0.0201416015625,0.0201416015625,0.0,0.0,-0.0201416015625
position_drift,2,ep00129_t0013_item002409,5,A0,0,ally,11,dynamic_11,0.0,-0.043304443359375,0.043304443359375,0.0,0.0,-0.043304443359375
position_drift,2,ep00129_t0013_item002409,5,A0,0,ally,12,dynamic_12,0.0,-0.0013580322265625,0.0013580322265625,0.0,0.0,-0.0013580322265625
position_drift,2,ep00129_t0013_item002409,5,A3,3,ally,0,hp,1.0,0.9189453125,0.0810546875,1.0,0.0,-0.0810546875
position_drift,2,ep00129_t0013_item002409,5,A3,3,ally,1,cooldown_or_energy,0.0,-0.01453399658203125,0.01453399658203125,0.0,0.0,-0.01453399658203125
position_drift,2,ep00129_t0013_item002409,5,A3,3,ally,2,dx,-0.3834748864173889,-0.423095703125,0.039620816707611084,-0.334256112575531,-0.04921877384185791,-0.088839590549469
position_drift,2,ep00129_t0013_item002409,5,A3,3,ally,3,dy,0.13429361581802368,0.10162353515625,0.03267008066177368,0.08507496118545532,0.04921865463256836,0.016548573970794678
position_drift,2,ep00129_t0013_item002409,5,A3,3,ally,4,shield,0.0,-0.01482391357421875,0.01482391357421875,0.0,0.0,-0.01482391357421875
position_drift,2,ep00129_t0013_item002409,5,A3,3,ally,5,dynamic_5,0.0,-0.0302276611328125,0.0302276611328125,0.0,0.0,-0.0302276611328125
position_drift,2,ep00129_t0013_item002409,5,A3,3,ally,6,dynamic_6,0.0,0.0014314651489257812,0.0014314651489257812,0.0,0.0,0.0014314651489257812
position_drift,2,ep00129_t0013_item002409,5,A3,3,ally,7,dynamic_7,1.0,1.09765625,0.09765625,1.0,0.0,0.09765625
position_drift,2,ep00129_t0013_item002409,5,A3,3,ally,8,dynamic_8,0.0,0.02899169921875,0.02899169921875,0.0,0.0,0.02899169921875
position_drift,2,ep00129_t0013_item002409,5,A3,3,ally,9,dynamic_9,0.0,0.0005245208740234375,0.0005245208740234375,0.0,0.0,0.0005245208740234375
position_drift,2,ep00129_t0013_item002409,5,A3,3,ally,10,dynamic_10,0.0,-0.018157958984375,0.018157958984375,0.0,0.0,-0.018157958984375
position_drift,2,ep00129_t0013_item002409,5,A3,3,ally,11,dynamic_11,0.0,0.009033203125,0.009033203125,0.0,0.0,0.009033203125
position_drift,2,ep00129_t0013_item002409,5,A3,3,ally,12,dynamic_12,0.0,-0.03851318359375,0.03851318359375,0.0,0.0,-0.03851318359375
position_drift,2,ep00129_t0013_item002409,5,A5,5,ally,0,hp,0.8080000281333923,0.7373046875,0.07069534063339233,0.8080000281333923,0.0,-0.07069534063339233
position_drift,2,ep00129_t0013_item002409,5,A5,5,ally,1,cooldown_or_energy,0.0,0.0401611328125,0.0401611328125,0.0,0.0,0.0401611328125
position_drift,2,ep00129_t0013_item002409,5,A5,5,ally,2,dx,-0.16779157519340515,-0.159423828125,0.008367747068405151,-0.12030008435249329,-0.047491490840911865,-0.039123743772506714
position_drift,2,ep00129_t0013_item002409,5,A5,5,ally,3,dy,0.2291070818901062,0.26123046875,0.0321233868598938,0.1852896809577942,0.04381740093231201,0.07594078779220581
position_drift,2,ep00129_t0013_item002409,5,A5,5,ally,4,shield,0.0,0.0111846923828125,0.0111846923828125,0.0,0.0,0.0111846923828125
position_drift,2,ep00129_t0013_item002409,5,A5,5,ally,5,dynamic_5,0.0,0.0243072509765625,0.0243072509765625,0.0,0.0,0.0243072509765625
position_drift,2,ep00129_t0013_item002409,5,A5,5,ally,6,dynamic_6,1.0,0.95458984375,0.04541015625,1.0,0.0,-0.04541015625
position_drift,2,ep00129_t0013_item002409,5,A5,5,ally,7,dynamic_7,0.0,0.053741455078125,0.053741455078125,0.0,0.0,0.053741455078125
position_drift,2,ep00129_t0013_item002409,5,A5,5,ally,8,dynamic_8,0.0,-0.003284454345703125,0.003284454345703125,0.0,0.0,-0.003284454345703125
position_drift,2,ep00129_t0013_item002409,5,A5,5,ally,9,dynamic_9,0.0,0.0016241073608398438,0.0016241073608398438,0.0,0.0,0.0016241073608398438
position_drift,2,ep00129_t0013_item002409,5,A5,5,ally,10,dynamic_10,0.0,0.008270263671875,0.008270263671875,0.0,0.0,0.008270263671875
position_drift,2,ep00129_t0013_item002409,5,A5,5,ally,11,dynamic_11,0.0,-0.009002685546875,0.009002685546875,0.0,0.0,-0.009002685546875
position_drift,2,ep00129_t0013_item002409,5,A5,5,ally,12,dynamic_12,0.0,-0.037353515625,0.037353515625,0.0,0.0,-0.037353515625
position_drift,2,ep00129_t0013_item002409,5,A6,6,ally,0,hp,0.5111111402511597,0.890625,0.37951385974884033,1.0,-0.48888885974884033,-0.109375
position_drift,2,ep00129_t0013_item002409,5,A6,6,ally,1,cooldown_or_energy,0.0,0.040924072265625,0.040924072265625,0.0,0.0,0.040924072265625
position_drift,2,ep00129_t0013_item002409,5,A6,6,ally,2,dx,-0.15742036700248718,-0.10662841796875,0.05079194903373718,-0.18416962027549744,0.026749253273010254,0.07754120230674744
position_drift,2,ep00129_t0013_item002409,5,A6,6,ally,3,dy,0.1815558671951294,0.227294921875,0.045739054679870605,0.15168088674545288,0.029874980449676514,0.07561403512954712
position_drift,2,ep00129_t0013_item002409,5,A6,6,ally,4,shield,0.0,0.01515960693359375,0.01515960693359375,0.0,0.0,0.01515960693359375
position_drift,2,ep00129_t0013_item002409,5,A6,6,ally,5,dynamic_5,0.0,-0.01702880859375,0.01702880859375,0.0,0.0,-0.01702880859375
position_drift,2,ep00129_t0013_item002409,5,A6,6,ally,6,dynamic_6,0.0,-0.0428466796875,0.0428466796875,0.0,0.0,-0.0428466796875
position_drift,2,ep00129_t0013_item002409,5,A6,6,ally,7,dynamic_7,1.0,0.9296875,0.0703125,1.0,0.0,-0.0703125
position_drift,2,ep00129_t0013_item002409,5,A6,6,ally,8,dynamic_8,0.0,0.0183563232421875,0.0183563232421875,0.0,0.0,0.0183563232421875
position_drift,2,ep00129_t0013_item002409,5,A6,6,ally,9,dynamic_9,0.0,0.0018110275268554688,0.0018110275268554688,0.0,0.0,0.0018110275268554688
position_drift,2,ep00129_t0013_item002409,5,A6,6,ally,10,dynamic_10,0.0,-0.006740570068359375,0.006740570068359375,0.0,0.0,-0.006740570068359375
position_drift,2,ep00129_t0013_item002409,5,A6,6,ally,11,dynamic_11,0.0,0.0714111328125,0.0714111328125,0.0,0.0,0.0714111328125
position_drift,2,ep00129_t0013_item002409,5,A6,6,ally,12,dynamic_12,0.0,0.043701171875,0.043701171875,0.0,0.0,0.043701171875
position_drift,2,ep00129_t0013_item002409,5,E0,9,enemy,0,hp,1.0,0.98291015625,0.01708984375,1.0,0.0,-0.01708984375
position_drift,2,ep00129_t0013_item002409,5,E0,9,enemy,1,dx,0.022265911102294922,0.0305938720703125,0.008327960968017578,0.022265911102294922,0.0,0.008327960968017578
position_drift,2,ep00129_t0013_item002409,5,E0,9,enemy,2,dy,-0.04171910881996155,0.003376007080078125,0.04509511590003967,-0.04171910881996155,0.0,0.04509511590003967
position_drift,2,ep00129_t0013_item002409,5,E0,9,enemy,3,dynamic_3,0.0,-0.061065673828125,0.061065673828125,0.0,0.0,-0.061065673828125
position_drift,2,ep00129_t0013_item002409,5,E0,9,enemy,4,dynamic_4,0.0,-0.0038852691650390625,0.0038852691650390625,0.0,0.0,-0.0038852691650390625
position_drift,2,ep00129_t0013_item002409,5,E0,9,enemy,5,dynamic_5,0.0,-0.0029315948486328125,0.0029315948486328125,0.0,0.0,-0.0029315948486328125
position_drift,2,ep00129_t0013_item002409,5,E0,9,enemy,6,dynamic_6,0.0,0.017425537109375,0.017425537109375,0.0,0.0,0.017425537109375
position_drift,2,ep00129_t0013_item002409,5,E0,9,enemy,7,dynamic_7,1.0,0.93115234375,0.06884765625,1.0,0.0,-0.06884765625
position_drift,2,ep00129_t0013_item002409,5,E0,9,enemy,8,dynamic_8,0.0,0.031402587890625,0.031402587890625,0.0,0.0,0.031402587890625
position_drift,2,ep00129_t0013_item002409,5,E0,9,enemy,9,dynamic_9,0.0,-0.00044798851013183594,0.00044798851013183594,0.0,0.0,-0.00044798851013183594
position_drift,2,ep00129_t0013_item002409,5,E0,9,enemy,10,dynamic_10,0.0,0.0003197193145751953,0.0003197193145751953,0.0,0.0,0.0003197193145751953
position_drift,2,ep00129_t0013_item002409,5,E0,9,enemy,11,dynamic_11,0.0,0.04443359375,0.04443359375,0.0,0.0,0.04443359375
position_drift,2,ep00129_t0013_item002409,5,E1,10,enemy,0,hp,1.0,0.8603515625,0.1396484375,1.0,0.0,-0.1396484375
position_drift,2,ep00129_t0013_item002409,5,E1,10,enemy,1,dx,-0.11283689737319946,-0.11114501953125,0.0016918778419494629,-0.08707398176193237,-0.02576291561126709,-0.024071037769317627
position_drift,2,ep00129_t0013_item002409,5,E1,10,enemy,2,dy,0.03302234411239624,0.0178680419921875,0.01515430212020874,0.016212940216064453,0.016809403896331787,0.0016551017761230469
position_drift,2,ep00129_t0013_item002409,5,E1,10,enemy,3,dynamic_3,0.0,-0.0168609619140625,0.0168609619140625,0.0,0.0,-0.0168609619140625
position_drift,2,ep00129_t0013_item002409,5,E1,10,enemy,4,dynamic_4,0.0,-0.012847900390625,0.012847900390625,0.0,0.0,-0.012847900390625
position_drift,2,ep00129_t0013_item002409,5,E1,10,enemy,5,dynamic_5,0.0,-0.0098114013671875,0.0098114013671875,0.0,0.0,-0.0098114013671875
position_drift,2,ep00129_t0013_item002409,5,E1,10,enemy,6,dynamic_6,1.0,0.98046875,0.01953125,1.0,0.0,-0.01953125
position_drift,2,ep00129_t0013_item002409,5,E1,10,enemy,7,dynamic_7,0.0,-0.006908416748046875,0.006908416748046875,0.0,0.0,-0.006908416748046875
position_drift,2,ep00129_t0013_item002409,5,E1,10,enemy,8,dynamic_8,0.0,0.00925445556640625,0.00925445556640625,0.0,0.0,0.00925445556640625
position_drift,2,ep00129_t0013_item002409,5,E1,10,enemy,9,dynamic_9,0.0,-0.00023567676544189453,0.00023567676544189453,0.0,0.0,-0.00023567676544189453
position_drift,2,ep00129_t0013_item002409,5,E1,10,enemy,10,dynamic_10,0.0,-0.0091094970703125,0.0091094970703125,0.0,0.0,-0.0091094970703125
position_drift,2,ep00129_t0013_item002409,5,E1,10,enemy,11,dynamic_11,0.0,0.0031833648681640625,0.0031833648681640625,0.0,0.0,0.0031833648681640625
position_drift,2,ep00129_t0013_item002409,5,E2,11,enemy,0,hp,1.0,0.86962890625,0.13037109375,1.0,0.0,-0.13037109375
position_drift,2,ep00129_t0013_item002409,5,E2,11,enemy,1,dx,-0.09048908948898315,-0.124755859375,0.034266769886016846,-0.06293275952339172,-0.02755632996559143,-0.061823099851608276
position_drift,2,ep00129_t0013_item002409,5,E2,11,enemy,2,dy,0.03873467445373535,0.0146484375,0.02408623695373535,0.02088320255279541,0.01785147190093994,-0.00623476505279541
position_drift,2,ep00129_t0013_item002409,5,E2,11,enemy,3,dynamic_3,0.0,-0.032257080078125,0.032257080078125,0.0,0.0,-0.032257080078125
position_drift,2,ep00129_t0013_item002409,5,E2,11,enemy,4,dynamic_4,0.0,-0.016082763671875,0.016082763671875,0.0,0.0,-0.016082763671875
position_drift,2,ep00129_t0013_item002409,5,E2,11,enemy,5,dynamic_5,0.0,-0.0034503936767578125,0.0034503936767578125,0.0,0.0,-0.0034503936767578125
position_drift,2,ep00129_t0013_item002409,5,E2,11,enemy,6,dynamic_6,1.0,1.0048828125,0.0048828125,1.0,0.0,0.0048828125
position_drift,2,ep00129_t0013_item002409,5,E2,11,enemy,7,dynamic_7,0.0,-0.01479339599609375,0.01479339599609375,0.0,0.0,-0.01479339599609375
position_drift,2,ep00129_t0013_item002409,5,E2,11,enemy,8,dynamic_8,0.0,0.019378662109375,0.019378662109375,0.0,0.0,0.019378662109375
position_drift,2,ep00129_t0013_item002409,5,E2,11,enemy,9,dynamic_9,0.0,9.065866470336914e-05,9.065866470336914e-05,0.0,0.0,9.065866470336914e-05
position_drift,2,ep00129_t0013_item002409,5,E2,11,enemy,10,dynamic_10,0.0,-0.0328369140625,0.0328369140625,0.0,0.0,-0.0328369140625
position_drift,2,ep00129_t0013_item002409,5,E2,11,enemy,11,dynamic_11,0.0,0.0213775634765625,0.0213775634765625,0.0,0.0,0.0213775634765625
position_drift,2,ep00129_t0013_item002409,5,E3,12,enemy,0,hp,1.0,0.86669921875,0.13330078125,1.0,0.0,-0.13330078125
position_drift,2,ep00129_t0013_item002409,5,E3,12,enemy,1,dx,-0.13257068395614624,-0.10235595703125,0.03021472692489624,-0.09913292527198792,-0.033437758684158325,-0.003223031759262085
position_drift,2,ep00129_t0013_item002409,5,E3,12,enemy,2,dy,0.01952493190765381,-0.029022216796875,0.04854714870452881,-0.003938853740692139,0.023463785648345947,-0.02508336305618286
position_drift,2,ep00129_t0013_item002409,5,E3,12,enemy,3,dynamic_3,0.0,-0.01061248779296875,0.01061248779296875,0.0,0.0,-0.01061248779296875
position_drift,2,ep00129_t0013_item002409,5,E3,12,enemy,4,dynamic_4,0.0,-0.02020263671875,0.02020263671875,0.0,0.0,-0.02020263671875
position_drift,2,ep00129_t0013_item002409,5,E3,12,enemy,5,dynamic_5,0.0,-0.0021514892578125,0.0021514892578125,0.0,0.0,-0.0021514892578125
position_drift,2,ep00129_t0013_item002409,5,E3,12,enemy,6,dynamic_6,1.0,1.0224609375,0.0224609375,1.0,0.0,0.0224609375
position_drift,2,ep00129_t0013_item002409,5,E3,12,enemy,7,dynamic_7,0.0,-0.0145416259765625,0.0145416259765625,0.0,0.0,-0.0145416259765625
position_drift,2,ep00129_t0013_item002409,5,E3,12,enemy,8,dynamic_8,0.0,-0.00988006591796875,0.00988006591796875,0.0,0.0,-0.00988006591796875
position_drift,2,ep00129_t0013_item002409,5,E3,12,enemy,9,dynamic_9,0.0,-4.112720489501953e-05,4.112720489501953e-05,0.0,0.0,-4.112720489501953e-05
position_drift,2,ep00129_t0013_item002409,5,E3,12,enemy,10,dynamic_10,0.0,-0.031280517578125,0.031280517578125,0.0,0.0,-0.031280517578125
position_drift,2,ep00129_t0013_item002409,5,E3,12,enemy,11,dynamic_11,0.0,-0.01419830322265625,0.01419830322265625,0.0,0.0,-0.01419830322265625
position_drift,2,ep00129_t0013_item002409,5,E4,13,enemy,0,hp,0.843999981880188,0.947265625,0.10326564311981201,1.0,-0.156000018119812,-0.052734375
position_drift,2,ep00129_t0013_item002409,5,E4,13,enemy,1,dx,-0.008866280317306519,-0.056121826171875,0.04725554585456848,0.014360308647155762,-0.02322658896446228,-0.07048213481903076
position_drift,2,ep00129_t0013_item002409,5,E4,13,enemy,2,dy,0.08770537376403809,0.0391845703125,0.048520803451538086,0.07605153322219849,0.0116538405418396,-0.036866962909698486
position_drift,2,ep00129_t0013_item002409,5,E4,13,enemy,3,dynamic_3,0.0,-0.0133819580078125,0.0133819580078125,0.0,0.0,-0.0133819580078125
position_drift,2,ep00129_t0013_item002409,5,E4,13,enemy,4,dynamic_4,0.0,-0.0249176025390625,0.0249176025390625,0.0,0.0,-0.0249176025390625
position_drift,2,ep00129_t0013_item002409,5,E4,13,enemy,5,dynamic_5,1.0,0.99853515625,0.00146484375,1.0,0.0,-0.00146484375
position_drift,2,ep00129_t0013_item002409,5,E4,13,enemy,6,dynamic_6,0.0,0.0231781005859375,0.0231781005859375,0.0,0.0,0.0231781005859375
position_drift,2,ep00129_t0013_item002409,5,E4,13,enemy,7,dynamic_7,0.0,-0.0001995563507080078,0.0001995563507080078,0.0,0.0,-0.0001995563507080078
position_drift,2,ep00129_t0013_item002409,5,E4,13,enemy,8,dynamic_8,0.0,-0.0242919921875,0.0242919921875,0.0,0.0,-0.0242919921875
position_drift,2,ep00129_t0013_item002409,5,E4,13,enemy,9,dynamic_9,0.0,-0.00013446807861328125,0.00013446807861328125,0.0,0.0,-0.00013446807861328125
position_drift,2,ep00129_t0013_item002409,5,E4,13,enemy,10,dynamic_10,0.0,-0.006031036376953125,0.006031036376953125,0.0,0.0,-0.006031036376953125
position_drift,2,ep00129_t0013_item002409,5,E4,13,enemy,11,dynamic_11,0.0,0.0289764404296875,0.0289764404296875,0.0,0.0,0.0289764404296875
position_drift,2,ep00129_t0013_item002409,5,E5,14,enemy,0,hp,0.8479999899864197,0.962890625,0.11489063501358032,1.0,-0.15200001001358032,-0.037109375
position_drift,2,ep00129_t0013_item002409,5,E5,14,enemy,1,dx,-0.042043447494506836,-0.040924072265625,0.001119375228881836,-0.012390464544296265,-0.02965298295021057,-0.028533607721328735
position_drift,2,ep00129_t0013_item002409,5,E5,14,enemy,2,dy,0.07607370615005493,0.0291290283203125,0.04694467782974243,0.05505108833312988,0.02102261781692505,-0.025922060012817383
position_drift,2,ep00129_t0013_item002409,5,E5,14,enemy,3,dynamic_3,0.0,0.0172271728515625,0.0172271728515625,0.0,0.0,0.0172271728515625
position_drift,2,ep00129_t0013_item002409,5,E5,14,enemy,4,dynamic_4,0.0,-0.0016460418701171875,0.0016460418701171875,0.0,0.0,-0.0016460418701171875
position_drift,2,ep00129_t0013_item002409,5,E5,14,enemy,5,dynamic_5,1.0,0.98828125,0.01171875,1.0,0.0,-0.01171875
position_drift,2,ep00129_t0013_item002409,5,E5,14,enemy,6,dynamic_6,0.0,-0.007472991943359375,0.007472991943359375,0.0,0.0,-0.007472991943359375
position_drift,2,ep00129_t0013_item002409,5,E5,14,enemy,7,dynamic_7,0.0,-0.007259368896484375,0.007259368896484375,0.0,0.0,-0.007259368896484375
position_drift,2,ep00129_t0013_item002409,5,E5,14,enemy,8,dynamic_8,0.0,-0.0154876708984375,0.0154876708984375,0.0,0.0,-0.0154876708984375
position_drift,2,ep00129_t0013_item002409,5,E5,14,enemy,9,dynamic_9,0.0,1.7881393432617188e-07,1.7881393432617188e-07,0.0,0.0,1.7881393432617188e-07
position_drift,2,ep00129_t0013_item002409,5,E5,14,enemy,10,dynamic_10,0.0,0.0230560302734375,0.0230560302734375,0.0,0.0,0.0230560302734375
position_drift,2,ep00129_t0013_item002409,5,E5,14,enemy,11,dynamic_11,0.0,0.00910186767578125,0.00910186767578125,0.0,0.0,0.00910186767578125
position_drift,2,ep00129_t0013_item002409,5,E6,15,enemy,0,hp,1.0,0.94140625,0.05859375,1.0,0.0,-0.05859375
position_drift,2,ep00129_t0013_item002409,5,E6,15,enemy,1,dx,-0.06619924306869507,-0.09613037109375,0.02993112802505493,-0.03481578826904297,-0.0313834547996521,-0.06131458282470703
position_drift,2,ep00129_t0013_item002409,5,E6,15,enemy,2,dy,0.04975557327270508,0.03851318359375,0.011242389678955078,0.03476536273956299,0.01499021053314209,0.0037478208541870117
position_drift,2,ep00129_t0013_item002409,5,E6,15,enemy,3,dynamic_3,0.0,0.0078277587890625,0.0078277587890625,0.0,0.0,0.0078277587890625
position_drift,2,ep00129_t0013_item002409,5,E6,15,enemy,4,dynamic_4,0.0,-0.01494598388671875,0.01494598388671875,0.0,0.0,-0.01494598388671875
position_drift,2,ep00129_t0013_item002409,5,E6,15,enemy,5,dynamic_5,0.0,-0.02105712890625,0.02105712890625,0.0,0.0,-0.02105712890625
position_drift,2,ep00129_t0013_item002409,5,E6,15,enemy,6,dynamic_6,1.0,0.97607421875,0.02392578125,1.0,0.0,-0.02392578125
position_drift,2,ep00129_t0013_item002409,5,E6,15,enemy,7,dynamic_7,0.0,0.01404571533203125,0.01404571533203125,0.0,0.0,0.01404571533203125
position_drift,2,ep00129_t0013_item002409,5,E6,15,enemy,8,dynamic_8,0.0,-0.0178375244140625,0.0178375244140625,0.0,0.0,-0.0178375244140625
position_drift,2,ep00129_t0013_item002409,5,E6,15,enemy,9,dynamic_9,0.0,0.000278472900390625,0.000278472900390625,0.0,0.0,0.000278472900390625
position_drift,2,ep00129_t0013_item002409,5,E6,15,enemy,10,dynamic_10,0.0,-0.0098876953125,0.0098876953125,0.0,0.0,-0.0098876953125
position_drift,2,ep00129_t0013_item002409,5,E6,15,enemy,11,dynamic_11,0.0,0.00467681884765625,0.00467681884765625,0.0,0.0,0.00467681884765625
position_drift,2,ep00129_t0013_item002409,15,A0,0,ally,0,hp,0.8999999761581421,0.76220703125,0.1377929449081421,0.8999999761581421,0.0,-0.1377929449081421
position_drift,2,ep00129_t0013_item002409,15,A0,0,ally,1,cooldown_or_energy,0.27937498688697815,0.2275390625,0.05183592438697815,0.25828126072883606,0.02109372615814209,-0.03074219822883606
position_drift,2,ep00129_t0013_item002409,15,A0,0,ally,2,dx,-0.08492171764373779,-0.1484375,0.06351578235626221,-0.2489842176437378,0.1640625,0.10054671764373779
position_drift,2,ep00129_t0013_item002409,15,A0,0,ally,3,dy,-0.2302379310131073,-0.19873046875,0.0315074622631073,-0.1208629310131073,-0.109375,-0.0778675377368927
position_drift,2,ep00129_t0013_item002409,15,A0,0,ally,4,shield,0.0,-0.01558685302734375,0.01558685302734375,0.0,0.0,-0.01558685302734375
position_drift,2,ep00129_t0013_item002409,15,A0,0,ally,5,dynamic_5,0.0,-0.0013980865478515625,0.0013980865478515625,0.0,0.0,-0.0013980865478515625
position_drift,2,ep00129_t0013_item002409,15,A0,0,ally,6,dynamic_6,0.0,-0.0245513916015625,0.0245513916015625,0.0,0.0,-0.0245513916015625
position_drift,2,ep00129_t0013_item002409,15,A0,0,ally,7,dynamic_7,0.0,0.09832763671875,0.09832763671875,0.0,0.0,0.09832763671875
position_drift,2,ep00129_t0013_item002409,15,A0,0,ally,8,dynamic_8,1.0,1.0205078125,0.0205078125,1.0,0.0,0.0205078125
position_drift,2,ep00129_t0013_item002409,15,A0,0,ally,9,dynamic_9,0.0,0.0004551410675048828,0.0004551410675048828,0.0,0.0,0.0004551410675048828
position_drift,2,ep00129_t0013_item002409,15,A0,0,ally,10,dynamic_10,0.0,-0.026031494140625,0.026031494140625,0.0,0.0,-0.026031494140625
position_drift,2,ep00129_t0013_item002409,15,A0,0,ally,11,dynamic_11,0.0,-0.06243896484375,0.06243896484375,0.0,0.0,-0.06243896484375
position_drift,2,ep00129_t0013_item002409,15,A0,0,ally,12,dynamic_12,0.0,0.00013208389282226562,0.00013208389282226562,0.0,0.0,0.00013208389282226562
position_drift,2,ep00129_t0013_item002409,15,A3,3,ally,0,hp,1.0,0.8818359375,0.1181640625,1.0,0.0,-0.1181640625
position_drift,2,ep00129_t0013_item002409,15,A3,3,ally,1,cooldown_or_energy,0.0,-0.0191802978515625,0.0191802978515625,0.0,0.0,-0.0191802978515625
position_drift,2,ep00129_t0013_item002409,15,A3,3,ally,2,dx,-0.48191240429878235,-0.41552734375,0.06638506054878235,-0.334256112575531,-0.14765629172325134,-0.081271231174469
position_drift,2,ep00129_t0013_item002409,15,A3,3,ally,3,dy,0.22492259740829468,0.2108154296875,0.014107167720794678,0.08507496118545532,0.13984763622283936,0.12574046850204468
position_drift,2,ep00129_t0013_item002409,15,A3,3,ally,4,shield,0.0,-0.022857666015625,0.022857666015625,0.0,0.0,-0.022857666015625
position_drift,2,ep00129_t0013_item002409,15,A3,3,ally,5,dynamic_5,0.0,-0.006649017333984375,0.006649017333984375,0.0,0.0,-0.006649017333984375
position_drift,2,ep00129_t0013_item002409,15,A3,3,ally,6,dynamic_6,0.0,0.01026153564453125,0.01026153564453125,0.0,0.0,0.01026153564453125
position_drift,2,ep00129_t0013_item002409,15,A3,3,ally,7,dynamic_7,1.0,0.96044921875,0.03955078125,1.0,0.0,-0.03955078125
position_drift,2,ep00129_t0013_item002409,15,A3,3,ally,8,dynamic_8,0.0,0.046905517578125,0.046905517578125,0.0,0.0,0.046905517578125
position_drift,2,ep00129_t0013_item002409,15,A3,3,ally,9,dynamic_9,0.0,0.000492095947265625,0.000492095947265625,0.0,0.0,0.000492095947265625
position_drift,2,ep00129_t0013_item002409,15,A3,3,ally,10,dynamic_10,0.0,-0.0173187255859375,0.0173187255859375,0.0,0.0,-0.0173187255859375
position_drift,2,ep00129_t0013_item002409,15,A3,3,ally,11,dynamic_11,0.0,0.05767822265625,0.05767822265625,0.0,0.0,0.05767822265625
position_drift,2,ep00129_t0013_item002409,15,A3,3,ally,12,dynamic_12,0.0,0.026031494140625,0.026031494140625,0.0,0.0,0.026031494140625
position_drift,2,ep00129_t0013_item002409,15,E0,9,enemy,0,hp,1.0,0.99462890625,0.00537109375,1.0,0.0,-0.00537109375
position_drift,2,ep00129_t0013_item002409,15,E0,9,enemy,1,dx,-0.04108801484107971,0.01070404052734375,0.05179205536842346,0.022265911102294922,-0.06335392594337463,-0.011561870574951172
position_drift,2,ep00129_t0013_item002409,15,E0,9,enemy,2,dy,0.006004214286804199,-0.0258331298828125,0.0318373441696167,-0.04171910881996155,0.04772332310676575,0.015885978937149048
position_drift,2,ep00129_t0013_item002409,15,E0,9,enemy,3,dynamic_3,0.0,0.0103759765625,0.0103759765625,0.0,0.0,0.0103759765625
position_drift,2,ep00129_t0013_item002409,15,E0,9,enemy,4,dynamic_4,0.0,0.0086669921875,0.0086669921875,0.0,0.0,0.0086669921875
position_drift,2,ep00129_t0013_item002409,15,E0,9,enemy,5,dynamic_5,0.0,-0.005931854248046875,0.005931854248046875,0.0,0.0,-0.005931854248046875
position_drift,2,ep00129_t0013_item002409,15,E0,9,enemy,6,dynamic_6,0.0,0.04388427734375,0.04388427734375,0.0,0.0,0.04388427734375
position_drift,2,ep00129_t0013_item002409,15,E0,9,enemy,7,dynamic_7,1.0,0.716796875,0.283203125,1.0,0.0,-0.283203125
position_drift,2,ep00129_t0013_item002409,15,E0,9,enemy,8,dynamic_8,0.0,0.044525146484375,0.044525146484375,0.0,0.0,0.044525146484375
position_drift,2,ep00129_t0013_item002409,15,E0,9,enemy,9,dynamic_9,0.0,-0.0003437995910644531,0.0003437995910644531,0.0,0.0,-0.0003437995910644531
position_drift,2,ep00129_t0013_item002409,15,E0,9,enemy,10,dynamic_10,0.0,-0.0085601806640625,0.0085601806640625,0.0,0.0,-0.0085601806640625
position_drift,2,ep00129_t0013_item002409,15,E0,9,enemy,11,dynamic_11,0.0,0.2073974609375,0.2073974609375,0.0,0.0,0.2073974609375
position_drift,2,ep00129_t0013_item002409,15,E1,10,enemy,0,hp,1.0,0.90185546875,0.09814453125,1.0,0.0,-0.09814453125
position_drift,2,ep00129_t0013_item002409,15,E1,10,enemy,1,dx,-0.1988082230091095,-0.133056640625,0.0657515823841095,-0.08707398176193237,-0.11173424124717712,-0.04598265886306763
position_drift,2,ep00129_t0013_item002409,15,E1,10,enemy,2,dy,0.09358900785446167,0.01004791259765625,0.08354109525680542,0.016212940216064453,0.07737606763839722,-0.006165027618408203
position_drift,2,ep00129_t0013_item002409,15,E1,10,enemy,3,dynamic_3,0.0,-0.01194000244140625,0.01194000244140625,0.0,0.0,-0.01194000244140625
position_drift,2,ep00129_t0013_item002409,15,E1,10,enemy,4,dynamic_4,0.0,-0.01456451416015625,0.01456451416015625,0.0,0.0,-0.01456451416015625
position_drift,2,ep00129_t0013_item002409,15,E1,10,enemy,5,dynamic_5,0.0,-0.0020351409912109375,0.0020351409912109375,0.0,0.0,-0.0020351409912109375
position_drift,2,ep00129_t0013_item002409,15,E1,10,enemy,6,dynamic_6,1.0,0.96630859375,0.03369140625,1.0,0.0,-0.03369140625
position_drift,2,ep00129_t0013_item002409,15,E1,10,enemy,7,dynamic_7,0.0,-0.004505157470703125,0.004505157470703125,0.0,0.0,-0.004505157470703125
position_drift,2,ep00129_t0013_item002409,15,E1,10,enemy,8,dynamic_8,0.0,0.01073455810546875,0.01073455810546875,0.0,0.0,0.01073455810546875
position_drift,2,ep00129_t0013_item002409,15,E1,10,enemy,9,dynamic_9,0.0,-0.00024056434631347656,0.00024056434631347656,0.0,0.0,-0.00024056434631347656
position_drift,2,ep00129_t0013_item002409,15,E1,10,enemy,10,dynamic_10,0.0,-0.0220489501953125,0.0220489501953125,0.0,0.0,-0.0220489501953125
position_drift,2,ep00129_t0013_item002409,15,E1,10,enemy,11,dynamic_11,0.0,0.0157928466796875,0.0157928466796875,0.0,0.0,0.0157928466796875
position_drift,2,ep00129_t0013_item002409,15,E2,11,enemy,0,hp,1.0,0.89453125,0.10546875,1.0,0.0,-0.10546875
position_drift,2,ep00129_t0013_item002409,15,E2,11,enemy,1,dx,-0.2415345013141632,-0.1719970703125,0.06953743100166321,-0.06293275952339172,-0.17860174179077148,-0.10906431078910828
position_drift,2,ep00129_t0013_item002409,15,E2,11,enemy,2,dy,0.10381054878234863,0.0174560546875,0.08635449409484863,0.02088320255279541,0.08292734622955322,-0.00342714786529541
position_drift,2,ep00129_t0013_item002409,15,E2,11,enemy,3,dynamic_3,0.0,-0.03057861328125,0.03057861328125,0.0,0.0,-0.03057861328125
position_drift,2,ep00129_t0013_item002409,15,E2,11,enemy,4,dynamic_4,0.0,-0.0193023681640625,0.0193023681640625,0.0,0.0,-0.0193023681640625
position_drift,2,ep00129_t0013_item002409,15,E2,11,enemy,5,dynamic_5,0.0,-0.0035991668701171875,0.0035991668701171875,0.0,0.0,-0.0035991668701171875
position_drift,2,ep00129_t0013_item002409,15,E2,11,enemy,6,dynamic_6,1.0,1.021484375,0.021484375,1.0,0.0,0.021484375
position_drift,2,ep00129_t0013_item002409,15,E2,11,enemy,7,dynamic_7,0.0,-0.014862060546875,0.014862060546875,0.0,0.0,-0.014862060546875
position_drift,2,ep00129_t0013_item002409,15,E2,11,enemy,8,dynamic_8,0.0,0.015716552734375,0.015716552734375,0.0,0.0,0.015716552734375
position_drift,2,ep00129_t0013_item002409,15,E2,11,enemy,9,dynamic_9,0.0,9.268522262573242e-05,9.268522262573242e-05,0.0,0.0,9.268522262573242e-05
position_drift,2,ep00129_t0013_item002409,15,E2,11,enemy,10,dynamic_10,0.0,-0.054840087890625,0.054840087890625,0.0,0.0,-0.054840087890625
position_drift,2,ep00129_t0013_item002409,15,E2,11,enemy,11,dynamic_11,0.0,0.035064697265625,0.035064697265625,0.0,0.0,0.035064697265625
position_drift,2,ep00129_t0013_item002409,15,E3,12,enemy,0,hp,1.0,0.849609375,0.150390625,1.0,0.0,-0.150390625
position_drift,2,ep00129_t0013_item002409,15,E3,12,enemy,1,dx,-0.175775408744812,-0.11767578125,0.05809962749481201,-0.09913292527198792,-0.0766424834728241,-0.018542855978012085
position_drift,2,ep00129_t0013_item002409,15,E3,12,enemy,2,dy,0.09854334592819214,-0.021392822265625,0.11993616819381714,-0.003938853740692139,0.10248219966888428,-0.01745396852493286
position_drift,2,ep00129_t0013_item002409,15,E3,12,enemy,3,dynamic_3,0.0,0.007122039794921875,0.007122039794921875,0.0,0.0,0.007122039794921875
position_drift,2,ep00129_t0013_item002409,15,E3,12,enemy,4,dynamic_4,0.0,-0.02435302734375,0.02435302734375,0.0,0.0,-0.02435302734375
position_drift,2,ep00129_t0013_item002409,15,E3,12,enemy,5,dynamic_5,0.0,-0.00255584716796875,0.00255584716796875,0.0,0.0,-0.00255584716796875
position_drift,2,ep00129_t0013_item002409,15,E3,12,enemy,6,dynamic_6,1.0,1.041015625,0.041015625,1.0,0.0,0.041015625
position_drift,2,ep00129_t0013_item002409,15,E3,12,enemy,7,dynamic_7,0.0,-0.01549530029296875,0.01549530029296875,0.0,0.0,-0.01549530029296875
position_drift,2,ep00129_t0013_item002409,15,E3,12,enemy,8,dynamic_8,0.0,-0.0143585205078125,0.0143585205078125,0.0,0.0,-0.0143585205078125
position_drift,2,ep00129_t0013_item002409,15,E3,12,enemy,9,dynamic_9,0.0,-2.5510787963867188e-05,2.5510787963867188e-05,0.0,0.0,-2.5510787963867188e-05
position_drift,2,ep00129_t0013_item002409,15,E3,12,enemy,10,dynamic_10,0.0,-0.044586181640625,0.044586181640625,0.0,0.0,-0.044586181640625
position_drift,2,ep00129_t0013_item002409,15,E3,12,enemy,11,dynamic_11,0.0,-0.0108642578125,0.0108642578125,0.0,0.0,-0.0108642578125
position_drift,2,ep00129_t0013_item002409,15,E4,13,enemy,0,hp,0.9350000023841858,0.9287109375,0.006289064884185791,1.0,-0.06499999761581421,-0.0712890625
position_drift,2,ep00129_t0013_item002409,15,E4,13,enemy,1,dx,-0.1924411952495575,-0.089599609375,0.1028415858745575,0.014360308647155762,-0.20680150389671326,-0.10395991802215576
position_drift,2,ep00129_t0013_item002409,15,E4,13,enemy,2,dy,0.0649341344833374,0.013824462890625,0.0511096715927124,0.07605153322219849,-0.011117398738861084,-0.062227070331573486
position_drift,2,ep00129_t0013_item002409,15,E4,13,enemy,3,dynamic_3,0.0,-0.0065155029296875,0.0065155029296875,0.0,0.0,-0.0065155029296875
position_drift,2,ep00129_t0013_item002409,15,E4,13,enemy,4,dynamic_4,0.0,-0.024658203125,0.024658203125,0.0,0.0,-0.024658203125
position_drift,2,ep00129_t0013_item002409,15,E4,13,enemy,5,dynamic_5,1.0,0.96728515625,0.03271484375,1.0,0.0,-0.03271484375
position_drift,2,ep00129_t0013_item002409,15,E4,13,enemy,6,dynamic_6,0.0,0.0204925537109375,0.0204925537109375,0.0,0.0,0.0204925537109375
position_drift,2,ep00129_t0013_item002409,15,E4,13,enemy,7,dynamic_7,0.0,-0.004100799560546875,0.004100799560546875,0.0,0.0,-0.004100799560546875
position_drift,2,ep00129_t0013_item002409,15,E4,13,enemy,8,dynamic_8,0.0,-0.0120086669921875,0.0120086669921875,0.0,0.0,-0.0120086669921875
position_drift,2,ep00129_t0013_item002409,15,E4,13,enemy,9,dynamic_9,0.0,-3.439188003540039e-05,3.439188003540039e-05,0.0,0.0,-3.439188003540039e-05
position_drift,2,ep00129_t0013_item002409,15,E4,13,enemy,10,dynamic_10,0.0,0.00171661376953125,0.00171661376953125,0.0,0.0,0.00171661376953125
position_drift,2,ep00129_t0013_item002409,15,E4,13,enemy,11,dynamic_11,0.0,0.0311279296875,0.0311279296875,0.0,0.0,0.0311279296875
position_drift,2,ep00129_t0013_item002409,15,E5,14,enemy,0,hp,0.8665000200271606,0.95263671875,0.08613669872283936,1.0,-0.13349997997283936,-0.04736328125
position_drift,2,ep00129_t0013_item002409,15,E5,14,enemy,1,dx,-0.22588500380516052,-0.0631103515625,0.16277465224266052,-0.012390464544296265,-0.21349453926086426,-0.050719887018203735
position_drift,2,ep00129_t0013_item002409,15,E5,14,enemy,2,dy,0.07855641841888428,-0.015045166015625,0.09360158443450928,0.05505108833312988,0.023505330085754395,-0.07009625434875488
position_drift,2,ep00129_t0013_item002409,15,E5,14,enemy,3,dynamic_3,0.0,0.03692626953125,0.03692626953125,0.0,0.0,0.03692626953125
position_drift,2,ep00129_t0013_item002409,15,E5,14,enemy,4,dynamic_4,0.0,-0.0029773712158203125,0.0029773712158203125,0.0,0.0,-0.0029773712158203125
position_drift,2,ep00129_t0013_item002409,15,E5,14,enemy,5,dynamic_5,1.0,0.94287109375,0.05712890625,1.0,0.0,-0.05712890625
position_drift,2,ep00129_t0013_item002409,15,E5,14,enemy,6,dynamic_6,0.0,-0.0104522705078125,0.0104522705078125,0.0,0.0,-0.0104522705078125
position_drift,2,ep00129_t0013_item002409,15,E5,14,enemy,7,dynamic_7,0.0,-0.00656890869140625,0.00656890869140625,0.0,0.0,-0.00656890869140625
position_drift,2,ep00129_t0013_item002409,15,E5,14,enemy,8,dynamic_8,0.0,-0.007366180419921875,0.007366180419921875,0.0,0.0,-0.007366180419921875
position_drift,2,ep00129_t0013_item002409,15,E5,14,enemy,9,dynamic_9,0.0,8.83340835571289e-05,8.83340835571289e-05,0.0,0.0,8.83340835571289e-05
position_drift,2,ep00129_t0013_item002409,15,E5,14,enemy,10,dynamic_10,0.0,0.0369873046875,0.0369873046875,0.0,0.0,0.0369873046875
position_drift,2,ep00129_t0013_item002409,15,E5,14,enemy,11,dynamic_11,0.0,0.0308837890625,0.0308837890625,0.0,0.0,0.0308837890625
position_drift,2,ep00129_t0013_item002409,15,E6,15,enemy,0,hp,1.0,0.951171875,0.048828125,1.0,0.0,-0.048828125
position_drift,2,ep00129_t0013_item002409,15,E6,15,enemy,1,dx,-0.21815547347068787,-0.1318359375,0.08631953597068787,-0.03481578826904297,-0.1833396852016449,-0.09702014923095703
position_drift,2,ep00129_t0013_item002409,15,E6,15,enemy,2,dy,0.10681837797164917,0.04266357421875,0.06415480375289917,0.03476536273956299,0.07205301523208618,0.007898211479187012
position_drift,2,ep00129_t0013_item002409,15,E6,15,enemy,3,dynamic_3,0.0,0.0020427703857421875,0.0020427703857421875,0.0,0.0,0.0020427703857421875
position_drift,2,ep00129_t0013_item002409,15,E6,15,enemy,4,dynamic_4,0.0,-0.01556396484375,0.01556396484375,0.0,0.0,-0.01556396484375
position_drift,2,ep00129_t0013_item002409,15,E6,15,enemy,5,dynamic_5,0.0,-0.0202484130859375,0.0202484130859375,0.0,0.0,-0.0202484130859375
position_drift,2,ep00129_t0013_item002409,15,E6,15,enemy,6,dynamic_6,1.0,0.98388671875,0.01611328125,1.0,0.0,-0.01611328125
position_drift,2,ep00129_t0013_item002409,15,E6,15,enemy,7,dynamic_7,0.0,-0.00356292724609375,0.00356292724609375,0.0,0.0,-0.00356292724609375
position_drift,2,ep00129_t0013_item002409,15,E6,15,enemy,8,dynamic_8,0.0,-0.011810302734375,0.011810302734375,0.0,0.0,-0.011810302734375
position_drift,2,ep00129_t0013_item002409,15,E6,15,enemy,9,dynamic_9,0.0,0.00018024444580078125,0.00018024444580078125,0.0,0.0,0.00018024444580078125
position_drift,2,ep00129_t0013_item002409,15,E6,15,enemy,10,dynamic_10,0.0,-0.0044708251953125,0.0044708251953125,0.0,0.0,-0.0044708251953125
position_drift,2,ep00129_t0013_item002409,15,E6,15,enemy,11,dynamic_11,0.0,0.01343536376953125,0.01343536376953125,0.0,0.0,0.01343536376953125
health_or_damage_miss,1,ep00001_t0002_item000000,1,A0,0,ally,0,hp,1.0,1.0546875,0.0546875,1.0,0.0,0.0546875
health_or_damage_miss,1,ep00001_t0002_item000000,1,A0,0,ally,1,cooldown_or_energy,0.0,0.079345703125,0.079345703125,0.0,0.0,0.079345703125
health_or_damage_miss,1,ep00001_t0002_item000000,1,A0,0,ally,2,dx,-0.15467053651809692,-0.1346435546875,0.020026981830596924,-0.15467053651809692,0.0,0.020026981830596924
health_or_damage_miss,1,ep00001_t0002_item000000,1,A0,0,ally,3,dy,-0.05485367774963379,-0.11383056640625,0.05897688865661621,-0.05485367774963379,0.0,-0.05897688865661621
health_or_damage_miss,1,ep00001_t0002_item000000,1,A0,0,ally,4,shield,0.0,0.00266265869140625,0.00266265869140625,0.0,0.0,0.00266265869140625
health_or_damage_miss,1,ep00001_t0002_item000000,1,A0,0,ally,5,dynamic_5,0.0,0.05462646484375,0.05462646484375,0.0,0.0,0.05462646484375
health_or_damage_miss,1,ep00001_t0002_item000000,1,A0,0,ally,6,dynamic_6,0.0,0.032745361328125,0.032745361328125,0.0,0.0,0.032745361328125
health_or_damage_miss,1,ep00001_t0002_item000000,1,A0,0,ally,7,dynamic_7,1.0,1.1728515625,0.1728515625,1.0,0.0,0.1728515625
health_or_damage_miss,1,ep00001_t0002_item000000,1,A0,0,ally,8,dynamic_8,0.0,-0.0733642578125,0.0733642578125,0.0,0.0,-0.0733642578125
health_or_damage_miss,1,ep00001_t0002_item000000,1,A0,0,ally,9,dynamic_9,0.0,-0.0019378662109375,0.0019378662109375,0.0,0.0,-0.0019378662109375
health_or_damage_miss,1,ep00001_t0002_item000000,1,A0,0,ally,10,dynamic_10,0.0,0.0018291473388671875,0.0018291473388671875,0.0,0.0,0.0018291473388671875
health_or_damage_miss,1,ep00001_t0002_item000000,1,A0,0,ally,11,dynamic_11,0.0,-0.072998046875,0.072998046875,0.0,0.0,-0.072998046875
health_or_damage_miss,1,ep00001_t0002_item000000,1,A0,0,ally,12,dynamic_12,0.0,-0.02313232421875,0.02313232421875,0.0,0.0,-0.02313232421875
health_or_damage_miss,1,ep00001_t0002_item000000,1,A1,1,ally,0,hp,0.6000000238418579,0.58935546875,0.01064455509185791,0.7333333492279053,-0.13333332538604736,-0.14397788047790527
health_or_damage_miss,1,ep00001_t0002_item000000,1,A1,1,ally,1,cooldown_or_energy,0.48770493268966675,0.373779296875,0.11392563581466675,0.0,0.48770493268966675,0.373779296875
health_or_damage_miss,1,ep00001_t0002_item000000,1,A1,1,ally,2,dx,-0.09579163789749146,-0.11273193359375,0.016940295696258545,-0.10778576135635376,0.011994123458862305,-0.00494617223739624
health_or_damage_miss,1,ep00001_t0002_item000000,1,A1,1,ally,3,dy,-0.034179627895355225,-0.10711669921875,0.07293707132339478,-0.03692656755447388,0.0027469396591186523,-0.07019013166427612
health_or_damage_miss,1,ep00001_t0002_item000000,1,A1,1,ally,4,shield,0.0,0.10614013671875,0.10614013671875,0.0,0.0,0.10614013671875
health_or_damage_miss,1,ep00001_t0002_item000000,1,A1,1,ally,5,dynamic_5,0.0,0.04266357421875,0.04266357421875,0.0,0.0,0.04266357421875
health_or_damage_miss,1,ep00001_t0002_item000000,1,A1,1,ally,6,dynamic_6,0.0,0.020111083984375,0.020111083984375,0.0,0.0,0.020111083984375
health_or_damage_miss,1,ep00001_t0002_item000000,1,A1,1,ally,7,dynamic_7,1.0,1.033203125,0.033203125,1.0,0.0,0.033203125
health_or_damage_miss,1,ep00001_t0002_item000000,1,A1,1,ally,8,dynamic_8,0.0,-0.0163421630859375,0.0163421630859375,0.0,0.0,-0.0163421630859375
health_or_damage_miss,1,ep00001_t0002_item000000,1,A1,1,ally,9,dynamic_9,0.0,-0.0003981590270996094,0.0003981590270996094,0.0,0.0,-0.0003981590270996094
health_or_damage_miss,1,ep00001_t0002_item000000,1,A1,1,ally,10,dynamic_10,0.0,0.006473541259765625,0.006473541259765625,0.0,0.0,0.006473541259765625
health_or_damage_miss,1,ep00001_t0002_item000000,1,A1,1,ally,11,dynamic_11,0.0,-0.030548095703125,0.030548095703125,0.0,0.0,-0.030548095703125
health_or_damage_miss,1,ep00001_t0002_item000000,1,A1,1,ally,12,dynamic_12,0.0,-0.034942626953125,0.034942626953125,0.0,0.0,-0.034942626953125
health_or_damage_miss,1,ep00001_t0002_item000000,1,A2,2,ally,0,hp,0.8666666746139526,0.73486328125,0.13180339336395264,0.8666666746139526,0.0,-0.13180339336395264
health_or_damage_miss,1,ep00001_t0002_item000000,1,A2,2,ally,1,cooldown_or_energy,0.0,0.04632568359375,0.04632568359375,0.0,0.0,0.04632568359375
health_or_damage_miss,1,ep00001_t0002_item000000,1,A2,2,ally,2,dx,-0.07606333494186401,-0.053253173828125,0.022810161113739014,-0.07606333494186401,0.0,0.022810161113739014
health_or_damage_miss,1,ep00001_t0002_item000000,1,A2,2,ally,3,dy,0.01875925064086914,-0.072021484375,0.09078073501586914,-0.03045940399169922,0.04921865463256836,-0.04156208038330078
health_or_damage_miss,1,ep00001_t0002_item000000,1,A2,2,ally,4,shield,0.0,0.014190673828125,0.014190673828125,0.0,0.0,0.014190673828125
health_or_damage_miss,1,ep00001_t0002_item000000,1,A2,2,ally,5,dynamic_5,0.0,-0.02020263671875,0.02020263671875,0.0,0.0,-0.02020263671875
health_or_damage_miss,1,ep00001_t0002_item000000,1,A2,2,ally,6,dynamic_6,0.0,0.04766845703125,0.04766845703125,0.0,0.0,0.04766845703125
health_or_damage_miss,1,ep00001_t0002_item000000,1,A2,2,ally,7,dynamic_7,1.0,0.94189453125,0.05810546875,1.0,0.0,-0.05810546875
health_or_damage_miss,1,ep00001_t0002_item000000,1,A2,2,ally,8,dynamic_8,0.0,-0.01727294921875,0.01727294921875,0.0,0.0,-0.01727294921875
health_or_damage_miss,1,ep00001_t0002_item000000,1,A2,2,ally,9,dynamic_9,0.0,-0.0015077590942382812,0.0015077590942382812,0.0,0.0,-0.0015077590942382812
health_or_damage_miss,1,ep00001_t0002_item000000,1,A2,2,ally,10,dynamic_10,0.0,0.0484619140625,0.0484619140625,0.0,0.0,0.0484619140625
health_or_damage_miss,1,ep00001_t0002_item000000,1,A2,2,ally,11,dynamic_11,0.0,-0.0201416015625,0.0201416015625,0.0,0.0,-0.0201416015625
health_or_damage_miss,1,ep00001_t0002_item000000,1,A2,2,ally,12,dynamic_12,0.0,-0.016876220703125,0.016876220703125,0.0,0.0,-0.016876220703125
health_or_damage_miss,1,ep00001_t0002_item000000,1,E0,9,enemy,0,hp,0.8666666746139526,0.841796875,0.024869799613952637,1.0,-0.13333332538604736,-0.158203125
health_or_damage_miss,1,ep00001_t0002_item000000,1,E0,9,enemy,1,dx,0.07423019409179688,0.057830810546875,0.016399383544921875,0.07423019409179688,0.0,-0.016399383544921875
health_or_damage_miss,1,ep00001_t0002_item000000,1,E0,9,enemy,2,dy,0.004759669303894043,0.039947509765625,0.03518784046173096,0.004759669303894043,0.0,0.03518784046173096
health_or_damage_miss,1,ep00001_t0002_item000000,1,E0,9,enemy,3,dynamic_3,0.0,0.0270538330078125,0.0270538330078125,0.0,0.0,0.0270538330078125
health_or_damage_miss,1,ep00001_t0002_item000000,1,E0,9,enemy,4,dynamic_4,0.0,0.038787841796875,0.038787841796875,0.0,0.0,0.038787841796875
health_or_damage_miss,1,ep00001_t0002_item000000,1,E0,9,enemy,5,dynamic_5,0.0,0.028594970703125,0.028594970703125,0.0,0.0,0.028594970703125
health_or_damage_miss,1,ep00001_t0002_item000000,1,E0,9,enemy,6,dynamic_6,1.0,0.8837890625,0.1162109375,1.0,0.0,-0.1162109375
health_or_damage_miss,1,ep00001_t0002_item000000,1,E0,9,enemy,7,dynamic_7,0.0,-0.0298004150390625,0.0298004150390625,0.0,0.0,-0.0298004150390625
health_or_damage_miss,1,ep00001_t0002_item000000,1,E0,9,enemy,8,dynamic_8,0.0,0.03924560546875,0.03924560546875,0.0,0.0,0.03924560546875
health_or_damage_miss,1,ep00001_t0002_item000000,1,E0,9,enemy,9,dynamic_9,0.0,-2.8789043426513672e-05,2.8789043426513672e-05,0.0,0.0,-2.8789043426513672e-05
health_or_damage_miss,1,ep00001_t0002_item000000,1,E0,9,enemy,10,dynamic_10,0.0,-0.03411865234375,0.03411865234375,0.0,0.0,-0.03411865234375
health_or_damage_miss,1,ep00001_t0002_item000000,1,E0,9,enemy,11,dynamic_11,0.0,-0.031463623046875,0.031463623046875,0.0,0.0,-0.031463623046875
health_or_damage_miss,1,ep00001_t0002_item000000,1,E1,10,enemy,0,hp,1.0,0.86572265625,0.13427734375,1.0,0.0,-0.13427734375
health_or_damage_miss,1,ep00001_t0002_item000000,1,E1,10,enemy,1,dx,0.0569571852684021,0.07916259765625,0.0222054123878479,0.0569571852684021,0.0,0.0222054123878479
health_or_damage_miss,1,ep00001_t0002_item000000,1,E1,10,enemy,2,dy,0.005544066429138184,0.0149688720703125,0.009424805641174316,0.005544066429138184,0.0,0.009424805641174316
health_or_damage_miss,1,ep00001_t0002_item000000,1,E1,10,enemy,3,dynamic_3,0.0,-0.00803375244140625,0.00803375244140625,0.0,0.0,-0.00803375244140625
health_or_damage_miss,1,ep00001_t0002_item000000,1,E1,10,enemy,4,dynamic_4,0.0,0.0273590087890625,0.0273590087890625,0.0,0.0,0.0273590087890625
health_or_damage_miss,1,ep00001_t0002_item000000,1,E1,10,enemy,5,dynamic_5,0.0,0.0135650634765625,0.0135650634765625,0.0,0.0,0.0135650634765625
health_or_damage_miss,1,ep00001_t0002_item000000,1,E1,10,enemy,6,dynamic_6,1.0,0.94189453125,0.05810546875,1.0,0.0,-0.05810546875
health_or_damage_miss,1,ep00001_t0002_item000000,1,E1,10,enemy,7,dynamic_7,0.0,0.015411376953125,0.015411376953125,0.0,0.0,0.015411376953125
health_or_damage_miss,1,ep00001_t0002_item000000,1,E1,10,enemy,8,dynamic_8,0.0,0.0019407272338867188,0.0019407272338867188,0.0,0.0,0.0019407272338867188
health_or_damage_miss,1,ep00001_t0002_item000000,1,E1,10,enemy,9,dynamic_9,0.0,0.0004639625549316406,0.0004639625549316406,0.0,0.0,0.0004639625549316406
health_or_damage_miss,1,ep00001_t0002_item000000,1,E1,10,enemy,10,dynamic_10,0.0,-0.0462646484375,0.0462646484375,0.0,0.0,-0.0462646484375
health_or_damage_miss,1,ep00001_t0002_item000000,1,E1,10,enemy,11,dynamic_11,0.0,-0.0552978515625,0.0552978515625,0.0,0.0,-0.0552978515625
health_or_damage_miss,1,ep00001_t0002_item000000,5,A0,0,ally,0,hp,1.0,0.91552734375,0.08447265625,1.0,0.0,-0.08447265625
health_or_damage_miss,1,ep00001_t0002_item000000,5,A0,0,ally,1,cooldown_or_energy,0.0,0.01324462890625,0.01324462890625,0.0,0.0,0.01324462890625
health_or_damage_miss,1,ep00001_t0002_item000000,5,A0,0,ally,2,dx,-0.10545188188552856,-0.125244140625,0.019792258739471436,-0.15467053651809692,0.04921865463256836,0.029426395893096924
health_or_damage_miss,1,ep00001_t0002_item000000,5,A0,0,ally,3,dy,-0.05485367774963379,-0.0909423828125,0.03608870506286621,-0.05485367774963379,0.0,-0.03608870506286621
health_or_damage_miss,1,ep00001_t0002_item000000,5,A0,0,ally,4,shield,0.0,-0.04473876953125,0.04473876953125,0.0,0.0,-0.04473876953125
health_or_damage_miss,1,ep00001_t0002_item000000,5,A0,0,ally,5,dynamic_5,0.0,0.03790283203125,0.03790283203125,0.0,0.0,0.03790283203125
health_or_damage_miss,1,ep00001_t0002_item000000,5,A0,0,ally,6,dynamic_6,0.0,0.0033397674560546875,0.0033397674560546875,0.0,0.0,0.0033397674560546875
health_or_damage_miss,1,ep00001_t0002_item000000,5,A0,0,ally,7,dynamic_7,1.0,1.1826171875,0.1826171875,1.0,0.0,0.1826171875
health_or_damage_miss,1,ep00001_t0002_item000000,5,A0,0,ally,8,dynamic_8,0.0,-0.06591796875,0.06591796875,0.0,0.0,-0.06591796875
health_or_damage_miss,1,ep00001_t0002_item000000,5,A0,0,ally,9,dynamic_9,0.0,-0.0011081695556640625,0.0011081695556640625,0.0,0.0,-0.0011081695556640625
health_or_damage_miss,1,ep00001_t0002_item000000,5,A0,0,ally,10,dynamic_10,0.0,-0.03521728515625,0.03521728515625,0.0,0.0,-0.03521728515625
health_or_damage_miss,1,ep00001_t0002_item000000,5,A0,0,ally,11,dynamic_11,0.0,-0.07879638671875,0.07879638671875,0.0,0.0,-0.07879638671875
health_or_damage_miss,1,ep00001_t0002_item000000,5,A0,0,ally,12,dynamic_12,0.0,0.013458251953125,0.013458251953125,0.0,0.0,0.013458251953125
health_or_damage_miss,1,ep00001_t0002_item000000,5,A1,1,ally,0,hp,0.20000000298023224,0.083984375,0.11601562798023224,0.7333333492279053,-0.533333346247673,-0.6493489742279053
health_or_damage_miss,1,ep00001_t0002_item000000,5,A1,1,ally,1,cooldown_or_energy,0.28278687596321106,0.28564453125,0.0028576552867889404,0.0,0.28278687596321106,0.28564453125
health_or_damage_miss,1,ep00001_t0002_item000000,5,A1,1,ally,2,dx,-0.046572983264923096,-0.12322998046875,0.0766569972038269,-0.10778576135635376,0.061212778091430664,-0.01544421911239624
health_or_damage_miss,1,ep00001_t0002_item000000,5,A1,1,ally,3,dy,-0.13261693716049194,-0.165283203125,0.03266626596450806,-0.03692656755447388,-0.09569036960601807,-0.12835663557052612
health_or_damage_miss,1,ep00001_t0002_item000000,5,A1,1,ally,4,shield,0.0,0.0489501953125,0.0489501953125,0.0,0.0,0.0489501953125
health_or_damage_miss,1,ep00001_t0002_item000000,5,A1,1,ally,5,dynamic_5,0.0,0.0184173583984375,0.0184173583984375,0.0,0.0,0.0184173583984375
health_or_damage_miss,1,ep00001_t0002_item000000,5,A1,1,ally,6,dynamic_6,0.0,-0.003711700439453125,0.003711700439453125,0.0,0.0,-0.003711700439453125
health_or_damage_miss,1,ep00001_t0002_item000000,5,A1,1,ally,7,dynamic_7,1.0,0.673828125,0.326171875,1.0,0.0,-0.326171875
health_or_damage_miss,1,ep00001_t0002_item000000,5,A1,1,ally,8,dynamic_8,0.0,6.669759750366211e-05,6.669759750366211e-05,0.0,0.0,6.669759750366211e-05
health_or_damage_miss,1,ep00001_t0002_item000000,5,A1,1,ally,9,dynamic_9,0.0,-0.0007076263427734375,0.0007076263427734375,0.0,0.0,-0.0007076263427734375
health_or_damage_miss,1,ep00001_t0002_item000000,5,A1,1,ally,10,dynamic_10,0.0,0.00012004375457763672,0.00012004375457763672,0.0,0.0,0.00012004375457763672
health_or_damage_miss,1,ep00001_t0002_item000000,5,A1,1,ally,11,dynamic_11,0.0,0.08673095703125,0.08673095703125,0.0,0.0,0.08673095703125
health_or_damage_miss,1,ep00001_t0002_item000000,5,A1,1,ally,12,dynamic_12,0.0,0.12298583984375,0.12298583984375,0.0,0.0,0.12298583984375
health_or_damage_miss,1,ep00001_t0002_item000000,5,A2,2,ally,0,hp,0.3333333432674408,0.2529296875,0.0804036557674408,0.8666666746139526,-0.5333333313465118,-0.6137369871139526
health_or_damage_miss,1,ep00001_t0002_item000000,5,A2,2,ally,1,cooldown_or_energy,0.0,-0.007617950439453125,0.007617950439453125,0.0,0.0,-0.007617950439453125
health_or_damage_miss,1,ep00001_t0002_item000000,5,A2,2,ally,2,dx,-0.07606333494186401,-0.06402587890625,0.012037456035614014,-0.07606333494186401,0.0,0.012037456035614014
health_or_damage_miss,1,ep00001_t0002_item000000,5,A2,2,ally,3,dy,0.01875925064086914,0.008209228515625,0.01055002212524414,-0.03045940399169922,0.04921865463256836,0.03866863250732422
health_or_damage_miss,1,ep00001_t0002_item000000,5,A2,2,ally,4,shield,0.0,0.02703857421875,0.02703857421875,0.0,0.0,0.02703857421875
health_or_damage_miss,1,ep00001_t0002_item000000,5,A2,2,ally,5,dynamic_5,0.0,-0.046356201171875,0.046356201171875,0.0,0.0,-0.046356201171875
health_or_damage_miss,1,ep00001_t0002_item000000,5,A2,2,ally,6,dynamic_6,0.0,0.04058837890625,0.04058837890625,0.0,0.0,0.04058837890625
health_or_damage_miss,1,ep00001_t0002_item000000,5,A2,2,ally,7,dynamic_7,1.0,0.7783203125,0.2216796875,1.0,0.0,-0.2216796875
health_or_damage_miss,1,ep00001_t0002_item000000,5,A2,2,ally,8,dynamic_8,0.0,-0.002094268798828125,0.002094268798828125,0.0,0.0,-0.002094268798828125
health_or_damage_miss,1,ep00001_t0002_item000000,5,A2,2,ally,9,dynamic_9,0.0,-0.0014705657958984375,0.0014705657958984375,0.0,0.0,-0.0014705657958984375
health_or_damage_miss,1,ep00001_t0002_item000000,5,A2,2,ally,10,dynamic_10,0.0,0.004734039306640625,0.004734039306640625,0.0,0.0,0.004734039306640625
health_or_damage_miss,1,ep00001_t0002_item000000,5,A2,2,ally,11,dynamic_11,0.0,-0.00972747802734375,0.00972747802734375,0.0,0.0,-0.00972747802734375
health_or_damage_miss,1,ep00001_t0002_item000000,5,A2,2,ally,12,dynamic_12,0.0,0.0308685302734375,0.0308685302734375,0.0,0.0,0.0308685302734375
health_or_damage_miss,1,ep00001_t0002_item000000,5,E0,9,enemy,0,hp,0.7333333492279053,0.7431640625,0.009830713272094727,1.0,-0.2666666507720947,-0.2568359375
health_or_damage_miss,1,ep00001_t0002_item000000,5,E0,9,enemy,1,dx,0.07291364669799805,-0.01348114013671875,0.0863947868347168,0.07423019409179688,-0.0013165473937988281,-0.08771133422851562
health_or_damage_miss,1,ep00001_t0002_item000000,5,E0,9,enemy,2,dy,-0.0021840929985046387,0.052520751953125,0.05470484495162964,0.004759669303894043,-0.006943762302398682,0.04776108264923096
health_or_damage_miss,1,ep00001_t0002_item000000,5,E0,9,enemy,3,dynamic_3,0.0,-0.03326416015625,0.03326416015625,0.0,0.0,-0.03326416015625
health_or_damage_miss,1,ep00001_t0002_item000000,5,E0,9,enemy,4,dynamic_4,0.0,0.011138916015625,0.011138916015625,0.0,0.0,0.011138916015625
health_or_damage_miss,1,ep00001_t0002_item000000,5,E0,9,enemy,5,dynamic_5,0.0,-0.01207733154296875,0.01207733154296875,0.0,0.0,-0.01207733154296875
health_or_damage_miss,1,ep00001_t0002_item000000,5,E0,9,enemy,6,dynamic_6,1.0,1.0400390625,0.0400390625,1.0,0.0,0.0400390625
health_or_damage_miss,1,ep00001_t0002_item000000,5,E0,9,enemy,7,dynamic_7,0.0,-0.043060302734375,0.043060302734375,0.0,0.0,-0.043060302734375
health_or_damage_miss,1,ep00001_t0002_item000000,5,E0,9,enemy,8,dynamic_8,0.0,-0.0150299072265625,0.0150299072265625,0.0,0.0,-0.0150299072265625
health_or_damage_miss,1,ep00001_t0002_item000000,5,E0,9,enemy,9,dynamic_9,0.0,0.0004181861877441406,0.0004181861877441406,0.0,0.0,0.0004181861877441406
health_or_damage_miss,1,ep00001_t0002_item000000,5,E0,9,enemy,10,dynamic_10,0.0,-0.04736328125,0.04736328125,0.0,0.0,-0.04736328125
health_or_damage_miss,1,ep00001_t0002_item000000,5,E0,9,enemy,11,dynamic_11,0.0,-0.020416259765625,0.020416259765625,0.0,0.0,-0.020416259765625
health_or_damage_miss,1,ep00001_t0002_item000000,5,E1,10,enemy,0,hp,0.8666666746139526,0.798828125,0.06783854961395264,1.0,-0.13333332538604736,-0.201171875
health_or_damage_miss,1,ep00001_t0002_item000000,5,E1,10,enemy,1,dx,0.0569571852684021,-0.0267333984375,0.0836905837059021,0.0569571852684021,0.0,-0.0836905837059021
health_or_damage_miss,1,ep00001_t0002_item000000,5,E1,10,enemy,2,dy,0.005544066429138184,0.02252197265625,0.016977906227111816,0.005544066429138184,0.0,0.016977906227111816
health_or_damage_miss,1,ep00001_t0002_item000000,5,E1,10,enemy,3,dynamic_3,0.0,-0.0013589859008789062,0.0013589859008789062,0.0,0.0,-0.0013589859008789062
health_or_damage_miss,1,ep00001_t0002_item000000,5,E1,10,enemy,4,dynamic_4,0.0,-0.0059661865234375,0.0059661865234375,0.0,0.0,-0.0059661865234375
health_or_damage_miss,1,ep00001_t0002_item000000,5,E1,10,enemy,5,dynamic_5,0.0,0.00594329833984375,0.00594329833984375,0.0,0.0,0.00594329833984375
health_or_damage_miss,1,ep00001_t0002_item000000,5,E1,10,enemy,6,dynamic_6,1.0,0.9580078125,0.0419921875,1.0,0.0,-0.0419921875
health_or_damage_miss,1,ep00001_t0002_item000000,5,E1,10,enemy,7,dynamic_7,0.0,-0.0084075927734375,0.0084075927734375,0.0,0.0,-0.0084075927734375
health_or_damage_miss,1,ep00001_t0002_item000000,5,E1,10,enemy,8,dynamic_8,0.0,0.01387786865234375,0.01387786865234375,0.0,0.0,0.01387786865234375
health_or_damage_miss,1,ep00001_t0002_item000000,5,E1,10,enemy,9,dynamic_9,0.0,-8.380413055419922e-05,8.380413055419922e-05,0.0,0.0,-8.380413055419922e-05
health_or_damage_miss,1,ep00001_t0002_item000000,5,E1,10,enemy,10,dynamic_10,0.0,-0.050140380859375,0.050140380859375,0.0,0.0,-0.050140380859375
health_or_damage_miss,1,ep00001_t0002_item000000,5,E1,10,enemy,11,dynamic_11,0.0,-0.027069091796875,0.027069091796875,0.0,0.0,-0.027069091796875
health_or_damage_miss,1,ep00001_t0002_item000000,15,A0,0,ally,0,hp,1.0,0.8486328125,0.1513671875,1.0,0.0,-0.1513671875
health_or_damage_miss,1,ep00001_t0002_item000000,15,A0,0,ally,1,cooldown_or_energy,0.0,0.03289794921875,0.03289794921875,0.0,0.0,0.03289794921875
health_or_damage_miss,1,ep00001_t0002_item000000,15,A0,0,ally,2,dx,-0.10545188188552856,-0.132080078125,0.026628196239471436,-0.15467053651809692,0.04921865463256836,0.022590458393096924
health_or_damage_miss,1,ep00001_t0002_item000000,15,A0,0,ally,3,dy,-0.2888290286064148,-0.1800537109375,0.1087753176689148,-0.05485367774963379,-0.233975350856781,-0.1252000331878662
health_or_damage_miss,1,ep00001_t0002_item000000,15,A0,0,ally,4,shield,0.0,-0.0830078125,0.0830078125,0.0,0.0,-0.0830078125
health_or_damage_miss,1,ep00001_t0002_item000000,15,A0,0,ally,5,dynamic_5,0.0,-0.00260162353515625,0.00260162353515625,0.0,0.0,-0.00260162353515625
health_or_damage_miss,1,ep00001_t0002_item000000,15,A0,0,ally,6,dynamic_6,0.0,-0.0396728515625,0.0396728515625,0.0,0.0,-0.0396728515625
health_or_damage_miss,1,ep00001_t0002_item000000,15,A0,0,ally,7,dynamic_7,1.0,1.1484375,0.1484375,1.0,0.0,0.1484375
health_or_damage_miss,1,ep00001_t0002_item000000,15,A0,0,ally,8,dynamic_8,0.0,-0.025665283203125,0.025665283203125,0.0,0.0,-0.025665283203125
health_or_damage_miss,1,ep00001_t0002_item000000,15,A0,0,ally,9,dynamic_9,0.0,-0.0004258155822753906,0.0004258155822753906,0.0,0.0,-0.0004258155822753906
health_or_damage_miss,1,ep00001_t0002_item000000,15,A0,0,ally,10,dynamic_10,0.0,0.03204345703125,0.03204345703125,0.0,0.0,0.03204345703125
health_or_damage_miss,1,ep00001_t0002_item000000,15,A0,0,ally,11,dynamic_11,0.0,-0.037506103515625,0.037506103515625,0.0,0.0,-0.037506103515625
health_or_damage_miss,1,ep00001_t0002_item000000,15,A0,0,ally,12,dynamic_12,0.0,-0.048797607421875,0.048797607421875,0.0,0.0,-0.048797607421875
health_or_damage_miss,1,ep00001_t0002_item000000,15,E0,9,enemy,0,hp,0.46666666865348816,0.5947265625,0.12805989384651184,1.0,-0.5333333313465118,-0.4052734375
health_or_damage_miss,1,ep00001_t0002_item000000,15,E0,9,enemy,1,dx,-0.08154422044754028,-0.11639404296875,0.03484982252120972,0.07423019409179688,-0.15577441453933716,-0.19062423706054688
health_or_damage_miss,1,ep00001_t0002_item000000,15,E0,9,enemy,2,dy,-0.0031000375747680664,0.021881103515625,0.024981141090393066,0.004759669303894043,-0.00785970687866211,0.017121434211730957
health_or_damage_miss,1,ep00001_t0002_item000000,15,E0,9,enemy,3,dynamic_3,0.0,-0.056671142578125,0.056671142578125,0.0,0.0,-0.056671142578125
health_or_damage_miss,1,ep00001_t0002_item000000,15,E0,9,enemy,4,dynamic_4,0.0,-0.00018465518951416016,0.00018465518951416016,0.0,0.0,-0.00018465518951416016
health_or_damage_miss,1,ep00001_t0002_item000000,15,E0,9,enemy,5,dynamic_5,0.0,-0.0011930465698242188,0.0011930465698242188,0.0,0.0,-0.0011930465698242188
health_or_damage_miss,1,ep00001_t0002_item000000,15,E0,9,enemy,6,dynamic_6,1.0,1.0576171875,0.0576171875,1.0,0.0,0.0576171875
health_or_damage_miss,1,ep00001_t0002_item000000,15,E0,9,enemy,7,dynamic_7,0.0,-0.0235137939453125,0.0235137939453125,0.0,0.0,-0.0235137939453125
health_or_damage_miss,1,ep00001_t0002_item000000,15,E0,9,enemy,8,dynamic_8,0.0,-0.0230712890625,0.0230712890625,0.0,0.0,-0.0230712890625
health_or_damage_miss,1,ep00001_t0002_item000000,15,E0,9,enemy,9,dynamic_9,0.0,0.00022280216217041016,0.00022280216217041016,0.0,0.0,0.00022280216217041016
health_or_damage_miss,1,ep00001_t0002_item000000,15,E0,9,enemy,10,dynamic_10,0.0,-0.0275726318359375,0.0275726318359375,0.0,0.0,-0.0275726318359375
health_or_damage_miss,1,ep00001_t0002_item000000,15,E0,9,enemy,11,dynamic_11,0.0,-0.04229736328125,0.04229736328125,0.0,0.0,-0.04229736328125
health_or_damage_miss,1,ep00001_t0002_item000000,15,E1,10,enemy,0,hp,0.6000000238418579,0.7763671875,0.1763671636581421,1.0,-0.3999999761581421,-0.2236328125
health_or_damage_miss,1,ep00001_t0002_item000000,15,E1,10,enemy,1,dx,-0.10034656524658203,-0.1385498046875,0.03820323944091797,0.0569571852684021,-0.15730375051498413,-0.1955069899559021
health_or_damage_miss,1,ep00001_t0002_item000000,15,E1,10,enemy,2,dy,0.010892331600189209,0.0035419464111328125,0.0073503851890563965,0.005544066429138184,0.005348265171051025,-0.002002120018005371
health_or_damage_miss,1,ep00001_t0002_item000000,15,E1,10,enemy,3,dynamic_3,0.0,-0.01538848876953125,0.01538848876953125,0.0,0.0,-0.01538848876953125
health_or_damage_miss,1,ep00001_t0002_item000000,15,E1,10,enemy,4,dynamic_4,0.0,-0.00046443939208984375,0.00046443939208984375,0.0,0.0,-0.00046443939208984375
health_or_damage_miss,1,ep00001_t0002_item000000,15,E1,10,enemy,5,dynamic_5,0.0,0.004436492919921875,0.004436492919921875,0.0,0.0,0.004436492919921875
health_or_damage_miss,1,ep00001_t0002_item000000,15,E1,10,enemy,6,dynamic_6,1.0,0.9638671875,0.0361328125,1.0,0.0,-0.0361328125
health_or_damage_miss,1,ep00001_t0002_item000000,15,E1,10,enemy,7,dynamic_7,0.0,-0.0073089599609375,0.0073089599609375,0.0,0.0,-0.0073089599609375
health_or_damage_miss,1,ep00001_t0002_item000000,15,E1,10,enemy,8,dynamic_8,0.0,0.01392364501953125,0.01392364501953125,0.0,0.0,0.01392364501953125
health_or_damage_miss,1,ep00001_t0002_item000000,15,E1,10,enemy,9,dynamic_9,0.0,5.960464477539062e-07,5.960464477539062e-07,0.0,0.0,5.960464477539062e-07
health_or_damage_miss,1,ep00001_t0002_item000000,15,E1,10,enemy,10,dynamic_10,0.0,-0.0328369140625,0.0328369140625,0.0,0.0,-0.0328369140625
health_or_damage_miss,1,ep00001_t0002_item000000,15,E1,10,enemy,11,dynamic_11,0.0,-0.00844573974609375,0.00844573974609375,0.0,0.0,-0.00844573974609375
health_or_damage_miss,2,ep00001_t0000_item000000,1,A0,0,ally,0,hp,1.0,0.99072265625,0.00927734375,1.0,0.0,-0.00927734375
health_or_damage_miss,2,ep00001_t0000_item000000,1,A0,0,ally,1,cooldown_or_energy,0.0,0.07708740234375,0.07708740234375,0.0,0.0,0.07708740234375
health_or_damage_miss,2,ep00001_t0000_item000000,1,A0,0,ally,2,dx,-0.10545188188552856,-0.0845947265625,0.020857155323028564,-0.10393750667572021,-0.0015143752098083496,0.019342780113220215
health_or_damage_miss,2,ep00001_t0000_item000000,1,A0,0,ally,3,dy,-0.05485367774963379,-0.12457275390625,0.06971907615661621,-0.0076562464237213135,-0.047197431325912476,-0.11691650748252869
health_or_damage_miss,2,ep00001_t0000_item000000,1,A0,0,ally,4,shield,0.0,0.048248291015625,0.048248291015625,0.0,0.0,0.048248291015625
health_or_damage_miss,2,ep00001_t0000_item000000,1,A0,0,ally,5,dynamic_5,0.0,0.0631103515625,0.0631103515625,0.0,0.0,0.0631103515625
health_or_damage_miss,2,ep00001_t0000_item000000,1,A0,0,ally,6,dynamic_6,0.0,-0.005977630615234375,0.005977630615234375,0.0,0.0,-0.005977630615234375
health_or_damage_miss,2,ep00001_t0000_item000000,1,A0,0,ally,7,dynamic_7,1.0,1.181640625,0.181640625,1.0,0.0,0.181640625
health_or_damage_miss,2,ep00001_t0000_item000000,1,A0,0,ally,8,dynamic_8,0.0,-0.07794189453125,0.07794189453125,0.0,0.0,-0.07794189453125
health_or_damage_miss,2,ep00001_t0000_item000000,1,A0,0,ally,9,dynamic_9,0.0,-0.0016326904296875,0.0016326904296875,0.0,0.0,-0.0016326904296875
health_or_damage_miss,2,ep00001_t0000_item000000,1,A0,0,ally,10,dynamic_10,0.0,-0.004467010498046875,0.004467010498046875,0.0,0.0,-0.004467010498046875
health_or_damage_miss,2,ep00001_t0000_item000000,1,A0,0,ally,11,dynamic_11,0.0,-0.108642578125,0.108642578125,0.0,0.0,-0.108642578125
health_or_damage_miss,2,ep00001_t0000_item000000,1,A0,0,ally,12,dynamic_12,0.0,-0.053436279296875,0.053436279296875,0.0,0.0,-0.053436279296875
health_or_damage_miss,2,ep00001_t0000_item000000,1,A1,1,ally,0,hp,0.8666666746139526,1.0078125,0.14114582538604736,1.0,-0.13333332538604736,0.0078125
health_or_damage_miss,2,ep00001_t0000_item000000,1,A1,1,ally,1,cooldown_or_energy,0.0,0.09539794921875,0.09539794921875,0.0,0.0,0.09539794921875
health_or_damage_miss,2,ep00001_t0000_item000000,1,A1,1,ally,2,dx,-0.10555252432823181,-0.14697265625,0.04142013192176819,-0.07893750071525574,-0.026615023612976074,-0.06803515553474426
health_or_damage_miss,2,ep00001_t0000_item000000,1,A1,1,ally,3,dy,-0.0032304227352142334,-0.08660888671875,0.08337846398353577,-0.0076562464237213135,0.00442582368850708,-0.07895264029502869
health_or_damage_miss,2,ep00001_t0000_item000000,1,A1,1,ally,4,shield,0.0,0.033416748046875,0.033416748046875,0.0,0.0,0.033416748046875
health_or_damage_miss,2,ep00001_t0000_item000000,1,A1,1,ally,5,dynamic_5,0.0,0.007450103759765625,0.007450103759765625,0.0,0.0,0.007450103759765625
health_or_damage_miss,2,ep00001_t0000_item000000,1,A1,1,ally,6,dynamic_6,0.0,-0.0174713134765625,0.0174713134765625,0.0,0.0,-0.0174713134765625
health_or_damage_miss,2,ep00001_t0000_item000000,1,A1,1,ally,7,dynamic_7,1.0,1.1298828125,0.1298828125,1.0,0.0,0.1298828125
health_or_damage_miss,2,ep00001_t0000_item000000,1,A1,1,ally,8,dynamic_8,0.0,-0.049224853515625,0.049224853515625,0.0,0.0,-0.049224853515625
health_or_damage_miss,2,ep00001_t0000_item000000,1,A1,1,ally,9,dynamic_9,0.0,-0.0003342628479003906,0.0003342628479003906,0.0,0.0,-0.0003342628479003906
health_or_damage_miss,2,ep00001_t0000_item000000,1,A1,1,ally,10,dynamic_10,0.0,-0.038848876953125,0.038848876953125,0.0,0.0,-0.038848876953125
health_or_damage_miss,2,ep00001_t0000_item000000,1,A1,1,ally,11,dynamic_11,0.0,-0.063232421875,0.063232421875,0.0,0.0,-0.063232421875
health_or_damage_miss,2,ep00001_t0000_item000000,1,A1,1,ally,12,dynamic_12,0.0,-0.048919677734375,0.048919677734375,0.0,0.0,-0.048919677734375
health_or_damage_miss,2,ep00001_t0000_item000000,1,A2,2,ally,0,hp,1.0,0.92333984375,0.07666015625,1.0,0.0,-0.07666015625
health_or_damage_miss,2,ep00001_t0000_item000000,1,A2,2,ally,1,cooldown_or_energy,0.0,0.056549072265625,0.056549072265625,0.0,0.0,0.056549072265625
health_or_damage_miss,2,ep00001_t0000_item000000,1,A2,2,ally,2,dx,-0.11727312207221985,-0.06317138671875,0.05410173535346985,-0.10393750667572021,-0.013335615396499634,0.040766119956970215
health_or_damage_miss,2,ep00001_t0000_item000000,1,A2,2,ally,3,dy,-0.022348672151565552,-0.087890625,0.06554195284843445,0.017343759536743164,-0.039692431688308716,-0.10523438453674316
health_or_damage_miss,2,ep00001_t0000_item000000,1,A2,2,ally,4,shield,0.0,-0.00478363037109375,0.00478363037109375,0.0,0.0,-0.00478363037109375
health_or_damage_miss,2,ep00001_t0000_item000000,1,A2,2,ally,5,dynamic_5,0.0,-0.023681640625,0.023681640625,0.0,0.0,-0.023681640625
health_or_damage_miss,2,ep00001_t0000_item000000,1,A2,2,ally,6,dynamic_6,0.0,0.0186004638671875,0.0186004638671875,0.0,0.0,0.0186004638671875
health_or_damage_miss,2,ep00001_t0000_item000000,1,A2,2,ally,7,dynamic_7,1.0,0.91845703125,0.08154296875,1.0,0.0,-0.08154296875
health_or_damage_miss,2,ep00001_t0000_item000000,1,A2,2,ally,8,dynamic_8,0.0,-0.034759521484375,0.034759521484375,0.0,0.0,-0.034759521484375
health_or_damage_miss,2,ep00001_t0000_item000000,1,A2,2,ally,9,dynamic_9,0.0,-0.0007505416870117188,0.0007505416870117188,0.0,0.0,-0.0007505416870117188
health_or_damage_miss,2,ep00001_t0000_item000000,1,A2,2,ally,10,dynamic_10,0.0,0.059844970703125,0.059844970703125,0.0,0.0,0.059844970703125
health_or_damage_miss,2,ep00001_t0000_item000000,1,A2,2,ally,11,dynamic_11,0.0,-0.0140380859375,0.0140380859375,0.0,0.0,-0.0140380859375
health_or_damage_miss,2,ep00001_t0000_item000000,1,A2,2,ally,12,dynamic_12,0.0,-0.003681182861328125,0.003681182861328125,0.0,0.0,-0.003681182861328125
health_or_damage_miss,2,ep00001_t0000_item000000,1,E0,9,enemy,0,hp,1.0,0.833984375,0.166015625,1.0,0.0,-0.166015625
health_or_damage_miss,2,ep00001_t0000_item000000,1,E0,9,enemy,1,dx,0.08654540777206421,0.06988525390625,0.01666015386581421,0.11271876096725464,-0.02617335319519043,-0.04283350706100464
health_or_damage_miss,2,ep00001_t0000_item000000,1,E0,9,enemy,2,dy,0.005299806594848633,0.0304412841796875,0.025141477584838867,0.005625009536743164,-0.00032520294189453125,0.024816274642944336
health_or_damage_miss,2,ep00001_t0000_item000000,1,E0,9,enemy,3,dynamic_3,0.0,0.0396728515625,0.0396728515625,0.0,0.0,0.0396728515625
health_or_damage_miss,2,ep00001_t0000_item000000,1,E0,9,enemy,4,dynamic_4,0.0,0.0240020751953125,0.0240020751953125,0.0,0.0,0.0240020751953125
health_or_damage_miss,2,ep00001_t0000_item000000,1,E0,9,enemy,5,dynamic_5,0.0,0.03887939453125,0.03887939453125,0.0,0.0,0.03887939453125
health_or_damage_miss,2,ep00001_t0000_item000000,1,E0,9,enemy,6,dynamic_6,1.0,0.81640625,0.18359375,1.0,0.0,-0.18359375
health_or_damage_miss,2,ep00001_t0000_item000000,1,E0,9,enemy,7,dynamic_7,0.0,-0.036041259765625,0.036041259765625,0.0,0.0,-0.036041259765625
health_or_damage_miss,2,ep00001_t0000_item000000,1,E0,9,enemy,8,dynamic_8,0.0,0.06805419921875,0.06805419921875,0.0,0.0,0.06805419921875
health_or_damage_miss,2,ep00001_t0000_item000000,1,E0,9,enemy,9,dynamic_9,0.0,-0.0002219676971435547,0.0002219676971435547,0.0,0.0,-0.0002219676971435547
health_or_damage_miss,2,ep00001_t0000_item000000,1,E0,9,enemy,10,dynamic_10,0.0,-0.01148223876953125,0.01148223876953125,0.0,0.0,-0.01148223876953125
health_or_damage_miss,2,ep00001_t0000_item000000,1,E0,9,enemy,11,dynamic_11,0.0,-0.0285491943359375,0.0285491943359375,0.0,0.0,-0.0285491943359375
health_or_damage_miss,2,ep00001_t0000_item000000,1,E1,10,enemy,0,hp,1.0,0.88134765625,0.11865234375,1.0,0.0,-0.11865234375
health_or_damage_miss,2,ep00001_t0000_item000000,1,E1,10,enemy,1,dx,0.06310945749282837,0.0863037109375,0.02319425344467163,0.08771872520446777,-0.024609267711639404,-0.0014150142669677734
health_or_damage_miss,2,ep00001_t0000_item000000,1,E1,10,enemy,2,dy,0.005572974681854248,0.0006237030029296875,0.0049492716789245605,0.005625009536743164,-5.2034854888916016e-05,-0.0050013065338134766
health_or_damage_miss,2,ep00001_t0000_item000000,1,E1,10,enemy,3,dynamic_3,0.0,-0.0003597736358642578,0.0003597736358642578,0.0,0.0,-0.0003597736358642578
health_or_damage_miss,2,ep00001_t0000_item000000,1,E1,10,enemy,4,dynamic_4,0.0,0.035400390625,0.035400390625,0.0,0.0,0.035400390625
health_or_damage_miss,2,ep00001_t0000_item000000,1,E1,10,enemy,5,dynamic_5,0.0,0.022674560546875,0.022674560546875,0.0,0.0,0.022674560546875
health_or_damage_miss,2,ep00001_t0000_item000000,1,E1,10,enemy,6,dynamic_6,1.0,0.9384765625,0.0615234375,1.0,0.0,-0.0615234375
health_or_damage_miss,2,ep00001_t0000_item000000,1,E1,10,enemy,7,dynamic_7,0.0,0.0166015625,0.0166015625,0.0,0.0,0.0166015625
health_or_damage_miss,2,ep00001_t0000_item000000,1,E1,10,enemy,8,dynamic_8,0.0,0.0215301513671875,0.0215301513671875,0.0,0.0,0.0215301513671875
health_or_damage_miss,2,ep00001_t0000_item000000,1,E1,10,enemy,9,dynamic_9,0.0,0.0007982254028320312,0.0007982254028320312,0.0,0.0,0.0007982254028320312
health_or_damage_miss,2,ep00001_t0000_item000000,1,E1,10,enemy,10,dynamic_10,0.0,-0.04248046875,0.04248046875,0.0,0.0,-0.04248046875
health_or_damage_miss,2,ep00001_t0000_item000000,1,E1,10,enemy,11,dynamic_11,0.0,-0.057586669921875,0.057586669921875,0.0,0.0,-0.057586669921875
health_or_damage_miss,2,ep00001_t0000_item000000,5,A0,0,ally,0,hp,1.0,0.82958984375,0.17041015625,1.0,0.0,-0.17041015625
health_or_damage_miss,2,ep00001_t0000_item000000,5,A0,0,ally,1,cooldown_or_energy,0.0,0.0732421875,0.0732421875,0.0,0.0,0.0732421875
health_or_damage_miss,2,ep00001_t0000_item000000,5,A0,0,ally,2,dx,-0.15467053651809692,-0.172119140625,0.017448604106903076,-0.10393750667572021,-0.05073302984237671,-0.06818163394927979
health_or_damage_miss,2,ep00001_t0000_item000000,5,A0,0,ally,3,dy,-0.10407233238220215,-0.1817626953125,0.07769036293029785,-0.0076562464237213135,-0.09641608595848083,-0.1741064488887787
health_or_damage_miss,2,ep00001_t0000_item000000,5,A0,0,ally,4,shield,0.0,-0.0335693359375,0.0335693359375,0.0,0.0,-0.0335693359375
health_or_damage_miss,2,ep00001_t0000_item000000,5,A0,0,ally,5,dynamic_5,0.0,0.039337158203125,0.039337158203125,0.0,0.0,0.039337158203125
health_or_damage_miss,2,ep00001_t0000_item000000,5,A0,0,ally,6,dynamic_6,0.0,0.01824951171875,0.01824951171875,0.0,0.0,0.01824951171875
health_or_damage_miss,2,ep00001_t0000_item000000,5,A0,0,ally,7,dynamic_7,1.0,1.2646484375,0.2646484375,1.0,0.0,0.2646484375
health_or_damage_miss,2,ep00001_t0000_item000000,5,A0,0,ally,8,dynamic_8,0.0,-0.0833740234375,0.0833740234375,0.0,0.0,-0.0833740234375
health_or_damage_miss,2,ep00001_t0000_item000000,5,A0,0,ally,9,dynamic_9,0.0,-0.0014505386352539062,0.0014505386352539062,0.0,0.0,-0.0014505386352539062
health_or_damage_miss,2,ep00001_t0000_item000000,5,A0,0,ally,10,dynamic_10,0.0,-0.031951904296875,0.031951904296875,0.0,0.0,-0.031951904296875
health_or_damage_miss,2,ep00001_t0000_item000000,5,A0,0,ally,11,dynamic_11,0.0,-0.12176513671875,0.12176513671875,0.0,0.0,-0.12176513671875
health_or_damage_miss,2,ep00001_t0000_item000000,5,A0,0,ally,12,dynamic_12,0.0,-0.0096435546875,0.0096435546875,0.0,0.0,-0.0096435546875
health_or_damage_miss,2,ep00001_t0000_item000000,5,A1,1,ally,0,hp,0.46666666865348816,0.70556640625,0.23889973759651184,1.0,-0.5333333313465118,-0.29443359375
health_or_damage_miss,2,ep00001_t0000_item000000,5,A1,1,ally,1,cooldown_or_energy,0.0,0.05548095703125,0.05548095703125,0.0,0.0,0.05548095703125
health_or_damage_miss,2,ep00001_t0000_item000000,5,A1,1,ally,2,dx,-0.046572983264923096,-0.1243896484375,0.0778166651725769,-0.07893750071525574,0.03236451745033264,-0.04545214772224426
health_or_damage_miss,2,ep00001_t0000_item000000,5,A1,1,ally,3,dy,-0.08339828252792358,-0.1483154296875,0.06491714715957642,-0.0076562464237213135,-0.07574203610420227,-0.1406591832637787
health_or_damage_miss,2,ep00001_t0000_item000000,5,A1,1,ally,4,shield,0.0,0.0085296630859375,0.0085296630859375,0.0,0.0,0.0085296630859375
health_or_damage_miss,2,ep00001_t0000_item000000,5,A1,1,ally,5,dynamic_5,0.0,0.01338958740234375,0.01338958740234375,0.0,0.0,0.01338958740234375
health_or_damage_miss,2,ep00001_t0000_item000000,5,A1,1,ally,6,dynamic_6,0.0,0.00731658935546875,0.00731658935546875,0.0,0.0,0.00731658935546875
health_or_damage_miss,2,ep00001_t0000_item000000,5,A1,1,ally,7,dynamic_7,1.0,1.1181640625,0.1181640625,1.0,0.0,0.1181640625
health_or_damage_miss,2,ep00001_t0000_item000000,5,A1,1,ally,8,dynamic_8,0.0,-0.0123748779296875,0.0123748779296875,0.0,0.0,-0.0123748779296875
health_or_damage_miss,2,ep00001_t0000_item000000,5,A1,1,ally,9,dynamic_9,0.0,-0.0008535385131835938,0.0008535385131835938,0.0,0.0,-0.0008535385131835938
health_or_damage_miss,2,ep00001_t0000_item000000,5,A1,1,ally,10,dynamic_10,0.0,-0.0103607177734375,0.0103607177734375,0.0,0.0,-0.0103607177734375
health_or_damage_miss,2,ep00001_t0000_item000000,5,A1,1,ally,11,dynamic_11,0.0,-0.04522705078125,0.04522705078125,0.0,0.0,-0.04522705078125
health_or_damage_miss,2,ep00001_t0000_item000000,5,A1,1,ally,12,dynamic_12,0.0,0.0162506103515625,0.0162506103515625,0.0,0.0,0.0162506103515625
health_or_damage_miss,2,ep00001_t0000_item000000,5,A2,2,ally,0,hp,0.6000000238418579,0.368896484375,0.2311035394668579,1.0,-0.3999999761581421,-0.631103515625
health_or_damage_miss,2,ep00001_t0000_item000000,5,A2,2,ally,1,cooldown_or_energy,0.28278687596321106,0.30615234375,0.02336546778678894,0.0,0.28278687596321106,0.30615234375
health_or_damage_miss,2,ep00001_t0000_item000000,5,A2,2,ally,2,dx,-0.07606333494186401,-0.03619384765625,0.039869487285614014,-0.10393750667572021,0.0278741717338562,0.06774365901947021
health_or_damage_miss,2,ep00001_t0000_item000000,5,A2,2,ally,3,dy,0.01875925064086914,-0.004589080810546875,0.023348331451416016,0.017343759536743164,0.0014154911041259766,-0.02193284034729004
health_or_damage_miss,2,ep00001_t0000_item000000,5,A2,2,ally,4,shield,0.0,0.0313720703125,0.0313720703125,0.0,0.0,0.0313720703125
health_or_damage_miss,2,ep00001_t0000_item000000,5,A2,2,ally,5,dynamic_5,0.0,-0.0247650146484375,0.0247650146484375,0.0,0.0,-0.0247650146484375
health_or_damage_miss,2,ep00001_t0000_item000000,5,A2,2,ally,6,dynamic_6,0.0,0.04486083984375,0.04486083984375,0.0,0.0,0.04486083984375
health_or_damage_miss,2,ep00001_t0000_item000000,5,A2,2,ally,7,dynamic_7,1.0,0.77685546875,0.22314453125,1.0,0.0,-0.22314453125
health_or_damage_miss,2,ep00001_t0000_item000000,5,A2,2,ally,8,dynamic_8,0.0,-0.01483154296875,0.01483154296875,0.0,0.0,-0.01483154296875
health_or_damage_miss,2,ep00001_t0000_item000000,5,A2,2,ally,9,dynamic_9,0.0,-0.00141143798828125,0.00141143798828125,0.0,0.0,-0.00141143798828125
health_or_damage_miss,2,ep00001_t0000_item000000,5,A2,2,ally,10,dynamic_10,0.0,-0.00724029541015625,0.00724029541015625,0.0,0.0,-0.00724029541015625
health_or_damage_miss,2,ep00001_t0000_item000000,5,A2,2,ally,11,dynamic_11,0.0,-0.012908935546875,0.012908935546875,0.0,0.0,-0.012908935546875
health_or_damage_miss,2,ep00001_t0000_item000000,5,A2,2,ally,12,dynamic_12,0.0,0.0243682861328125,0.0243682861328125,0.0,0.0,0.0243682861328125
health_or_damage_miss,2,ep00001_t0000_item000000,5,E0,9,enemy,0,hp,0.7333333492279053,0.58642578125,0.14690756797790527,1.0,-0.2666666507720947,-0.41357421875
health_or_damage_miss,2,ep00001_t0000_item000000,5,E0,9,enemy,1,dx,0.07423019409179688,-0.0413818359375,0.11561203002929688,0.11271876096725464,-0.038488566875457764,-0.15410059690475464
health_or_damage_miss,2,ep00001_t0000_item000000,5,E0,9,enemy,2,dy,0.004759669303894043,0.010650634765625,0.005890965461730957,0.005625009536743164,-0.0008653402328491211,0.005025625228881836
health_or_damage_miss,2,ep00001_t0000_item000000,5,E0,9,enemy,3,dynamic_3,0.0,-0.005161285400390625,0.005161285400390625,0.0,0.0,-0.005161285400390625
health_or_damage_miss,2,ep00001_t0000_item000000,5,E0,9,enemy,4,dynamic_4,0.0,0.03570556640625,0.03570556640625,0.0,0.0,0.03570556640625
health_or_damage_miss,2,ep00001_t0000_item000000,5,E0,9,enemy,5,dynamic_5,0.0,0.0200042724609375,0.0200042724609375,0.0,0.0,0.0200042724609375
health_or_damage_miss,2,ep00001_t0000_item000000,5,E0,9,enemy,6,dynamic_6,1.0,1.0078125,0.0078125,1.0,0.0,0.0078125
health_or_damage_miss,2,ep00001_t0000_item000000,5,E0,9,enemy,7,dynamic_7,0.0,-0.04620361328125,0.04620361328125,0.0,0.0,-0.04620361328125
health_or_damage_miss,2,ep00001_t0000_item000000,5,E0,9,enemy,8,dynamic_8,0.0,0.0238189697265625,0.0238189697265625,0.0,0.0,0.0238189697265625
health_or_damage_miss,2,ep00001_t0000_item000000,5,E0,9,enemy,9,dynamic_9,0.0,6.16312026977539e-05,6.16312026977539e-05,0.0,0.0,6.16312026977539e-05
health_or_damage_miss,2,ep00001_t0000_item000000,5,E0,9,enemy,10,dynamic_10,0.0,-0.0906982421875,0.0906982421875,0.0,0.0,-0.0906982421875
health_or_damage_miss,2,ep00001_t0000_item000000,5,E0,9,enemy,11,dynamic_11,0.0,-0.00514984130859375,0.00514984130859375,0.0,0.0,-0.00514984130859375
health_or_damage_miss,2,ep00001_t0000_item000000,5,E1,10,enemy,0,hp,1.0,0.890625,0.109375,1.0,0.0,-0.109375
health_or_damage_miss,2,ep00001_t0000_item000000,5,E1,10,enemy,1,dx,0.0569571852684021,0.01447296142578125,0.04248422384262085,0.08771872520446777,-0.030761539936065674,-0.07324576377868652
health_or_damage_miss,2,ep00001_t0000_item000000,5,E1,10,enemy,2,dy,0.005544066429138184,0.0018262863159179688,0.003717780113220215,0.005625009536743164,-8.094310760498047e-05,-0.0037987232208251953
health_or_damage_miss,2,ep00001_t0000_item000000,5,E1,10,enemy,3,dynamic_3,0.0,-0.00217437744140625,0.00217437744140625,0.0,0.0,-0.00217437744140625
health_or_damage_miss,2,ep00001_t0000_item000000,5,E1,10,enemy,4,dynamic_4,0.0,-0.002460479736328125,0.002460479736328125,0.0,0.0,-0.002460479736328125
health_or_damage_miss,2,ep00001_t0000_item000000,5,E1,10,enemy,5,dynamic_5,0.0,0.006008148193359375,0.006008148193359375,0.0,0.0,0.006008148193359375
health_or_damage_miss,2,ep00001_t0000_item000000,5,E1,10,enemy,6,dynamic_6,1.0,0.9677734375,0.0322265625,1.0,0.0,-0.0322265625
health_or_damage_miss,2,ep00001_t0000_item000000,5,E1,10,enemy,7,dynamic_7,0.0,-0.01346588134765625,0.01346588134765625,0.0,0.0,-0.01346588134765625
health_or_damage_miss,2,ep00001_t0000_item000000,5,E1,10,enemy,8,dynamic_8,0.0,0.025909423828125,0.025909423828125,0.0,0.0,0.025909423828125
health_or_damage_miss,2,ep00001_t0000_item000000,5,E1,10,enemy,9,dynamic_9,0.0,0.00010293722152709961,0.00010293722152709961,0.0,0.0,0.00010293722152709961
health_or_damage_miss,2,ep00001_t0000_item000000,5,E1,10,enemy,10,dynamic_10,0.0,-0.06640625,0.06640625,0.0,0.0,-0.06640625
health_or_damage_miss,2,ep00001_t0000_item000000,5,E1,10,enemy,11,dynamic_11,0.0,-0.033416748046875,0.033416748046875,0.0,0.0,-0.033416748046875
health_or_damage_miss,2,ep00001_t0000_item000000,15,A0,0,ally,0,hp,1.0,0.779296875,0.220703125,1.0,0.0,-0.220703125
health_or_damage_miss,2,ep00001_t0000_item000000,15,A0,0,ally,1,cooldown_or_energy,0.0,0.0156707763671875,0.0156707763671875,0.0,0.0,0.0156707763671875
health_or_damage_miss,2,ep00001_t0000_item000000,15,A0,0,ally,2,dx,-0.10545188188552856,-0.157470703125,0.052018821239471436,-0.10393750667572021,-0.0015143752098083496,-0.053533196449279785
health_or_damage_miss,2,ep00001_t0000_item000000,15,A0,0,ally,3,dy,-0.2517118453979492,-0.170654296875,0.08105754852294922,-0.0076562464237213135,-0.2440555989742279,-0.1629980504512787
health_or_damage_miss,2,ep00001_t0000_item000000,15,A0,0,ally,4,shield,0.0,-0.07843017578125,0.07843017578125,0.0,0.0,-0.07843017578125
health_or_damage_miss,2,ep00001_t0000_item000000,15,A0,0,ally,5,dynamic_5,0.0,-0.00244140625,0.00244140625,0.0,0.0,-0.00244140625
health_or_damage_miss,2,ep00001_t0000_item000000,15,A0,0,ally,6,dynamic_6,0.0,-0.0477294921875,0.0477294921875,0.0,0.0,-0.0477294921875
health_or_damage_miss,2,ep00001_t0000_item000000,15,A0,0,ally,7,dynamic_7,1.0,1.1640625,0.1640625,1.0,0.0,0.1640625
health_or_damage_miss,2,ep00001_t0000_item000000,15,A0,0,ally,8,dynamic_8,0.0,-0.0250244140625,0.0250244140625,0.0,0.0,-0.0250244140625
health_or_damage_miss,2,ep00001_t0000_item000000,15,A0,0,ally,9,dynamic_9,0.0,-0.00051116943359375,0.00051116943359375,0.0,0.0,-0.00051116943359375
health_or_damage_miss,2,ep00001_t0000_item000000,15,A0,0,ally,10,dynamic_10,0.0,0.0299072265625,0.0299072265625,0.0,0.0,0.0299072265625
health_or_damage_miss,2,ep00001_t0000_item000000,15,A0,0,ally,11,dynamic_11,0.0,-0.05047607421875,0.05047607421875,0.0,0.0,-0.05047607421875
health_or_damage_miss,2,ep00001_t0000_item000000,15,A0,0,ally,12,dynamic_12,0.0,-0.03546142578125,0.03546142578125,0.0,0.0,-0.03546142578125
health_or_damage_miss,2,ep00001_t0000_item000000,15,E0,9,enemy,0,hp,0.46666666865348816,0.51806640625,0.05139973759651184,1.0,-0.5333333313465118,-0.48193359375
health_or_damage_miss,2,ep00001_t0000_item000000,15,E0,9,enemy,1,dx,-0.09611684083938599,-0.1229248046875,0.026807963848114014,0.11271876096725464,-0.20883560180664062,-0.23564356565475464
health_or_damage_miss,2,ep00001_t0000_item000000,15,E0,9,enemy,2,dy,0.00824892520904541,0.0229949951171875,0.01474606990814209,0.005625009536743164,0.002623915672302246,0.017369985580444336
health_or_damage_miss,2,ep00001_t0000_item000000,15,E0,9,enemy,3,dynamic_3,0.0,-0.063720703125,0.063720703125,0.0,0.0,-0.063720703125
health_or_damage_miss,2,ep00001_t0000_item000000,15,E0,9,enemy,4,dynamic_4,0.0,3.695487976074219e-05,3.695487976074219e-05,0.0,0.0,3.695487976074219e-05
health_or_damage_miss,2,ep00001_t0000_item000000,15,E0,9,enemy,5,dynamic_5,0.0,0.004901885986328125,0.004901885986328125,0.0,0.0,0.004901885986328125
health_or_damage_miss,2,ep00001_t0000_item000000,15,E0,9,enemy,6,dynamic_6,1.0,1.09375,0.09375,1.0,0.0,0.09375
health_or_damage_miss,2,ep00001_t0000_item000000,15,E0,9,enemy,7,dynamic_7,0.0,-0.02276611328125,0.02276611328125,0.0,0.0,-0.02276611328125
health_or_damage_miss,2,ep00001_t0000_item000000,15,E0,9,enemy,8,dynamic_8,0.0,-0.0227813720703125,0.0227813720703125,0.0,0.0,-0.0227813720703125
health_or_damage_miss,2,ep00001_t0000_item000000,15,E0,9,enemy,9,dynamic_9,0.0,0.0001951456069946289,0.0001951456069946289,0.0,0.0,0.0001951456069946289
health_or_damage_miss,2,ep00001_t0000_item000000,15,E0,9,enemy,10,dynamic_10,0.0,-0.052032470703125,0.052032470703125,0.0,0.0,-0.052032470703125
health_or_damage_miss,2,ep00001_t0000_item000000,15,E0,9,enemy,11,dynamic_11,0.0,-0.045623779296875,0.045623779296875,0.0,0.0,-0.045623779296875
health_or_damage_miss,2,ep00001_t0000_item000000,15,E1,10,enemy,0,hp,0.6000000238418579,0.74853515625,0.1485351324081421,1.0,-0.3999999761581421,-0.25146484375
health_or_damage_miss,2,ep00001_t0000_item000000,15,E1,10,enemy,1,dx,-0.08552572131156921,-0.149169921875,0.06364420056343079,0.08771872520446777,-0.173244446516037,-0.23688864707946777
health_or_damage_miss,2,ep00001_t0000_item000000,15,E1,10,enemy,2,dy,-0.0001347959041595459,-0.002231597900390625,0.002096801996231079,0.005625009536743164,-0.00575980544090271,-0.007856607437133789
health_or_damage_miss,2,ep00001_t0000_item000000,15,E1,10,enemy,3,dynamic_3,0.0,-0.0118865966796875,0.0118865966796875,0.0,0.0,-0.0118865966796875
health_or_damage_miss,2,ep00001_t0000_item000000,15,E1,10,enemy,4,dynamic_4,0.0,-0.0007510185241699219,0.0007510185241699219,0.0,0.0,-0.0007510185241699219
health_or_damage_miss,2,ep00001_t0000_item000000,15,E1,10,enemy,5,dynamic_5,0.0,0.0019321441650390625,0.0019321441650390625,0.0,0.0,0.0019321441650390625
health_or_damage_miss,2,ep00001_t0000_item000000,15,E1,10,enemy,6,dynamic_6,1.0,0.990234375,0.009765625,1.0,0.0,-0.009765625
health_or_damage_miss,2,ep00001_t0000_item000000,15,E1,10,enemy,7,dynamic_7,0.0,-0.0077667236328125,0.0077667236328125,0.0,0.0,-0.0077667236328125
health_or_damage_miss,2,ep00001_t0000_item000000,15,E1,10,enemy,8,dynamic_8,0.0,0.00974273681640625,0.00974273681640625,0.0,0.0,0.00974273681640625
health_or_damage_miss,2,ep00001_t0000_item000000,15,E1,10,enemy,9,dynamic_9,0.0,2.682209014892578e-06,2.682209014892578e-06,0.0,0.0,2.682209014892578e-06
health_or_damage_miss,2,ep00001_t0000_item000000,15,E1,10,enemy,10,dynamic_10,0.0,-0.04327392578125,0.04327392578125,0.0,0.0,-0.04327392578125
health_or_damage_miss,2,ep00001_t0000_item000000,15,E1,10,enemy,11,dynamic_11,0.0,-0.0096588134765625,0.0096588134765625,0.0,0.0,-0.0096588134765625
enemy_tracking_failure,1,ep00129_t0012_item002409,1,A0,0,ally,0,hp,0.8999999761581421,0.84033203125,0.05966794490814209,0.8999999761581421,0.0,-0.05966794490814209
enemy_tracking_failure,1,ep00129_t0012_item002409,1,A0,0,ally,1,cooldown_or_energy,0.25828126072883606,0.2257080078125,0.03257325291633606,0.25687500834465027,0.001406252384185791,-0.03116700053215027
enemy_tracking_failure,1,ep00129_t0012_item002409,1,A0,0,ally,2,dx,-0.2489842176437378,-0.2476806640625,0.001303553581237793,-0.2489842176437378,0.0,0.001303553581237793
enemy_tracking_failure,1,ep00129_t0012_item002409,1,A0,0,ally,3,dy,-0.1208629310131073,-0.1219482421875,0.0010853111743927002,-0.0661754310131073,-0.0546875,-0.0557728111743927
enemy_tracking_failure,1,ep00129_t0012_item002409,1,A0,0,ally,4,shield,0.0,0.002857208251953125,0.002857208251953125,0.0,0.0,0.002857208251953125
enemy_tracking_failure,1,ep00129_t0012_item002409,1,A0,0,ally,5,dynamic_5,0.0,0.0180206298828125,0.0180206298828125,0.0,0.0,0.0180206298828125
enemy_tracking_failure,1,ep00129_t0012_item002409,1,A0,0,ally,6,dynamic_6,0.0,-0.01189422607421875,0.01189422607421875,0.0,0.0,-0.01189422607421875
enemy_tracking_failure,1,ep00129_t0012_item002409,1,A0,0,ally,7,dynamic_7,0.0,0.0723876953125,0.0723876953125,0.0,0.0,0.0723876953125
enemy_tracking_failure,1,ep00129_t0012_item002409,1,A0,0,ally,8,dynamic_8,1.0,0.98046875,0.01953125,1.0,0.0,-0.01953125
enemy_tracking_failure,1,ep00129_t0012_item002409,1,A0,0,ally,9,dynamic_9,0.0,5.918741226196289e-05,5.918741226196289e-05,0.0,0.0,5.918741226196289e-05
enemy_tracking_failure,1,ep00129_t0012_item002409,1,A0,0,ally,10,dynamic_10,0.0,-0.029754638671875,0.029754638671875,0.0,0.0,-0.029754638671875
enemy_tracking_failure,1,ep00129_t0012_item002409,1,A0,0,ally,11,dynamic_11,0.0,-0.055938720703125,0.055938720703125,0.0,0.0,-0.055938720703125
enemy_tracking_failure,1,ep00129_t0012_item002409,1,A0,0,ally,12,dynamic_12,0.0,0.0209808349609375,0.0209808349609375,0.0,0.0,0.0209808349609375
enemy_tracking_failure,1,ep00129_t0012_item002409,1,A3,3,ally,0,hp,1.0,0.97216796875,0.02783203125,1.0,0.0,-0.02783203125
enemy_tracking_failure,1,ep00129_t0012_item002409,1,A3,3,ally,1,cooldown_or_energy,0.0,-0.007549285888671875,0.007549285888671875,0.0,0.0,-0.007549285888671875
enemy_tracking_failure,1,ep00129_t0012_item002409,1,A3,3,ally,2,dx,-0.334256112575531,-0.32861328125,0.005642831325531006,-0.334256112575531,0.0,0.005642831325531006
enemy_tracking_failure,1,ep00129_t0012_item002409,1,A3,3,ally,3,dy,0.08507496118545532,0.152099609375,0.06702464818954468,0.03585630655288696,0.04921865463256836,0.11624330282211304
enemy_tracking_failure,1,ep00129_t0012_item002409,1,A3,3,ally,4,shield,0.0,-0.0123443603515625,0.0123443603515625,0.0,0.0,-0.0123443603515625
enemy_tracking_failure,1,ep00129_t0012_item002409,1,A3,3,ally,5,dynamic_5,0.0,-0.0145111083984375,0.0145111083984375,0.0,0.0,-0.0145111083984375
enemy_tracking_failure,1,ep00129_t0012_item002409,1,A3,3,ally,6,dynamic_6,0.0,0.0022735595703125,0.0022735595703125,0.0,0.0,0.0022735595703125
enemy_tracking_failure,1,ep00129_t0012_item002409,1,A3,3,ally,7,dynamic_7,1.0,1.0771484375,0.0771484375,1.0,0.0,0.0771484375
enemy_tracking_failure,1,ep00129_t0012_item002409,1,A3,3,ally,8,dynamic_8,0.0,0.0201416015625,0.0201416015625,0.0,0.0,0.0201416015625
enemy_tracking_failure,1,ep00129_t0012_item002409,1,A3,3,ally,9,dynamic_9,0.0,0.0005316734313964844,0.0005316734313964844,0.0,0.0,0.0005316734313964844
enemy_tracking_failure,1,ep00129_t0012_item002409,1,A3,3,ally,10,dynamic_10,0.0,-0.018646240234375,0.018646240234375,0.0,0.0,-0.018646240234375
enemy_tracking_failure,1,ep00129_t0012_item002409,1,A3,3,ally,11,dynamic_11,0.0,0.007602691650390625,0.007602691650390625,0.0,0.0,0.007602691650390625
enemy_tracking_failure,1,ep00129_t0012_item002409,1,A3,3,ally,12,dynamic_12,0.0,-0.038604736328125,0.038604736328125,0.0,0.0,-0.038604736328125
enemy_tracking_failure,1,ep00129_t0012_item002409,1,A4,4,ally,0,hp,0.9200000166893005,0.88720703125,0.03279298543930054,1.0,-0.07999998331069946,-0.11279296875
enemy_tracking_failure,1,ep00129_t0012_item002409,1,A4,4,ally,1,cooldown_or_energy,0.0,0.048248291015625,0.048248291015625,0.0,0.0,0.048248291015625
enemy_tracking_failure,1,ep00129_t0012_item002409,1,A4,4,ally,2,dx,-0.15504568815231323,-0.1563720703125,0.0013263821601867676,-0.17115405201911926,0.01610836386680603,0.014781981706619263
enemy_tracking_failure,1,ep00129_t0012_item002409,1,A4,4,ally,3,dy,0.14661890268325806,0.11505126953125,0.03156763315200806,0.18575775623321533,-0.039138853549957275,-0.07070648670196533
enemy_tracking_failure,1,ep00129_t0012_item002409,1,A4,4,ally,4,shield,0.0,0.040313720703125,0.040313720703125,0.0,0.0,0.040313720703125
enemy_tracking_failure,1,ep00129_t0012_item002409,1,A4,4,ally,5,dynamic_5,0.0,-0.0008673667907714844,0.0008673667907714844,0.0,0.0,-0.0008673667907714844
enemy_tracking_failure,1,ep00129_t0012_item002409,1,A4,4,ally,6,dynamic_6,1.0,0.96044921875,0.03955078125,1.0,0.0,-0.03955078125
enemy_tracking_failure,1,ep00129_t0012_item002409,1,A4,4,ally,7,dynamic_7,0.0,0.0850830078125,0.0850830078125,0.0,0.0,0.0850830078125
enemy_tracking_failure,1,ep00129_t0012_item002409,1,A4,4,ally,8,dynamic_8,0.0,-0.0033168792724609375,0.0033168792724609375,0.0,0.0,-0.0033168792724609375
enemy_tracking_failure,1,ep00129_t0012_item002409,1,A4,4,ally,9,dynamic_9,0.0,0.0017137527465820312,0.0017137527465820312,0.0,0.0,0.0017137527465820312
enemy_tracking_failure,1,ep00129_t0012_item002409,1,A4,4,ally,10,dynamic_10,0.0,-0.023040771484375,0.023040771484375,0.0,0.0,-0.023040771484375
enemy_tracking_failure,1,ep00129_t0012_item002409,1,A4,4,ally,11,dynamic_11,0.0,0.0258941650390625,0.0258941650390625,0.0,0.0,0.0258941650390625
enemy_tracking_failure,1,ep00129_t0012_item002409,1,A4,4,ally,12,dynamic_12,0.0,-0.0230712890625,0.0230712890625,0.0,0.0,-0.0230712890625
enemy_tracking_failure,1,ep00129_t0012_item002409,1,A5,5,ally,0,hp,0.8080000281333923,0.859375,0.051374971866607666,1.0,-0.19199997186660767,-0.140625
enemy_tracking_failure,1,ep00129_t0012_item002409,1,A5,5,ally,1,cooldown_or_energy,0.0,0.0005617141723632812,0.0005617141723632812,0.0,0.0,0.0005617141723632812
enemy_tracking_failure,1,ep00129_t0012_item002409,1,A5,5,ally,2,dx,-0.12030008435249329,-0.11328125,0.007018834352493286,-0.12030008435249329,0.0,0.007018834352493286
enemy_tracking_failure,1,ep00129_t0012_item002409,1,A5,5,ally,3,dy,0.1852896809577942,0.1932373046875,0.00794762372970581,0.1852896809577942,0.0,0.00794762372970581
enemy_tracking_failure,1,ep00129_t0012_item002409,1,A5,5,ally,4,shield,0.0,0.01187896728515625,0.01187896728515625,0.0,0.0,0.01187896728515625
enemy_tracking_failure,1,ep00129_t0012_item002409,1,A5,5,ally,5,dynamic_5,0.0,0.007511138916015625,0.007511138916015625,0.0,0.0,0.007511138916015625
enemy_tracking_failure,1,ep00129_t0012_item002409,1,A5,5,ally,6,dynamic_6,1.0,0.9560546875,0.0439453125,1.0,0.0,-0.0439453125
enemy_tracking_failure,1,ep00129_t0012_item002409,1,A5,5,ally,7,dynamic_7,0.0,0.060516357421875,0.060516357421875,0.0,0.0,0.060516357421875
enemy_tracking_failure,1,ep00129_t0012_item002409,1,A5,5,ally,8,dynamic_8,0.0,-0.00806427001953125,0.00806427001953125,0.0,0.0,-0.00806427001953125
enemy_tracking_failure,1,ep00129_t0012_item002409,1,A5,5,ally,9,dynamic_9,0.0,0.00183868408203125,0.00183868408203125,0.0,0.0,0.00183868408203125
enemy_tracking_failure,1,ep00129_t0012_item002409,1,A5,5,ally,10,dynamic_10,0.0,-0.0024089813232421875,0.0024089813232421875,0.0,0.0,-0.0024089813232421875
enemy_tracking_failure,1,ep00129_t0012_item002409,1,A5,5,ally,11,dynamic_11,0.0,-0.01149749755859375,0.01149749755859375,0.0,0.0,-0.01149749755859375
enemy_tracking_failure,1,ep00129_t0012_item002409,1,A5,5,ally,12,dynamic_12,0.0,0.006839752197265625,0.006839752197265625,0.0,0.0,0.006839752197265625
enemy_tracking_failure,1,ep00129_t0012_item002409,1,A6,6,ally,0,hp,1.0,0.919921875,0.080078125,1.0,0.0,-0.080078125
enemy_tracking_failure,1,ep00129_t0012_item002409,1,A6,6,ally,1,cooldown_or_energy,0.0,0.035858154296875,0.035858154296875,0.0,0.0,0.035858154296875
enemy_tracking_failure,1,ep00129_t0012_item002409,1,A6,6,ally,2,dx,-0.18416962027549744,-0.162353515625,0.021816104650497437,-0.19180992245674133,0.0076403021812438965,0.029456406831741333
enemy_tracking_failure,1,ep00129_t0012_item002409,1,A6,6,ally,3,dy,0.15168088674545288,0.2078857421875,0.05620485544204712,0.16090375185012817,-0.009222865104675293,0.046981990337371826
enemy_tracking_failure,1,ep00129_t0012_item002409,1,A6,6,ally,4,shield,0.0,0.03570556640625,0.03570556640625,0.0,0.0,0.03570556640625
enemy_tracking_failure,1,ep00129_t0012_item002409,1,A6,6,ally,5,dynamic_5,0.0,-0.01416778564453125,0.01416778564453125,0.0,0.0,-0.01416778564453125
enemy_tracking_failure,1,ep00129_t0012_item002409,1,A6,6,ally,6,dynamic_6,0.0,-0.05517578125,0.05517578125,0.0,0.0,-0.05517578125
enemy_tracking_failure,1,ep00129_t0012_item002409,1,A6,6,ally,7,dynamic_7,1.0,0.98876953125,0.01123046875,1.0,0.0,-0.01123046875
enemy_tracking_failure,1,ep00129_t0012_item002409,1,A6,6,ally,8,dynamic_8,0.0,0.00661468505859375,0.00661468505859375,0.0,0.0,0.00661468505859375
enemy_tracking_failure,1,ep00129_t0012_item002409,1,A6,6,ally,9,dynamic_9,0.0,0.0016946792602539062,0.0016946792602539062,0.0,0.0,0.0016946792602539062
enemy_tracking_failure,1,ep00129_t0012_item002409,1,A6,6,ally,10,dynamic_10,0.0,-0.032928466796875,0.032928466796875,0.0,0.0,-0.032928466796875
enemy_tracking_failure,1,ep00129_t0012_item002409,1,A6,6,ally,11,dynamic_11,0.0,0.00323486328125,0.00323486328125,0.0,0.0,0.00323486328125
enemy_tracking_failure,1,ep00129_t0012_item002409,1,A6,6,ally,12,dynamic_12,0.0,0.07501220703125,0.07501220703125,0.0,0.0,0.07501220703125
enemy_tracking_failure,1,ep00129_t0012_item002409,1,A7,7,ally,0,hp,0.3333333432674408,0.185302734375,0.1480306088924408,0.3333333432674408,0.0,-0.1480306088924408
enemy_tracking_failure,1,ep00129_t0012_item002409,1,A7,7,ally,1,cooldown_or_energy,0.0,-0.04754638671875,0.04754638671875,0.0,0.0,-0.04754638671875
enemy_tracking_failure,1,ep00129_t0012_item002409,1,A7,7,ally,2,dx,-0.09154415130615234,-0.06805419921875,0.023489952087402344,-0.09344729781150818,0.001903146505355835,0.02539309859275818
enemy_tracking_failure,1,ep00129_t0012_item002409,1,A7,7,ally,3,dy,0.17603862285614014,0.1070556640625,0.06898295879364014,0.22474783658981323,-0.048709213733673096,-0.11769217252731323
enemy_tracking_failure,1,ep00129_t0012_item002409,1,A7,7,ally,4,shield,0.0,0.0189361572265625,0.0189361572265625,0.0,0.0,0.0189361572265625
enemy_tracking_failure,1,ep00129_t0012_item002409,1,A7,7,ally,5,dynamic_5,0.0,-0.00519561767578125,0.00519561767578125,0.0,0.0,-0.00519561767578125
enemy_tracking_failure,1,ep00129_t0012_item002409,1,A7,7,ally,6,dynamic_6,0.0,-0.012298583984375,0.012298583984375,0.0,0.0,-0.012298583984375
enemy_tracking_failure,1,ep00129_t0012_item002409,1,A7,7,ally,7,dynamic_7,1.0,0.431396484375,0.568603515625,1.0,0.0,-0.568603515625
enemy_tracking_failure,1,ep00129_t0012_item002409,1,A7,7,ally,8,dynamic_8,0.0,0.0017671585083007812,0.0017671585083007812,0.0,0.0,0.0017671585083007812
enemy_tracking_failure,1,ep00129_t0012_item002409,1,A7,7,ally,9,dynamic_9,0.0,0.0010023117065429688,0.0010023117065429688,0.0,0.0,0.0010023117065429688
enemy_tracking_failure,1,ep00129_t0012_item002409,1,A7,7,ally,10,dynamic_10,0.0,-0.020233154296875,0.020233154296875,0.0,0.0,-0.020233154296875
enemy_tracking_failure,1,ep00129_t0012_item002409,1,A7,7,ally,11,dynamic_11,0.0,0.1552734375,0.1552734375,0.0,0.0,0.1552734375
enemy_tracking_failure,1,ep00129_t0012_item002409,1,A7,7,ally,12,dynamic_12,0.0,0.08074951171875,0.08074951171875,0.0,0.0,0.08074951171875
enemy_tracking_failure,1,ep00129_t0012_item002409,1,E0,9,enemy,0,hp,1.0,0.96875,0.03125,1.0,0.0,-0.03125
enemy_tracking_failure,1,ep00129_t0012_item002409,1,E0,9,enemy,1,dx,0.022265911102294922,0.06646728515625,0.04420137405395508,0.022265911102294922,0.0,0.04420137405395508
enemy_tracking_failure,1,ep00129_t0012_item002409,1,E0,9,enemy,2,dy,-0.04171910881996155,0.00815582275390625,0.0498749315738678,-0.04171910881996155,0.0,0.0498749315738678
enemy_tracking_failure,1,ep00129_t0012_item002409,1,E0,9,enemy,3,dynamic_3,0.0,-0.042877197265625,0.042877197265625,0.0,0.0,-0.042877197265625
enemy_tracking_failure,1,ep00129_t0012_item002409,1,E0,9,enemy,4,dynamic_4,0.0,-0.0001537799835205078,0.0001537799835205078,0.0,0.0,-0.0001537799835205078
enemy_tracking_failure,1,ep00129_t0012_item002409,1,E0,9,enemy,5,dynamic_5,0.0,-0.0157470703125,0.0157470703125,0.0,0.0,-0.0157470703125
enemy_tracking_failure,1,ep00129_t0012_item002409,1,E0,9,enemy,6,dynamic_6,0.0,0.01192474365234375,0.01192474365234375,0.0,0.0,0.01192474365234375
enemy_tracking_failure,1,ep00129_t0012_item002409,1,E0,9,enemy,7,dynamic_7,1.0,0.91162109375,0.08837890625,1.0,0.0,-0.08837890625
enemy_tracking_failure,1,ep00129_t0012_item002409,1,E0,9,enemy,8,dynamic_8,0.0,0.053314208984375,0.053314208984375,0.0,0.0,0.053314208984375
enemy_tracking_failure,1,ep00129_t0012_item002409,1,E0,9,enemy,9,dynamic_9,0.0,-0.00046563148498535156,0.00046563148498535156,0.0,0.0,-0.00046563148498535156
enemy_tracking_failure,1,ep00129_t0012_item002409,1,E0,9,enemy,10,dynamic_10,0.0,0.02935791015625,0.02935791015625,0.0,0.0,0.02935791015625
enemy_tracking_failure,1,ep00129_t0012_item002409,1,E0,9,enemy,11,dynamic_11,0.0,-0.01197052001953125,0.01197052001953125,0.0,0.0,-0.01197052001953125
enemy_tracking_failure,1,ep00129_t0012_item002409,1,E1,10,enemy,0,hp,1.0,0.89306640625,0.10693359375,1.0,0.0,-0.10693359375
enemy_tracking_failure,1,ep00129_t0012_item002409,1,E1,10,enemy,1,dx,-0.08707398176193237,-0.09405517578125,0.006981194019317627,-0.0664636492729187,-0.020610332489013672,-0.0275915265083313
enemy_tracking_failure,1,ep00129_t0012_item002409,1,E1,10,enemy,2,dy,0.016212940216064453,-0.002216339111328125,0.018429279327392578,0.0027654170989990234,0.01344752311706543,-0.0049817562103271484
enemy_tracking_failure,1,ep00129_t0012_item002409,1,E1,10,enemy,3,dynamic_3,0.0,-0.0219268798828125,0.0219268798828125,0.0,0.0,-0.0219268798828125
enemy_tracking_failure,1,ep00129_t0012_item002409,1,E1,10,enemy,4,dynamic_4,0.0,-0.0088653564453125,0.0088653564453125,0.0,0.0,-0.0088653564453125
enemy_tracking_failure,1,ep00129_t0012_item002409,1,E1,10,enemy,5,dynamic_5,0.0,-0.00403594970703125,0.00403594970703125,0.0,0.0,-0.00403594970703125
enemy_tracking_failure,1,ep00129_t0012_item002409,1,E1,10,enemy,6,dynamic_6,1.0,0.9453125,0.0546875,1.0,0.0,-0.0546875
enemy_tracking_failure,1,ep00129_t0012_item002409,1,E1,10,enemy,7,dynamic_7,0.0,-0.01163482666015625,0.01163482666015625,0.0,0.0,-0.01163482666015625
enemy_tracking_failure,1,ep00129_t0012_item002409,1,E1,10,enemy,8,dynamic_8,0.0,0.006107330322265625,0.006107330322265625,0.0,0.0,0.006107330322265625
enemy_tracking_failure,1,ep00129_t0012_item002409,1,E1,10,enemy,9,dynamic_9,0.0,-0.00014841556549072266,0.00014841556549072266,0.0,0.0,-0.00014841556549072266
enemy_tracking_failure,1,ep00129_t0012_item002409,1,E1,10,enemy,10,dynamic_10,0.0,-0.004146575927734375,0.004146575927734375,0.0,0.0,-0.004146575927734375
enemy_tracking_failure,1,ep00129_t0012_item002409,1,E1,10,enemy,11,dynamic_11,0.0,0.0216217041015625,0.0216217041015625,0.0,0.0,0.0216217041015625
enemy_tracking_failure,1,ep00129_t0012_item002409,1,E2,11,enemy,0,hp,1.0,0.86083984375,0.13916015625,1.0,0.0,-0.13916015625
enemy_tracking_failure,1,ep00129_t0012_item002409,1,E2,11,enemy,1,dx,-0.06293275952339172,-0.0999755859375,0.037042826414108276,-0.042931586503982544,-0.02000117301940918,-0.057043999433517456
enemy_tracking_failure,1,ep00129_t0012_item002409,1,E2,11,enemy,2,dy,0.02088320255279541,0.007244110107421875,0.013639092445373535,0.006437957286834717,0.014445245265960693,0.0008061528205871582
enemy_tracking_failure,1,ep00129_t0012_item002409,1,E2,11,enemy,3,dynamic_3,0.0,-0.04779052734375,0.04779052734375,0.0,0.0,-0.04779052734375
enemy_tracking_failure,1,ep00129_t0012_item002409,1,E2,11,enemy,4,dynamic_4,0.0,-0.01806640625,0.01806640625,0.0,0.0,-0.01806640625
enemy_tracking_failure,1,ep00129_t0012_item002409,1,E2,11,enemy,5,dynamic_5,0.0,0.00974273681640625,0.00974273681640625,0.0,0.0,0.00974273681640625
enemy_tracking_failure,1,ep00129_t0012_item002409,1,E2,11,enemy,6,dynamic_6,1.0,0.9853515625,0.0146484375,1.0,0.0,-0.0146484375
enemy_tracking_failure,1,ep00129_t0012_item002409,1,E2,11,enemy,7,dynamic_7,0.0,-0.00970458984375,0.00970458984375,0.0,0.0,-0.00970458984375
enemy_tracking_failure,1,ep00129_t0012_item002409,1,E2,11,enemy,8,dynamic_8,0.0,0.0135498046875,0.0135498046875,0.0,0.0,0.0135498046875
enemy_tracking_failure,1,ep00129_t0012_item002409,1,E2,11,enemy,9,dynamic_9,0.0,0.00021731853485107422,0.00021731853485107422,0.0,0.0,0.00021731853485107422
enemy_tracking_failure,1,ep00129_t0012_item002409,1,E2,11,enemy,10,dynamic_10,0.0,-0.01922607421875,0.01922607421875,0.0,0.0,-0.01922607421875
enemy_tracking_failure,1,ep00129_t0012_item002409,1,E2,11,enemy,11,dynamic_11,0.0,0.0163726806640625,0.0163726806640625,0.0,0.0,0.0163726806640625
enemy_tracking_failure,1,ep00129_t0012_item002409,1,E3,12,enemy,0,hp,1.0,0.85986328125,0.14013671875,0.9041666388511658,0.09583336114883423,-0.04430335760116577
enemy_tracking_failure,1,ep00129_t0012_item002409,1,E3,12,enemy,1,dx,-0.09913292527198792,-0.08782958984375,0.011303335428237915,-0.06621795892715454,-0.032914966344833374,-0.02161163091659546
enemy_tracking_failure,1,ep00129_t0012_item002409,1,E3,12,enemy,2,dy,-0.003938853740692139,-0.0301666259765625,0.02622777223587036,-0.021551549434661865,0.017612695693969727,-0.008615076541900635
enemy_tracking_failure,1,ep00129_t0012_item002409,1,E3,12,enemy,3,dynamic_3,0.0,-0.034698486328125,0.034698486328125,0.0,0.0,-0.034698486328125
enemy_tracking_failure,1,ep00129_t0012_item002409,1,E3,12,enemy,4,dynamic_4,0.0,-0.0133056640625,0.0133056640625,0.0,0.0,-0.0133056640625
enemy_tracking_failure,1,ep00129_t0012_item002409,1,E3,12,enemy,5,dynamic_5,0.0,0.00313568115234375,0.00313568115234375,0.0,0.0,0.00313568115234375
enemy_tracking_failure,1,ep00129_t0012_item002409,1,E3,12,enemy,6,dynamic_6,1.0,1.0029296875,0.0029296875,1.0,0.0,0.0029296875
enemy_tracking_failure,1,ep00129_t0012_item002409,1,E3,12,enemy,7,dynamic_7,0.0,-0.0167694091796875,0.0167694091796875,0.0,0.0,-0.0167694091796875
enemy_tracking_failure,1,ep00129_t0012_item002409,1,E3,12,enemy,8,dynamic_8,0.0,-0.00885009765625,0.00885009765625,0.0,0.0,-0.00885009765625
enemy_tracking_failure,1,ep00129_t0012_item002409,1,E3,12,enemy,9,dynamic_9,0.0,5.1081180572509766e-05,5.1081180572509766e-05,0.0,0.0,5.1081180572509766e-05
enemy_tracking_failure,1,ep00129_t0012_item002409,1,E3,12,enemy,10,dynamic_10,0.0,-0.00934600830078125,0.00934600830078125,0.0,0.0,-0.00934600830078125
enemy_tracking_failure,1,ep00129_t0012_item002409,1,E3,12,enemy,11,dynamic_11,0.0,-0.0017919540405273438,0.0017919540405273438,0.0,0.0,-0.0017919540405273438
enemy_tracking_failure,1,ep00129_t0012_item002409,1,E4,13,enemy,0,hp,1.0,0.9619140625,0.0380859375,1.0,0.0,-0.0380859375
enemy_tracking_failure,1,ep00129_t0012_item002409,1,E4,13,enemy,1,dx,0.014360308647155762,0.022552490234375,0.008192181587219238,0.014360308647155762,0.0,0.008192181587219238
enemy_tracking_failure,1,ep00129_t0012_item002409,1,E4,13,enemy,2,dy,0.07605153322219849,0.052581787109375,0.023469746112823486,0.07605153322219849,0.0,-0.023469746112823486
enemy_tracking_failure,1,ep00129_t0012_item002409,1,E4,13,enemy,3,dynamic_3,0.0,0.01067352294921875,0.01067352294921875,0.0,0.0,0.01067352294921875
enemy_tracking_failure,1,ep00129_t0012_item002409,1,E4,13,enemy,4,dynamic_4,0.0,-0.0191802978515625,0.0191802978515625,0.0,0.0,-0.0191802978515625
enemy_tracking_failure,1,ep00129_t0012_item002409,1,E4,13,enemy,5,dynamic_5,1.0,1.0107421875,0.0107421875,1.0,0.0,0.0107421875
enemy_tracking_failure,1,ep00129_t0012_item002409,1,E4,13,enemy,6,dynamic_6,0.0,0.0218048095703125,0.0218048095703125,0.0,0.0,0.0218048095703125
enemy_tracking_failure,1,ep00129_t0012_item002409,1,E4,13,enemy,7,dynamic_7,0.0,-0.00557708740234375,0.00557708740234375,0.0,0.0,-0.00557708740234375
enemy_tracking_failure,1,ep00129_t0012_item002409,1,E4,13,enemy,8,dynamic_8,0.0,-0.0282135009765625,0.0282135009765625,0.0,0.0,-0.0282135009765625
enemy_tracking_failure,1,ep00129_t0012_item002409,1,E4,13,enemy,9,dynamic_9,0.0,-0.0003247261047363281,0.0003247261047363281,0.0,0.0,-0.0003247261047363281
enemy_tracking_failure,1,ep00129_t0012_item002409,1,E4,13,enemy,10,dynamic_10,0.0,-0.0087127685546875,0.0087127685546875,0.0,0.0,-0.0087127685546875
enemy_tracking_failure,1,ep00129_t0012_item002409,1,E4,13,enemy,11,dynamic_11,0.0,0.04364013671875,0.04364013671875,0.0,0.0,0.04364013671875
enemy_tracking_failure,1,ep00129_t0012_item002409,1,E5,14,enemy,0,hp,1.0,0.97509765625,0.02490234375,1.0,0.0,-0.02490234375
enemy_tracking_failure,1,ep00129_t0012_item002409,1,E5,14,enemy,1,dx,-0.012390464544296265,-0.005489349365234375,0.00690111517906189,-0.012390464544296265,0.0,0.00690111517906189
enemy_tracking_failure,1,ep00129_t0012_item002409,1,E5,14,enemy,2,dy,0.05505108833312988,0.051788330078125,0.003262758255004883,0.05505108833312988,0.0,-0.003262758255004883
enemy_tracking_failure,1,ep00129_t0012_item002409,1,E5,14,enemy,3,dynamic_3,0.0,0.01407623291015625,0.01407623291015625,0.0,0.0,0.01407623291015625
enemy_tracking_failure,1,ep00129_t0012_item002409,1,E5,14,enemy,4,dynamic_4,0.0,0.0051116943359375,0.0051116943359375,0.0,0.0,0.0051116943359375
enemy_tracking_failure,1,ep00129_t0012_item002409,1,E5,14,enemy,5,dynamic_5,1.0,0.9990234375,0.0009765625,1.0,0.0,-0.0009765625
enemy_tracking_failure,1,ep00129_t0012_item002409,1,E5,14,enemy,6,dynamic_6,0.0,-0.00850677490234375,0.00850677490234375,0.0,0.0,-0.00850677490234375
enemy_tracking_failure,1,ep00129_t0012_item002409,1,E5,14,enemy,7,dynamic_7,0.0,-0.0135498046875,0.0135498046875,0.0,0.0,-0.0135498046875
enemy_tracking_failure,1,ep00129_t0012_item002409,1,E5,14,enemy,8,dynamic_8,0.0,-0.0123291015625,0.0123291015625,0.0,0.0,-0.0123291015625
enemy_tracking_failure,1,ep00129_t0012_item002409,1,E5,14,enemy,9,dynamic_9,0.0,-0.00032258033752441406,0.00032258033752441406,0.0,0.0,-0.00032258033752441406
enemy_tracking_failure,1,ep00129_t0012_item002409,1,E5,14,enemy,10,dynamic_10,0.0,0.0035686492919921875,0.0035686492919921875,0.0,0.0,0.0035686492919921875
enemy_tracking_failure,1,ep00129_t0012_item002409,1,E5,14,enemy,11,dynamic_11,0.0,0.006977081298828125,0.006977081298828125,0.0,0.0,0.006977081298828125
enemy_tracking_failure,1,ep00129_t0012_item002409,1,E6,15,enemy,0,hp,1.0,0.88671875,0.11328125,1.0,0.0,-0.11328125
enemy_tracking_failure,1,ep00129_t0012_item002409,1,E6,15,enemy,1,dx,-0.03481578826904297,-0.043182373046875,0.008366584777832031,-0.03481578826904297,0.0,-0.008366584777832031
enemy_tracking_failure,1,ep00129_t0012_item002409,1,E6,15,enemy,2,dy,0.03476536273956299,0.038604736328125,0.0038393735885620117,0.03476536273956299,0.0,0.0038393735885620117
enemy_tracking_failure,1,ep00129_t0012_item002409,1,E6,15,enemy,3,dynamic_3,0.0,0.0251922607421875,0.0251922607421875,0.0,0.0,0.0251922607421875
enemy_tracking_failure,1,ep00129_t0012_item002409,1,E6,15,enemy,4,dynamic_4,0.0,-0.01666259765625,0.01666259765625,0.0,0.0,-0.01666259765625
enemy_tracking_failure,1,ep00129_t0012_item002409,1,E6,15,enemy,5,dynamic_5,0.0,-0.011260986328125,0.011260986328125,0.0,0.0,-0.011260986328125
enemy_tracking_failure,1,ep00129_t0012_item002409,1,E6,15,enemy,6,dynamic_6,1.0,0.91796875,0.08203125,1.0,0.0,-0.08203125
enemy_tracking_failure,1,ep00129_t0012_item002409,1,E6,15,enemy,7,dynamic_7,0.0,0.0092315673828125,0.0092315673828125,0.0,0.0,0.0092315673828125
enemy_tracking_failure,1,ep00129_t0012_item002409,1,E6,15,enemy,8,dynamic_8,0.0,-0.01202392578125,0.01202392578125,0.0,0.0,-0.01202392578125
enemy_tracking_failure,1,ep00129_t0012_item002409,1,E6,15,enemy,9,dynamic_9,0.0,0.0003616809844970703,0.0003616809844970703,0.0,0.0,0.0003616809844970703
enemy_tracking_failure,1,ep00129_t0012_item002409,1,E6,15,enemy,10,dynamic_10,0.0,-0.0034236907958984375,0.0034236907958984375,0.0,0.0,-0.0034236907958984375
enemy_tracking_failure,1,ep00129_t0012_item002409,1,E6,15,enemy,11,dynamic_11,0.0,0.0282745361328125,0.0282745361328125,0.0,0.0,0.0282745361328125
enemy_tracking_failure,1,ep00129_t0012_item002409,5,A0,0,ally,0,hp,0.8999999761581421,0.86572265625,0.03427731990814209,0.8999999761581421,0.0,-0.03427731990814209
enemy_tracking_failure,1,ep00129_t0012_item002409,5,A0,0,ally,1,cooldown_or_energy,0.26390624046325684,0.233642578125,0.030263662338256836,0.25687500834465027,0.007031232118606567,-0.02323243021965027
enemy_tracking_failure,1,ep00129_t0012_item002409,5,A0,0,ally,2,dx,-0.1396092176437378,-0.1712646484375,0.03165543079376221,-0.2489842176437378,0.109375,0.07771956920623779
enemy_tracking_failure,1,ep00129_t0012_item002409,5,A0,0,ally,3,dy,-0.2302379310131073,-0.21484375,0.0153941810131073,-0.0661754310131073,-0.1640625,-0.1486683189868927
enemy_tracking_failure,1,ep00129_t0012_item002409,5,A0,0,ally,4,shield,0.0,0.00904083251953125,0.00904083251953125,0.0,0.0,0.00904083251953125
enemy_tracking_failure,1,ep00129_t0012_item002409,5,A0,0,ally,5,dynamic_5,0.0,0.0023326873779296875,0.0023326873779296875,0.0,0.0,0.0023326873779296875
enemy_tracking_failure,1,ep00129_t0012_item002409,5,A0,0,ally,6,dynamic_6,0.0,-0.00482940673828125,0.00482940673828125,0.0,0.0,-0.00482940673828125
enemy_tracking_failure,1,ep00129_t0012_item002409,5,A0,0,ally,7,dynamic_7,0.0,0.15185546875,0.15185546875,0.0,0.0,0.15185546875
enemy_tracking_failure,1,ep00129_t0012_item002409,5,A0,0,ally,8,dynamic_8,1.0,0.92236328125,0.07763671875,1.0,0.0,-0.07763671875
enemy_tracking_failure,1,ep00129_t0012_item002409,5,A0,0,ally,9,dynamic_9,0.0,0.00030493736267089844,0.00030493736267089844,0.0,0.0,0.00030493736267089844
enemy_tracking_failure,1,ep00129_t0012_item002409,5,A0,0,ally,10,dynamic_10,0.0,-0.015655517578125,0.015655517578125,0.0,0.0,-0.015655517578125
enemy_tracking_failure,1,ep00129_t0012_item002409,5,A0,0,ally,11,dynamic_11,0.0,-0.045013427734375,0.045013427734375,0.0,0.0,-0.045013427734375
enemy_tracking_failure,1,ep00129_t0012_item002409,5,A0,0,ally,12,dynamic_12,0.0,-0.00952911376953125,0.00952911376953125,0.0,0.0,-0.00952911376953125
enemy_tracking_failure,1,ep00129_t0012_item002409,5,A3,3,ally,0,hp,1.0,0.908203125,0.091796875,1.0,0.0,-0.091796875
enemy_tracking_failure,1,ep00129_t0012_item002409,5,A3,3,ally,1,cooldown_or_energy,0.0,-0.004863739013671875,0.004863739013671875,0.0,0.0,-0.004863739013671875
enemy_tracking_failure,1,ep00129_t0012_item002409,5,A3,3,ally,2,dx,-0.334256112575531,-0.379638671875,0.045382559299468994,-0.334256112575531,0.0,-0.045382559299468994
enemy_tracking_failure,1,ep00129_t0012_item002409,5,A3,3,ally,3,dy,0.13429361581802368,0.109130859375,0.02516275644302368,0.03585630655288696,0.09843730926513672,0.07327455282211304
enemy_tracking_failure,1,ep00129_t0012_item002409,5,A3,3,ally,4,shield,0.0,-0.0125885009765625,0.0125885009765625,0.0,0.0,-0.0125885009765625
enemy_tracking_failure,1,ep00129_t0012_item002409,5,A3,3,ally,5,dynamic_5,0.0,-0.0297393798828125,0.0297393798828125,0.0,0.0,-0.0297393798828125
enemy_tracking_failure,1,ep00129_t0012_item002409,5,A3,3,ally,6,dynamic_6,0.0,-0.002838134765625,0.002838134765625,0.0,0.0,-0.002838134765625
enemy_tracking_failure,1,ep00129_t0012_item002409,5,A3,3,ally,7,dynamic_7,1.0,1.1181640625,0.1181640625,1.0,0.0,0.1181640625
enemy_tracking_failure,1,ep00129_t0012_item002409,5,A3,3,ally,8,dynamic_8,0.0,0.02362060546875,0.02362060546875,0.0,0.0,0.02362060546875
enemy_tracking_failure,1,ep00129_t0012_item002409,5,A3,3,ally,9,dynamic_9,0.0,0.0005145072937011719,0.0005145072937011719,0.0,0.0,0.0005145072937011719
enemy_tracking_failure,1,ep00129_t0012_item002409,5,A3,3,ally,10,dynamic_10,0.0,-0.026153564453125,0.026153564453125,0.0,0.0,-0.026153564453125
enemy_tracking_failure,1,ep00129_t0012_item002409,5,A3,3,ally,11,dynamic_11,0.0,0.0219573974609375,0.0219573974609375,0.0,0.0,0.0219573974609375
enemy_tracking_failure,1,ep00129_t0012_item002409,5,A3,3,ally,12,dynamic_12,0.0,-0.050323486328125,0.050323486328125,0.0,0.0,-0.050323486328125
enemy_tracking_failure,1,ep00129_t0012_item002409,5,A5,5,ally,0,hp,0.8080000281333923,0.87548828125,0.06748825311660767,1.0,-0.19199997186660767,-0.12451171875
enemy_tracking_failure,1,ep00129_t0012_item002409,5,A5,5,ally,1,cooldown_or_energy,0.0,-0.0118255615234375,0.0118255615234375,0.0,0.0,-0.0118255615234375
enemy_tracking_failure,1,ep00129_t0012_item002409,5,A5,5,ally,2,dx,-0.16779157519340515,-0.1439208984375,0.02387067675590515,-0.12030008435249329,-0.047491490840911865,-0.023620814085006714
enemy_tracking_failure,1,ep00129_t0012_item002409,5,A5,5,ally,3,dy,0.21498709917068481,0.22021484375,0.0052277445793151855,0.1852896809577942,0.029697418212890625,0.03492516279220581
enemy_tracking_failure,1,ep00129_t0012_item002409,5,A5,5,ally,4,shield,0.0,0.0274658203125,0.0274658203125,0.0,0.0,0.0274658203125
enemy_tracking_failure,1,ep00129_t0012_item002409,5,A5,5,ally,5,dynamic_5,0.0,0.0169525146484375,0.0169525146484375,0.0,0.0,0.0169525146484375
enemy_tracking_failure,1,ep00129_t0012_item002409,5,A5,5,ally,6,dynamic_6,1.0,0.97900390625,0.02099609375,1.0,0.0,-0.02099609375
enemy_tracking_failure,1,ep00129_t0012_item002409,5,A5,5,ally,7,dynamic_7,0.0,0.055419921875,0.055419921875,0.0,0.0,0.055419921875
enemy_tracking_failure,1,ep00129_t0012_item002409,5,A5,5,ally,8,dynamic_8,0.0,0.00423431396484375,0.00423431396484375,0.0,0.0,0.00423431396484375
enemy_tracking_failure,1,ep00129_t0012_item002409,5,A5,5,ally,9,dynamic_9,0.0,0.001842498779296875,0.001842498779296875,0.0,0.0,0.001842498779296875
enemy_tracking_failure,1,ep00129_t0012_item002409,5,A5,5,ally,10,dynamic_10,0.0,0.004703521728515625,0.004703521728515625,0.0,0.0,0.004703521728515625
enemy_tracking_failure,1,ep00129_t0012_item002409,5,A5,5,ally,11,dynamic_11,0.0,-0.0168609619140625,0.0168609619140625,0.0,0.0,-0.0168609619140625
enemy_tracking_failure,1,ep00129_t0012_item002409,5,A5,5,ally,12,dynamic_12,0.0,-0.0247802734375,0.0247802734375,0.0,0.0,-0.0247802734375
enemy_tracking_failure,1,ep00129_t0012_item002409,5,A6,6,ally,0,hp,1.0,0.86865234375,0.13134765625,1.0,0.0,-0.13134765625
enemy_tracking_failure,1,ep00129_t0012_item002409,5,A6,6,ally,1,cooldown_or_energy,0.0,0.04644775390625,0.04644775390625,0.0,0.0,0.04644775390625
enemy_tracking_failure,1,ep00129_t0012_item002409,5,A6,6,ally,2,dx,-0.20663902163505554,-0.130615234375,0.07602378726005554,-0.19180992245674133,-0.014829099178314209,0.06119468808174133
enemy_tracking_failure,1,ep00129_t0012_item002409,5,A6,6,ally,3,dy,0.1815558671951294,0.193359375,0.011803507804870605,0.16090375185012817,0.02065211534500122,0.032455623149871826
enemy_tracking_failure,1,ep00129_t0012_item002409,5,A6,6,ally,4,shield,0.0,0.0175628662109375,0.0175628662109375,0.0,0.0,0.0175628662109375
enemy_tracking_failure,1,ep00129_t0012_item002409,5,A6,6,ally,5,dynamic_5,0.0,-0.0225677490234375,0.0225677490234375,0.0,0.0,-0.0225677490234375
enemy_tracking_failure,1,ep00129_t0012_item002409,5,A6,6,ally,6,dynamic_6,0.0,-0.053466796875,0.053466796875,0.0,0.0,-0.053466796875
enemy_tracking_failure,1,ep00129_t0012_item002409,5,A6,6,ally,7,dynamic_7,1.0,1.044921875,0.044921875,1.0,0.0,0.044921875
enemy_tracking_failure,1,ep00129_t0012_item002409,5,A6,6,ally,8,dynamic_8,0.0,0.0219268798828125,0.0219268798828125,0.0,0.0,0.0219268798828125
enemy_tracking_failure,1,ep00129_t0012_item002409,5,A6,6,ally,9,dynamic_9,0.0,0.0015811920166015625,0.0015811920166015625,0.0,0.0,0.0015811920166015625
enemy_tracking_failure,1,ep00129_t0012_item002409,5,A6,6,ally,10,dynamic_10,0.0,0.0033550262451171875,0.0033550262451171875,0.0,0.0,0.0033550262451171875
enemy_tracking_failure,1,ep00129_t0012_item002409,5,A6,6,ally,11,dynamic_11,0.0,0.0244598388671875,0.0244598388671875,0.0,0.0,0.0244598388671875
enemy_tracking_failure,1,ep00129_t0012_item002409,5,A6,6,ally,12,dynamic_12,0.0,-0.03887939453125,0.03887939453125,0.0,0.0,-0.03887939453125
enemy_tracking_failure,1,ep00129_t0012_item002409,5,E0,9,enemy,0,hp,1.0,0.98291015625,0.01708984375,1.0,0.0,-0.01708984375
enemy_tracking_failure,1,ep00129_t0012_item002409,5,E0,9,enemy,1,dx,0.022265911102294922,0.029937744140625,0.007671833038330078,0.022265911102294922,0.0,0.007671833038330078
enemy_tracking_failure,1,ep00129_t0012_item002409,5,E0,9,enemy,2,dy,-0.04171910881996155,0.0196075439453125,0.06132665276527405,-0.04171910881996155,0.0,0.06132665276527405
enemy_tracking_failure,1,ep00129_t0012_item002409,5,E0,9,enemy,3,dynamic_3,0.0,-0.054473876953125,0.054473876953125,0.0,0.0,-0.054473876953125
enemy_tracking_failure,1,ep00129_t0012_item002409,5,E0,9,enemy,4,dynamic_4,0.0,-0.004810333251953125,0.004810333251953125,0.0,0.0,-0.004810333251953125
enemy_tracking_failure,1,ep00129_t0012_item002409,5,E0,9,enemy,5,dynamic_5,0.0,-0.0007290840148925781,0.0007290840148925781,0.0,0.0,-0.0007290840148925781
enemy_tracking_failure,1,ep00129_t0012_item002409,5,E0,9,enemy,6,dynamic_6,0.0,0.01512908935546875,0.01512908935546875,0.0,0.0,0.01512908935546875
enemy_tracking_failure,1,ep00129_t0012_item002409,5,E0,9,enemy,7,dynamic_7,1.0,0.89501953125,0.10498046875,1.0,0.0,-0.10498046875
enemy_tracking_failure,1,ep00129_t0012_item002409,5,E0,9,enemy,8,dynamic_8,0.0,0.029876708984375,0.029876708984375,0.0,0.0,0.029876708984375
enemy_tracking_failure,1,ep00129_t0012_item002409,5,E0,9,enemy,9,dynamic_9,0.0,-0.0004284381866455078,0.0004284381866455078,0.0,0.0,-0.0004284381866455078
enemy_tracking_failure,1,ep00129_t0012_item002409,5,E0,9,enemy,10,dynamic_10,0.0,-0.0007147789001464844,0.0007147789001464844,0.0,0.0,-0.0007147789001464844
enemy_tracking_failure,1,ep00129_t0012_item002409,5,E0,9,enemy,11,dynamic_11,0.0,0.07513427734375,0.07513427734375,0.0,0.0,0.07513427734375
enemy_tracking_failure,1,ep00129_t0012_item002409,5,E1,10,enemy,0,hp,1.0,0.75,0.25,1.0,0.0,-0.25
enemy_tracking_failure,1,ep00129_t0012_item002409,5,E1,10,enemy,1,dx,-0.08707398176193237,-0.07147216796875,0.015601813793182373,-0.0664636492729187,-0.020610332489013672,-0.005008518695831299
enemy_tracking_failure,1,ep00129_t0012_item002409,5,E1,10,enemy,2,dy,0.016212940216064453,0.01019287109375,0.006020069122314453,0.0027654170989990234,0.01344752311706543,0.0074274539947509766
enemy_tracking_failure,1,ep00129_t0012_item002409,5,E1,10,enemy,3,dynamic_3,0.0,-0.0029544830322265625,0.0029544830322265625,0.0,0.0,-0.0029544830322265625
enemy_tracking_failure,1,ep00129_t0012_item002409,5,E1,10,enemy,4,dynamic_4,0.0,-0.0139617919921875,0.0139617919921875,0.0,0.0,-0.0139617919921875
enemy_tracking_failure,1,ep00129_t0012_item002409,5,E1,10,enemy,5,dynamic_5,0.0,-0.01041412353515625,0.01041412353515625,0.0,0.0,-0.01041412353515625
enemy_tracking_failure,1,ep00129_t0012_item002409,5,E1,10,enemy,6,dynamic_6,1.0,1.0048828125,0.0048828125,1.0,0.0,0.0048828125
enemy_tracking_failure,1,ep00129_t0012_item002409,5,E1,10,enemy,7,dynamic_7,0.0,-0.00705718994140625,0.00705718994140625,0.0,0.0,-0.00705718994140625
enemy_tracking_failure,1,ep00129_t0012_item002409,5,E1,10,enemy,8,dynamic_8,0.0,0.005420684814453125,0.005420684814453125,0.0,0.0,0.005420684814453125
enemy_tracking_failure,1,ep00129_t0012_item002409,5,E1,10,enemy,9,dynamic_9,0.0,-0.0002034902572631836,0.0002034902572631836,0.0,0.0,-0.0002034902572631836
enemy_tracking_failure,1,ep00129_t0012_item002409,5,E1,10,enemy,10,dynamic_10,0.0,-0.00576019287109375,0.00576019287109375,0.0,0.0,-0.00576019287109375
enemy_tracking_failure,1,ep00129_t0012_item002409,5,E1,10,enemy,11,dynamic_11,0.0,-0.00689697265625,0.00689697265625,0.0,0.0,-0.00689697265625
enemy_tracking_failure,1,ep00129_t0012_item002409,5,E2,11,enemy,0,hp,1.0,0.8583984375,0.1416015625,1.0,0.0,-0.1416015625
enemy_tracking_failure,1,ep00129_t0012_item002409,5,E2,11,enemy,1,dx,-0.06293275952339172,-0.11627197265625,0.053339213132858276,-0.042931586503982544,-0.02000117301940918,-0.07334038615226746
enemy_tracking_failure,1,ep00129_t0012_item002409,5,E2,11,enemy,2,dy,0.02088320255279541,0.0175628662109375,0.00332033634185791,0.006437957286834717,0.014445245265960693,0.011124908924102783
enemy_tracking_failure,1,ep00129_t0012_item002409,5,E2,11,enemy,3,dynamic_3,0.0,-0.0285491943359375,0.0285491943359375,0.0,0.0,-0.0285491943359375
enemy_tracking_failure,1,ep00129_t0012_item002409,5,E2,11,enemy,4,dynamic_4,0.0,-0.016632080078125,0.016632080078125,0.0,0.0,-0.016632080078125
enemy_tracking_failure,1,ep00129_t0012_item002409,5,E2,11,enemy,5,dynamic_5,0.0,-0.0002930164337158203,0.0002930164337158203,0.0,0.0,-0.0002930164337158203
enemy_tracking_failure,1,ep00129_t0012_item002409,5,E2,11,enemy,6,dynamic_6,1.0,0.9990234375,0.0009765625,1.0,0.0,-0.0009765625
enemy_tracking_failure,1,ep00129_t0012_item002409,5,E2,11,enemy,7,dynamic_7,0.0,-0.0138397216796875,0.0138397216796875,0.0,0.0,-0.0138397216796875
enemy_tracking_failure,1,ep00129_t0012_item002409,5,E2,11,enemy,8,dynamic_8,0.0,0.020477294921875,0.020477294921875,0.0,0.0,0.020477294921875
enemy_tracking_failure,1,ep00129_t0012_item002409,5,E2,11,enemy,9,dynamic_9,0.0,7.164478302001953e-05,7.164478302001953e-05,0.0,0.0,7.164478302001953e-05
enemy_tracking_failure,1,ep00129_t0012_item002409,5,E2,11,enemy,10,dynamic_10,0.0,-0.03656005859375,0.03656005859375,0.0,0.0,-0.03656005859375
enemy_tracking_failure,1,ep00129_t0012_item002409,5,E2,11,enemy,11,dynamic_11,0.0,0.022979736328125,0.022979736328125,0.0,0.0,0.022979736328125
enemy_tracking_failure,1,ep00129_t0012_item002409,5,E3,12,enemy,0,hp,1.0,0.833984375,0.166015625,0.9041666388511658,0.09583336114883423,-0.07018226385116577
enemy_tracking_failure,1,ep00129_t0012_item002409,5,E3,12,enemy,1,dx,-0.09913292527198792,-0.07659912109375,0.022533804178237915,-0.06621795892715454,-0.032914966344833374,-0.010381162166595459
enemy_tracking_failure,1,ep00129_t0012_item002409,5,E3,12,enemy,2,dy,-0.003938853740692139,-0.032562255859375,0.02862340211868286,-0.021551549434661865,0.017612695693969727,-0.011010706424713135
enemy_tracking_failure,1,ep00129_t0012_item002409,5,E3,12,enemy,3,dynamic_3,0.0,-0.0032520294189453125,0.0032520294189453125,0.0,0.0,-0.0032520294189453125
enemy_tracking_failure,1,ep00129_t0012_item002409,5,E3,12,enemy,4,dynamic_4,0.0,-0.0216064453125,0.0216064453125,0.0,0.0,-0.0216064453125
enemy_tracking_failure,1,ep00129_t0012_item002409,5,E3,12,enemy,5,dynamic_5,0.0,-0.0025787353515625,0.0025787353515625,0.0,0.0,-0.0025787353515625
enemy_tracking_failure,1,ep00129_t0012_item002409,5,E3,12,enemy,6,dynamic_6,1.0,1.029296875,0.029296875,1.0,0.0,0.029296875
enemy_tracking_failure,1,ep00129_t0012_item002409,5,E3,12,enemy,7,dynamic_7,0.0,-0.01470947265625,0.01470947265625,0.0,0.0,-0.01470947265625
enemy_tracking_failure,1,ep00129_t0012_item002409,5,E3,12,enemy,8,dynamic_8,0.0,-0.015716552734375,0.015716552734375,0.0,0.0,-0.015716552734375
enemy_tracking_failure,1,ep00129_t0012_item002409,5,E3,12,enemy,9,dynamic_9,0.0,-2.664327621459961e-05,2.664327621459961e-05,0.0,0.0,-2.664327621459961e-05
enemy_tracking_failure,1,ep00129_t0012_item002409,5,E3,12,enemy,10,dynamic_10,0.0,-0.034210205078125,0.034210205078125,0.0,0.0,-0.034210205078125
enemy_tracking_failure,1,ep00129_t0012_item002409,5,E3,12,enemy,11,dynamic_11,0.0,-0.01068878173828125,0.01068878173828125,0.0,0.0,-0.01068878173828125
enemy_tracking_failure,1,ep00129_t0012_item002409,5,E4,13,enemy,0,hp,0.8080000281333923,0.95556640625,0.14756637811660767,1.0,-0.19199997186660767,-0.04443359375
enemy_tracking_failure,1,ep00129_t0012_item002409,5,E4,13,enemy,1,dx,0.014360308647155762,-0.058319091796875,0.07267940044403076,0.014360308647155762,0.0,-0.07267940044403076
enemy_tracking_failure,1,ep00129_t0012_item002409,5,E4,13,enemy,2,dy,0.07605153322219849,0.0341796875,0.041871845722198486,0.07605153322219849,0.0,-0.041871845722198486
enemy_tracking_failure,1,ep00129_t0012_item002409,5,E4,13,enemy,3,dynamic_3,0.0,-0.00818634033203125,0.00818634033203125,0.0,0.0,-0.00818634033203125
enemy_tracking_failure,1,ep00129_t0012_item002409,5,E4,13,enemy,4,dynamic_4,0.0,-0.0228118896484375,0.0228118896484375,0.0,0.0,-0.0228118896484375
enemy_tracking_failure,1,ep00129_t0012_item002409,5,E4,13,enemy,5,dynamic_5,1.0,0.99951171875,0.00048828125,1.0,0.0,-0.00048828125
enemy_tracking_failure,1,ep00129_t0012_item002409,5,E4,13,enemy,6,dynamic_6,0.0,0.0243682861328125,0.0243682861328125,0.0,0.0,0.0243682861328125
enemy_tracking_failure,1,ep00129_t0012_item002409,5,E4,13,enemy,7,dynamic_7,0.0,0.0003085136413574219,0.0003085136413574219,0.0,0.0,0.0003085136413574219
enemy_tracking_failure,1,ep00129_t0012_item002409,5,E4,13,enemy,8,dynamic_8,0.0,-0.0270233154296875,0.0270233154296875,0.0,0.0,-0.0270233154296875
enemy_tracking_failure,1,ep00129_t0012_item002409,5,E4,13,enemy,9,dynamic_9,0.0,-0.00011879205703735352,0.00011879205703735352,0.0,0.0,-0.00011879205703735352
enemy_tracking_failure,1,ep00129_t0012_item002409,5,E4,13,enemy,10,dynamic_10,0.0,-0.007595062255859375,0.007595062255859375,0.0,0.0,-0.007595062255859375
enemy_tracking_failure,1,ep00129_t0012_item002409,5,E4,13,enemy,11,dynamic_11,0.0,0.037109375,0.037109375,0.0,0.0,0.037109375
enemy_tracking_failure,1,ep00129_t0012_item002409,5,E5,14,enemy,0,hp,0.8479999899864197,0.95654296875,0.10854297876358032,1.0,-0.15200001001358032,-0.04345703125
enemy_tracking_failure,1,ep00129_t0012_item002409,5,E5,14,enemy,1,dx,-0.012390464544296265,-0.036285400390625,0.023894935846328735,-0.012390464544296265,0.0,-0.023894935846328735
enemy_tracking_failure,1,ep00129_t0012_item002409,5,E5,14,enemy,2,dy,0.05505108833312988,0.0303192138671875,0.024731874465942383,0.05505108833312988,0.0,-0.024731874465942383
enemy_tracking_failure,1,ep00129_t0012_item002409,5,E5,14,enemy,3,dynamic_3,0.0,0.01515960693359375,0.01515960693359375,0.0,0.0,0.01515960693359375
enemy_tracking_failure,1,ep00129_t0012_item002409,5,E5,14,enemy,4,dynamic_4,0.0,-0.0016393661499023438,0.0016393661499023438,0.0,0.0,-0.0016393661499023438
enemy_tracking_failure,1,ep00129_t0012_item002409,5,E5,14,enemy,5,dynamic_5,1.0,0.98291015625,0.01708984375,1.0,0.0,-0.01708984375
enemy_tracking_failure,1,ep00129_t0012_item002409,5,E5,14,enemy,6,dynamic_6,0.0,-0.00980377197265625,0.00980377197265625,0.0,0.0,-0.00980377197265625
enemy_tracking_failure,1,ep00129_t0012_item002409,5,E5,14,enemy,7,dynamic_7,0.0,-0.009246826171875,0.009246826171875,0.0,0.0,-0.009246826171875
enemy_tracking_failure,1,ep00129_t0012_item002409,5,E5,14,enemy,8,dynamic_8,0.0,-0.0155181884765625,0.0155181884765625,0.0,0.0,-0.0155181884765625
enemy_tracking_failure,1,ep00129_t0012_item002409,5,E5,14,enemy,9,dynamic_9,0.0,-9.924173355102539e-05,9.924173355102539e-05,0.0,0.0,-9.924173355102539e-05
enemy_tracking_failure,1,ep00129_t0012_item002409,5,E5,14,enemy,10,dynamic_10,0.0,0.03125,0.03125,0.0,0.0,0.03125
enemy_tracking_failure,1,ep00129_t0012_item002409,5,E5,14,enemy,11,dynamic_11,0.0,0.005405426025390625,0.005405426025390625,0.0,0.0,0.005405426025390625
enemy_tracking_failure,1,ep00129_t0012_item002409,5,E6,15,enemy,0,hp,1.0,0.93701171875,0.06298828125,1.0,0.0,-0.06298828125
enemy_tracking_failure,1,ep00129_t0012_item002409,5,E6,15,enemy,1,dx,-0.03481578826904297,-0.0789794921875,0.04416370391845703,-0.03481578826904297,0.0,-0.04416370391845703
enemy_tracking_failure,1,ep00129_t0012_item002409,5,E6,15,enemy,2,dy,0.03476536273956299,0.039337158203125,0.004571795463562012,0.03476536273956299,0.0,0.004571795463562012
enemy_tracking_failure,1,ep00129_t0012_item002409,5,E6,15,enemy,3,dynamic_3,0.0,0.01263427734375,0.01263427734375,0.0,0.0,0.01263427734375
enemy_tracking_failure,1,ep00129_t0012_item002409,5,E6,15,enemy,4,dynamic_4,0.0,-0.013458251953125,0.013458251953125,0.0,0.0,-0.013458251953125
enemy_tracking_failure,1,ep00129_t0012_item002409,5,E6,15,enemy,5,dynamic_5,0.0,-0.0196990966796875,0.0196990966796875,0.0,0.0,-0.0196990966796875
enemy_tracking_failure,1,ep00129_t0012_item002409,5,E6,15,enemy,6,dynamic_6,1.0,0.96435546875,0.03564453125,1.0,0.0,-0.03564453125
enemy_tracking_failure,1,ep00129_t0012_item002409,5,E6,15,enemy,7,dynamic_7,0.0,0.01247406005859375,0.01247406005859375,0.0,0.0,0.01247406005859375
enemy_tracking_failure,1,ep00129_t0012_item002409,5,E6,15,enemy,8,dynamic_8,0.0,-0.015594482421875,0.015594482421875,0.0,0.0,-0.015594482421875
enemy_tracking_failure,1,ep00129_t0012_item002409,5,E6,15,enemy,9,dynamic_9,0.0,0.0003178119659423828,0.0003178119659423828,0.0,0.0,0.0003178119659423828
enemy_tracking_failure,1,ep00129_t0012_item002409,5,E6,15,enemy,10,dynamic_10,0.0,-0.00782012939453125,0.00782012939453125,0.0,0.0,-0.00782012939453125
enemy_tracking_failure,1,ep00129_t0012_item002409,5,E6,15,enemy,11,dynamic_11,0.0,0.00957489013671875,0.00957489013671875,0.0,0.0,0.00957489013671875
enemy_tracking_failure,1,ep00129_t0012_item002409,15,A0,0,ally,0,hp,0.8999999761581421,0.7412109375,0.1587890386581421,0.8999999761581421,0.0,-0.1587890386581421
enemy_tracking_failure,1,ep00129_t0012_item002409,15,A0,0,ally,1,cooldown_or_energy,0.27796876430511475,0.22021484375,0.057753920555114746,0.25687500834465027,0.021093755960464478,-0.03666016459465027
enemy_tracking_failure,1,ep00129_t0012_item002409,15,A0,0,ally,2,dx,-0.08492171764373779,-0.1483154296875,0.06339371204376221,-0.2489842176437378,0.1640625,0.10066878795623779
enemy_tracking_failure,1,ep00129_t0012_item002409,15,A0,0,ally,3,dy,-0.2302379310131073,-0.1793212890625,0.0509166419506073,-0.0661754310131073,-0.1640625,-0.1131458580493927
enemy_tracking_failure,1,ep00129_t0012_item002409,15,A0,0,ally,4,shield,0.0,-0.0177001953125,0.0177001953125,0.0,0.0,-0.0177001953125
enemy_tracking_failure,1,ep00129_t0012_item002409,15,A0,0,ally,5,dynamic_5,0.0,0.0013113021850585938,0.0013113021850585938,0.0,0.0,0.0013113021850585938
enemy_tracking_failure,1,ep00129_t0012_item002409,15,A0,0,ally,6,dynamic_6,0.0,-0.0210113525390625,0.0210113525390625,0.0,0.0,-0.0210113525390625
enemy_tracking_failure,1,ep00129_t0012_item002409,15,A0,0,ally,7,dynamic_7,0.0,0.10345458984375,0.10345458984375,0.0,0.0,0.10345458984375
enemy_tracking_failure,1,ep00129_t0012_item002409,15,A0,0,ally,8,dynamic_8,1.0,1.0087890625,0.0087890625,1.0,0.0,0.0087890625
enemy_tracking_failure,1,ep00129_t0012_item002409,15,A0,0,ally,9,dynamic_9,0.0,0.00038123130798339844,0.00038123130798339844,0.0,0.0,0.00038123130798339844
enemy_tracking_failure,1,ep00129_t0012_item002409,15,A0,0,ally,10,dynamic_10,0.0,-0.025848388671875,0.025848388671875,0.0,0.0,-0.025848388671875
enemy_tracking_failure,1,ep00129_t0012_item002409,15,A0,0,ally,11,dynamic_11,0.0,-0.064208984375,0.064208984375,0.0,0.0,-0.064208984375
enemy_tracking_failure,1,ep00129_t0012_item002409,15,A0,0,ally,12,dynamic_12,0.0,0.00357818603515625,0.00357818603515625,0.0,0.0,0.00357818603515625
enemy_tracking_failure,1,ep00129_t0012_item002409,15,A3,3,ally,0,hp,1.0,0.87939453125,0.12060546875,1.0,0.0,-0.12060546875
enemy_tracking_failure,1,ep00129_t0012_item002409,15,A3,3,ally,1,cooldown_or_energy,0.0,-0.053863525390625,0.053863525390625,0.0,0.0,-0.053863525390625
enemy_tracking_failure,1,ep00129_t0012_item002409,15,A3,3,ally,2,dx,-0.48191240429878235,-0.433837890625,0.04807451367378235,-0.334256112575531,-0.14765629172325134,-0.099581778049469
enemy_tracking_failure,1,ep00129_t0012_item002409,15,A3,3,ally,3,dy,0.20797443389892578,0.130615234375,0.07735919952392578,0.03585630655288696,0.17211812734603882,0.09475892782211304
enemy_tracking_failure,1,ep00129_t0012_item002409,15,A3,3,ally,4,shield,0.0,-0.0176849365234375,0.0176849365234375,0.0,0.0,-0.0176849365234375
enemy_tracking_failure,1,ep00129_t0012_item002409,15,A3,3,ally,5,dynamic_5,0.0,-0.0181121826171875,0.0181121826171875,0.0,0.0,-0.0181121826171875
enemy_tracking_failure,1,ep00129_t0012_item002409,15,A3,3,ally,6,dynamic_6,0.0,0.002544403076171875,0.002544403076171875,0.0,0.0,0.002544403076171875
enemy_tracking_failure,1,ep00129_t0012_item002409,15,A3,3,ally,7,dynamic_7,1.0,0.96875,0.03125,1.0,0.0,-0.03125
enemy_tracking_failure,1,ep00129_t0012_item002409,15,A3,3,ally,8,dynamic_8,0.0,0.03497314453125,0.03497314453125,0.0,0.0,0.03497314453125
enemy_tracking_failure,1,ep00129_t0012_item002409,15,A3,3,ally,9,dynamic_9,0.0,0.00039005279541015625,0.00039005279541015625,0.0,0.0,0.00039005279541015625
enemy_tracking_failure,1,ep00129_t0012_item002409,15,A3,3,ally,10,dynamic_10,0.0,-0.01226043701171875,0.01226043701171875,0.0,0.0,-0.01226043701171875
enemy_tracking_failure,1,ep00129_t0012_item002409,15,A3,3,ally,11,dynamic_11,0.0,0.0726318359375,0.0726318359375,0.0,0.0,0.0726318359375
enemy_tracking_failure,1,ep00129_t0012_item002409,15,A3,3,ally,12,dynamic_12,0.0,0.0239715576171875,0.0239715576171875,0.0,0.0,0.0239715576171875
enemy_tracking_failure,1,ep00129_t0012_item002409,15,E0,9,enemy,0,hp,1.0,1.0029296875,0.0029296875,1.0,0.0,0.0029296875
enemy_tracking_failure,1,ep00129_t0012_item002409,15,E0,9,enemy,1,dx,-0.04108801484107971,0.00505828857421875,0.04614630341529846,0.022265911102294922,-0.06335392594337463,-0.017207622528076172
enemy_tracking_failure,1,ep00129_t0012_item002409,15,E0,9,enemy,2,dy,0.006004214286804199,-0.01235198974609375,0.01835620403289795,-0.04171910881996155,0.04772332310676575,0.029367119073867798
enemy_tracking_failure,1,ep00129_t0012_item002409,15,E0,9,enemy,3,dynamic_3,0.0,0.033538818359375,0.033538818359375,0.0,0.0,0.033538818359375
enemy_tracking_failure,1,ep00129_t0012_item002409,15,E0,9,enemy,4,dynamic_4,0.0,0.00791168212890625,0.00791168212890625,0.0,0.0,0.00791168212890625
enemy_tracking_failure,1,ep00129_t0012_item002409,15,E0,9,enemy,5,dynamic_5,0.0,-0.0048065185546875,0.0048065185546875,0.0,0.0,-0.0048065185546875
enemy_tracking_failure,1,ep00129_t0012_item002409,15,E0,9,enemy,6,dynamic_6,0.0,0.03887939453125,0.03887939453125,0.0,0.0,0.03887939453125
enemy_tracking_failure,1,ep00129_t0012_item002409,15,E0,9,enemy,7,dynamic_7,1.0,0.6455078125,0.3544921875,1.0,0.0,-0.3544921875
enemy_tracking_failure,1,ep00129_t0012_item002409,15,E0,9,enemy,8,dynamic_8,0.0,0.05487060546875,0.05487060546875,0.0,0.0,0.05487060546875
enemy_tracking_failure,1,ep00129_t0012_item002409,15,E0,9,enemy,9,dynamic_9,0.0,-0.00032711029052734375,0.00032711029052734375,0.0,0.0,-0.00032711029052734375
enemy_tracking_failure,1,ep00129_t0012_item002409,15,E0,9,enemy,10,dynamic_10,0.0,-0.0084228515625,0.0084228515625,0.0,0.0,-0.0084228515625
enemy_tracking_failure,1,ep00129_t0012_item002409,15,E0,9,enemy,11,dynamic_11,0.0,0.268310546875,0.268310546875,0.0,0.0,0.268310546875
enemy_tracking_failure,1,ep00129_t0012_item002409,15,E1,10,enemy,0,hp,1.0,0.896484375,0.103515625,1.0,0.0,-0.103515625
enemy_tracking_failure,1,ep00129_t0012_item002409,15,E1,10,enemy,1,dx,-0.19388332962989807,-0.12213134765625,0.07175198197364807,-0.0664636492729187,-0.12741968035697937,-0.0556676983833313
enemy_tracking_failure,1,ep00129_t0012_item002409,15,E1,10,enemy,2,dy,0.09769439697265625,0.01262664794921875,0.0850677490234375,0.0027654170989990234,0.09492897987365723,0.009861230850219727
enemy_tracking_failure,1,ep00129_t0012_item002409,15,E1,10,enemy,3,dynamic_3,0.0,-0.0096282958984375,0.0096282958984375,0.0,0.0,-0.0096282958984375
enemy_tracking_failure,1,ep00129_t0012_item002409,15,E1,10,enemy,4,dynamic_4,0.0,-0.0139923095703125,0.0139923095703125,0.0,0.0,-0.0139923095703125
enemy_tracking_failure,1,ep00129_t0012_item002409,15,E1,10,enemy,5,dynamic_5,0.0,-0.0021343231201171875,0.0021343231201171875,0.0,0.0,-0.0021343231201171875
enemy_tracking_failure,1,ep00129_t0012_item002409,15,E1,10,enemy,6,dynamic_6,1.0,0.9677734375,0.0322265625,1.0,0.0,-0.0322265625
enemy_tracking_failure,1,ep00129_t0012_item002409,15,E1,10,enemy,7,dynamic_7,0.0,-0.004184722900390625,0.004184722900390625,0.0,0.0,-0.004184722900390625
enemy_tracking_failure,1,ep00129_t0012_item002409,15,E1,10,enemy,8,dynamic_8,0.0,0.00995635986328125,0.00995635986328125,0.0,0.0,0.00995635986328125
enemy_tracking_failure,1,ep00129_t0012_item002409,15,E1,10,enemy,9,dynamic_9,0.0,-0.0002390146255493164,0.0002390146255493164,0.0,0.0,-0.0002390146255493164
enemy_tracking_failure,1,ep00129_t0012_item002409,15,E1,10,enemy,10,dynamic_10,0.0,-0.021697998046875,0.021697998046875,0.0,0.0,-0.021697998046875
enemy_tracking_failure,1,ep00129_t0012_item002409,15,E1,10,enemy,11,dynamic_11,0.0,0.0158233642578125,0.0158233642578125,0.0,0.0,0.0158233642578125
enemy_tracking_failure,1,ep00129_t0012_item002409,15,E2,11,enemy,0,hp,1.0,0.896484375,0.103515625,1.0,0.0,-0.103515625
enemy_tracking_failure,1,ep00129_t0012_item002409,15,E2,11,enemy,1,dx,-0.2386813461780548,-0.171630859375,0.06705048680305481,-0.042931586503982544,-0.19574975967407227,-0.12869927287101746
enemy_tracking_failure,1,ep00129_t0012_item002409,15,E2,11,enemy,2,dy,0.09151798486709595,0.027923583984375,0.06359440088272095,0.006437957286834717,0.08508002758026123,0.021485626697540283
enemy_tracking_failure,1,ep00129_t0012_item002409,15,E2,11,enemy,3,dynamic_3,0.0,-0.0309906005859375,0.0309906005859375,0.0,0.0,-0.0309906005859375
enemy_tracking_failure,1,ep00129_t0012_item002409,15,E2,11,enemy,4,dynamic_4,0.0,-0.01898193359375,0.01898193359375,0.0,0.0,-0.01898193359375
enemy_tracking_failure,1,ep00129_t0012_item002409,15,E2,11,enemy,5,dynamic_5,0.0,-0.00531005859375,0.00531005859375,0.0,0.0,-0.00531005859375
enemy_tracking_failure,1,ep00129_t0012_item002409,15,E2,11,enemy,6,dynamic_6,1.0,1.025390625,0.025390625,1.0,0.0,0.025390625
enemy_tracking_failure,1,ep00129_t0012_item002409,15,E2,11,enemy,7,dynamic_7,0.0,-0.01324462890625,0.01324462890625,0.0,0.0,-0.01324462890625
enemy_tracking_failure,1,ep00129_t0012_item002409,15,E2,11,enemy,8,dynamic_8,0.0,0.0202178955078125,0.0202178955078125,0.0,0.0,0.0202178955078125
enemy_tracking_failure,1,ep00129_t0012_item002409,15,E2,11,enemy,9,dynamic_9,0.0,8.577108383178711e-05,8.577108383178711e-05,0.0,0.0,8.577108383178711e-05
enemy_tracking_failure,1,ep00129_t0012_item002409,15,E2,11,enemy,10,dynamic_10,0.0,-0.059783935546875,0.059783935546875,0.0,0.0,-0.059783935546875
enemy_tracking_failure,1,ep00129_t0012_item002409,15,E2,11,enemy,11,dynamic_11,0.0,0.03460693359375,0.03460693359375,0.0,0.0,0.03460693359375
enemy_tracking_failure,1,ep00129_t0012_item002409,15,E3,12,enemy,0,hp,1.0,0.814453125,0.185546875,0.9041666388511658,0.09583336114883423,-0.08971351385116577
enemy_tracking_failure,1,ep00129_t0012_item002409,15,E3,12,enemy,1,dx,-0.17433705925941467,-0.10223388671875,0.07210317254066467,-0.06621795892715454,-0.10811910033226013,-0.03601592779159546
enemy_tracking_failure,1,ep00129_t0012_item002409,15,E3,12,enemy,2,dy,0.11103343963623047,-0.01425933837890625,0.12529277801513672,-0.021551549434661865,0.13258498907089233,0.007292211055755615
enemy_tracking_failure,1,ep00129_t0012_item002409,15,E3,12,enemy,3,dynamic_3,0.0,0.00875091552734375,0.00875091552734375,0.0,0.0,0.00875091552734375
enemy_tracking_failure,1,ep00129_t0012_item002409,15,E3,12,enemy,4,dynamic_4,0.0,-0.024993896484375,0.024993896484375,0.0,0.0,-0.024993896484375
enemy_tracking_failure,1,ep00129_t0012_item002409,15,E3,12,enemy,5,dynamic_5,0.0,-0.0006518363952636719,0.0006518363952636719,0.0,0.0,-0.0006518363952636719
enemy_tracking_failure,1,ep00129_t0012_item002409,15,E3,12,enemy,6,dynamic_6,1.0,1.052734375,0.052734375,1.0,0.0,0.052734375
enemy_tracking_failure,1,ep00129_t0012_item002409,15,E3,12,enemy,7,dynamic_7,0.0,-0.015533447265625,0.015533447265625,0.0,0.0,-0.015533447265625
enemy_tracking_failure,1,ep00129_t0012_item002409,15,E3,12,enemy,8,dynamic_8,0.0,-0.0169219970703125,0.0169219970703125,0.0,0.0,-0.0169219970703125
enemy_tracking_failure,1,ep00129_t0012_item002409,15,E3,12,enemy,9,dynamic_9,0.0,7.152557373046875e-06,7.152557373046875e-06,0.0,0.0,7.152557373046875e-06
enemy_tracking_failure,1,ep00129_t0012_item002409,15,E3,12,enemy,10,dynamic_10,0.0,-0.050506591796875,0.050506591796875,0.0,0.0,-0.050506591796875
enemy_tracking_failure,1,ep00129_t0012_item002409,15,E3,12,enemy,11,dynamic_11,0.0,-0.0089569091796875,0.0089569091796875,0.0,0.0,-0.0089569091796875
enemy_tracking_failure,1,ep00129_t0012_item002409,15,E4,13,enemy,0,hp,0.8989999890327454,0.9267578125,0.02775782346725464,1.0,-0.10100001096725464,-0.0732421875
enemy_tracking_failure,1,ep00129_t0012_item002409,15,E4,13,enemy,1,dx,-0.17867109179496765,-0.10980224609375,0.06886884570121765,0.014360308647155762,-0.1930314004421234,-0.12416255474090576
enemy_tracking_failure,1,ep00129_t0012_item002409,15,E4,13,enemy,2,dy,0.0704343318939209,0.01885986328125,0.0515744686126709,0.07605153322219849,-0.005617201328277588,-0.057191669940948486
enemy_tracking_failure,1,ep00129_t0012_item002409,15,E4,13,enemy,3,dynamic_3,0.0,-0.002132415771484375,0.002132415771484375,0.0,0.0,-0.002132415771484375
enemy_tracking_failure,1,ep00129_t0012_item002409,15,E4,13,enemy,4,dynamic_4,0.0,-0.0237579345703125,0.0237579345703125,0.0,0.0,-0.0237579345703125
enemy_tracking_failure,1,ep00129_t0012_item002409,15,E4,13,enemy,5,dynamic_5,1.0,0.96484375,0.03515625,1.0,0.0,-0.03515625
enemy_tracking_failure,1,ep00129_t0012_item002409,15,E4,13,enemy,6,dynamic_6,0.0,0.0220184326171875,0.0220184326171875,0.0,0.0,0.0220184326171875
enemy_tracking_failure,1,ep00129_t0012_item002409,15,E4,13,enemy,7,dynamic_7,0.0,-0.0016603469848632812,0.0016603469848632812,0.0,0.0,-0.0016603469848632812
enemy_tracking_failure,1,ep00129_t0012_item002409,15,E4,13,enemy,8,dynamic_8,0.0,-0.0146484375,0.0146484375,0.0,0.0,-0.0146484375
enemy_tracking_failure,1,ep00129_t0012_item002409,15,E4,13,enemy,9,dynamic_9,0.0,-5.841255187988281e-05,5.841255187988281e-05,0.0,0.0,-5.841255187988281e-05
enemy_tracking_failure,1,ep00129_t0012_item002409,15,E4,13,enemy,10,dynamic_10,0.0,-0.002872467041015625,0.002872467041015625,0.0,0.0,-0.002872467041015625
enemy_tracking_failure,1,ep00129_t0012_item002409,15,E4,13,enemy,11,dynamic_11,0.0,0.04345703125,0.04345703125,0.0,0.0,0.04345703125
enemy_tracking_failure,1,ep00129_t0012_item002409,15,E5,14,enemy,0,hp,0.8665000200271606,0.9482421875,0.08174216747283936,1.0,-0.13349997997283936,-0.0517578125
enemy_tracking_failure,1,ep00129_t0012_item002409,15,E5,14,enemy,1,dx,-0.21343514323234558,-0.06512451171875,0.14831063151359558,-0.012390464544296265,-0.20104467868804932,-0.052734047174453735
enemy_tracking_failure,1,ep00129_t0012_item002409,15,E5,14,enemy,2,dy,0.07568484544754028,-0.01415252685546875,0.08983737230300903,0.05505108833312988,0.0206337571144104,-0.06920361518859863
enemy_tracking_failure,1,ep00129_t0012_item002409,15,E5,14,enemy,3,dynamic_3,0.0,0.036712646484375,0.036712646484375,0.0,0.0,0.036712646484375
enemy_tracking_failure,1,ep00129_t0012_item002409,15,E5,14,enemy,4,dynamic_4,0.0,-0.00328826904296875,0.00328826904296875,0.0,0.0,-0.00328826904296875
enemy_tracking_failure,1,ep00129_t0012_item002409,15,E5,14,enemy,5,dynamic_5,1.0,0.94873046875,0.05126953125,1.0,0.0,-0.05126953125
enemy_tracking_failure,1,ep00129_t0012_item002409,15,E5,14,enemy,6,dynamic_6,0.0,-0.00991058349609375,0.00991058349609375,0.0,0.0,-0.00991058349609375
enemy_tracking_failure,1,ep00129_t0012_item002409,15,E5,14,enemy,7,dynamic_7,0.0,-0.006755828857421875,0.006755828857421875,0.0,0.0,-0.006755828857421875
enemy_tracking_failure,1,ep00129_t0012_item002409,15,E5,14,enemy,8,dynamic_8,0.0,-0.00933074951171875,0.00933074951171875,0.0,0.0,-0.00933074951171875
enemy_tracking_failure,1,ep00129_t0012_item002409,15,E5,14,enemy,9,dynamic_9,0.0,9.08970832824707e-05,9.08970832824707e-05,0.0,0.0,9.08970832824707e-05
enemy_tracking_failure,1,ep00129_t0012_item002409,15,E5,14,enemy,10,dynamic_10,0.0,0.0347900390625,0.0347900390625,0.0,0.0,0.0347900390625
enemy_tracking_failure,1,ep00129_t0012_item002409,15,E5,14,enemy,11,dynamic_11,0.0,0.0293121337890625,0.0293121337890625,0.0,0.0,0.0293121337890625
enemy_tracking_failure,1,ep00129_t0012_item002409,15,E6,15,enemy,0,hp,1.0,0.94970703125,0.05029296875,1.0,0.0,-0.05029296875
enemy_tracking_failure,1,ep00129_t0012_item002409,15,E6,15,enemy,1,dx,-0.21596792340278625,-0.1287841796875,0.08718374371528625,-0.03481578826904297,-0.1811521351337433,-0.09396839141845703
enemy_tracking_failure,1,ep00129_t0012_item002409,15,E6,15,enemy,2,dy,0.10554265975952148,0.048919677734375,0.056622982025146484,0.03476536273956299,0.0707772970199585,0.014154314994812012
enemy_tracking_failure,1,ep00129_t0012_item002409,15,E6,15,enemy,3,dynamic_3,0.0,0.0010471343994140625,0.0010471343994140625,0.0,0.0,0.0010471343994140625
enemy_tracking_failure,1,ep00129_t0012_item002409,15,E6,15,enemy,4,dynamic_4,0.0,-0.01395416259765625,0.01395416259765625,0.0,0.0,-0.01395416259765625
enemy_tracking_failure,1,ep00129_t0012_item002409,15,E6,15,enemy,5,dynamic_5,0.0,-0.0172576904296875,0.0172576904296875,0.0,0.0,-0.0172576904296875
enemy_tracking_failure,1,ep00129_t0012_item002409,15,E6,15,enemy,6,dynamic_6,1.0,0.974609375,0.025390625,1.0,0.0,-0.025390625
enemy_tracking_failure,1,ep00129_t0012_item002409,15,E6,15,enemy,7,dynamic_7,0.0,-0.0021305084228515625,0.0021305084228515625,0.0,0.0,-0.0021305084228515625
enemy_tracking_failure,1,ep00129_t0012_item002409,15,E6,15,enemy,8,dynamic_8,0.0,-0.00925445556640625,0.00925445556640625,0.0,0.0,-0.00925445556640625
enemy_tracking_failure,1,ep00129_t0012_item002409,15,E6,15,enemy,9,dynamic_9,0.0,0.00016319751739501953,0.00016319751739501953,0.0,0.0,0.00016319751739501953
enemy_tracking_failure,1,ep00129_t0012_item002409,15,E6,15,enemy,10,dynamic_10,0.0,-0.00409698486328125,0.00409698486328125,0.0,0.0,-0.00409698486328125
enemy_tracking_failure,1,ep00129_t0012_item002409,15,E6,15,enemy,11,dynamic_11,0.0,0.0151519775390625,0.0151519775390625,0.0,0.0,0.0151519775390625
enemy_tracking_failure,2,ep00129_t0014_item002409,1,A0,0,ally,0,hp,0.8999999761581421,0.82568359375,0.07431638240814209,0.8999999761581421,0.0,-0.07431638240814209
enemy_tracking_failure,2,ep00129_t0014_item002409,1,A0,0,ally,1,cooldown_or_energy,0.26109373569488525,0.2381591796875,0.022934556007385254,0.25968751311302185,0.0014062225818634033,-0.02152833342552185
enemy_tracking_failure,2,ep00129_t0014_item002409,1,A0,0,ally,2,dx,-0.1942967176437378,-0.2215576171875,0.027260899543762207,-0.2489842176437378,0.0546875,0.027426600456237793
enemy_tracking_failure,2,ep00129_t0014_item002409,1,A0,0,ally,3,dy,-0.1755504310131073,-0.162841796875,0.0127086341381073,-0.1755504310131073,0.0,0.0127086341381073
enemy_tracking_failure,2,ep00129_t0014_item002409,1,A0,0,ally,4,shield,0.0,0.0011730194091796875,0.0011730194091796875,0.0,0.0,0.0011730194091796875
enemy_tracking_failure,2,ep00129_t0014_item002409,1,A0,0,ally,5,dynamic_5,0.0,0.006855010986328125,0.006855010986328125,0.0,0.0,0.006855010986328125
enemy_tracking_failure,2,ep00129_t0014_item002409,1,A0,0,ally,6,dynamic_6,0.0,-0.006366729736328125,0.006366729736328125,0.0,0.0,-0.006366729736328125
enemy_tracking_failure,2,ep00129_t0014_item002409,1,A0,0,ally,7,dynamic_7,0.0,0.06298828125,0.06298828125,0.0,0.0,0.06298828125
enemy_tracking_failure,2,ep00129_t0014_item002409,1,A0,0,ally,8,dynamic_8,1.0,0.9951171875,0.0048828125,1.0,0.0,-0.0048828125
enemy_tracking_failure,2,ep00129_t0014_item002409,1,A0,0,ally,9,dynamic_9,0.0,0.0002727508544921875,0.0002727508544921875,0.0,0.0,0.0002727508544921875
enemy_tracking_failure,2,ep00129_t0014_item002409,1,A0,0,ally,10,dynamic_10,0.0,-0.02783203125,0.02783203125,0.0,0.0,-0.02783203125
enemy_tracking_failure,2,ep00129_t0014_item002409,1,A0,0,ally,11,dynamic_11,0.0,-0.048553466796875,0.048553466796875,0.0,0.0,-0.048553466796875
enemy_tracking_failure,2,ep00129_t0014_item002409,1,A0,0,ally,12,dynamic_12,0.0,0.0076141357421875,0.0076141357421875,0.0,0.0,0.0076141357421875
enemy_tracking_failure,2,ep00129_t0014_item002409,1,A3,3,ally,0,hp,1.0,0.982421875,0.017578125,1.0,0.0,-0.017578125
enemy_tracking_failure,2,ep00129_t0014_item002409,1,A3,3,ally,1,cooldown_or_energy,0.0,-0.0279083251953125,0.0279083251953125,0.0,0.0,-0.0279083251953125
enemy_tracking_failure,2,ep00129_t0014_item002409,1,A3,3,ally,2,dx,-0.334256112575531,-0.34228515625,0.008029043674468994,-0.334256112575531,0.0,-0.008029043674468994
enemy_tracking_failure,2,ep00129_t0014_item002409,1,A3,3,ally,3,dy,0.13429361581802368,0.1575927734375,0.02329915761947632,0.13429361581802368,0.0,0.02329915761947632
enemy_tracking_failure,2,ep00129_t0014_item002409,1,A3,3,ally,4,shield,0.0,-0.00838470458984375,0.00838470458984375,0.0,0.0,-0.00838470458984375
enemy_tracking_failure,2,ep00129_t0014_item002409,1,A3,3,ally,5,dynamic_5,0.0,-0.00832366943359375,0.00832366943359375,0.0,0.0,-0.00832366943359375
enemy_tracking_failure,2,ep00129_t0014_item002409,1,A3,3,ally,6,dynamic_6,0.0,0.0089111328125,0.0089111328125,0.0,0.0,0.0089111328125
enemy_tracking_failure,2,ep00129_t0014_item002409,1,A3,3,ally,7,dynamic_7,1.0,1.0380859375,0.0380859375,1.0,0.0,0.0380859375
enemy_tracking_failure,2,ep00129_t0014_item002409,1,A3,3,ally,8,dynamic_8,0.0,0.0304412841796875,0.0304412841796875,0.0,0.0,0.0304412841796875
enemy_tracking_failure,2,ep00129_t0014_item002409,1,A3,3,ally,9,dynamic_9,0.0,0.0005407333374023438,0.0005407333374023438,0.0,0.0,0.0005407333374023438
enemy_tracking_failure,2,ep00129_t0014_item002409,1,A3,3,ally,10,dynamic_10,0.0,-0.006992340087890625,0.006992340087890625,0.0,0.0,-0.006992340087890625
enemy_tracking_failure,2,ep00129_t0014_item002409,1,A3,3,ally,11,dynamic_11,0.0,0.01535797119140625,0.01535797119140625,0.0,0.0,0.01535797119140625
enemy_tracking_failure,2,ep00129_t0014_item002409,1,A3,3,ally,12,dynamic_12,0.0,-0.034149169921875,0.034149169921875,0.0,0.0,-0.034149169921875
enemy_tracking_failure,2,ep00129_t0014_item002409,1,A4,4,ally,0,hp,0.5680000185966492,0.70458984375,0.13658982515335083,0.8799999952316284,-0.31199997663497925,-0.17541015148162842
enemy_tracking_failure,2,ep00129_t0014_item002409,1,A4,4,ally,1,cooldown_or_energy,0.12383177876472473,0.427734375,0.30390259623527527,0.59112149477005,-0.4672897160053253,-0.16338711977005005
enemy_tracking_failure,2,ep00129_t0014_item002409,1,A4,4,ally,2,dx,-0.15504568815231323,-0.1407470703125,0.014298617839813232,-0.15504568815231323,0.0,0.014298617839813232
enemy_tracking_failure,2,ep00129_t0014_item002409,1,A4,4,ally,3,dy,0.14661890268325806,0.15625,0.009631097316741943,0.14661890268325806,0.0,0.009631097316741943
enemy_tracking_failure,2,ep00129_t0014_item002409,1,A4,4,ally,4,shield,0.0,0.0167694091796875,0.0167694091796875,0.0,0.0,0.0167694091796875
enemy_tracking_failure,2,ep00129_t0014_item002409,1,A4,4,ally,5,dynamic_5,0.0,0.0086517333984375,0.0086517333984375,0.0,0.0,0.0086517333984375
enemy_tracking_failure,2,ep00129_t0014_item002409,1,A4,4,ally,6,dynamic_6,1.0,0.95458984375,0.04541015625,1.0,0.0,-0.04541015625
enemy_tracking_failure,2,ep00129_t0014_item002409,1,A4,4,ally,7,dynamic_7,0.0,0.09283447265625,0.09283447265625,0.0,0.0,0.09283447265625
enemy_tracking_failure,2,ep00129_t0014_item002409,1,A4,4,ally,8,dynamic_8,0.0,-0.00547027587890625,0.00547027587890625,0.0,0.0,-0.00547027587890625
enemy_tracking_failure,2,ep00129_t0014_item002409,1,A4,4,ally,9,dynamic_9,0.0,0.0018939971923828125,0.0018939971923828125,0.0,0.0,0.0018939971923828125
enemy_tracking_failure,2,ep00129_t0014_item002409,1,A4,4,ally,10,dynamic_10,0.0,-0.0110626220703125,0.0110626220703125,0.0,0.0,-0.0110626220703125
enemy_tracking_failure,2,ep00129_t0014_item002409,1,A4,4,ally,11,dynamic_11,0.0,0.028167724609375,0.028167724609375,0.0,0.0,0.028167724609375
enemy_tracking_failure,2,ep00129_t0014_item002409,1,A4,4,ally,12,dynamic_12,0.0,-0.06512451171875,0.06512451171875,0.0,0.0,-0.06512451171875
enemy_tracking_failure,2,ep00129_t0014_item002409,1,A5,5,ally,0,hp,0.8080000281333923,0.72900390625,0.07899612188339233,0.8080000281333923,0.0,-0.07899612188339233
enemy_tracking_failure,2,ep00129_t0014_item002409,1,A5,5,ally,1,cooldown_or_energy,0.0,0.019317626953125,0.019317626953125,0.0,0.0,0.019317626953125
enemy_tracking_failure,2,ep00129_t0014_item002409,1,A5,5,ally,2,dx,-0.16779157519340515,-0.1600341796875,0.007757395505905151,-0.16779157519340515,0.0,0.007757395505905151
enemy_tracking_failure,2,ep00129_t0014_item002409,1,A5,5,ally,3,dy,0.1913244128227234,0.189453125,0.0018712878227233887,0.1913244128227234,0.0,-0.0018712878227233887
enemy_tracking_failure,2,ep00129_t0014_item002409,1,A5,5,ally,4,shield,0.0,0.019439697265625,0.019439697265625,0.0,0.0,0.019439697265625
enemy_tracking_failure,2,ep00129_t0014_item002409,1,A5,5,ally,5,dynamic_5,0.0,0.016845703125,0.016845703125,0.0,0.0,0.016845703125
enemy_tracking_failure,2,ep00129_t0014_item002409,1,A5,5,ally,6,dynamic_6,1.0,0.94140625,0.05859375,1.0,0.0,-0.05859375
enemy_tracking_failure,2,ep00129_t0014_item002409,1,A5,5,ally,7,dynamic_7,0.0,0.06475830078125,0.06475830078125,0.0,0.0,0.06475830078125
enemy_tracking_failure,2,ep00129_t0014_item002409,1,A5,5,ally,8,dynamic_8,0.0,0.003482818603515625,0.003482818603515625,0.0,0.0,0.003482818603515625
enemy_tracking_failure,2,ep00129_t0014_item002409,1,A5,5,ally,9,dynamic_9,0.0,0.001659393310546875,0.001659393310546875,0.0,0.0,0.001659393310546875
enemy_tracking_failure,2,ep00129_t0014_item002409,1,A5,5,ally,10,dynamic_10,0.0,0.0002560615539550781,0.0002560615539550781,0.0,0.0,0.0002560615539550781
enemy_tracking_failure,2,ep00129_t0014_item002409,1,A5,5,ally,11,dynamic_11,0.0,0.00598907470703125,0.00598907470703125,0.0,0.0,0.00598907470703125
enemy_tracking_failure,2,ep00129_t0014_item002409,1,A5,5,ally,12,dynamic_12,0.0,-0.036529541015625,0.036529541015625,0.0,0.0,-0.036529541015625
enemy_tracking_failure,2,ep00129_t0014_item002409,1,A6,6,ally,0,hp,1.0,0.9345703125,0.0654296875,1.0,0.0,-0.0654296875
enemy_tracking_failure,2,ep00129_t0014_item002409,1,A6,6,ally,1,cooldown_or_energy,0.0,0.0262298583984375,0.0262298583984375,0.0,0.0,0.0262298583984375
enemy_tracking_failure,2,ep00129_t0014_item002409,1,A6,6,ally,2,dx,-0.19628101587295532,-0.1817626953125,0.014518320560455322,-0.17878779768943787,-0.017493218183517456,-0.002974897623062134
enemy_tracking_failure,2,ep00129_t0014_item002409,1,A6,6,ally,3,dy,0.18415802717208862,0.26708984375,0.08293181657791138,0.163807213306427,0.02035081386566162,0.103282630443573
enemy_tracking_failure,2,ep00129_t0014_item002409,1,A6,6,ally,4,shield,0.0,0.040435791015625,0.040435791015625,0.0,0.0,0.040435791015625
enemy_tracking_failure,2,ep00129_t0014_item002409,1,A6,6,ally,5,dynamic_5,0.0,-0.0156707763671875,0.0156707763671875,0.0,0.0,-0.0156707763671875
enemy_tracking_failure,2,ep00129_t0014_item002409,1,A6,6,ally,6,dynamic_6,0.0,-0.05621337890625,0.05621337890625,0.0,0.0,-0.05621337890625
enemy_tracking_failure,2,ep00129_t0014_item002409,1,A6,6,ally,7,dynamic_7,1.0,1.025390625,0.025390625,1.0,0.0,0.025390625
enemy_tracking_failure,2,ep00129_t0014_item002409,1,A6,6,ally,8,dynamic_8,0.0,0.01611328125,0.01611328125,0.0,0.0,0.01611328125
enemy_tracking_failure,2,ep00129_t0014_item002409,1,A6,6,ally,9,dynamic_9,0.0,0.0017786026000976562,0.0017786026000976562,0.0,0.0,0.0017786026000976562
enemy_tracking_failure,2,ep00129_t0014_item002409,1,A6,6,ally,10,dynamic_10,0.0,-0.043365478515625,0.043365478515625,0.0,0.0,-0.043365478515625
enemy_tracking_failure,2,ep00129_t0014_item002409,1,A6,6,ally,11,dynamic_11,0.0,0.002735137939453125,0.002735137939453125,0.0,0.0,0.002735137939453125
enemy_tracking_failure,2,ep00129_t0014_item002409,1,A6,6,ally,12,dynamic_12,0.0,0.04833984375,0.04833984375,0.0,0.0,0.04833984375
enemy_tracking_failure,2,ep00129_t0014_item002409,1,E0,9,enemy,0,hp,1.0,0.974609375,0.025390625,1.0,0.0,-0.025390625
enemy_tracking_failure,2,ep00129_t0014_item002409,1,E0,9,enemy,1,dx,0.022265911102294922,0.05999755859375,0.03773164749145508,0.022265911102294922,0.0,0.03773164749145508
enemy_tracking_failure,2,ep00129_t0014_item002409,1,E0,9,enemy,2,dy,-0.04171910881996155,0.0023040771484375,0.04402318596839905,-0.04171910881996155,0.0,0.04402318596839905
enemy_tracking_failure,2,ep00129_t0014_item002409,1,E0,9,enemy,3,dynamic_3,0.0,-0.06195068359375,0.06195068359375,0.0,0.0,-0.06195068359375
enemy_tracking_failure,2,ep00129_t0014_item002409,1,E0,9,enemy,4,dynamic_4,0.0,-0.00023293495178222656,0.00023293495178222656,0.0,0.0,-0.00023293495178222656
enemy_tracking_failure,2,ep00129_t0014_item002409,1,E0,9,enemy,5,dynamic_5,0.0,-0.0131072998046875,0.0131072998046875,0.0,0.0,-0.0131072998046875
enemy_tracking_failure,2,ep00129_t0014_item002409,1,E0,9,enemy,6,dynamic_6,0.0,0.00815582275390625,0.00815582275390625,0.0,0.0,0.00815582275390625
enemy_tracking_failure,2,ep00129_t0014_item002409,1,E0,9,enemy,7,dynamic_7,1.0,0.95166015625,0.04833984375,1.0,0.0,-0.04833984375
enemy_tracking_failure,2,ep00129_t0014_item002409,1,E0,9,enemy,8,dynamic_8,0.0,0.052459716796875,0.052459716796875,0.0,0.0,0.052459716796875
enemy_tracking_failure,2,ep00129_t0014_item002409,1,E0,9,enemy,9,dynamic_9,0.0,-0.0005044937133789062,0.0005044937133789062,0.0,0.0,-0.0005044937133789062
enemy_tracking_failure,2,ep00129_t0014_item002409,1,E0,9,enemy,10,dynamic_10,0.0,0.021453857421875,0.021453857421875,0.0,0.0,0.021453857421875
enemy_tracking_failure,2,ep00129_t0014_item002409,1,E0,9,enemy,11,dynamic_11,0.0,-0.0323486328125,0.0323486328125,0.0,0.0,-0.0323486328125
enemy_tracking_failure,2,ep00129_t0014_item002409,1,E1,10,enemy,0,hp,1.0,0.91650390625,0.08349609375,1.0,0.0,-0.08349609375
enemy_tracking_failure,2,ep00129_t0014_item002409,1,E1,10,enemy,1,dx,-0.08707398176193237,-0.098388671875,0.011314690113067627,-0.08707398176193237,0.0,-0.011314690113067627
enemy_tracking_failure,2,ep00129_t0014_item002409,1,E1,10,enemy,2,dy,0.016212940216064453,0.0098724365234375,0.006340503692626953,0.016212940216064453,0.0,-0.006340503692626953
enemy_tracking_failure,2,ep00129_t0014_item002409,1,E1,10,enemy,3,dynamic_3,0.0,-0.026336669921875,0.026336669921875,0.0,0.0,-0.026336669921875
enemy_tracking_failure,2,ep00129_t0014_item002409,1,E1,10,enemy,4,dynamic_4,0.0,-0.00855255126953125,0.00855255126953125,0.0,0.0,-0.00855255126953125
enemy_tracking_failure,2,ep00129_t0014_item002409,1,E1,10,enemy,5,dynamic_5,0.0,-0.01210784912109375,0.01210784912109375,0.0,0.0,-0.01210784912109375
enemy_tracking_failure,2,ep00129_t0014_item002409,1,E1,10,enemy,6,dynamic_6,1.0,0.96923828125,0.03076171875,1.0,0.0,-0.03076171875
enemy_tracking_failure,2,ep00129_t0014_item002409,1,E1,10,enemy,7,dynamic_7,0.0,-0.005283355712890625,0.005283355712890625,0.0,0.0,-0.005283355712890625
enemy_tracking_failure,2,ep00129_t0014_item002409,1,E1,10,enemy,8,dynamic_8,0.0,0.0033130645751953125,0.0033130645751953125,0.0,0.0,0.0033130645751953125
enemy_tracking_failure,2,ep00129_t0014_item002409,1,E1,10,enemy,9,dynamic_9,0.0,-0.00023102760314941406,0.00023102760314941406,0.0,0.0,-0.00023102760314941406
enemy_tracking_failure,2,ep00129_t0014_item002409,1,E1,10,enemy,10,dynamic_10,0.0,-0.0019159317016601562,0.0019159317016601562,0.0,0.0,-0.0019159317016601562
enemy_tracking_failure,2,ep00129_t0014_item002409,1,E1,10,enemy,11,dynamic_11,0.0,0.00693511962890625,0.00693511962890625,0.0,0.0,0.00693511962890625
enemy_tracking_failure,2,ep00129_t0014_item002409,1,E2,11,enemy,0,hp,1.0,0.7705078125,0.2294921875,1.0,0.0,-0.2294921875
enemy_tracking_failure,2,ep00129_t0014_item002409,1,E2,11,enemy,1,dx,-0.06293275952339172,-0.0771484375,0.014215677976608276,-0.06293275952339172,0.0,-0.014215677976608276
enemy_tracking_failure,2,ep00129_t0014_item002409,1,E2,11,enemy,2,dy,0.02088320255279541,0.0183258056640625,0.00255739688873291,0.02088320255279541,0.0,-0.00255739688873291
enemy_tracking_failure,2,ep00129_t0014_item002409,1,E2,11,enemy,3,dynamic_3,0.0,-0.0462646484375,0.0462646484375,0.0,0.0,-0.0462646484375
enemy_tracking_failure,2,ep00129_t0014_item002409,1,E2,11,enemy,4,dynamic_4,0.0,-0.0172119140625,0.0172119140625,0.0,0.0,-0.0172119140625
enemy_tracking_failure,2,ep00129_t0014_item002409,1,E2,11,enemy,5,dynamic_5,0.0,-0.0090179443359375,0.0090179443359375,0.0,0.0,-0.0090179443359375
enemy_tracking_failure,2,ep00129_t0014_item002409,1,E2,11,enemy,6,dynamic_6,1.0,1.0009765625,0.0009765625,1.0,0.0,0.0009765625
enemy_tracking_failure,2,ep00129_t0014_item002409,1,E2,11,enemy,7,dynamic_7,0.0,-0.0136871337890625,0.0136871337890625,0.0,0.0,-0.0136871337890625
enemy_tracking_failure,2,ep00129_t0014_item002409,1,E2,11,enemy,8,dynamic_8,0.0,0.0182647705078125,0.0182647705078125,0.0,0.0,0.0182647705078125
enemy_tracking_failure,2,ep00129_t0014_item002409,1,E2,11,enemy,9,dynamic_9,0.0,6.371736526489258e-05,6.371736526489258e-05,0.0,0.0,6.371736526489258e-05
enemy_tracking_failure,2,ep00129_t0014_item002409,1,E2,11,enemy,10,dynamic_10,0.0,0.00620269775390625,0.00620269775390625,0.0,0.0,0.00620269775390625
enemy_tracking_failure,2,ep00129_t0014_item002409,1,E2,11,enemy,11,dynamic_11,0.0,0.001468658447265625,0.001468658447265625,0.0,0.0,0.001468658447265625
enemy_tracking_failure,2,ep00129_t0014_item002409,1,E3,12,enemy,0,hp,1.0,0.912109375,0.087890625,1.0,0.0,-0.087890625
enemy_tracking_failure,2,ep00129_t0014_item002409,1,E3,12,enemy,1,dx,-0.09913292527198792,-0.116943359375,0.017810434103012085,-0.09913292527198792,0.0,-0.017810434103012085
enemy_tracking_failure,2,ep00129_t0014_item002409,1,E3,12,enemy,2,dy,-0.003938853740692139,-0.0197906494140625,0.01585179567337036,-0.003938853740692139,0.0,-0.01585179567337036
enemy_tracking_failure,2,ep00129_t0014_item002409,1,E3,12,enemy,3,dynamic_3,0.0,-0.040313720703125,0.040313720703125,0.0,0.0,-0.040313720703125
enemy_tracking_failure,2,ep00129_t0014_item002409,1,E3,12,enemy,4,dynamic_4,0.0,-0.007068634033203125,0.007068634033203125,0.0,0.0,-0.007068634033203125
enemy_tracking_failure,2,ep00129_t0014_item002409,1,E3,12,enemy,5,dynamic_5,0.0,-0.007579803466796875,0.007579803466796875,0.0,0.0,-0.007579803466796875
enemy_tracking_failure,2,ep00129_t0014_item002409,1,E3,12,enemy,6,dynamic_6,1.0,1.017578125,0.017578125,1.0,0.0,0.017578125
enemy_tracking_failure,2,ep00129_t0014_item002409,1,E3,12,enemy,7,dynamic_7,0.0,-0.0102691650390625,0.0102691650390625,0.0,0.0,-0.0102691650390625
enemy_tracking_failure,2,ep00129_t0014_item002409,1,E3,12,enemy,8,dynamic_8,0.0,-0.015411376953125,0.015411376953125,0.0,0.0,-0.015411376953125
enemy_tracking_failure,2,ep00129_t0014_item002409,1,E3,12,enemy,9,dynamic_9,0.0,2.086162567138672e-06,2.086162567138672e-06,0.0,0.0,2.086162567138672e-06
enemy_tracking_failure,2,ep00129_t0014_item002409,1,E3,12,enemy,10,dynamic_10,0.0,-0.005283355712890625,0.005283355712890625,0.0,0.0,-0.005283355712890625
enemy_tracking_failure,2,ep00129_t0014_item002409,1,E3,12,enemy,11,dynamic_11,0.0,-0.021209716796875,0.021209716796875,0.0,0.0,-0.021209716796875
enemy_tracking_failure,2,ep00129_t0014_item002409,1,E4,13,enemy,0,hp,0.8080000281333923,0.87353515625,0.06553512811660767,0.8080000281333923,0.0,0.06553512811660767
enemy_tracking_failure,2,ep00129_t0014_item002409,1,E4,13,enemy,1,dx,0.014360308647155762,-0.003314971923828125,0.017675280570983887,0.014360308647155762,0.0,-0.017675280570983887
enemy_tracking_failure,2,ep00129_t0014_item002409,1,E4,13,enemy,2,dy,0.07605153322219849,0.060302734375,0.015748798847198486,0.07605153322219849,0.0,-0.015748798847198486
enemy_tracking_failure,2,ep00129_t0014_item002409,1,E4,13,enemy,3,dynamic_3,0.0,-0.00872039794921875,0.00872039794921875,0.0,0.0,-0.00872039794921875
enemy_tracking_failure,2,ep00129_t0014_item002409,1,E4,13,enemy,4,dynamic_4,0.0,-0.01934814453125,0.01934814453125,0.0,0.0,-0.01934814453125
enemy_tracking_failure,2,ep00129_t0014_item002409,1,E4,13,enemy,5,dynamic_5,1.0,1.009765625,0.009765625,1.0,0.0,0.009765625
enemy_tracking_failure,2,ep00129_t0014_item002409,1,E4,13,enemy,6,dynamic_6,0.0,0.0184783935546875,0.0184783935546875,0.0,0.0,0.0184783935546875
enemy_tracking_failure,2,ep00129_t0014_item002409,1,E4,13,enemy,7,dynamic_7,0.0,-0.007965087890625,0.007965087890625,0.0,0.0,-0.007965087890625
enemy_tracking_failure,2,ep00129_t0014_item002409,1,E4,13,enemy,8,dynamic_8,0.0,-0.025390625,0.025390625,0.0,0.0,-0.025390625
enemy_tracking_failure,2,ep00129_t0014_item002409,1,E4,13,enemy,9,dynamic_9,0.0,-0.0002574920654296875,0.0002574920654296875,0.0,0.0,-0.0002574920654296875
enemy_tracking_failure,2,ep00129_t0014_item002409,1,E4,13,enemy,10,dynamic_10,0.0,-0.0252227783203125,0.0252227783203125,0.0,0.0,-0.0252227783203125
enemy_tracking_failure,2,ep00129_t0014_item002409,1,E4,13,enemy,11,dynamic_11,0.0,0.046875,0.046875,0.0,0.0,0.046875
enemy_tracking_failure,2,ep00129_t0014_item002409,1,E5,14,enemy,0,hp,1.0,0.99658203125,0.00341796875,1.0,0.0,-0.00341796875
enemy_tracking_failure,2,ep00129_t0014_item002409,1,E5,14,enemy,1,dx,-0.012390464544296265,-0.0169525146484375,0.004562050104141235,-0.012390464544296265,0.0,-0.004562050104141235
enemy_tracking_failure,2,ep00129_t0014_item002409,1,E5,14,enemy,2,dy,0.05505108833312988,0.06219482421875,0.007143735885620117,0.05505108833312988,0.0,0.007143735885620117
enemy_tracking_failure,2,ep00129_t0014_item002409,1,E5,14,enemy,3,dynamic_3,0.0,0.0045166015625,0.0045166015625,0.0,0.0,0.0045166015625
enemy_tracking_failure,2,ep00129_t0014_item002409,1,E5,14,enemy,4,dynamic_4,0.0,0.00409698486328125,0.00409698486328125,0.0,0.0,0.00409698486328125
enemy_tracking_failure,2,ep00129_t0014_item002409,1,E5,14,enemy,5,dynamic_5,1.0,1.00390625,0.00390625,1.0,0.0,0.00390625
enemy_tracking_failure,2,ep00129_t0014_item002409,1,E5,14,enemy,6,dynamic_6,0.0,-0.017852783203125,0.017852783203125,0.0,0.0,-0.017852783203125
enemy_tracking_failure,2,ep00129_t0014_item002409,1,E5,14,enemy,7,dynamic_7,0.0,-0.01186370849609375,0.01186370849609375,0.0,0.0,-0.01186370849609375
enemy_tracking_failure,2,ep00129_t0014_item002409,1,E5,14,enemy,8,dynamic_8,0.0,-0.018524169921875,0.018524169921875,0.0,0.0,-0.018524169921875
enemy_tracking_failure,2,ep00129_t0014_item002409,1,E5,14,enemy,9,dynamic_9,0.0,-6.568431854248047e-05,6.568431854248047e-05,0.0,0.0,-6.568431854248047e-05
enemy_tracking_failure,2,ep00129_t0014_item002409,1,E5,14,enemy,10,dynamic_10,0.0,0.019287109375,0.019287109375,0.0,0.0,0.019287109375
enemy_tracking_failure,2,ep00129_t0014_item002409,1,E5,14,enemy,11,dynamic_11,0.0,-0.0021724700927734375,0.0021724700927734375,0.0,0.0,-0.0021724700927734375
enemy_tracking_failure,2,ep00129_t0014_item002409,1,E6,15,enemy,0,hp,1.0,0.92333984375,0.07666015625,1.0,0.0,-0.07666015625
enemy_tracking_failure,2,ep00129_t0014_item002409,1,E6,15,enemy,1,dx,-0.03481578826904297,-0.0777587890625,0.04294300079345703,-0.03481578826904297,0.0,-0.04294300079345703
enemy_tracking_failure,2,ep00129_t0014_item002409,1,E6,15,enemy,2,dy,0.03476536273956299,0.0396728515625,0.004907488822937012,0.03476536273956299,0.0,0.004907488822937012
enemy_tracking_failure,2,ep00129_t0014_item002409,1,E6,15,enemy,3,dynamic_3,0.0,0.0068359375,0.0068359375,0.0,0.0,0.0068359375
enemy_tracking_failure,2,ep00129_t0014_item002409,1,E6,15,enemy,4,dynamic_4,0.0,-0.01558685302734375,0.01558685302734375,0.0,0.0,-0.01558685302734375
enemy_tracking_failure,2,ep00129_t0014_item002409,1,E6,15,enemy,5,dynamic_5,0.0,-0.01934814453125,0.01934814453125,0.0,0.0,-0.01934814453125
enemy_tracking_failure,2,ep00129_t0014_item002409,1,E6,15,enemy,6,dynamic_6,1.0,0.97705078125,0.02294921875,1.0,0.0,-0.02294921875
enemy_tracking_failure,2,ep00129_t0014_item002409,1,E6,15,enemy,7,dynamic_7,0.0,0.01202392578125,0.01202392578125,0.0,0.0,0.01202392578125
enemy_tracking_failure,2,ep00129_t0014_item002409,1,E6,15,enemy,8,dynamic_8,0.0,-0.0182037353515625,0.0182037353515625,0.0,0.0,-0.0182037353515625
enemy_tracking_failure,2,ep00129_t0014_item002409,1,E6,15,enemy,9,dynamic_9,0.0,0.00044655799865722656,0.00044655799865722656,0.0,0.0,0.00044655799865722656
enemy_tracking_failure,2,ep00129_t0014_item002409,1,E6,15,enemy,10,dynamic_10,0.0,-0.01163482666015625,0.01163482666015625,0.0,0.0,-0.01163482666015625
enemy_tracking_failure,2,ep00129_t0014_item002409,1,E6,15,enemy,11,dynamic_11,0.0,0.0005702972412109375,0.0005702972412109375,0.0,0.0,0.0005702972412109375
enemy_tracking_failure,2,ep00129_t0014_item002409,5,A0,0,ally,0,hp,0.8999999761581421,0.81201171875,0.08798825740814209,0.8999999761581421,0.0,-0.08798825740814209
enemy_tracking_failure,2,ep00129_t0014_item002409,5,A0,0,ally,1,cooldown_or_energy,0.2667187452316284,0.268310546875,0.001591801643371582,0.25968751311302185,0.007031232118606567,0.00862303376197815
enemy_tracking_failure,2,ep00129_t0014_item002409,5,A0,0,ally,2,dx,-0.1942967176437378,-0.21435546875,0.020058751106262207,-0.2489842176437378,0.0546875,0.03462874889373779
enemy_tracking_failure,2,ep00129_t0014_item002409,5,A0,0,ally,3,dy,-0.1755504310131073,-0.186279296875,0.0107288658618927,-0.1755504310131073,0.0,-0.0107288658618927
enemy_tracking_failure,2,ep00129_t0014_item002409,5,A0,0,ally,4,shield,0.0,-0.0016164779663085938,0.0016164779663085938,0.0,0.0,-0.0016164779663085938
enemy_tracking_failure,2,ep00129_t0014_item002409,5,A0,0,ally,5,dynamic_5,0.0,0.0034637451171875,0.0034637451171875,0.0,0.0,0.0034637451171875
enemy_tracking_failure,2,ep00129_t0014_item002409,5,A0,0,ally,6,dynamic_6,0.0,-0.0084686279296875,0.0084686279296875,0.0,0.0,-0.0084686279296875
enemy_tracking_failure,2,ep00129_t0014_item002409,5,A0,0,ally,7,dynamic_7,0.0,0.099365234375,0.099365234375,0.0,0.0,0.099365234375
enemy_tracking_failure,2,ep00129_t0014_item002409,5,A0,0,ally,8,dynamic_8,1.0,0.98974609375,0.01025390625,1.0,0.0,-0.01025390625
enemy_tracking_failure,2,ep00129_t0014_item002409,5,A0,0,ally,9,dynamic_9,0.0,0.0003266334533691406,0.0003266334533691406,0.0,0.0,0.0003266334533691406
enemy_tracking_failure,2,ep00129_t0014_item002409,5,A0,0,ally,10,dynamic_10,0.0,-0.0216064453125,0.0216064453125,0.0,0.0,-0.0216064453125
enemy_tracking_failure,2,ep00129_t0014_item002409,5,A0,0,ally,11,dynamic_11,0.0,-0.0439453125,0.0439453125,0.0,0.0,-0.0439453125
enemy_tracking_failure,2,ep00129_t0014_item002409,5,A0,0,ally,12,dynamic_12,0.0,-0.01029205322265625,0.01029205322265625,0.0,0.0,-0.01029205322265625
enemy_tracking_failure,2,ep00129_t0014_item002409,5,A3,3,ally,0,hp,1.0,0.939453125,0.060546875,1.0,0.0,-0.060546875
enemy_tracking_failure,2,ep00129_t0014_item002409,5,A3,3,ally,1,cooldown_or_energy,0.0,-0.0146942138671875,0.0146942138671875,0.0,0.0,-0.0146942138671875
enemy_tracking_failure,2,ep00129_t0014_item002409,5,A3,3,ally,2,dx,-0.4326936602592468,-0.46728515625,0.034591495990753174,-0.334256112575531,-0.09843754768371582,-0.133029043674469
enemy_tracking_failure,2,ep00129_t0014_item002409,5,A3,3,ally,3,dy,0.13429361581802368,0.12054443359375,0.013749182224273682,0.13429361581802368,0.0,-0.013749182224273682
enemy_tracking_failure,2,ep00129_t0014_item002409,5,A3,3,ally,4,shield,0.0,-0.01169586181640625,0.01169586181640625,0.0,0.0,-0.01169586181640625
enemy_tracking_failure,2,ep00129_t0014_item002409,5,A3,3,ally,5,dynamic_5,0.0,-0.0302276611328125,0.0302276611328125,0.0,0.0,-0.0302276611328125
enemy_tracking_failure,2,ep00129_t0014_item002409,5,A3,3,ally,6,dynamic_6,0.0,0.00994873046875,0.00994873046875,0.0,0.0,0.00994873046875
enemy_tracking_failure,2,ep00129_t0014_item002409,5,A3,3,ally,7,dynamic_7,1.0,1.0595703125,0.0595703125,1.0,0.0,0.0595703125
enemy_tracking_failure,2,ep00129_t0014_item002409,5,A3,3,ally,8,dynamic_8,0.0,0.03607177734375,0.03607177734375,0.0,0.0,0.03607177734375
enemy_tracking_failure,2,ep00129_t0014_item002409,5,A3,3,ally,9,dynamic_9,0.0,0.0004851818084716797,0.0004851818084716797,0.0,0.0,0.0004851818084716797
enemy_tracking_failure,2,ep00129_t0014_item002409,5,A3,3,ally,10,dynamic_10,0.0,-0.0096893310546875,0.0096893310546875,0.0,0.0,-0.0096893310546875
enemy_tracking_failure,2,ep00129_t0014_item002409,5,A3,3,ally,11,dynamic_11,0.0,0.011199951171875,0.011199951171875,0.0,0.0,0.011199951171875
enemy_tracking_failure,2,ep00129_t0014_item002409,5,A3,3,ally,12,dynamic_12,0.0,-0.031829833984375,0.031829833984375,0.0,0.0,-0.031829833984375
enemy_tracking_failure,2,ep00129_t0014_item002409,5,A5,5,ally,0,hp,0.8080000281333923,0.767578125,0.040421903133392334,0.8080000281333923,0.0,-0.040421903133392334
enemy_tracking_failure,2,ep00129_t0014_item002409,5,A5,5,ally,1,cooldown_or_energy,0.0,0.0159759521484375,0.0159759521484375,0.0,0.0,0.0159759521484375
enemy_tracking_failure,2,ep00129_t0014_item002409,5,A5,5,ally,2,dx,-0.16779157519340515,-0.1649169921875,0.0028745830059051514,-0.16779157519340515,0.0,0.0028745830059051514
enemy_tracking_failure,2,ep00129_t0014_item002409,5,A5,5,ally,3,dy,0.2291070818901062,0.248291015625,0.0191839337348938,0.1913244128227234,0.03778266906738281,0.05696660280227661
enemy_tracking_failure,2,ep00129_t0014_item002409,5,A5,5,ally,4,shield,0.0,0.01396942138671875,0.01396942138671875,0.0,0.0,0.01396942138671875
enemy_tracking_failure,2,ep00129_t0014_item002409,5,A5,5,ally,5,dynamic_5,0.0,0.025848388671875,0.025848388671875,0.0,0.0,0.025848388671875
enemy_tracking_failure,2,ep00129_t0014_item002409,5,A5,5,ally,6,dynamic_6,1.0,0.96435546875,0.03564453125,1.0,0.0,-0.03564453125
enemy_tracking_failure,2,ep00129_t0014_item002409,5,A5,5,ally,7,dynamic_7,0.0,0.046173095703125,0.046173095703125,0.0,0.0,0.046173095703125
enemy_tracking_failure,2,ep00129_t0014_item002409,5,A5,5,ally,8,dynamic_8,0.0,0.0038700103759765625,0.0038700103759765625,0.0,0.0,0.0038700103759765625
enemy_tracking_failure,2,ep00129_t0014_item002409,5,A5,5,ally,9,dynamic_9,0.0,0.0016393661499023438,0.0016393661499023438,0.0,0.0,0.0016393661499023438
enemy_tracking_failure,2,ep00129_t0014_item002409,5,A5,5,ally,10,dynamic_10,0.0,0.0064849853515625,0.0064849853515625,0.0,0.0,0.0064849853515625
enemy_tracking_failure,2,ep00129_t0014_item002409,5,A5,5,ally,11,dynamic_11,0.0,-0.0036296844482421875,0.0036296844482421875,0.0,0.0,-0.0036296844482421875
enemy_tracking_failure,2,ep00129_t0014_item002409,5,A5,5,ally,12,dynamic_12,0.0,-0.042266845703125,0.042266845703125,0.0,0.0,-0.042266845703125
enemy_tracking_failure,2,ep00129_t0014_item002409,5,A6,6,ally,0,hp,0.02222222276031971,0.90673828125,0.8845160584896803,1.0,-0.9777777772396803,-0.09326171875
enemy_tracking_failure,2,ep00129_t0014_item002409,5,A6,6,ally,1,cooldown_or_energy,0.0,0.03057861328125,0.03057861328125,0.0,0.0,0.03057861328125
enemy_tracking_failure,2,ep00129_t0014_item002409,5,A6,6,ally,2,dx,-0.14652717113494873,-0.1307373046875,0.01578986644744873,-0.17878779768943787,0.032260626554489136,0.048050493001937866
enemy_tracking_failure,2,ep00129_t0014_item002409,5,A6,6,ally,3,dy,0.20895010232925415,0.330322265625,0.12137216329574585,0.163807213306427,0.04514288902282715,0.166515052318573
enemy_tracking_failure,2,ep00129_t0014_item002409,5,A6,6,ally,4,shield,0.0,0.0156097412109375,0.0156097412109375,0.0,0.0,0.0156097412109375
enemy_tracking_failure,2,ep00129_t0014_item002409,5,A6,6,ally,5,dynamic_5,0.0,-0.004817962646484375,0.004817962646484375,0.0,0.0,-0.004817962646484375
enemy_tracking_failure,2,ep00129_t0014_item002409,5,A6,6,ally,6,dynamic_6,0.0,-0.030914306640625,0.030914306640625,0.0,0.0,-0.030914306640625
enemy_tracking_failure,2,ep00129_t0014_item002409,5,A6,6,ally,7,dynamic_7,1.0,0.8955078125,0.1044921875,1.0,0.0,-0.1044921875
enemy_tracking_failure,2,ep00129_t0014_item002409,5,A6,6,ally,8,dynamic_8,0.0,0.02587890625,0.02587890625,0.0,0.0,0.02587890625
enemy_tracking_failure,2,ep00129_t0014_item002409,5,A6,6,ally,9,dynamic_9,0.0,0.0017557144165039062,0.0017557144165039062,0.0,0.0,0.0017557144165039062
enemy_tracking_failure,2,ep00129_t0014_item002409,5,A6,6,ally,10,dynamic_10,0.0,-0.0277557373046875,0.0277557373046875,0.0,0.0,-0.0277557373046875
enemy_tracking_failure,2,ep00129_t0014_item002409,5,A6,6,ally,11,dynamic_11,0.0,0.087890625,0.087890625,0.0,0.0,0.087890625
enemy_tracking_failure,2,ep00129_t0014_item002409,5,A6,6,ally,12,dynamic_12,0.0,0.046722412109375,0.046722412109375,0.0,0.0,0.046722412109375
enemy_tracking_failure,2,ep00129_t0014_item002409,5,E0,9,enemy,0,hp,1.0,0.97265625,0.02734375,1.0,0.0,-0.02734375
enemy_tracking_failure,2,ep00129_t0014_item002409,5,E0,9,enemy,1,dx,0.022265911102294922,0.0174560546875,0.004809856414794922,0.022265911102294922,0.0,-0.004809856414794922
enemy_tracking_failure,2,ep00129_t0014_item002409,5,E0,9,enemy,2,dy,-0.04171910881996155,0.00499725341796875,0.0467163622379303,-0.04171910881996155,0.0,0.0467163622379303
enemy_tracking_failure,2,ep00129_t0014_item002409,5,E0,9,enemy,3,dynamic_3,0.0,-0.063720703125,0.063720703125,0.0,0.0,-0.063720703125
enemy_tracking_failure,2,ep00129_t0014_item002409,5,E0,9,enemy,4,dynamic_4,0.0,-0.004390716552734375,0.004390716552734375,0.0,0.0,-0.004390716552734375
enemy_tracking_failure,2,ep00129_t0014_item002409,5,E0,9,enemy,5,dynamic_5,0.0,-0.005474090576171875,0.005474090576171875,0.0,0.0,-0.005474090576171875
enemy_tracking_failure,2,ep00129_t0014_item002409,5,E0,9,enemy,6,dynamic_6,0.0,0.0150299072265625,0.0150299072265625,0.0,0.0,0.0150299072265625
enemy_tracking_failure,2,ep00129_t0014_item002409,5,E0,9,enemy,7,dynamic_7,1.0,0.9462890625,0.0537109375,1.0,0.0,-0.0537109375
enemy_tracking_failure,2,ep00129_t0014_item002409,5,E0,9,enemy,8,dynamic_8,0.0,0.03668212890625,0.03668212890625,0.0,0.0,0.03668212890625
enemy_tracking_failure,2,ep00129_t0014_item002409,5,E0,9,enemy,9,dynamic_9,0.0,-0.0005154609680175781,0.0005154609680175781,0.0,0.0,-0.0005154609680175781
enemy_tracking_failure,2,ep00129_t0014_item002409,5,E0,9,enemy,10,dynamic_10,0.0,0.0028820037841796875,0.0028820037841796875,0.0,0.0,0.0028820037841796875
enemy_tracking_failure,2,ep00129_t0014_item002409,5,E0,9,enemy,11,dynamic_11,0.0,0.0138092041015625,0.0138092041015625,0.0,0.0,0.0138092041015625
enemy_tracking_failure,2,ep00129_t0014_item002409,5,E1,10,enemy,0,hp,1.0,0.9033203125,0.0966796875,1.0,0.0,-0.0966796875
enemy_tracking_failure,2,ep00129_t0014_item002409,5,E1,10,enemy,1,dx,-0.11283689737319946,-0.145263671875,0.03242677450180054,-0.08707398176193237,-0.02576291561126709,-0.05818969011306763
enemy_tracking_failure,2,ep00129_t0014_item002409,5,E1,10,enemy,2,dy,0.03302234411239624,0.017730712890625,0.01529163122177124,0.016212940216064453,0.016809403896331787,0.0015177726745605469
enemy_tracking_failure,2,ep00129_t0014_item002409,5,E1,10,enemy,3,dynamic_3,0.0,-0.023468017578125,0.023468017578125,0.0,0.0,-0.023468017578125
enemy_tracking_failure,2,ep00129_t0014_item002409,5,E1,10,enemy,4,dynamic_4,0.0,-0.01128387451171875,0.01128387451171875,0.0,0.0,-0.01128387451171875
enemy_tracking_failure,2,ep00129_t0014_item002409,5,E1,10,enemy,5,dynamic_5,0.0,-0.01358795166015625,0.01358795166015625,0.0,0.0,-0.01358795166015625
enemy_tracking_failure,2,ep00129_t0014_item002409,5,E1,10,enemy,6,dynamic_6,1.0,0.98046875,0.01953125,1.0,0.0,-0.01953125
enemy_tracking_failure,2,ep00129_t0014_item002409,5,E1,10,enemy,7,dynamic_7,0.0,-0.006656646728515625,0.006656646728515625,0.0,0.0,-0.006656646728515625
enemy_tracking_failure,2,ep00129_t0014_item002409,5,E1,10,enemy,8,dynamic_8,0.0,0.00856781005859375,0.00856781005859375,0.0,0.0,0.00856781005859375
enemy_tracking_failure,2,ep00129_t0014_item002409,5,E1,10,enemy,9,dynamic_9,0.0,-0.0002155303955078125,0.0002155303955078125,0.0,0.0,-0.0002155303955078125
enemy_tracking_failure,2,ep00129_t0014_item002409,5,E1,10,enemy,10,dynamic_10,0.0,-0.011688232421875,0.011688232421875,0.0,0.0,-0.011688232421875
enemy_tracking_failure,2,ep00129_t0014_item002409,5,E1,10,enemy,11,dynamic_11,0.0,0.00901031494140625,0.00901031494140625,0.0,0.0,0.00901031494140625
enemy_tracking_failure,2,ep00129_t0014_item002409,5,E2,11,enemy,0,hp,1.0,0.8916015625,0.1083984375,1.0,0.0,-0.1083984375
enemy_tracking_failure,2,ep00129_t0014_item002409,5,E2,11,enemy,1,dx,-0.09048908948898315,-0.1507568359375,0.060267746448516846,-0.06293275952339172,-0.02755632996559143,-0.08782407641410828
enemy_tracking_failure,2,ep00129_t0014_item002409,5,E2,11,enemy,2,dy,0.03873467445373535,0.027557373046875,0.011177301406860352,0.02088320255279541,0.01785147190093994,0.00667417049407959
enemy_tracking_failure,2,ep00129_t0014_item002409,5,E2,11,enemy,3,dynamic_3,0.0,-0.0252532958984375,0.0252532958984375,0.0,0.0,-0.0252532958984375
enemy_tracking_failure,2,ep00129_t0014_item002409,5,E2,11,enemy,4,dynamic_4,0.0,-0.0173187255859375,0.0173187255859375,0.0,0.0,-0.0173187255859375
enemy_tracking_failure,2,ep00129_t0014_item002409,5,E2,11,enemy,5,dynamic_5,0.0,-0.00695037841796875,0.00695037841796875,0.0,0.0,-0.00695037841796875
enemy_tracking_failure,2,ep00129_t0014_item002409,5,E2,11,enemy,6,dynamic_6,1.0,0.9912109375,0.0087890625,1.0,0.0,-0.0087890625
enemy_tracking_failure,2,ep00129_t0014_item002409,5,E2,11,enemy,7,dynamic_7,0.0,-0.01483917236328125,0.01483917236328125,0.0,0.0,-0.01483917236328125
enemy_tracking_failure,2,ep00129_t0014_item002409,5,E2,11,enemy,8,dynamic_8,0.0,0.0190582275390625,0.0190582275390625,0.0,0.0,0.0190582275390625
enemy_tracking_failure,2,ep00129_t0014_item002409,5,E2,11,enemy,9,dynamic_9,0.0,0.00014352798461914062,0.00014352798461914062,0.0,0.0,0.00014352798461914062
enemy_tracking_failure,2,ep00129_t0014_item002409,5,E2,11,enemy,10,dynamic_10,0.0,-0.023406982421875,0.023406982421875,0.0,0.0,-0.023406982421875
enemy_tracking_failure,2,ep00129_t0014_item002409,5,E2,11,enemy,11,dynamic_11,0.0,0.0216064453125,0.0216064453125,0.0,0.0,0.0216064453125
enemy_tracking_failure,2,ep00129_t0014_item002409,5,E3,12,enemy,0,hp,1.0,0.8935546875,0.1064453125,1.0,0.0,-0.1064453125
enemy_tracking_failure,2,ep00129_t0014_item002409,5,E3,12,enemy,1,dx,-0.1453324556350708,-0.128662109375,0.0166703462600708,-0.09913292527198792,-0.046199530363082886,-0.029529184103012085
enemy_tracking_failure,2,ep00129_t0014_item002409,5,E3,12,enemy,2,dy,0.032859086990356445,-0.025726318359375,0.058585405349731445,-0.003938853740692139,0.036797940731048584,-0.02178746461868286
enemy_tracking_failure,2,ep00129_t0014_item002409,5,E3,12,enemy,3,dynamic_3,0.0,-0.025360107421875,0.025360107421875,0.0,0.0,-0.025360107421875
enemy_tracking_failure,2,ep00129_t0014_item002409,5,E3,12,enemy,4,dynamic_4,0.0,-0.0185699462890625,0.0185699462890625,0.0,0.0,-0.0185699462890625
enemy_tracking_failure,2,ep00129_t0014_item002409,5,E3,12,enemy,5,dynamic_5,0.0,-0.0038909912109375,0.0038909912109375,0.0,0.0,-0.0038909912109375
enemy_tracking_failure,2,ep00129_t0014_item002409,5,E3,12,enemy,6,dynamic_6,1.0,1.0205078125,0.0205078125,1.0,0.0,0.0205078125
enemy_tracking_failure,2,ep00129_t0014_item002409,5,E3,12,enemy,7,dynamic_7,0.0,-0.01641845703125,0.01641845703125,0.0,0.0,-0.01641845703125
enemy_tracking_failure,2,ep00129_t0014_item002409,5,E3,12,enemy,8,dynamic_8,0.0,-0.01093292236328125,0.01093292236328125,0.0,0.0,-0.01093292236328125
enemy_tracking_failure,2,ep00129_t0014_item002409,5,E3,12,enemy,9,dynamic_9,0.0,-1.1324882507324219e-06,1.1324882507324219e-06,0.0,0.0,-1.1324882507324219e-06
enemy_tracking_failure,2,ep00129_t0014_item002409,5,E3,12,enemy,10,dynamic_10,0.0,-0.027862548828125,0.027862548828125,0.0,0.0,-0.027862548828125
enemy_tracking_failure,2,ep00129_t0014_item002409,5,E3,12,enemy,11,dynamic_11,0.0,-0.007541656494140625,0.007541656494140625,0.0,0.0,-0.007541656494140625
enemy_tracking_failure,2,ep00129_t0014_item002409,5,E4,13,enemy,0,hp,0.8799999952316284,0.85107421875,0.028925776481628418,0.8080000281333923,0.07199996709823608,0.043074190616607666
enemy_tracking_failure,2,ep00129_t0014_item002409,5,E4,13,enemy,1,dx,-0.01961001753807068,-0.06597900390625,0.04636898636817932,0.014360308647155762,-0.03397032618522644,-0.08033931255340576
enemy_tracking_failure,2,ep00129_t0014_item002409,5,E4,13,enemy,2,dy,0.10320860147476196,0.036865234375,0.06634336709976196,0.07605153322219849,0.027157068252563477,-0.039186298847198486
enemy_tracking_failure,2,ep00129_t0014_item002409,5,E4,13,enemy,3,dynamic_3,0.0,-0.01207733154296875,0.01207733154296875,0.0,0.0,-0.01207733154296875
enemy_tracking_failure,2,ep00129_t0014_item002409,5,E4,13,enemy,4,dynamic_4,0.0,-0.0238494873046875,0.0238494873046875,0.0,0.0,-0.0238494873046875
enemy_tracking_failure,2,ep00129_t0014_item002409,5,E4,13,enemy,5,dynamic_5,1.0,0.9794921875,0.0205078125,1.0,0.0,-0.0205078125
enemy_tracking_failure,2,ep00129_t0014_item002409,5,E4,13,enemy,6,dynamic_6,0.0,0.0240936279296875,0.0240936279296875,0.0,0.0,0.0240936279296875
enemy_tracking_failure,2,ep00129_t0014_item002409,5,E4,13,enemy,7,dynamic_7,0.0,-0.00522613525390625,0.00522613525390625,0.0,0.0,-0.00522613525390625
enemy_tracking_failure,2,ep00129_t0014_item002409,5,E4,13,enemy,8,dynamic_8,0.0,-0.0195465087890625,0.0195465087890625,0.0,0.0,-0.0195465087890625
enemy_tracking_failure,2,ep00129_t0014_item002409,5,E4,13,enemy,9,dynamic_9,0.0,-0.00016582012176513672,0.00016582012176513672,0.0,0.0,-0.00016582012176513672
enemy_tracking_failure,2,ep00129_t0014_item002409,5,E4,13,enemy,10,dynamic_10,0.0,-0.0010919570922851562,0.0010919570922851562,0.0,0.0,-0.0010919570922851562
enemy_tracking_failure,2,ep00129_t0014_item002409,5,E4,13,enemy,11,dynamic_11,0.0,0.035186767578125,0.035186767578125,0.0,0.0,0.035186767578125
enemy_tracking_failure,2,ep00129_t0014_item002409,5,E5,14,enemy,0,hp,0.8479999899864197,0.97607421875,0.12807422876358032,1.0,-0.15200001001358032,-0.02392578125
enemy_tracking_failure,2,ep00129_t0014_item002409,5,E5,14,enemy,1,dx,-0.042043447494506836,-0.051300048828125,0.009256601333618164,-0.012390464544296265,-0.02965298295021057,-0.038909584283828735
enemy_tracking_failure,2,ep00129_t0014_item002409,5,E5,14,enemy,2,dy,0.07607370615005493,0.024383544921875,0.05169016122817993,0.05505108833312988,0.02102261781692505,-0.030667543411254883
enemy_tracking_failure,2,ep00129_t0014_item002409,5,E5,14,enemy,3,dynamic_3,0.0,0.01361083984375,0.01361083984375,0.0,0.0,0.01361083984375
enemy_tracking_failure,2,ep00129_t0014_item002409,5,E5,14,enemy,4,dynamic_4,0.0,-0.00022041797637939453,0.00022041797637939453,0.0,0.0,-0.00022041797637939453
enemy_tracking_failure,2,ep00129_t0014_item002409,5,E5,14,enemy,5,dynamic_5,1.0,0.986328125,0.013671875,1.0,0.0,-0.013671875
enemy_tracking_failure,2,ep00129_t0014_item002409,5,E5,14,enemy,6,dynamic_6,0.0,-0.006443023681640625,0.006443023681640625,0.0,0.0,-0.006443023681640625
enemy_tracking_failure,2,ep00129_t0014_item002409,5,E5,14,enemy,7,dynamic_7,0.0,-0.006317138671875,0.006317138671875,0.0,0.0,-0.006317138671875
enemy_tracking_failure,2,ep00129_t0014_item002409,5,E5,14,enemy,8,dynamic_8,0.0,-0.01108551025390625,0.01108551025390625,0.0,0.0,-0.01108551025390625
enemy_tracking_failure,2,ep00129_t0014_item002409,5,E5,14,enemy,9,dynamic_9,0.0,4.094839096069336e-05,4.094839096069336e-05,0.0,0.0,4.094839096069336e-05
enemy_tracking_failure,2,ep00129_t0014_item002409,5,E5,14,enemy,10,dynamic_10,0.0,0.01568603515625,0.01568603515625,0.0,0.0,0.01568603515625
enemy_tracking_failure,2,ep00129_t0014_item002409,5,E5,14,enemy,11,dynamic_11,0.0,0.010528564453125,0.010528564453125,0.0,0.0,0.010528564453125
enemy_tracking_failure,2,ep00129_t0014_item002409,5,E6,15,enemy,0,hp,1.0,0.94580078125,0.05419921875,1.0,0.0,-0.05419921875
enemy_tracking_failure,2,ep00129_t0014_item002409,5,E6,15,enemy,1,dx,-0.06619924306869507,-0.105712890625,0.03951364755630493,-0.03481578826904297,-0.0313834547996521,-0.07089710235595703
enemy_tracking_failure,2,ep00129_t0014_item002409,5,E6,15,enemy,2,dy,0.04975557327270508,0.03857421875,0.011181354522705078,0.03476536273956299,0.01499021053314209,0.0038088560104370117
enemy_tracking_failure,2,ep00129_t0014_item002409,5,E6,15,enemy,3,dynamic_3,0.0,0.0081939697265625,0.0081939697265625,0.0,0.0,0.0081939697265625
enemy_tracking_failure,2,ep00129_t0014_item002409,5,E6,15,enemy,4,dynamic_4,0.0,-0.0158843994140625,0.0158843994140625,0.0,0.0,-0.0158843994140625
enemy_tracking_failure,2,ep00129_t0014_item002409,5,E6,15,enemy,5,dynamic_5,0.0,-0.0222625732421875,0.0222625732421875,0.0,0.0,-0.0222625732421875
enemy_tracking_failure,2,ep00129_t0014_item002409,5,E6,15,enemy,6,dynamic_6,1.0,0.98095703125,0.01904296875,1.0,0.0,-0.01904296875
enemy_tracking_failure,2,ep00129_t0014_item002409,5,E6,15,enemy,7,dynamic_7,0.0,0.01200103759765625,0.01200103759765625,0.0,0.0,0.01200103759765625
enemy_tracking_failure,2,ep00129_t0014_item002409,5,E6,15,enemy,8,dynamic_8,0.0,-0.01739501953125,0.01739501953125,0.0,0.0,-0.01739501953125
enemy_tracking_failure,2,ep00129_t0014_item002409,5,E6,15,enemy,9,dynamic_9,0.0,0.00029754638671875,0.00029754638671875,0.0,0.0,0.00029754638671875
enemy_tracking_failure,2,ep00129_t0014_item002409,5,E6,15,enemy,10,dynamic_10,0.0,-0.0121917724609375,0.0121917724609375,0.0,0.0,-0.0121917724609375
enemy_tracking_failure,2,ep00129_t0014_item002409,5,E6,15,enemy,11,dynamic_11,0.0,0.007656097412109375,0.007656097412109375,0.0,0.0,0.007656097412109375
enemy_tracking_failure,2,ep00129_t0014_item002409,15,A0,0,ally,0,hp,0.8999999761581421,0.6943359375,0.2056640386581421,0.8999999761581421,0.0,-0.2056640386581421
enemy_tracking_failure,2,ep00129_t0014_item002409,15,A0,0,ally,1,cooldown_or_energy,0.28078123927116394,0.28271484375,0.0019336044788360596,0.25968751311302185,0.02109372615814209,0.02302733063697815
enemy_tracking_failure,2,ep00129_t0014_item002409,15,A0,0,ally,2,dx,-0.08492171764373779,-0.11932373046875,0.03440201282501221,-0.2489842176437378,0.1640625,0.1296604871749878
enemy_tracking_failure,2,ep00129_t0014_item002409,15,A0,0,ally,3,dy,-0.1755504310131073,-0.16552734375,0.0100230872631073,-0.1755504310131073,0.0,0.0100230872631073
enemy_tracking_failure,2,ep00129_t0014_item002409,15,A0,0,ally,4,shield,0.0,-0.0183868408203125,0.0183868408203125,0.0,0.0,-0.0183868408203125
enemy_tracking_failure,2,ep00129_t0014_item002409,15,A0,0,ally,5,dynamic_5,0.0,0.0044097900390625,0.0044097900390625,0.0,0.0,0.0044097900390625
enemy_tracking_failure,2,ep00129_t0014_item002409,15,A0,0,ally,6,dynamic_6,0.0,-0.02850341796875,0.02850341796875,0.0,0.0,-0.02850341796875
enemy_tracking_failure,2,ep00129_t0014_item002409,15,A0,0,ally,7,dynamic_7,0.0,0.058837890625,0.058837890625,0.0,0.0,0.058837890625
enemy_tracking_failure,2,ep00129_t0014_item002409,15,A0,0,ally,8,dynamic_8,1.0,1.056640625,0.056640625,1.0,0.0,0.056640625
enemy_tracking_failure,2,ep00129_t0014_item002409,15,A0,0,ally,9,dynamic_9,0.0,0.00044846534729003906,0.00044846534729003906,0.0,0.0,0.00044846534729003906
enemy_tracking_failure,2,ep00129_t0014_item002409,15,A0,0,ally,10,dynamic_10,0.0,-0.030181884765625,0.030181884765625,0.0,0.0,-0.030181884765625
enemy_tracking_failure,2,ep00129_t0014_item002409,15,A0,0,ally,11,dynamic_11,0.0,-0.061065673828125,0.061065673828125,0.0,0.0,-0.061065673828125
enemy_tracking_failure,2,ep00129_t0014_item002409,15,A0,0,ally,12,dynamic_12,0.0,-0.0017547607421875,0.0017547607421875,0.0,0.0,-0.0017547607421875
enemy_tracking_failure,2,ep00129_t0014_item002409,15,A3,3,ally,0,hp,1.0,0.88525390625,0.11474609375,1.0,0.0,-0.11474609375
enemy_tracking_failure,2,ep00129_t0014_item002409,15,A3,3,ally,1,cooldown_or_energy,0.0,-0.01904296875,0.01904296875,0.0,0.0,-0.01904296875
enemy_tracking_failure,2,ep00129_t0014_item002409,15,A3,3,ally,2,dx,-0.4326936602592468,-0.35546875,0.07722491025924683,-0.334256112575531,-0.09843754768371582,-0.021212637424468994
enemy_tracking_failure,2,ep00129_t0014_item002409,15,A3,3,ally,3,dy,0.22492259740829468,0.2003173828125,0.024605214595794678,0.13429361581802368,0.090628981590271,0.06602376699447632
enemy_tracking_failure,2,ep00129_t0014_item002409,15,A3,3,ally,4,shield,0.0,-0.02630615234375,0.02630615234375,0.0,0.0,-0.02630615234375
enemy_tracking_failure,2,ep00129_t0014_item002409,15,A3,3,ally,5,dynamic_5,0.0,-0.006725311279296875,0.006725311279296875,0.0,0.0,-0.006725311279296875
enemy_tracking_failure,2,ep00129_t0014_item002409,15,A3,3,ally,6,dynamic_6,0.0,0.0084381103515625,0.0084381103515625,0.0,0.0,0.0084381103515625
enemy_tracking_failure,2,ep00129_t0014_item002409,15,A3,3,ally,7,dynamic_7,1.0,0.966796875,0.033203125,1.0,0.0,-0.033203125
enemy_tracking_failure,2,ep00129_t0014_item002409,15,A3,3,ally,8,dynamic_8,0.0,0.03680419921875,0.03680419921875,0.0,0.0,0.03680419921875
enemy_tracking_failure,2,ep00129_t0014_item002409,15,A3,3,ally,9,dynamic_9,0.0,0.0004820823669433594,0.0004820823669433594,0.0,0.0,0.0004820823669433594
enemy_tracking_failure,2,ep00129_t0014_item002409,15,A3,3,ally,10,dynamic_10,0.0,-0.0245208740234375,0.0245208740234375,0.0,0.0,-0.0245208740234375
enemy_tracking_failure,2,ep00129_t0014_item002409,15,A3,3,ally,11,dynamic_11,0.0,0.07550048828125,0.07550048828125,0.0,0.0,0.07550048828125
enemy_tracking_failure,2,ep00129_t0014_item002409,15,A3,3,ally,12,dynamic_12,0.0,0.02490234375,0.02490234375,0.0,0.0,0.02490234375
enemy_tracking_failure,2,ep00129_t0014_item002409,15,E0,9,enemy,0,hp,1.0,0.98291015625,0.01708984375,1.0,0.0,-0.01708984375
enemy_tracking_failure,2,ep00129_t0014_item002409,15,E0,9,enemy,1,dx,-0.04688587784767151,-0.0016613006591796875,0.04522457718849182,0.022265911102294922,-0.06915178894996643,-0.02392721176147461
enemy_tracking_failure,2,ep00129_t0014_item002409,15,E0,9,enemy,2,dy,0.008062362670898438,-0.0151214599609375,0.023183822631835938,-0.04171910881996155,0.049781471490859985,0.026597648859024048
enemy_tracking_failure,2,ep00129_t0014_item002409,15,E0,9,enemy,3,dynamic_3,0.0,-0.0174713134765625,0.0174713134765625,0.0,0.0,-0.0174713134765625
enemy_tracking_failure,2,ep00129_t0014_item002409,15,E0,9,enemy,4,dynamic_4,0.0,0.005115509033203125,0.005115509033203125,0.0,0.0,0.005115509033203125
enemy_tracking_failure,2,ep00129_t0014_item002409,15,E0,9,enemy,5,dynamic_5,0.0,-0.00543975830078125,0.00543975830078125,0.0,0.0,-0.00543975830078125
enemy_tracking_failure,2,ep00129_t0014_item002409,15,E0,9,enemy,6,dynamic_6,0.0,0.040191650390625,0.040191650390625,0.0,0.0,0.040191650390625
enemy_tracking_failure,2,ep00129_t0014_item002409,15,E0,9,enemy,7,dynamic_7,1.0,0.7900390625,0.2099609375,1.0,0.0,-0.2099609375
enemy_tracking_failure,2,ep00129_t0014_item002409,15,E0,9,enemy,8,dynamic_8,0.0,0.053192138671875,0.053192138671875,0.0,0.0,0.053192138671875
enemy_tracking_failure,2,ep00129_t0014_item002409,15,E0,9,enemy,9,dynamic_9,0.0,-0.0004506111145019531,0.0004506111145019531,0.0,0.0,-0.0004506111145019531
enemy_tracking_failure,2,ep00129_t0014_item002409,15,E0,9,enemy,10,dynamic_10,0.0,-0.004974365234375,0.004974365234375,0.0,0.0,-0.004974365234375
enemy_tracking_failure,2,ep00129_t0014_item002409,15,E0,9,enemy,11,dynamic_11,0.0,0.12164306640625,0.12164306640625,0.0,0.0,0.12164306640625
enemy_tracking_failure,2,ep00129_t0014_item002409,15,E1,10,enemy,0,hp,1.0,0.91650390625,0.08349609375,1.0,0.0,-0.08349609375
enemy_tracking_failure,2,ep00129_t0014_item002409,15,E1,10,enemy,1,dx,-0.2040625512599945,-0.1492919921875,0.05477055907249451,-0.08707398176193237,-0.11698856949806213,-0.06221801042556763
enemy_tracking_failure,2,ep00129_t0014_item002409,15,E1,10,enemy,2,dy,0.08942806720733643,0.01030731201171875,0.07912075519561768,0.016212940216064453,0.07321512699127197,-0.005905628204345703
enemy_tracking_failure,2,ep00129_t0014_item002409,15,E1,10,enemy,3,dynamic_3,0.0,-0.01343536376953125,0.01343536376953125,0.0,0.0,-0.01343536376953125
enemy_tracking_failure,2,ep00129_t0014_item002409,15,E1,10,enemy,4,dynamic_4,0.0,-0.0142822265625,0.0142822265625,0.0,0.0,-0.0142822265625
enemy_tracking_failure,2,ep00129_t0014_item002409,15,E1,10,enemy,5,dynamic_5,0.0,-0.005767822265625,0.005767822265625,0.0,0.0,-0.005767822265625
enemy_tracking_failure,2,ep00129_t0014_item002409,15,E1,10,enemy,6,dynamic_6,1.0,0.9677734375,0.0322265625,1.0,0.0,-0.0322265625
enemy_tracking_failure,2,ep00129_t0014_item002409,15,E1,10,enemy,7,dynamic_7,0.0,-0.004322052001953125,0.004322052001953125,0.0,0.0,-0.004322052001953125
enemy_tracking_failure,2,ep00129_t0014_item002409,15,E1,10,enemy,8,dynamic_8,0.0,0.00984954833984375,0.00984954833984375,0.0,0.0,0.00984954833984375
enemy_tracking_failure,2,ep00129_t0014_item002409,15,E1,10,enemy,9,dynamic_9,0.0,-0.00024890899658203125,0.00024890899658203125,0.0,0.0,-0.00024890899658203125
enemy_tracking_failure,2,ep00129_t0014_item002409,15,E1,10,enemy,10,dynamic_10,0.0,-0.01788330078125,0.01788330078125,0.0,0.0,-0.01788330078125
enemy_tracking_failure,2,ep00129_t0014_item002409,15,E1,10,enemy,11,dynamic_11,0.0,0.01419830322265625,0.01419830322265625,0.0,0.0,0.01419830322265625
enemy_tracking_failure,2,ep00129_t0014_item002409,15,E2,11,enemy,0,hp,1.0,0.90185546875,0.09814453125,1.0,0.0,-0.09814453125
enemy_tracking_failure,2,ep00129_t0014_item002409,15,E2,11,enemy,1,dx,-0.24188318848609924,-0.186279296875,0.05560389161109924,-0.06293275952339172,-0.17895042896270752,-0.12334653735160828
enemy_tracking_failure,2,ep00129_t0014_item002409,15,E2,11,enemy,2,dy,0.10878640413284302,0.027618408203125,0.08116799592971802,0.02088320255279541,0.08790320158004761,0.00673520565032959
enemy_tracking_failure,2,ep00129_t0014_item002409,15,E2,11,enemy,3,dynamic_3,0.0,-0.0248870849609375,0.0248870849609375,0.0,0.0,-0.0248870849609375
enemy_tracking_failure,2,ep00129_t0014_item002409,15,E2,11,enemy,4,dynamic_4,0.0,-0.0204925537109375,0.0204925537109375,0.0,0.0,-0.0204925537109375
enemy_tracking_failure,2,ep00129_t0014_item002409,15,E2,11,enemy,5,dynamic_5,0.0,-0.00748443603515625,0.00748443603515625,0.0,0.0,-0.00748443603515625
enemy_tracking_failure,2,ep00129_t0014_item002409,15,E2,11,enemy,6,dynamic_6,1.0,1.013671875,0.013671875,1.0,0.0,0.013671875
enemy_tracking_failure,2,ep00129_t0014_item002409,15,E2,11,enemy,7,dynamic_7,0.0,-0.0140380859375,0.0140380859375,0.0,0.0,-0.0140380859375
enemy_tracking_failure,2,ep00129_t0014_item002409,15,E2,11,enemy,8,dynamic_8,0.0,0.01432037353515625,0.01432037353515625,0.0,0.0,0.01432037353515625
enemy_tracking_failure,2,ep00129_t0014_item002409,15,E2,11,enemy,9,dynamic_9,0.0,0.00010460615158081055,0.00010460615158081055,0.0,0.0,0.00010460615158081055
enemy_tracking_failure,2,ep00129_t0014_item002409,15,E2,11,enemy,10,dynamic_10,0.0,-0.043701171875,0.043701171875,0.0,0.0,-0.043701171875
enemy_tracking_failure,2,ep00129_t0014_item002409,15,E2,11,enemy,11,dynamic_11,0.0,0.031280517578125,0.031280517578125,0.0,0.0,0.031280517578125
enemy_tracking_failure,2,ep00129_t0014_item002409,15,E3,12,enemy,0,hp,1.0,0.8759765625,0.1240234375,1.0,0.0,-0.1240234375
enemy_tracking_failure,2,ep00129_t0014_item002409,15,E3,12,enemy,1,dx,-0.18069428205490112,-0.132080078125,0.04861420392990112,-0.09913292527198792,-0.08156135678291321,-0.032947152853012085
enemy_tracking_failure,2,ep00129_t0014_item002409,15,E3,12,enemy,2,dy,0.09123945236206055,-0.0179443359375,0.10918378829956055,-0.003938853740692139,0.09517830610275269,-0.014005482196807861
enemy_tracking_failure,2,ep00129_t0014_item002409,15,E3,12,enemy,3,dynamic_3,0.0,-0.0015974044799804688,0.0015974044799804688,0.0,0.0,-0.0015974044799804688
enemy_tracking_failure,2,ep00129_t0014_item002409,15,E3,12,enemy,4,dynamic_4,0.0,-0.023590087890625,0.023590087890625,0.0,0.0,-0.023590087890625
enemy_tracking_failure,2,ep00129_t0014_item002409,15,E3,12,enemy,5,dynamic_5,0.0,-0.004940032958984375,0.004940032958984375,0.0,0.0,-0.004940032958984375
enemy_tracking_failure,2,ep00129_t0014_item002409,15,E3,12,enemy,6,dynamic_6,1.0,1.0419921875,0.0419921875,1.0,0.0,0.0419921875
enemy_tracking_failure,2,ep00129_t0014_item002409,15,E3,12,enemy,7,dynamic_7,0.0,-0.015899658203125,0.015899658203125,0.0,0.0,-0.015899658203125
enemy_tracking_failure,2,ep00129_t0014_item002409,15,E3,12,enemy,8,dynamic_8,0.0,-0.0157470703125,0.0157470703125,0.0,0.0,-0.0157470703125
enemy_tracking_failure,2,ep00129_t0014_item002409,15,E3,12,enemy,9,dynamic_9,0.0,-1.6689300537109375e-05,1.6689300537109375e-05,0.0,0.0,-1.6689300537109375e-05
enemy_tracking_failure,2,ep00129_t0014_item002409,15,E3,12,enemy,10,dynamic_10,0.0,-0.04168701171875,0.04168701171875,0.0,0.0,-0.04168701171875
enemy_tracking_failure,2,ep00129_t0014_item002409,15,E3,12,enemy,11,dynamic_11,0.0,-0.00927734375,0.00927734375,0.0,0.0,-0.00927734375
enemy_tracking_failure,2,ep00129_t0014_item002409,15,E4,13,enemy,0,hp,0.9664999842643738,0.8115234375,0.15497654676437378,0.8080000281333923,0.15849995613098145,0.003523409366607666
enemy_tracking_failure,2,ep00129_t0014_item002409,15,E4,13,enemy,1,dx,-0.1983584463596344,-0.08880615234375,0.1095522940158844,0.014360308647155762,-0.21271875500679016,-0.10316646099090576
enemy_tracking_failure,2,ep00129_t0014_item002409,15,E4,13,enemy,2,dy,0.06069141626358032,0.013397216796875,0.04729419946670532,0.07605153322219849,-0.015360116958618164,-0.06265431642532349
enemy_tracking_failure,2,ep00129_t0014_item002409,15,E4,13,enemy,3,dynamic_3,0.0,-0.004772186279296875,0.004772186279296875,0.0,0.0,-0.004772186279296875
enemy_tracking_failure,2,ep00129_t0014_item002409,15,E4,13,enemy,4,dynamic_4,0.0,-0.0230712890625,0.0230712890625,0.0,0.0,-0.0230712890625
enemy_tracking_failure,2,ep00129_t0014_item002409,15,E4,13,enemy,5,dynamic_5,1.0,0.95556640625,0.04443359375,1.0,0.0,-0.04443359375
enemy_tracking_failure,2,ep00129_t0014_item002409,15,E4,13,enemy,6,dynamic_6,0.0,0.0186920166015625,0.0186920166015625,0.0,0.0,0.0186920166015625
enemy_tracking_failure,2,ep00129_t0014_item002409,15,E4,13,enemy,7,dynamic_7,0.0,-0.00687408447265625,0.00687408447265625,0.0,0.0,-0.00687408447265625
enemy_tracking_failure,2,ep00129_t0014_item002409,15,E4,13,enemy,8,dynamic_8,0.0,-0.012420654296875,0.012420654296875,0.0,0.0,-0.012420654296875
enemy_tracking_failure,2,ep00129_t0014_item002409,15,E4,13,enemy,9,dynamic_9,0.0,-6.74128532409668e-05,6.74128532409668e-05,0.0,0.0,-6.74128532409668e-05
enemy_tracking_failure,2,ep00129_t0014_item002409,15,E4,13,enemy,10,dynamic_10,0.0,0.007190704345703125,0.007190704345703125,0.0,0.0,0.007190704345703125
enemy_tracking_failure,2,ep00129_t0014_item002409,15,E4,13,enemy,11,dynamic_11,0.0,0.032623291015625,0.032623291015625,0.0,0.0,0.032623291015625
enemy_tracking_failure,2,ep00129_t0014_item002409,15,E5,14,enemy,0,hp,0.8665000200271606,0.9580078125,0.09150779247283936,1.0,-0.13349997997283936,-0.0419921875
enemy_tracking_failure,2,ep00129_t0014_item002409,15,E5,14,enemy,1,dx,-0.23250868916511536,-0.069091796875,0.16341689229011536,-0.012390464544296265,-0.2201182246208191,-0.056701332330703735
enemy_tracking_failure,2,ep00129_t0014_item002409,15,E5,14,enemy,2,dy,0.0809369683265686,-0.0159149169921875,0.0968518853187561,0.05505108833312988,0.02588587999343872,-0.07096600532531738
enemy_tracking_failure,2,ep00129_t0014_item002409,15,E5,14,enemy,3,dynamic_3,0.0,0.029571533203125,0.029571533203125,0.0,0.0,0.029571533203125
enemy_tracking_failure,2,ep00129_t0014_item002409,15,E5,14,enemy,4,dynamic_4,0.0,-0.0024051666259765625,0.0024051666259765625,0.0,0.0,-0.0024051666259765625
enemy_tracking_failure,2,ep00129_t0014_item002409,15,E5,14,enemy,5,dynamic_5,1.0,0.95556640625,0.04443359375,1.0,0.0,-0.04443359375
enemy_tracking_failure,2,ep00129_t0014_item002409,15,E5,14,enemy,6,dynamic_6,0.0,-0.00980377197265625,0.00980377197265625,0.0,0.0,-0.00980377197265625
enemy_tracking_failure,2,ep00129_t0014_item002409,15,E5,14,enemy,7,dynamic_7,0.0,-0.00759124755859375,0.00759124755859375,0.0,0.0,-0.00759124755859375
enemy_tracking_failure,2,ep00129_t0014_item002409,15,E5,14,enemy,8,dynamic_8,0.0,-0.00571441650390625,0.00571441650390625,0.0,0.0,-0.00571441650390625
enemy_tracking_failure,2,ep00129_t0014_item002409,15,E5,14,enemy,9,dynamic_9,0.0,0.0001131892204284668,0.0001131892204284668,0.0,0.0,0.0001131892204284668
enemy_tracking_failure,2,ep00129_t0014_item002409,15,E5,14,enemy,10,dynamic_10,0.0,0.025299072265625,0.025299072265625,0.0,0.0,0.025299072265625
enemy_tracking_failure,2,ep00129_t0014_item002409,15,E5,14,enemy,11,dynamic_11,0.0,0.02783203125,0.02783203125,0.0,0.0,0.02783203125
enemy_tracking_failure,2,ep00129_t0014_item002409,15,E6,15,enemy,0,hp,1.0,0.95556640625,0.04443359375,1.0,0.0,-0.04443359375
enemy_tracking_failure,2,ep00129_t0014_item002409,15,E6,15,enemy,1,dx,-0.21670007705688477,-0.138916015625,0.07778406143188477,-0.03481578826904297,-0.1818842887878418,-0.10410022735595703
enemy_tracking_failure,2,ep00129_t0014_item002409,15,E6,15,enemy,2,dy,0.10929340124130249,0.044342041015625,0.06495136022567749,0.03476536273956299,0.0745280385017395,0.009576678276062012
enemy_tracking_failure,2,ep00129_t0014_item002409,15,E6,15,enemy,3,dynamic_3,0.0,0.00220489501953125,0.00220489501953125,0.0,0.0,0.00220489501953125
enemy_tracking_failure,2,ep00129_t0014_item002409,15,E6,15,enemy,4,dynamic_4,0.0,-0.0159454345703125,0.0159454345703125,0.0,0.0,-0.0159454345703125
enemy_tracking_failure,2,ep00129_t0014_item002409,15,E6,15,enemy,5,dynamic_5,0.0,-0.0217742919921875,0.0217742919921875,0.0,0.0,-0.0217742919921875
enemy_tracking_failure,2,ep00129_t0014_item002409,15,E6,15,enemy,6,dynamic_6,1.0,0.98486328125,0.01513671875,1.0,0.0,-0.01513671875
enemy_tracking_failure,2,ep00129_t0014_item002409,15,E6,15,enemy,7,dynamic_7,0.0,-0.0013980865478515625,0.0013980865478515625,0.0,0.0,-0.0013980865478515625
enemy_tracking_failure,2,ep00129_t0014_item002409,15,E6,15,enemy,8,dynamic_8,0.0,-0.01332855224609375,0.01332855224609375,0.0,0.0,-0.01332855224609375
enemy_tracking_failure,2,ep00129_t0014_item002409,15,E6,15,enemy,9,dynamic_9,0.0,0.0001652240753173828,0.0001652240753173828,0.0,0.0,0.0001652240753173828
enemy_tracking_failure,2,ep00129_t0014_item002409,15,E6,15,enemy,10,dynamic_10,0.0,-0.00351715087890625,0.00351715087890625,0.0,0.0,-0.00351715087890625
enemy_tracking_failure,2,ep00129_t0014_item002409,15,E6,15,enemy,11,dynamic_11,0.0,0.01155853271484375,0.01155853271484375,0.0,0.0,0.01155853271484375
presence_lifecycle_failure,1,ep00199_t0094_item004817,1,A0,0,ally,0,hp,0.8080000281333923,0.75146484375,0.056535184383392334,0.8080000281333923,0.0,-0.056535184383392334
presence_lifecycle_failure,1,ep00199_t0094_item004817,1,A0,0,ally,1,cooldown_or_energy,0.0,0.04071044921875,0.04071044921875,0.0,0.0,0.04071044921875
presence_lifecycle_failure,1,ep00199_t0094_item004817,1,A0,0,ally,2,dx,-0.37490642070770264,-0.372314453125,0.0025919675827026367,-0.37490642070770264,0.0,0.0025919675827026367
presence_lifecycle_failure,1,ep00199_t0094_item004817,1,A0,0,ally,3,dy,-0.21210730075836182,-0.2529296875,0.040822386741638184,-0.18649828433990479,-0.02560901641845703,-0.06643140316009521
presence_lifecycle_failure,1,ep00199_t0094_item004817,1,A0,0,ally,4,shield,0.0,-0.058258056640625,0.058258056640625,0.0,0.0,-0.058258056640625
presence_lifecycle_failure,1,ep00199_t0094_item004817,1,A0,0,ally,5,dynamic_5,0.0,0.0090179443359375,0.0090179443359375,0.0,0.0,0.0090179443359375
presence_lifecycle_failure,1,ep00199_t0094_item004817,1,A0,0,ally,6,dynamic_6,1.0,0.99560546875,0.00439453125,1.0,0.0,-0.00439453125
presence_lifecycle_failure,1,ep00199_t0094_item004817,1,A0,0,ally,7,dynamic_7,0.0,0.012481689453125,0.012481689453125,0.0,0.0,0.012481689453125
presence_lifecycle_failure,1,ep00199_t0094_item004817,1,A0,0,ally,8,dynamic_8,0.0,0.0242919921875,0.0242919921875,0.0,0.0,0.0242919921875
presence_lifecycle_failure,1,ep00199_t0094_item004817,1,A0,0,ally,9,dynamic_9,0.0,0.00017201900482177734,0.00017201900482177734,0.0,0.0,0.00017201900482177734
presence_lifecycle_failure,1,ep00199_t0094_item004817,1,A0,0,ally,10,dynamic_10,0.0,-0.035003662109375,0.035003662109375,0.0,0.0,-0.035003662109375
presence_lifecycle_failure,1,ep00199_t0094_item004817,1,A0,0,ally,11,dynamic_11,0.0,-0.0372314453125,0.0372314453125,0.0,0.0,-0.0372314453125
presence_lifecycle_failure,1,ep00199_t0094_item004817,1,A0,0,ally,12,dynamic_12,0.0,-0.007244110107421875,0.007244110107421875,0.0,0.0,-0.007244110107421875
presence_lifecycle_failure,1,ep00199_t0094_item004817,1,A1,1,ally,0,hp,1.0,0.92626953125,0.07373046875,1.0,0.0,-0.07373046875
presence_lifecycle_failure,1,ep00199_t0094_item004817,1,A1,1,ally,1,cooldown_or_energy,0.0,-0.045135498046875,0.045135498046875,0.0,0.0,-0.045135498046875
presence_lifecycle_failure,1,ep00199_t0094_item004817,1,A1,1,ally,2,dx,-0.33520764112472534,-0.34375,0.008542358875274658,-0.38442638516426086,0.04921874403953552,0.040676385164260864
presence_lifecycle_failure,1,ep00199_t0094_item004817,1,A1,1,ally,3,dy,-0.15262725949287415,-0.216552734375,0.06392547488212585,-0.15262725949287415,0.0,-0.06392547488212585
presence_lifecycle_failure,1,ep00199_t0094_item004817,1,A1,1,ally,4,shield,0.0,-0.05010986328125,0.05010986328125,0.0,0.0,-0.05010986328125
presence_lifecycle_failure,1,ep00199_t0094_item004817,1,A1,1,ally,5,dynamic_5,0.0,-0.011444091796875,0.011444091796875,0.0,0.0,-0.011444091796875
presence_lifecycle_failure,1,ep00199_t0094_item004817,1,A1,1,ally,6,dynamic_6,1.0,0.98876953125,0.01123046875,1.0,0.0,-0.01123046875
presence_lifecycle_failure,1,ep00199_t0094_item004817,1,A1,1,ally,7,dynamic_7,0.0,0.096923828125,0.096923828125,0.0,0.0,0.096923828125
presence_lifecycle_failure,1,ep00199_t0094_item004817,1,A1,1,ally,8,dynamic_8,0.0,-0.029754638671875,0.029754638671875,0.0,0.0,-0.029754638671875
presence_lifecycle_failure,1,ep00199_t0094_item004817,1,A1,1,ally,9,dynamic_9,0.0,0.0009479522705078125,0.0009479522705078125,0.0,0.0,0.0009479522705078125
presence_lifecycle_failure,1,ep00199_t0094_item004817,1,A1,1,ally,10,dynamic_10,0.0,0.000942230224609375,0.000942230224609375,0.0,0.0,0.000942230224609375
presence_lifecycle_failure,1,ep00199_t0094_item004817,1,A1,1,ally,11,dynamic_11,0.0,-0.014434814453125,0.014434814453125,0.0,0.0,-0.014434814453125
presence_lifecycle_failure,1,ep00199_t0094_item004817,1,A1,1,ally,12,dynamic_12,0.0,-0.01525115966796875,0.01525115966796875,0.0,0.0,-0.01525115966796875
presence_lifecycle_failure,1,ep00199_t0094_item004817,1,E0,9,enemy,0,hp,1.0,0.9794921875,0.0205078125,1.0,0.0,-0.0205078125
presence_lifecycle_failure,1,ep00199_t0094_item004817,1,E0,9,enemy,1,dx,-0.191281259059906,-0.26513671875,0.073855459690094,-0.191281259059906,0.0,-0.073855459690094
presence_lifecycle_failure,1,ep00199_t0094_item004817,1,E0,9,enemy,2,dy,0.17021876573562622,0.1788330078125,0.00861424207687378,0.17021876573562622,0.0,0.00861424207687378
presence_lifecycle_failure,1,ep00199_t0094_item004817,1,E0,9,enemy,3,dynamic_3,0.0,-0.03033447265625,0.03033447265625,0.0,0.0,-0.03033447265625
presence_lifecycle_failure,1,ep00199_t0094_item004817,1,E0,9,enemy,4,dynamic_4,0.0,-0.0006570816040039062,0.0006570816040039062,0.0,0.0,-0.0006570816040039062
presence_lifecycle_failure,1,ep00199_t0094_item004817,1,E0,9,enemy,5,dynamic_5,0.0,-0.01012420654296875,0.01012420654296875,0.0,0.0,-0.01012420654296875
presence_lifecycle_failure,1,ep00199_t0094_item004817,1,E0,9,enemy,6,dynamic_6,0.0,-0.007965087890625,0.007965087890625,0.0,0.0,-0.007965087890625
presence_lifecycle_failure,1,ep00199_t0094_item004817,1,E0,9,enemy,7,dynamic_7,0.0,0.00820159912109375,0.00820159912109375,0.0,0.0,0.00820159912109375
presence_lifecycle_failure,1,ep00199_t0094_item004817,1,E0,9,enemy,8,dynamic_8,1.0,1.02734375,0.02734375,1.0,0.0,0.02734375
presence_lifecycle_failure,1,ep00199_t0094_item004817,1,E0,9,enemy,9,dynamic_9,0.0,0.0006594657897949219,0.0006594657897949219,0.0,0.0,0.0006594657897949219
presence_lifecycle_failure,1,ep00199_t0094_item004817,1,E0,9,enemy,10,dynamic_10,0.0,0.01483917236328125,0.01483917236328125,0.0,0.0,0.01483917236328125
presence_lifecycle_failure,1,ep00199_t0094_item004817,1,E0,9,enemy,11,dynamic_11,0.0,-0.00957489013671875,0.00957489013671875,0.0,0.0,-0.00957489013671875
presence_lifecycle_failure,1,ep00199_t0094_item004817,1,E3,12,enemy,0,hp,1.0,0.93310546875,0.06689453125,1.0,0.0,-0.06689453125
presence_lifecycle_failure,1,ep00199_t0094_item004817,1,E3,12,enemy,1,dx,-0.35378125309944153,-0.3310546875,0.02272656559944153,-0.35378125309944153,0.0,0.02272656559944153
presence_lifecycle_failure,1,ep00199_t0094_item004817,1,E3,12,enemy,2,dy,0.15850001573562622,0.1522216796875,0.006278336048126221,0.15850001573562622,0.0,-0.006278336048126221
presence_lifecycle_failure,1,ep00199_t0094_item004817,1,E3,12,enemy,3,dynamic_3,0.0,-0.007366180419921875,0.007366180419921875,0.0,0.0,-0.007366180419921875
presence_lifecycle_failure,1,ep00199_t0094_item004817,1,E3,12,enemy,4,dynamic_4,0.0,-0.0020008087158203125,0.0020008087158203125,0.0,0.0,-0.0020008087158203125
presence_lifecycle_failure,1,ep00199_t0094_item004817,1,E3,12,enemy,5,dynamic_5,0.0,0.0192108154296875,0.0192108154296875,0.0,0.0,0.0192108154296875
presence_lifecycle_failure,1,ep00199_t0094_item004817,1,E3,12,enemy,6,dynamic_6,0.0,-0.01313018798828125,0.01313018798828125,0.0,0.0,-0.01313018798828125
presence_lifecycle_failure,1,ep00199_t0094_item004817,1,E3,12,enemy,7,dynamic_7,0.0,0.00542449951171875,0.00542449951171875,0.0,0.0,0.00542449951171875
presence_lifecycle_failure,1,ep00199_t0094_item004817,1,E3,12,enemy,8,dynamic_8,1.0,0.95166015625,0.04833984375,1.0,0.0,-0.04833984375
presence_lifecycle_failure,1,ep00199_t0094_item004817,1,E3,12,enemy,9,dynamic_9,0.0,0.0009765625,0.0009765625,0.0,0.0,0.0009765625
presence_lifecycle_failure,1,ep00199_t0094_item004817,1,E3,12,enemy,10,dynamic_10,0.0,0.0176544189453125,0.0176544189453125,0.0,0.0,0.0176544189453125
presence_lifecycle_failure,1,ep00199_t0094_item004817,1,E3,12,enemy,11,dynamic_11,0.0,0.005054473876953125,0.005054473876953125,0.0,0.0,0.005054473876953125
presence_lifecycle_failure,1,ep00199_t0094_item004817,5,A0,0,ally,0,hp,0.8080000281333923,0.77001953125,0.037980496883392334,0.8080000281333923,0.0,-0.037980496883392334
presence_lifecycle_failure,1,ep00199_t0094_item004817,5,A0,0,ally,1,cooldown_or_energy,0.0,-0.028594970703125,0.028594970703125,0.0,0.0,-0.028594970703125
presence_lifecycle_failure,1,ep00199_t0094_item004817,5,A0,0,ally,2,dx,-0.37490642070770264,-0.369873046875,0.005033373832702637,-0.37490642070770264,0.0,0.005033373832702637
presence_lifecycle_failure,1,ep00199_t0094_item004817,5,A0,0,ally,3,dy,-0.20713767409324646,-0.250732421875,0.04359474778175354,-0.18649828433990479,-0.020639389753341675,-0.06423413753509521
presence_lifecycle_failure,1,ep00199_t0094_item004817,5,A0,0,ally,4,shield,0.0,-0.05841064453125,0.05841064453125,0.0,0.0,-0.05841064453125
presence_lifecycle_failure,1,ep00199_t0094_item004817,5,A0,0,ally,5,dynamic_5,0.0,0.0014314651489257812,0.0014314651489257812,0.0,0.0,0.0014314651489257812
presence_lifecycle_failure,1,ep00199_t0094_item004817,5,A0,0,ally,6,dynamic_6,1.0,0.9716796875,0.0283203125,1.0,0.0,-0.0283203125
presence_lifecycle_failure,1,ep00199_t0094_item004817,5,A0,0,ally,7,dynamic_7,0.0,0.0311431884765625,0.0311431884765625,0.0,0.0,0.0311431884765625
presence_lifecycle_failure,1,ep00199_t0094_item004817,5,A0,0,ally,8,dynamic_8,0.0,0.01238250732421875,0.01238250732421875,0.0,0.0,0.01238250732421875
presence_lifecycle_failure,1,ep00199_t0094_item004817,5,A0,0,ally,9,dynamic_9,0.0,0.00017058849334716797,0.00017058849334716797,0.0,0.0,0.00017058849334716797
presence_lifecycle_failure,1,ep00199_t0094_item004817,5,A0,0,ally,10,dynamic_10,0.0,-0.04052734375,0.04052734375,0.0,0.0,-0.04052734375
presence_lifecycle_failure,1,ep00199_t0094_item004817,5,A0,0,ally,11,dynamic_11,0.0,-0.023406982421875,0.023406982421875,0.0,0.0,-0.023406982421875
presence_lifecycle_failure,1,ep00199_t0094_item004817,5,A0,0,ally,12,dynamic_12,0.0,0.01013946533203125,0.01013946533203125,0.0,0.0,0.01013946533203125
presence_lifecycle_failure,1,ep00199_t0094_item004817,5,A1,1,ally,0,hp,0.5360000133514404,0.81103515625,0.27503514289855957,1.0,-0.46399998664855957,-0.18896484375
presence_lifecycle_failure,1,ep00199_t0094_item004817,5,A1,1,ally,1,cooldown_or_energy,0.0,-0.0596923828125,0.0596923828125,0.0,0.0,-0.0596923828125
presence_lifecycle_failure,1,ep00199_t0094_item004817,5,A1,1,ally,2,dx,-0.33520764112472534,-0.333740234375,0.0014674067497253418,-0.38442638516426086,0.04921874403953552,0.050686150789260864
presence_lifecycle_failure,1,ep00199_t0094_item004817,5,A1,1,ally,3,dy,-0.05418995022773743,-0.1534423828125,0.09925243258476257,-0.15262725949287415,0.09843730926513672,-0.0008151233196258545
presence_lifecycle_failure,1,ep00199_t0094_item004817,5,A1,1,ally,4,shield,0.0,-0.040679931640625,0.040679931640625,0.0,0.0,-0.040679931640625
presence_lifecycle_failure,1,ep00199_t0094_item004817,5,A1,1,ally,5,dynamic_5,0.0,-0.00617218017578125,0.00617218017578125,0.0,0.0,-0.00617218017578125
presence_lifecycle_failure,1,ep00199_t0094_item004817,5,A1,1,ally,6,dynamic_6,1.0,0.97314453125,0.02685546875,1.0,0.0,-0.02685546875
presence_lifecycle_failure,1,ep00199_t0094_item004817,5,A1,1,ally,7,dynamic_7,0.0,0.050567626953125,0.050567626953125,0.0,0.0,0.050567626953125
presence_lifecycle_failure,1,ep00199_t0094_item004817,5,A1,1,ally,8,dynamic_8,0.0,-0.030029296875,0.030029296875,0.0,0.0,-0.030029296875
presence_lifecycle_failure,1,ep00199_t0094_item004817,5,A1,1,ally,9,dynamic_9,0.0,0.0009055137634277344,0.0009055137634277344,0.0,0.0,0.0009055137634277344
presence_lifecycle_failure,1,ep00199_t0094_item004817,5,A1,1,ally,10,dynamic_10,0.0,-0.00153350830078125,0.00153350830078125,0.0,0.0,-0.00153350830078125
presence_lifecycle_failure,1,ep00199_t0094_item004817,5,A1,1,ally,11,dynamic_11,0.0,0.024383544921875,0.024383544921875,0.0,0.0,0.024383544921875
presence_lifecycle_failure,1,ep00199_t0094_item004817,5,A1,1,ally,12,dynamic_12,0.0,-0.00444793701171875,0.00444793701171875,0.0,0.0,-0.00444793701171875
presence_lifecycle_failure,1,ep00199_t0094_item004817,5,E0,9,enemy,0,hp,1.0,0.98095703125,0.01904296875,1.0,0.0,-0.01904296875
presence_lifecycle_failure,1,ep00199_t0094_item004817,5,E0,9,enemy,1,dx,-0.191281259059906,-0.25341796875,0.062136709690093994,-0.191281259059906,0.0,-0.062136709690093994
presence_lifecycle_failure,1,ep00199_t0094_item004817,5,E0,9,enemy,2,dy,0.17021876573562622,0.1807861328125,0.01056736707687378,0.17021876573562622,0.0,0.01056736707687378
presence_lifecycle_failure,1,ep00199_t0094_item004817,5,E0,9,enemy,3,dynamic_3,0.0,-0.0308380126953125,0.0308380126953125,0.0,0.0,-0.0308380126953125
presence_lifecycle_failure,1,ep00199_t0094_item004817,5,E0,9,enemy,4,dynamic_4,0.0,-0.0006055831909179688,0.0006055831909179688,0.0,0.0,-0.0006055831909179688
presence_lifecycle_failure,1,ep00199_t0094_item004817,5,E0,9,enemy,5,dynamic_5,0.0,-0.013153076171875,0.013153076171875,0.0,0.0,-0.013153076171875
presence_lifecycle_failure,1,ep00199_t0094_item004817,5,E0,9,enemy,6,dynamic_6,0.0,-0.008392333984375,0.008392333984375,0.0,0.0,-0.008392333984375
presence_lifecycle_failure,1,ep00199_t0094_item004817,5,E0,9,enemy,7,dynamic_7,0.0,0.007572174072265625,0.007572174072265625,0.0,0.0,0.007572174072265625
presence_lifecycle_failure,1,ep00199_t0094_item004817,5,E0,9,enemy,8,dynamic_8,1.0,1.0205078125,0.0205078125,1.0,0.0,0.0205078125
presence_lifecycle_failure,1,ep00199_t0094_item004817,5,E0,9,enemy,9,dynamic_9,0.0,0.0007104873657226562,0.0007104873657226562,0.0,0.0,0.0007104873657226562
presence_lifecycle_failure,1,ep00199_t0094_item004817,5,E0,9,enemy,10,dynamic_10,0.0,0.009521484375,0.009521484375,0.0,0.0,0.009521484375
presence_lifecycle_failure,1,ep00199_t0094_item004817,5,E0,9,enemy,11,dynamic_11,0.0,0.0002009868621826172,0.0002009868621826172,0.0,0.0,0.0002009868621826172
presence_lifecycle_failure,1,ep00199_t0094_item004817,5,E3,12,enemy,0,hp,1.0,0.93798828125,0.06201171875,1.0,0.0,-0.06201171875
presence_lifecycle_failure,1,ep00199_t0094_item004817,5,E3,12,enemy,1,dx,-0.35378125309944153,-0.264404296875,0.08937695622444153,-0.35378125309944153,0.0,0.08937695622444153
presence_lifecycle_failure,1,ep00199_t0094_item004817,5,E3,12,enemy,2,dy,0.15850001573562622,0.1419677734375,0.01653224229812622,0.15850001573562622,0.0,-0.01653224229812622
presence_lifecycle_failure,1,ep00199_t0094_item004817,5,E3,12,enemy,3,dynamic_3,0.0,-0.023468017578125,0.023468017578125,0.0,0.0,-0.023468017578125
presence_lifecycle_failure,1,ep00199_t0094_item004817,5,E3,12,enemy,4,dynamic_4,0.0,-0.01236724853515625,0.01236724853515625,0.0,0.0,-0.01236724853515625
presence_lifecycle_failure,1,ep00199_t0094_item004817,5,E3,12,enemy,5,dynamic_5,0.0,0.005519866943359375,0.005519866943359375,0.0,0.0,0.005519866943359375
presence_lifecycle_failure,1,ep00199_t0094_item004817,5,E3,12,enemy,6,dynamic_6,0.0,-0.006988525390625,0.006988525390625,0.0,0.0,-0.006988525390625
presence_lifecycle_failure,1,ep00199_t0094_item004817,5,E3,12,enemy,7,dynamic_7,0.0,0.00725555419921875,0.00725555419921875,0.0,0.0,0.00725555419921875
presence_lifecycle_failure,1,ep00199_t0094_item004817,5,E3,12,enemy,8,dynamic_8,1.0,0.95361328125,0.04638671875,1.0,0.0,-0.04638671875
presence_lifecycle_failure,1,ep00199_t0094_item004817,5,E3,12,enemy,9,dynamic_9,0.0,0.0008563995361328125,0.0008563995361328125,0.0,0.0,0.0008563995361328125
presence_lifecycle_failure,1,ep00199_t0094_item004817,5,E3,12,enemy,10,dynamic_10,0.0,0.004550933837890625,0.004550933837890625,0.0,0.0,0.004550933837890625
presence_lifecycle_failure,1,ep00199_t0094_item004817,5,E3,12,enemy,11,dynamic_11,0.0,0.0220794677734375,0.0220794677734375,0.0,0.0,0.0220794677734375
presence_lifecycle_failure,1,ep00199_t0094_item004817,15,A0,0,ally,0,hp,0.8080000281333923,0.6533203125,0.15467971563339233,0.8080000281333923,0.0,-0.15467971563339233
presence_lifecycle_failure,1,ep00199_t0094_item004817,15,A0,0,ally,1,cooldown_or_energy,0.0,-0.0258026123046875,0.0258026123046875,0.0,0.0,-0.0258026123046875
presence_lifecycle_failure,1,ep00199_t0094_item004817,15,A0,0,ally,2,dx,-0.3256876468658447,-0.370361328125,0.04467368125915527,-0.37490642070770264,0.04921877384185791,0.004545092582702637
presence_lifecycle_failure,1,ep00199_t0094_item004817,15,A0,0,ally,3,dy,-0.14582723379135132,-0.181640625,0.03581339120864868,-0.18649828433990479,0.04067105054855347,0.004857659339904785
presence_lifecycle_failure,1,ep00199_t0094_item004817,15,A0,0,ally,4,shield,0.0,-0.0745849609375,0.0745849609375,0.0,0.0,-0.0745849609375
presence_lifecycle_failure,1,ep00199_t0094_item004817,15,A0,0,ally,5,dynamic_5,0.0,-0.0017299652099609375,0.0017299652099609375,0.0,0.0,-0.0017299652099609375
presence_lifecycle_failure,1,ep00199_t0094_item004817,15,A0,0,ally,6,dynamic_6,1.0,0.95947265625,0.04052734375,1.0,0.0,-0.04052734375
presence_lifecycle_failure,1,ep00199_t0094_item004817,15,A0,0,ally,7,dynamic_7,0.0,0.05096435546875,0.05096435546875,0.0,0.0,0.05096435546875
presence_lifecycle_failure,1,ep00199_t0094_item004817,15,A0,0,ally,8,dynamic_8,0.0,0.0098114013671875,0.0098114013671875,0.0,0.0,0.0098114013671875
presence_lifecycle_failure,1,ep00199_t0094_item004817,15,A0,0,ally,9,dynamic_9,0.0,-1.0609626770019531e-05,1.0609626770019531e-05,0.0,0.0,-1.0609626770019531e-05
presence_lifecycle_failure,1,ep00199_t0094_item004817,15,A0,0,ally,10,dynamic_10,0.0,-0.024139404296875,0.024139404296875,0.0,0.0,-0.024139404296875
presence_lifecycle_failure,1,ep00199_t0094_item004817,15,A0,0,ally,11,dynamic_11,0.0,-0.02374267578125,0.02374267578125,0.0,0.0,-0.02374267578125
presence_lifecycle_failure,1,ep00199_t0094_item004817,15,A0,0,ally,12,dynamic_12,0.0,0.00048089027404785156,0.00048089027404785156,0.0,0.0,0.00048089027404785156
presence_lifecycle_failure,1,ep00199_t0094_item004817,15,E0,9,enemy,0,hp,1.0,0.98046875,0.01953125,1.0,0.0,-0.01953125
presence_lifecycle_failure,1,ep00199_t0094_item004817,15,E0,9,enemy,1,dx,-0.191281259059906,-0.245849609375,0.054568350315093994,-0.191281259059906,0.0,-0.054568350315093994
presence_lifecycle_failure,1,ep00199_t0094_item004817,15,E0,9,enemy,2,dy,0.17021876573562622,0.1790771484375,0.00885838270187378,0.17021876573562622,0.0,0.00885838270187378
presence_lifecycle_failure,1,ep00199_t0094_item004817,15,E0,9,enemy,3,dynamic_3,0.0,-0.027435302734375,0.027435302734375,0.0,0.0,-0.027435302734375
presence_lifecycle_failure,1,ep00199_t0094_item004817,15,E0,9,enemy,4,dynamic_4,0.0,-0.0008955001831054688,0.0008955001831054688,0.0,0.0,-0.0008955001831054688
presence_lifecycle_failure,1,ep00199_t0094_item004817,15,E0,9,enemy,5,dynamic_5,0.0,-0.01500701904296875,0.01500701904296875,0.0,0.0,-0.01500701904296875
presence_lifecycle_failure,1,ep00199_t0094_item004817,15,E0,9,enemy,6,dynamic_6,0.0,-0.007415771484375,0.007415771484375,0.0,0.0,-0.007415771484375
presence_lifecycle_failure,1,ep00199_t0094_item004817,15,E0,9,enemy,7,dynamic_7,0.0,0.00865936279296875,0.00865936279296875,0.0,0.0,0.00865936279296875
presence_lifecycle_failure,1,ep00199_t0094_item004817,15,E0,9,enemy,8,dynamic_8,1.0,1.0146484375,0.0146484375,1.0,0.0,0.0146484375
presence_lifecycle_failure,1,ep00199_t0094_item004817,15,E0,9,enemy,9,dynamic_9,0.0,0.0007205009460449219,0.0007205009460449219,0.0,0.0,0.0007205009460449219
presence_lifecycle_failure,1,ep00199_t0094_item004817,15,E0,9,enemy,10,dynamic_10,0.0,0.01029205322265625,0.01029205322265625,0.0,0.0,0.01029205322265625
presence_lifecycle_failure,1,ep00199_t0094_item004817,15,E0,9,enemy,11,dynamic_11,0.0,0.002704620361328125,0.002704620361328125,0.0,0.0,0.002704620361328125
presence_lifecycle_failure,1,ep00199_t0094_item004817,15,E3,12,enemy,0,hp,1.0,0.92236328125,0.07763671875,1.0,0.0,-0.07763671875
presence_lifecycle_failure,1,ep00199_t0094_item004817,15,E3,12,enemy,1,dx,-0.35378125309944153,-0.261474609375,0.09230664372444153,-0.35378125309944153,0.0,0.09230664372444153
presence_lifecycle_failure,1,ep00199_t0094_item004817,15,E3,12,enemy,2,dy,0.15850001573562622,0.1419677734375,0.01653224229812622,0.15850001573562622,0.0,-0.01653224229812622
presence_lifecycle_failure,1,ep00199_t0094_item004817,15,E3,12,enemy,3,dynamic_3,0.0,-0.0161895751953125,0.0161895751953125,0.0,0.0,-0.0161895751953125
presence_lifecycle_failure,1,ep00199_t0094_item004817,15,E3,12,enemy,4,dynamic_4,0.0,-0.01053619384765625,0.01053619384765625,0.0,0.0,-0.01053619384765625
presence_lifecycle_failure,1,ep00199_t0094_item004817,15,E3,12,enemy,5,dynamic_5,0.0,0.001461029052734375,0.001461029052734375,0.0,0.0,0.001461029052734375
presence_lifecycle_failure,1,ep00199_t0094_item004817,15,E3,12,enemy,6,dynamic_6,0.0,-0.0038127899169921875,0.0038127899169921875,0.0,0.0,-0.0038127899169921875
presence_lifecycle_failure,1,ep00199_t0094_item004817,15,E3,12,enemy,7,dynamic_7,0.0,0.00412750244140625,0.00412750244140625,0.0,0.0,0.00412750244140625
presence_lifecycle_failure,1,ep00199_t0094_item004817,15,E3,12,enemy,8,dynamic_8,1.0,0.95068359375,0.04931640625,1.0,0.0,-0.04931640625
presence_lifecycle_failure,1,ep00199_t0094_item004817,15,E3,12,enemy,9,dynamic_9,0.0,0.000850677490234375,0.000850677490234375,0.0,0.0,0.000850677490234375
presence_lifecycle_failure,1,ep00199_t0094_item004817,15,E3,12,enemy,10,dynamic_10,0.0,0.003978729248046875,0.003978729248046875,0.0,0.0,0.003978729248046875
presence_lifecycle_failure,1,ep00199_t0094_item004817,15,E3,12,enemy,11,dynamic_11,0.0,0.0260772705078125,0.0260772705078125,0.0,0.0,0.0260772705078125
copying_dynamic_change,1,ep00199_t0082_item004817,1,A0,0,ally,0,hp,0.8080000281333923,0.72216796875,0.08583205938339233,0.8080000281333923,0.0,-0.08583205938339233
copying_dynamic_change,1,ep00199_t0082_item004817,1,A0,0,ally,1,cooldown_or_energy,0.0,0.0116729736328125,0.0116729736328125,0.0,0.0,0.0116729736328125
copying_dynamic_change,1,ep00199_t0082_item004817,1,A0,0,ally,2,dx,-0.12881281971931458,-0.11541748046875,0.013395339250564575,-0.12881281971931458,0.0,0.013395339250564575
copying_dynamic_change,1,ep00199_t0082_item004817,1,A0,0,ally,3,dy,-0.14416387677192688,-0.2003173828125,0.05615350604057312,-0.14416387677192688,0.0,-0.05615350604057312
copying_dynamic_change,1,ep00199_t0082_item004817,1,A0,0,ally,4,shield,0.0,-0.059783935546875,0.059783935546875,0.0,0.0,-0.059783935546875
copying_dynamic_change,1,ep00199_t0082_item004817,1,A0,0,ally,5,dynamic_5,0.0,0.0165557861328125,0.0165557861328125,0.0,0.0,0.0165557861328125
copying_dynamic_change,1,ep00199_t0082_item004817,1,A0,0,ally,6,dynamic_6,1.0,1.0263671875,0.0263671875,1.0,0.0,0.0263671875
copying_dynamic_change,1,ep00199_t0082_item004817,1,A0,0,ally,7,dynamic_7,0.0,0.006023406982421875,0.006023406982421875,0.0,0.0,0.006023406982421875
copying_dynamic_change,1,ep00199_t0082_item004817,1,A0,0,ally,8,dynamic_8,0.0,0.0274810791015625,0.0274810791015625,0.0,0.0,0.0274810791015625
copying_dynamic_change,1,ep00199_t0082_item004817,1,A0,0,ally,9,dynamic_9,0.0,0.00011241436004638672,0.00011241436004638672,0.0,0.0,0.00011241436004638672
copying_dynamic_change,1,ep00199_t0082_item004817,1,A0,0,ally,10,dynamic_10,0.0,-0.023040771484375,0.023040771484375,0.0,0.0,-0.023040771484375
copying_dynamic_change,1,ep00199_t0082_item004817,1,A0,0,ally,11,dynamic_11,0.0,-0.040496826171875,0.040496826171875,0.0,0.0,-0.040496826171875
copying_dynamic_change,1,ep00199_t0082_item004817,1,A0,0,ally,12,dynamic_12,0.0,-0.0096893310546875,0.0096893310546875,0.0,0.0,-0.0096893310546875
copying_dynamic_change,1,ep00199_t0082_item004817,1,A1,1,ally,0,hp,1.0,0.9482421875,0.0517578125,1.0,0.0,-0.0517578125
copying_dynamic_change,1,ep00199_t0082_item004817,1,A1,1,ally,1,cooldown_or_energy,0.0,-0.08209228515625,0.08209228515625,0.0,0.0,-0.08209228515625
copying_dynamic_change,1,ep00199_t0082_item004817,1,A1,1,ally,2,dx,-0.3961274027824402,-0.41259765625,0.016470253467559814,-0.3961274027824402,0.0,-0.016470253467559814
copying_dynamic_change,1,ep00199_t0082_item004817,1,A1,1,ally,3,dy,-0.22977766394615173,-0.27978515625,0.05000749230384827,-0.21611085534095764,-0.013666808605194092,-0.06367430090904236
copying_dynamic_change,1,ep00199_t0082_item004817,1,A1,1,ally,4,shield,0.0,-0.055938720703125,0.055938720703125,0.0,0.0,-0.055938720703125
copying_dynamic_change,1,ep00199_t0082_item004817,1,A1,1,ally,5,dynamic_5,0.0,-0.01593017578125,0.01593017578125,0.0,0.0,-0.01593017578125
copying_dynamic_change,1,ep00199_t0082_item004817,1,A1,1,ally,6,dynamic_6,1.0,0.9794921875,0.0205078125,1.0,0.0,-0.0205078125
copying_dynamic_change,1,ep00199_t0082_item004817,1,A1,1,ally,7,dynamic_7,0.0,0.1392822265625,0.1392822265625,0.0,0.0,0.1392822265625
copying_dynamic_change,1,ep00199_t0082_item004817,1,A1,1,ally,8,dynamic_8,0.0,-0.024322509765625,0.024322509765625,0.0,0.0,-0.024322509765625
copying_dynamic_change,1,ep00199_t0082_item004817,1,A1,1,ally,9,dynamic_9,0.0,0.0009250640869140625,0.0009250640869140625,0.0,0.0,0.0009250640869140625
copying_dynamic_change,1,ep00199_t0082_item004817,1,A1,1,ally,10,dynamic_10,0.0,-0.01556396484375,0.01556396484375,0.0,0.0,-0.01556396484375
copying_dynamic_change,1,ep00199_t0082_item004817,1,A1,1,ally,11,dynamic_11,0.0,-0.0239105224609375,0.0239105224609375,0.0,0.0,-0.0239105224609375
copying_dynamic_change,1,ep00199_t0082_item004817,1,A1,1,ally,12,dynamic_12,0.0,-0.0297088623046875,0.0297088623046875,0.0,0.0,-0.0297088623046875
copying_dynamic_change,1,ep00199_t0082_item004817,1,E0,9,enemy,0,hp,1.0,0.97314453125,0.02685546875,1.0,0.0,-0.02685546875
copying_dynamic_change,1,ep00199_t0082_item004817,1,E0,9,enemy,1,dx,-0.191281259059906,-0.266357421875,0.075076162815094,-0.191281259059906,0.0,-0.075076162815094
copying_dynamic_change,1,ep00199_t0082_item004817,1,E0,9,enemy,2,dy,0.17021876573562622,0.1810302734375,0.01081150770187378,0.17021876573562622,0.0,0.01081150770187378
copying_dynamic_change,1,ep00199_t0082_item004817,1,E0,9,enemy,3,dynamic_3,0.0,-0.0309600830078125,0.0309600830078125,0.0,0.0,-0.0309600830078125
copying_dynamic_change,1,ep00199_t0082_item004817,1,E0,9,enemy,4,dynamic_4,0.0,-6.669759750366211e-05,6.669759750366211e-05,0.0,0.0,-6.669759750366211e-05
copying_dynamic_change,1,ep00199_t0082_item004817,1,E0,9,enemy,5,dynamic_5,0.0,-0.0078125,0.0078125,0.0,0.0,-0.0078125
copying_dynamic_change,1,ep00199_t0082_item004817,1,E0,9,enemy,6,dynamic_6,0.0,-0.00984954833984375,0.00984954833984375,0.0,0.0,-0.00984954833984375
copying_dynamic_change,1,ep00199_t0082_item004817,1,E0,9,enemy,7,dynamic_7,0.0,0.007244110107421875,0.007244110107421875,0.0,0.0,0.007244110107421875
copying_dynamic_change,1,ep00199_t0082_item004817,1,E0,9,enemy,8,dynamic_8,1.0,1.0283203125,0.0283203125,1.0,0.0,0.0283203125
copying_dynamic_change,1,ep00199_t0082_item004817,1,E0,9,enemy,9,dynamic_9,0.0,0.000675201416015625,0.000675201416015625,0.0,0.0,0.000675201416015625
copying_dynamic_change,1,ep00199_t0082_item004817,1,E0,9,enemy,10,dynamic_10,0.0,0.0163421630859375,0.0163421630859375,0.0,0.0,0.0163421630859375
copying_dynamic_change,1,ep00199_t0082_item004817,1,E0,9,enemy,11,dynamic_11,0.0,-0.009552001953125,0.009552001953125,0.0,0.0,-0.009552001953125
copying_dynamic_change,1,ep00199_t0082_item004817,1,E3,12,enemy,0,hp,1.0,0.92724609375,0.07275390625,1.0,0.0,-0.07275390625
copying_dynamic_change,1,ep00199_t0082_item004817,1,E3,12,enemy,1,dx,-0.35378125309944153,-0.32666015625,0.02712109684944153,-0.35378125309944153,0.0,0.02712109684944153
copying_dynamic_change,1,ep00199_t0082_item004817,1,E3,12,enemy,2,dy,0.15850001573562622,0.15625,0.0022500157356262207,0.15850001573562622,0.0,-0.0022500157356262207
copying_dynamic_change,1,ep00199_t0082_item004817,1,E3,12,enemy,3,dynamic_3,0.0,-0.007541656494140625,0.007541656494140625,0.0,0.0,-0.007541656494140625
copying_dynamic_change,1,ep00199_t0082_item004817,1,E3,12,enemy,4,dynamic_4,0.0,-0.002288818359375,0.002288818359375,0.0,0.0,-0.002288818359375
copying_dynamic_change,1,ep00199_t0082_item004817,1,E3,12,enemy,5,dynamic_5,0.0,0.020233154296875,0.020233154296875,0.0,0.0,0.020233154296875
copying_dynamic_change,1,ep00199_t0082_item004817,1,E3,12,enemy,6,dynamic_6,0.0,-0.01548004150390625,0.01548004150390625,0.0,0.0,-0.01548004150390625
copying_dynamic_change,1,ep00199_t0082_item004817,1,E3,12,enemy,7,dynamic_7,0.0,0.0038738250732421875,0.0038738250732421875,0.0,0.0,0.0038738250732421875
copying_dynamic_change,1,ep00199_t0082_item004817,1,E3,12,enemy,8,dynamic_8,1.0,0.95849609375,0.04150390625,1.0,0.0,-0.04150390625
copying_dynamic_change,1,ep00199_t0082_item004817,1,E3,12,enemy,9,dynamic_9,0.0,0.0009870529174804688,0.0009870529174804688,0.0,0.0,0.0009870529174804688
copying_dynamic_change,1,ep00199_t0082_item004817,1,E3,12,enemy,10,dynamic_10,0.0,0.0162200927734375,0.0162200927734375,0.0,0.0,0.0162200927734375
copying_dynamic_change,1,ep00199_t0082_item004817,1,E3,12,enemy,11,dynamic_11,0.0,0.003620147705078125,0.003620147705078125,0.0,0.0,0.003620147705078125
copying_dynamic_change,1,ep00199_t0082_item004817,5,A0,0,ally,0,hp,0.8080000281333923,0.7236328125,0.08436721563339233,0.8080000281333923,0.0,-0.08436721563339233
copying_dynamic_change,1,ep00199_t0082_item004817,5,A0,0,ally,1,cooldown_or_energy,0.0,0.00627899169921875,0.00627899169921875,0.0,0.0,0.00627899169921875
copying_dynamic_change,1,ep00199_t0082_item004817,5,A0,0,ally,2,dx,-0.3256876468658447,-0.250732421875,0.07495522499084473,-0.12881281971931458,-0.19687482714653015,-0.12191960215568542
copying_dynamic_change,1,ep00199_t0082_item004817,5,A0,0,ally,3,dy,-0.14416387677192688,-0.201904296875,0.05774042010307312,-0.14416387677192688,0.0,-0.05774042010307312
copying_dynamic_change,1,ep00199_t0082_item004817,5,A0,0,ally,4,shield,0.0,-0.05548095703125,0.05548095703125,0.0,0.0,-0.05548095703125
copying_dynamic_change,1,ep00199_t0082_item004817,5,A0,0,ally,5,dynamic_5,0.0,0.006259918212890625,0.006259918212890625,0.0,0.0,0.006259918212890625
copying_dynamic_change,1,ep00199_t0082_item004817,5,A0,0,ally,6,dynamic_6,1.0,1.017578125,0.017578125,1.0,0.0,0.017578125
copying_dynamic_change,1,ep00199_t0082_item004817,5,A0,0,ally,7,dynamic_7,0.0,0.00432586669921875,0.00432586669921875,0.0,0.0,0.00432586669921875
copying_dynamic_change,1,ep00199_t0082_item004817,5,A0,0,ally,8,dynamic_8,0.0,0.0093994140625,0.0093994140625,0.0,0.0,0.0093994140625
copying_dynamic_change,1,ep00199_t0082_item004817,5,A0,0,ally,9,dynamic_9,0.0,0.00021898746490478516,0.00021898746490478516,0.0,0.0,0.00021898746490478516
copying_dynamic_change,1,ep00199_t0082_item004817,5,A0,0,ally,10,dynamic_10,0.0,-0.0252227783203125,0.0252227783203125,0.0,0.0,-0.0252227783203125
copying_dynamic_change,1,ep00199_t0082_item004817,5,A0,0,ally,11,dynamic_11,0.0,-0.02374267578125,0.02374267578125,0.0,0.0,-0.02374267578125
copying_dynamic_change,1,ep00199_t0082_item004817,5,A0,0,ally,12,dynamic_12,0.0,-0.00603485107421875,0.00603485107421875,0.0,0.0,-0.00603485107421875
copying_dynamic_change,1,ep00199_t0082_item004817,5,A1,1,ally,0,hp,1.0,0.9296875,0.0703125,1.0,0.0,-0.0703125
copying_dynamic_change,1,ep00199_t0082_item004817,5,A1,1,ally,1,cooldown_or_energy,0.0,-0.09295654296875,0.09295654296875,0.0,0.0,-0.09295654296875
copying_dynamic_change,1,ep00199_t0082_item004817,5,A1,1,ally,2,dx,-0.3961274027824402,-0.375,0.021127402782440186,-0.3961274027824402,0.0,0.021127402782440186
copying_dynamic_change,1,ep00199_t0082_item004817,5,A1,1,ally,3,dy,-0.18055900931358337,-0.2188720703125,0.038313060998916626,-0.21611085534095764,0.03555184602737427,-0.0027612149715423584
copying_dynamic_change,1,ep00199_t0082_item004817,5,A1,1,ally,4,shield,0.0,-0.02728271484375,0.02728271484375,0.0,0.0,-0.02728271484375
copying_dynamic_change,1,ep00199_t0082_item004817,5,A1,1,ally,5,dynamic_5,0.0,-0.01500701904296875,0.01500701904296875,0.0,0.0,-0.01500701904296875
copying_dynamic_change,1,ep00199_t0082_item004817,5,A1,1,ally,6,dynamic_6,1.0,0.9794921875,0.0205078125,1.0,0.0,-0.0205078125
copying_dynamic_change,1,ep00199_t0082_item004817,5,A1,1,ally,7,dynamic_7,0.0,0.06414794921875,0.06414794921875,0.0,0.0,0.06414794921875
copying_dynamic_change,1,ep00199_t0082_item004817,5,A1,1,ally,8,dynamic_8,0.0,-0.0364990234375,0.0364990234375,0.0,0.0,-0.0364990234375
copying_dynamic_change,1,ep00199_t0082_item004817,5,A1,1,ally,9,dynamic_9,0.0,0.0011568069458007812,0.0011568069458007812,0.0,0.0,0.0011568069458007812
copying_dynamic_change,1,ep00199_t0082_item004817,5,A1,1,ally,10,dynamic_10,0.0,-0.0018930435180664062,0.0018930435180664062,0.0,0.0,-0.0018930435180664062
copying_dynamic_change,1,ep00199_t0082_item004817,5,A1,1,ally,11,dynamic_11,0.0,0.018646240234375,0.018646240234375,0.0,0.0,0.018646240234375
copying_dynamic_change,1,ep00199_t0082_item004817,5,A1,1,ally,12,dynamic_12,0.0,0.005809783935546875,0.005809783935546875,0.0,0.0,0.005809783935546875
copying_dynamic_change,1,ep00199_t0082_item004817,5,E0,9,enemy,0,hp,1.0,0.97607421875,0.02392578125,1.0,0.0,-0.02392578125
copying_dynamic_change,1,ep00199_t0082_item004817,5,E0,9,enemy,1,dx,-0.191281259059906,-0.254150390625,0.062869131565094,-0.191281259059906,0.0,-0.062869131565094
copying_dynamic_change,1,ep00199_t0082_item004817,5,E0,9,enemy,2,dy,0.17021876573562622,0.170654296875,0.0004355311393737793,0.17021876573562622,0.0,0.0004355311393737793
copying_dynamic_change,1,ep00199_t0082_item004817,5,E0,9,enemy,3,dynamic_3,0.0,-0.032318115234375,0.032318115234375,0.0,0.0,-0.032318115234375
copying_dynamic_change,1,ep00199_t0082_item004817,5,E0,9,enemy,4,dynamic_4,0.0,0.0003714561462402344,0.0003714561462402344,0.0,0.0,0.0003714561462402344
copying_dynamic_change,1,ep00199_t0082_item004817,5,E0,9,enemy,5,dynamic_5,0.0,-0.00655364990234375,0.00655364990234375,0.0,0.0,-0.00655364990234375
copying_dynamic_change,1,ep00199_t0082_item004817,5,E0,9,enemy,6,dynamic_6,0.0,-0.01168060302734375,0.01168060302734375,0.0,0.0,-0.01168060302734375
copying_dynamic_change,1,ep00199_t0082_item004817,5,E0,9,enemy,7,dynamic_7,0.0,0.005413055419921875,0.005413055419921875,0.0,0.0,0.005413055419921875
copying_dynamic_change,1,ep00199_t0082_item004817,5,E0,9,enemy,8,dynamic_8,1.0,1.015625,0.015625,1.0,0.0,0.015625
copying_dynamic_change,1,ep00199_t0082_item004817,5,E0,9,enemy,9,dynamic_9,0.0,0.000789642333984375,0.000789642333984375,0.0,0.0,0.000789642333984375
copying_dynamic_change,1,ep00199_t0082_item004817,5,E0,9,enemy,10,dynamic_10,0.0,0.01155853271484375,0.01155853271484375,0.0,0.0,0.01155853271484375
copying_dynamic_change,1,ep00199_t0082_item004817,5,E0,9,enemy,11,dynamic_11,0.0,0.0012798309326171875,0.0012798309326171875,0.0,0.0,0.0012798309326171875
copying_dynamic_change,1,ep00199_t0082_item004817,5,E3,12,enemy,0,hp,1.0,0.9306640625,0.0693359375,1.0,0.0,-0.0693359375
copying_dynamic_change,1,ep00199_t0082_item004817,5,E3,12,enemy,1,dx,-0.35378125309944153,-0.26123046875,0.09255078434944153,-0.35378125309944153,0.0,0.09255078434944153
copying_dynamic_change,1,ep00199_t0082_item004817,5,E3,12,enemy,2,dy,0.15850001573562622,0.132080078125,0.02641993761062622,0.15850001573562622,0.0,-0.02641993761062622
copying_dynamic_change,1,ep00199_t0082_item004817,5,E3,12,enemy,3,dynamic_3,0.0,-0.0236968994140625,0.0236968994140625,0.0,0.0,-0.0236968994140625
copying_dynamic_change,1,ep00199_t0082_item004817,5,E3,12,enemy,4,dynamic_4,0.0,-0.01107025146484375,0.01107025146484375,0.0,0.0,-0.01107025146484375
copying_dynamic_change,1,ep00199_t0082_item004817,5,E3,12,enemy,5,dynamic_5,0.0,0.01221466064453125,0.01221466064453125,0.0,0.0,0.01221466064453125
copying_dynamic_change,1,ep00199_t0082_item004817,5,E3,12,enemy,6,dynamic_6,0.0,-0.00867462158203125,0.00867462158203125,0.0,0.0,-0.00867462158203125
copying_dynamic_change,1,ep00199_t0082_item004817,5,E3,12,enemy,7,dynamic_7,0.0,0.0015163421630859375,0.0015163421630859375,0.0,0.0,0.0015163421630859375
copying_dynamic_change,1,ep00199_t0082_item004817,5,E3,12,enemy,8,dynamic_8,1.0,0.9453125,0.0546875,1.0,0.0,-0.0546875
copying_dynamic_change,1,ep00199_t0082_item004817,5,E3,12,enemy,9,dynamic_9,0.0,0.0008993148803710938,0.0008993148803710938,0.0,0.0,0.0008993148803710938
copying_dynamic_change,1,ep00199_t0082_item004817,5,E3,12,enemy,10,dynamic_10,0.0,0.007610321044921875,0.007610321044921875,0.0,0.0,0.007610321044921875
copying_dynamic_change,1,ep00199_t0082_item004817,5,E3,12,enemy,11,dynamic_11,0.0,0.0240631103515625,0.0240631103515625,0.0,0.0,0.0240631103515625
copying_dynamic_change,1,ep00199_t0082_item004817,15,A0,0,ally,0,hp,0.8080000281333923,0.66845703125,0.13954299688339233,0.8080000281333923,0.0,-0.13954299688339233
copying_dynamic_change,1,ep00199_t0082_item004817,15,A0,0,ally,1,cooldown_or_energy,0.0,-0.00031447410583496094,0.00031447410583496094,0.0,0.0,-0.00031447410583496094
copying_dynamic_change,1,ep00199_t0082_item004817,15,A0,0,ally,2,dx,-0.37490642070770264,-0.2080078125,0.16689860820770264,-0.12881281971931458,-0.24609360098838806,-0.07919499278068542
copying_dynamic_change,1,ep00199_t0082_item004817,15,A0,0,ally,3,dy,-0.1781700849533081,-0.1781005859375,6.949901580810547e-05,-0.14416387677192688,-0.034006208181381226,-0.03393670916557312
copying_dynamic_change,1,ep00199_t0082_item004817,15,A0,0,ally,4,shield,0.0,-0.0653076171875,0.0653076171875,0.0,0.0,-0.0653076171875
copying_dynamic_change,1,ep00199_t0082_item004817,15,A0,0,ally,5,dynamic_5,0.0,0.0082244873046875,0.0082244873046875,0.0,0.0,0.0082244873046875
copying_dynamic_change,1,ep00199_t0082_item004817,15,A0,0,ally,6,dynamic_6,1.0,1.0048828125,0.0048828125,1.0,0.0,0.0048828125
copying_dynamic_change,1,ep00199_t0082_item004817,15,A0,0,ally,7,dynamic_7,0.0,0.029937744140625,0.029937744140625,0.0,0.0,0.029937744140625
copying_dynamic_change,1,ep00199_t0082_item004817,15,A0,0,ally,8,dynamic_8,0.0,0.008026123046875,0.008026123046875,0.0,0.0,0.008026123046875
copying_dynamic_change,1,ep00199_t0082_item004817,15,A0,0,ally,9,dynamic_9,0.0,0.00010383129119873047,0.00010383129119873047,0.0,0.0,0.00010383129119873047
copying_dynamic_change,1,ep00199_t0082_item004817,15,A0,0,ally,10,dynamic_10,0.0,-0.024078369140625,0.024078369140625,0.0,0.0,-0.024078369140625
copying_dynamic_change,1,ep00199_t0082_item004817,15,A0,0,ally,11,dynamic_11,0.0,-0.034393310546875,0.034393310546875,0.0,0.0,-0.034393310546875
copying_dynamic_change,1,ep00199_t0082_item004817,15,A0,0,ally,12,dynamic_12,0.0,-0.0007462501525878906,0.0007462501525878906,0.0,0.0,-0.0007462501525878906
copying_dynamic_change,1,ep00199_t0082_item004817,15,A1,1,ally,0,hp,1.0,0.8564453125,0.1435546875,1.0,0.0,-0.1435546875
copying_dynamic_change,1,ep00199_t0082_item004817,15,A1,1,ally,1,cooldown_or_energy,0.0,-0.08038330078125,0.08038330078125,0.0,0.0,-0.08038330078125
copying_dynamic_change,1,ep00199_t0082_item004817,15,A1,1,ally,2,dx,-0.28598886728286743,-0.2274169921875,0.05857187509536743,-0.3961274027824402,0.11013853549957275,0.16871041059494019
copying_dynamic_change,1,ep00199_t0082_item004817,15,A1,1,ally,3,dy,-0.10340860486030579,-0.175048828125,0.07164022326469421,-0.21611085534095764,0.11270225048065186,0.04106202721595764
copying_dynamic_change,1,ep00199_t0082_item004817,15,A1,1,ally,4,shield,0.0,-0.033111572265625,0.033111572265625,0.0,0.0,-0.033111572265625
copying_dynamic_change,1,ep00199_t0082_item004817,15,A1,1,ally,5,dynamic_5,0.0,0.0003323554992675781,0.0003323554992675781,0.0,0.0,0.0003323554992675781
copying_dynamic_change,1,ep00199_t0082_item004817,15,A1,1,ally,6,dynamic_6,1.0,0.96826171875,0.03173828125,1.0,0.0,-0.03173828125
copying_dynamic_change,1,ep00199_t0082_item004817,15,A1,1,ally,7,dynamic_7,0.0,0.0751953125,0.0751953125,0.0,0.0,0.0751953125
copying_dynamic_change,1,ep00199_t0082_item004817,15,A1,1,ally,8,dynamic_8,0.0,-0.0302886962890625,0.0302886962890625,0.0,0.0,-0.0302886962890625
copying_dynamic_change,1,ep00199_t0082_item004817,15,A1,1,ally,9,dynamic_9,0.0,0.000995635986328125,0.000995635986328125,0.0,0.0,0.000995635986328125
copying_dynamic_change,1,ep00199_t0082_item004817,15,A1,1,ally,10,dynamic_10,0.0,-0.00698089599609375,0.00698089599609375,0.0,0.0,-0.00698089599609375
copying_dynamic_change,1,ep00199_t0082_item004817,15,A1,1,ally,11,dynamic_11,0.0,0.0106353759765625,0.0106353759765625,0.0,0.0,0.0106353759765625
copying_dynamic_change,1,ep00199_t0082_item004817,15,A1,1,ally,12,dynamic_12,0.0,-0.006771087646484375,0.006771087646484375,0.0,0.0,-0.006771087646484375
copying_dynamic_change,1,ep00199_t0082_item004817,15,E0,9,enemy,0,hp,1.0,0.97900390625,0.02099609375,1.0,0.0,-0.02099609375
copying_dynamic_change,1,ep00199_t0082_item004817,15,E0,9,enemy,1,dx,-0.191281259059906,-0.239501953125,0.048220694065093994,-0.191281259059906,0.0,-0.048220694065093994
copying_dynamic_change,1,ep00199_t0082_item004817,15,E0,9,enemy,2,dy,0.17021876573562622,0.1658935546875,0.004325211048126221,0.17021876573562622,0.0,-0.004325211048126221
copying_dynamic_change,1,ep00199_t0082_item004817,15,E0,9,enemy,3,dynamic_3,0.0,-0.0284576416015625,0.0284576416015625,0.0,0.0,-0.0284576416015625
copying_dynamic_change,1,ep00199_t0082_item004817,15,E0,9,enemy,4,dynamic_4,0.0,-0.0003001689910888672,0.0003001689910888672,0.0,0.0,-0.0003001689910888672
copying_dynamic_change,1,ep00199_t0082_item004817,15,E0,9,enemy,5,dynamic_5,0.0,-0.01036834716796875,0.01036834716796875,0.0,0.0,-0.01036834716796875
copying_dynamic_change,1,ep00199_t0082_item004817,15,E0,9,enemy,6,dynamic_6,0.0,-0.00983428955078125,0.00983428955078125,0.0,0.0,-0.00983428955078125
copying_dynamic_change,1,ep00199_t0082_item004817,15,E0,9,enemy,7,dynamic_7,0.0,0.006473541259765625,0.006473541259765625,0.0,0.0,0.006473541259765625
copying_dynamic_change,1,ep00199_t0082_item004817,15,E0,9,enemy,8,dynamic_8,1.0,1.0126953125,0.0126953125,1.0,0.0,0.0126953125
copying_dynamic_change,1,ep00199_t0082_item004817,15,E0,9,enemy,9,dynamic_9,0.0,0.0007238388061523438,0.0007238388061523438,0.0,0.0,0.0007238388061523438
copying_dynamic_change,1,ep00199_t0082_item004817,15,E0,9,enemy,10,dynamic_10,0.0,0.0106353759765625,0.0106353759765625,0.0,0.0,0.0106353759765625
copying_dynamic_change,1,ep00199_t0082_item004817,15,E0,9,enemy,11,dynamic_11,0.0,0.0036525726318359375,0.0036525726318359375,0.0,0.0,0.0036525726318359375
copying_dynamic_change,1,ep00199_t0082_item004817,15,E3,12,enemy,0,hp,1.0,0.92138671875,0.07861328125,1.0,0.0,-0.07861328125
copying_dynamic_change,1,ep00199_t0082_item004817,15,E3,12,enemy,1,dx,-0.35378125309944153,-0.2529296875,0.10085156559944153,-0.35378125309944153,0.0,0.10085156559944153
copying_dynamic_change,1,ep00199_t0082_item004817,15,E3,12,enemy,2,dy,0.15850001573562622,0.1348876953125,0.02361232042312622,0.15850001573562622,0.0,-0.02361232042312622
copying_dynamic_change,1,ep00199_t0082_item004817,15,E3,12,enemy,3,dynamic_3,0.0,-0.01485443115234375,0.01485443115234375,0.0,0.0,-0.01485443115234375
copying_dynamic_change,1,ep00199_t0082_item004817,15,E3,12,enemy,4,dynamic_4,0.0,-0.009613037109375,0.009613037109375,0.0,0.0,-0.009613037109375
copying_dynamic_change,1,ep00199_t0082_item004817,15,E3,12,enemy,5,dynamic_5,0.0,0.006122589111328125,0.006122589111328125,0.0,0.0,0.006122589111328125
copying_dynamic_change,1,ep00199_t0082_item004817,15,E3,12,enemy,6,dynamic_6,0.0,-0.005847930908203125,0.005847930908203125,0.0,0.0,-0.005847930908203125
copying_dynamic_change,1,ep00199_t0082_item004817,15,E3,12,enemy,7,dynamic_7,0.0,0.00325775146484375,0.00325775146484375,0.0,0.0,0.00325775146484375
copying_dynamic_change,1,ep00199_t0082_item004817,15,E3,12,enemy,8,dynamic_8,1.0,0.94580078125,0.05419921875,1.0,0.0,-0.05419921875
copying_dynamic_change,1,ep00199_t0082_item004817,15,E3,12,enemy,9,dynamic_9,0.0,0.0008306503295898438,0.0008306503295898438,0.0,0.0,0.0008306503295898438
copying_dynamic_change,1,ep00199_t0082_item004817,15,E3,12,enemy,10,dynamic_10,0.0,0.006221771240234375,0.006221771240234375,0.0,0.0,0.006221771240234375
copying_dynamic_change,1,ep00199_t0082_item004817,15,E3,12,enemy,11,dynamic_11,0.0,0.025421142578125,0.025421142578125,0.0,0.0,0.025421142578125
copying_dynamic_change,2,ep00199_t0083_item004817,1,A0,0,ally,0,hp,0.8080000281333923,0.748046875,0.059953153133392334,0.8080000281333923,0.0,-0.059953153133392334
copying_dynamic_change,2,ep00199_t0083_item004817,1,A0,0,ally,1,cooldown_or_energy,0.0,0.0302276611328125,0.0302276611328125,0.0,0.0,0.0302276611328125
copying_dynamic_change,2,ep00199_t0083_item004817,1,A0,0,ally,2,dx,-0.17803147435188293,-0.175048828125,0.0029826462268829346,-0.12881281971931458,-0.04921865463256836,-0.046236008405685425
copying_dynamic_change,2,ep00199_t0083_item004817,1,A0,0,ally,3,dy,-0.14416387677192688,-0.2076416015625,0.06347772479057312,-0.14416387677192688,0.0,-0.06347772479057312
copying_dynamic_change,2,ep00199_t0083_item004817,1,A0,0,ally,4,shield,0.0,-0.0545654296875,0.0545654296875,0.0,0.0,-0.0545654296875
copying_dynamic_change,2,ep00199_t0083_item004817,1,A0,0,ally,5,dynamic_5,0.0,0.01239776611328125,0.01239776611328125,0.0,0.0,0.01239776611328125
copying_dynamic_change,2,ep00199_t0083_item004817,1,A0,0,ally,6,dynamic_6,1.0,1.015625,0.015625,1.0,0.0,0.015625
copying_dynamic_change,2,ep00199_t0083_item004817,1,A0,0,ally,7,dynamic_7,0.0,0.01085662841796875,0.01085662841796875,0.0,0.0,0.01085662841796875
copying_dynamic_change,2,ep00199_t0083_item004817,1,A0,0,ally,8,dynamic_8,0.0,0.0233154296875,0.0233154296875,0.0,0.0,0.0233154296875
copying_dynamic_change,2,ep00199_t0083_item004817,1,A0,0,ally,9,dynamic_9,0.0,0.0001729726791381836,0.0001729726791381836,0.0,0.0,0.0001729726791381836
copying_dynamic_change,2,ep00199_t0083_item004817,1,A0,0,ally,10,dynamic_10,0.0,-0.0184478759765625,0.0184478759765625,0.0,0.0,-0.0184478759765625
copying_dynamic_change,2,ep00199_t0083_item004817,1,A0,0,ally,11,dynamic_11,0.0,-0.043212890625,0.043212890625,0.0,0.0,-0.043212890625
copying_dynamic_change,2,ep00199_t0083_item004817,1,A0,0,ally,12,dynamic_12,0.0,-0.0125732421875,0.0125732421875,0.0,0.0,-0.0125732421875
copying_dynamic_change,2,ep00199_t0083_item004817,1,A1,1,ally,0,hp,1.0,0.935546875,0.064453125,1.0,0.0,-0.064453125
copying_dynamic_change,2,ep00199_t0083_item004817,1,A1,1,ally,1,cooldown_or_energy,0.0,-0.0518798828125,0.0518798828125,0.0,0.0,-0.0518798828125
copying_dynamic_change,2,ep00199_t0083_item004817,1,A1,1,ally,2,dx,-0.3961274027824402,-0.40283203125,0.0067046284675598145,-0.3961274027824402,0.0,-0.0067046284675598145
copying_dynamic_change,2,ep00199_t0083_item004817,1,A1,1,ally,3,dy,-0.18055900931358337,-0.245361328125,0.06480231881141663,-0.22977766394615173,0.04921865463256836,-0.015583664178848267
copying_dynamic_change,2,ep00199_t0083_item004817,1,A1,1,ally,4,shield,0.0,-0.06396484375,0.06396484375,0.0,0.0,-0.06396484375
copying_dynamic_change,2,ep00199_t0083_item004817,1,A1,1,ally,5,dynamic_5,0.0,-0.022613525390625,0.022613525390625,0.0,0.0,-0.022613525390625
copying_dynamic_change,2,ep00199_t0083_item004817,1,A1,1,ally,6,dynamic_6,1.0,0.9833984375,0.0166015625,1.0,0.0,-0.0166015625
copying_dynamic_change,2,ep00199_t0083_item004817,1,A1,1,ally,7,dynamic_7,0.0,0.1343994140625,0.1343994140625,0.0,0.0,0.1343994140625
copying_dynamic_change,2,ep00199_t0083_item004817,1,A1,1,ally,8,dynamic_8,0.0,-0.035675048828125,0.035675048828125,0.0,0.0,-0.035675048828125
copying_dynamic_change,2,ep00199_t0083_item004817,1,A1,1,ally,9,dynamic_9,0.0,0.0009031295776367188,0.0009031295776367188,0.0,0.0,0.0009031295776367188
copying_dynamic_change,2,ep00199_t0083_item004817,1,A1,1,ally,10,dynamic_10,0.0,0.0008459091186523438,0.0008459091186523438,0.0,0.0,0.0008459091186523438
copying_dynamic_change,2,ep00199_t0083_item004817,1,A1,1,ally,11,dynamic_11,0.0,-0.0216064453125,0.0216064453125,0.0,0.0,-0.0216064453125
copying_dynamic_change,2,ep00199_t0083_item004817,1,A1,1,ally,12,dynamic_12,0.0,-0.024139404296875,0.024139404296875,0.0,0.0,-0.024139404296875
copying_dynamic_change,2,ep00199_t0083_item004817,1,E0,9,enemy,0,hp,1.0,0.97509765625,0.02490234375,1.0,0.0,-0.02490234375
copying_dynamic_change,2,ep00199_t0083_item004817,1,E0,9,enemy,1,dx,-0.191281259059906,-0.268310546875,0.077029287815094,-0.191281259059906,0.0,-0.077029287815094
copying_dynamic_change,2,ep00199_t0083_item004817,1,E0,9,enemy,2,dy,0.17021876573562622,0.181884765625,0.01166599988937378,0.17021876573562622,0.0,0.01166599988937378
copying_dynamic_change,2,ep00199_t0083_item004817,1,E0,9,enemy,3,dynamic_3,0.0,-0.03082275390625,0.03082275390625,0.0,0.0,-0.03082275390625
copying_dynamic_change,2,ep00199_t0083_item004817,1,E0,9,enemy,4,dynamic_4,0.0,-0.0003440380096435547,0.0003440380096435547,0.0,0.0,-0.0003440380096435547
copying_dynamic_change,2,ep00199_t0083_item004817,1,E0,9,enemy,5,dynamic_5,0.0,-0.00872039794921875,0.00872039794921875,0.0,0.0,-0.00872039794921875
copying_dynamic_change,2,ep00199_t0083_item004817,1,E0,9,enemy,6,dynamic_6,0.0,-0.00948333740234375,0.00948333740234375,0.0,0.0,-0.00948333740234375
copying_dynamic_change,2,ep00199_t0083_item004817,1,E0,9,enemy,7,dynamic_7,0.0,0.0071868896484375,0.0071868896484375,0.0,0.0,0.0071868896484375
copying_dynamic_change,2,ep00199_t0083_item004817,1,E0,9,enemy,8,dynamic_8,1.0,1.029296875,0.029296875,1.0,0.0,0.029296875
copying_dynamic_change,2,ep00199_t0083_item004817,1,E0,9,enemy,9,dynamic_9,0.0,0.0006761550903320312,0.0006761550903320312,0.0,0.0,0.0006761550903320312
copying_dynamic_change,2,ep00199_t0083_item004817,1,E0,9,enemy,10,dynamic_10,0.0,0.016876220703125,0.016876220703125,0.0,0.0,0.016876220703125
copying_dynamic_change,2,ep00199_t0083_item004817,1,E0,9,enemy,11,dynamic_11,0.0,-0.009368896484375,0.009368896484375,0.0,0.0,-0.009368896484375
copying_dynamic_change,2,ep00199_t0083_item004817,1,E3,12,enemy,0,hp,1.0,0.9306640625,0.0693359375,1.0,0.0,-0.0693359375
copying_dynamic_change,2,ep00199_t0083_item004817,1,E3,12,enemy,1,dx,-0.35378125309944153,-0.330078125,0.02370312809944153,-0.35378125309944153,0.0,0.02370312809944153
copying_dynamic_change,2,ep00199_t0083_item004817,1,E3,12,enemy,2,dy,0.15850001573562622,0.1558837890625,0.0026162266731262207,0.15850001573562622,0.0,-0.0026162266731262207
copying_dynamic_change,2,ep00199_t0083_item004817,1,E3,12,enemy,3,dynamic_3,0.0,-0.00742340087890625,0.00742340087890625,0.0,0.0,-0.00742340087890625
copying_dynamic_change,2,ep00199_t0083_item004817,1,E3,12,enemy,4,dynamic_4,0.0,-0.0017061233520507812,0.0017061233520507812,0.0,0.0,-0.0017061233520507812
copying_dynamic_change,2,ep00199_t0083_item004817,1,E3,12,enemy,5,dynamic_5,0.0,0.020599365234375,0.020599365234375,0.0,0.0,0.020599365234375
copying_dynamic_change,2,ep00199_t0083_item004817,1,E3,12,enemy,6,dynamic_6,0.0,-0.014801025390625,0.014801025390625,0.0,0.0,-0.014801025390625
copying_dynamic_change,2,ep00199_t0083_item004817,1,E3,12,enemy,7,dynamic_7,0.0,0.00444793701171875,0.00444793701171875,0.0,0.0,0.00444793701171875
copying_dynamic_change,2,ep00199_t0083_item004817,1,E3,12,enemy,8,dynamic_8,1.0,0.9580078125,0.0419921875,1.0,0.0,-0.0419921875
copying_dynamic_change,2,ep00199_t0083_item004817,1,E3,12,enemy,9,dynamic_9,0.0,0.000988006591796875,0.000988006591796875,0.0,0.0,0.000988006591796875
copying_dynamic_change,2,ep00199_t0083_item004817,1,E3,12,enemy,10,dynamic_10,0.0,0.016510009765625,0.016510009765625,0.0,0.0,0.016510009765625
copying_dynamic_change,2,ep00199_t0083_item004817,1,E3,12,enemy,11,dynamic_11,0.0,0.0030384063720703125,0.0030384063720703125,0.0,0.0,0.0030384063720703125
copying_dynamic_change,2,ep00199_t0083_item004817,5,A0,0,ally,0,hp,0.8080000281333923,0.71630859375,0.09169143438339233,0.8080000281333923,0.0,-0.09169143438339233
copying_dynamic_change,2,ep00199_t0083_item004817,5,A0,0,ally,1,cooldown_or_energy,0.0,-0.0004911422729492188,0.0004911422729492188,0.0,0.0,-0.0004911422729492188
copying_dynamic_change,2,ep00199_t0083_item004817,5,A0,0,ally,2,dx,-0.2764688730239868,-0.2034912109375,0.07297766208648682,-0.12881281971931458,-0.14765605330467224,-0.07467839121818542
copying_dynamic_change,2,ep00199_t0083_item004817,5,A0,0,ally,3,dy,-0.14416387677192688,-0.2037353515625,0.05957147479057312,-0.14416387677192688,0.0,-0.05957147479057312
copying_dynamic_change,2,ep00199_t0083_item004817,5,A0,0,ally,4,shield,0.0,-0.049774169921875,0.049774169921875,0.0,0.0,-0.049774169921875
copying_dynamic_change,2,ep00199_t0083_item004817,5,A0,0,ally,5,dynamic_5,0.0,0.010345458984375,0.010345458984375,0.0,0.0,0.010345458984375
copying_dynamic_change,2,ep00199_t0083_item004817,5,A0,0,ally,6,dynamic_6,1.0,1.017578125,0.017578125,1.0,0.0,0.017578125
copying_dynamic_change,2,ep00199_t0083_item004817,5,A0,0,ally,7,dynamic_7,0.0,0.0035343170166015625,0.0035343170166015625,0.0,0.0,0.0035343170166015625
copying_dynamic_change,2,ep00199_t0083_item004817,5,A0,0,ally,8,dynamic_8,0.0,0.0084075927734375,0.0084075927734375,0.0,0.0,0.0084075927734375
copying_dynamic_change,2,ep00199_t0083_item004817,5,A0,0,ally,9,dynamic_9,0.0,0.00022292137145996094,0.00022292137145996094,0.0,0.0,0.00022292137145996094
copying_dynamic_change,2,ep00199_t0083_item004817,5,A0,0,ally,10,dynamic_10,0.0,-0.028717041015625,0.028717041015625,0.0,0.0,-0.028717041015625
copying_dynamic_change,2,ep00199_t0083_item004817,5,A0,0,ally,11,dynamic_11,0.0,-0.026214599609375,0.026214599609375,0.0,0.0,-0.026214599609375
copying_dynamic_change,2,ep00199_t0083_item004817,5,A0,0,ally,12,dynamic_12,0.0,0.0012006759643554688,0.0012006759643554688,0.0,0.0,0.0012006759643554688
copying_dynamic_change,2,ep00199_t0083_item004817,5,A1,1,ally,0,hp,1.0,0.92724609375,0.07275390625,1.0,0.0,-0.07275390625
copying_dynamic_change,2,ep00199_t0083_item004817,5,A1,1,ally,1,cooldown_or_energy,0.0,-0.0885009765625,0.0885009765625,0.0,0.0,-0.0885009765625
copying_dynamic_change,2,ep00199_t0083_item004817,5,A1,1,ally,2,dx,-0.3961274027824402,-0.377197265625,0.018930137157440186,-0.3961274027824402,0.0,0.018930137157440186
copying_dynamic_change,2,ep00199_t0083_item004817,5,A1,1,ally,3,dy,-0.2085632085800171,-0.238525390625,0.02996218204498291,-0.22977766394615173,0.021214455366134644,-0.008747726678848267
copying_dynamic_change,2,ep00199_t0083_item004817,5,A1,1,ally,4,shield,0.0,-0.0309295654296875,0.0309295654296875,0.0,0.0,-0.0309295654296875
copying_dynamic_change,2,ep00199_t0083_item004817,5,A1,1,ally,5,dynamic_5,0.0,-0.01221466064453125,0.01221466064453125,0.0,0.0,-0.01221466064453125
copying_dynamic_change,2,ep00199_t0083_item004817,5,A1,1,ally,6,dynamic_6,1.0,0.97021484375,0.02978515625,1.0,0.0,-0.02978515625
copying_dynamic_change,2,ep00199_t0083_item004817,5,A1,1,ally,7,dynamic_7,0.0,0.07598876953125,0.07598876953125,0.0,0.0,0.07598876953125
copying_dynamic_change,2,ep00199_t0083_item004817,5,A1,1,ally,8,dynamic_8,0.0,-0.033447265625,0.033447265625,0.0,0.0,-0.033447265625
copying_dynamic_change,2,ep00199_t0083_item004817,5,A1,1,ally,9,dynamic_9,0.0,0.0011625289916992188,0.0011625289916992188,0.0,0.0,0.0011625289916992188
copying_dynamic_change,2,ep00199_t0083_item004817,5,A1,1,ally,10,dynamic_10,0.0,-0.005588531494140625,0.005588531494140625,0.0,0.0,-0.005588531494140625
copying_dynamic_change,2,ep00199_t0083_item004817,5,A1,1,ally,11,dynamic_11,0.0,0.0142364501953125,0.0142364501953125,0.0,0.0,0.0142364501953125
copying_dynamic_change,2,ep00199_t0083_item004817,5,A1,1,ally,12,dynamic_12,0.0,-0.0014352798461914062,0.0014352798461914062,0.0,0.0,-0.0014352798461914062
copying_dynamic_change,2,ep00199_t0083_item004817,5,E0,9,enemy,0,hp,1.0,0.9794921875,0.0205078125,1.0,0.0,-0.0205078125
copying_dynamic_change,2,ep00199_t0083_item004817,5,E0,9,enemy,1,dx,-0.191281259059906,-0.251708984375,0.060427725315093994,-0.191281259059906,0.0,-0.060427725315093994
copying_dynamic_change,2,ep00199_t0083_item004817,5,E0,9,enemy,2,dy,0.17021876573562622,0.168701171875,0.0015175938606262207,0.17021876573562622,0.0,-0.0015175938606262207
copying_dynamic_change,2,ep00199_t0083_item004817,5,E0,9,enemy,3,dynamic_3,0.0,-0.03192138671875,0.03192138671875,0.0,0.0,-0.03192138671875
copying_dynamic_change,2,ep00199_t0083_item004817,5,E0,9,enemy,4,dynamic_4,0.0,0.00033974647521972656,0.00033974647521972656,0.0,0.0,0.00033974647521972656
copying_dynamic_change,2,ep00199_t0083_item004817,5,E0,9,enemy,5,dynamic_5,0.0,-0.007694244384765625,0.007694244384765625,0.0,0.0,-0.007694244384765625
copying_dynamic_change,2,ep00199_t0083_item004817,5,E0,9,enemy,6,dynamic_6,0.0,-0.01125335693359375,0.01125335693359375,0.0,0.0,-0.01125335693359375
copying_dynamic_change,2,ep00199_t0083_item004817,5,E0,9,enemy,7,dynamic_7,0.0,0.006008148193359375,0.006008148193359375,0.0,0.0,0.006008148193359375
copying_dynamic_change,2,ep00199_t0083_item004817,5,E0,9,enemy,8,dynamic_8,1.0,1.017578125,0.017578125,1.0,0.0,0.017578125
copying_dynamic_change,2,ep00199_t0083_item004817,5,E0,9,enemy,9,dynamic_9,0.0,0.0007796287536621094,0.0007796287536621094,0.0,0.0,0.0007796287536621094
copying_dynamic_change,2,ep00199_t0083_item004817,5,E0,9,enemy,10,dynamic_10,0.0,0.0113983154296875,0.0113983154296875,0.0,0.0,0.0113983154296875
copying_dynamic_change,2,ep00199_t0083_item004817,5,E0,9,enemy,11,dynamic_11,0.0,0.00127410888671875,0.00127410888671875,0.0,0.0,0.00127410888671875
copying_dynamic_change,2,ep00199_t0083_item004817,5,E3,12,enemy,0,hp,1.0,0.93408203125,0.06591796875,1.0,0.0,-0.06591796875
copying_dynamic_change,2,ep00199_t0083_item004817,5,E3,12,enemy,1,dx,-0.35378125309944153,-0.259033203125,0.09474804997444153,-0.35378125309944153,0.0,0.09474804997444153
copying_dynamic_change,2,ep00199_t0083_item004817,5,E3,12,enemy,2,dy,0.15850001573562622,0.133544921875,0.02495509386062622,0.15850001573562622,0.0,-0.02495509386062622
copying_dynamic_change,2,ep00199_t0083_item004817,5,E3,12,enemy,3,dynamic_3,0.0,-0.02484130859375,0.02484130859375,0.0,0.0,-0.02484130859375
copying_dynamic_change,2,ep00199_t0083_item004817,5,E3,12,enemy,4,dynamic_4,0.0,-0.01085662841796875,0.01085662841796875,0.0,0.0,-0.01085662841796875
copying_dynamic_change,2,ep00199_t0083_item004817,5,E3,12,enemy,5,dynamic_5,0.0,0.01097869873046875,0.01097869873046875,0.0,0.0,0.01097869873046875
copying_dynamic_change,2,ep00199_t0083_item004817,5,E3,12,enemy,6,dynamic_6,0.0,-0.010223388671875,0.010223388671875,0.0,0.0,-0.010223388671875
copying_dynamic_change,2,ep00199_t0083_item004817,5,E3,12,enemy,7,dynamic_7,0.0,0.00345611572265625,0.00345611572265625,0.0,0.0,0.00345611572265625
copying_dynamic_change,2,ep00199_t0083_item004817,5,E3,12,enemy,8,dynamic_8,1.0,0.94970703125,0.05029296875,1.0,0.0,-0.05029296875
copying_dynamic_change,2,ep00199_t0083_item004817,5,E3,12,enemy,9,dynamic_9,0.0,0.0008864402770996094,0.0008864402770996094,0.0,0.0,0.0008864402770996094
copying_dynamic_change,2,ep00199_t0083_item004817,5,E3,12,enemy,10,dynamic_10,0.0,0.00545501708984375,0.00545501708984375,0.0,0.0,0.00545501708984375
copying_dynamic_change,2,ep00199_t0083_item004817,5,E3,12,enemy,11,dynamic_11,0.0,0.02362060546875,0.02362060546875,0.0,0.0,0.02362060546875
copying_dynamic_change,2,ep00199_t0083_item004817,15,A0,0,ally,0,hp,0.8080000281333923,0.66650390625,0.14149612188339233,0.8080000281333923,0.0,-0.14149612188339233
copying_dynamic_change,2,ep00199_t0083_item004817,15,A0,0,ally,1,cooldown_or_energy,0.0,-0.032745361328125,0.032745361328125,0.0,0.0,-0.032745361328125
copying_dynamic_change,2,ep00199_t0083_item004817,15,A0,0,ally,2,dx,-0.37490642070770264,-0.23779296875,0.13711345195770264,-0.12881281971931458,-0.24609360098838806,-0.10898014903068542
copying_dynamic_change,2,ep00199_t0083_item004817,15,A0,0,ally,3,dy,-0.1781700849533081,-0.1839599609375,0.0057898759841918945,-0.14416387677192688,-0.034006208181381226,-0.03979608416557312
copying_dynamic_change,2,ep00199_t0083_item004817,15,A0,0,ally,4,shield,0.0,-0.06610107421875,0.06610107421875,0.0,0.0,-0.06610107421875
copying_dynamic_change,2,ep00199_t0083_item004817,15,A0,0,ally,5,dynamic_5,0.0,0.0071868896484375,0.0071868896484375,0.0,0.0,0.0071868896484375
copying_dynamic_change,2,ep00199_t0083_item004817,15,A0,0,ally,6,dynamic_6,1.0,1.005859375,0.005859375,1.0,0.0,0.005859375
copying_dynamic_change,2,ep00199_t0083_item004817,15,A0,0,ally,7,dynamic_7,0.0,0.031951904296875,0.031951904296875,0.0,0.0,0.031951904296875
copying_dynamic_change,2,ep00199_t0083_item004817,15,A0,0,ally,8,dynamic_8,0.0,0.006008148193359375,0.006008148193359375,0.0,0.0,0.006008148193359375
copying_dynamic_change,2,ep00199_t0083_item004817,15,A0,0,ally,9,dynamic_9,0.0,8.147954940795898e-05,8.147954940795898e-05,0.0,0.0,8.147954940795898e-05
copying_dynamic_change,2,ep00199_t0083_item004817,15,A0,0,ally,10,dynamic_10,0.0,-0.028533935546875,0.028533935546875,0.0,0.0,-0.028533935546875
copying_dynamic_change,2,ep00199_t0083_item004817,15,A0,0,ally,11,dynamic_11,0.0,-0.02947998046875,0.02947998046875,0.0,0.0,-0.02947998046875
copying_dynamic_change,2,ep00199_t0083_item004817,15,A0,0,ally,12,dynamic_12,0.0,-0.0046539306640625,0.0046539306640625,0.0,0.0,-0.0046539306640625
copying_dynamic_change,2,ep00199_t0083_item004817,15,A1,1,ally,0,hp,0.5360000133514404,0.8125,0.27649998664855957,1.0,-0.46399998664855957,-0.1875
copying_dynamic_change,2,ep00199_t0083_item004817,15,A1,1,ally,1,cooldown_or_energy,0.0,-0.0599365234375,0.0599365234375,0.0,0.0,-0.0599365234375
copying_dynamic_change,2,ep00199_t0083_item004817,15,A1,1,ally,2,dx,-0.28598886728286743,-0.2381591796875,0.04782968759536743,-0.3961274027824402,0.11013853549957275,0.15796822309494019
copying_dynamic_change,2,ep00199_t0083_item004817,15,A1,1,ally,3,dy,-0.05418995022773743,-0.1405029296875,0.08631297945976257,-0.22977766394615173,0.1755877137184143,0.08927473425865173
copying_dynamic_change,2,ep00199_t0083_item004817,15,A1,1,ally,4,shield,0.0,-0.040008544921875,0.040008544921875,0.0,0.0,-0.040008544921875
copying_dynamic_change,2,ep00199_t0083_item004817,15,A1,1,ally,5,dynamic_5,0.0,0.0017271041870117188,0.0017271041870117188,0.0,0.0,0.0017271041870117188
copying_dynamic_change,2,ep00199_t0083_item004817,15,A1,1,ally,6,dynamic_6,1.0,0.9619140625,0.0380859375,1.0,0.0,-0.0380859375
copying_dynamic_change,2,ep00199_t0083_item004817,15,A1,1,ally,7,dynamic_7,0.0,0.0836181640625,0.0836181640625,0.0,0.0,0.0836181640625
copying_dynamic_change,2,ep00199_t0083_item004817,15,A1,1,ally,8,dynamic_8,0.0,-0.0285491943359375,0.0285491943359375,0.0,0.0,-0.0285491943359375
copying_dynamic_change,2,ep00199_t0083_item004817,15,A1,1,ally,9,dynamic_9,0.0,0.0008902549743652344,0.0008902549743652344,0.0,0.0,0.0008902549743652344
copying_dynamic_change,2,ep00199_t0083_item004817,15,A1,1,ally,10,dynamic_10,0.0,-0.006664276123046875,0.006664276123046875,0.0,0.0,-0.006664276123046875
copying_dynamic_change,2,ep00199_t0083_item004817,15,A1,1,ally,11,dynamic_11,0.0,0.010986328125,0.010986328125,0.0,0.0,0.010986328125
copying_dynamic_change,2,ep00199_t0083_item004817,15,A1,1,ally,12,dynamic_12,0.0,-0.012664794921875,0.012664794921875,0.0,0.0,-0.012664794921875
copying_dynamic_change,2,ep00199_t0083_item004817,15,E0,9,enemy,0,hp,1.0,0.97900390625,0.02099609375,1.0,0.0,-0.02099609375
copying_dynamic_change,2,ep00199_t0083_item004817,15,E0,9,enemy,1,dx,-0.191281259059906,-0.2445068359375,0.053225576877593994,-0.191281259059906,0.0,-0.053225576877593994
copying_dynamic_change,2,ep00199_t0083_item004817,15,E0,9,enemy,2,dy,0.17021876573562622,0.1669921875,0.0032265782356262207,0.17021876573562622,0.0,-0.0032265782356262207
copying_dynamic_change,2,ep00199_t0083_item004817,15,E0,9,enemy,3,dynamic_3,0.0,-0.0277252197265625,0.0277252197265625,0.0,0.0,-0.0277252197265625
copying_dynamic_change,2,ep00199_t0083_item004817,15,E0,9,enemy,4,dynamic_4,0.0,-0.000545501708984375,0.000545501708984375,0.0,0.0,-0.000545501708984375
copying_dynamic_change,2,ep00199_t0083_item004817,15,E0,9,enemy,5,dynamic_5,0.0,-0.010467529296875,0.010467529296875,0.0,0.0,-0.010467529296875
copying_dynamic_change,2,ep00199_t0083_item004817,15,E0,9,enemy,6,dynamic_6,0.0,-0.00823974609375,0.00823974609375,0.0,0.0,-0.00823974609375
copying_dynamic_change,2,ep00199_t0083_item004817,15,E0,9,enemy,7,dynamic_7,0.0,0.006565093994140625,0.006565093994140625,0.0,0.0,0.006565093994140625
copying_dynamic_change,2,ep00199_t0083_item004817,15,E0,9,enemy,8,dynamic_8,1.0,1.009765625,0.009765625,1.0,0.0,0.009765625
copying_dynamic_change,2,ep00199_t0083_item004817,15,E0,9,enemy,9,dynamic_9,0.0,0.0007081031799316406,0.0007081031799316406,0.0,0.0,0.0007081031799316406
copying_dynamic_change,2,ep00199_t0083_item004817,15,E0,9,enemy,10,dynamic_10,0.0,0.0113677978515625,0.0113677978515625,0.0,0.0,0.0113677978515625
copying_dynamic_change,2,ep00199_t0083_item004817,15,E0,9,enemy,11,dynamic_11,0.0,0.003490447998046875,0.003490447998046875,0.0,0.0,0.003490447998046875
copying_dynamic_change,2,ep00199_t0083_item004817,15,E3,12,enemy,0,hp,1.0,0.92236328125,0.07763671875,1.0,0.0,-0.07763671875
copying_dynamic_change,2,ep00199_t0083_item004817,15,E3,12,enemy,1,dx,-0.35378125309944153,-0.254638671875,0.09914258122444153,-0.35378125309944153,0.0,0.09914258122444153
copying_dynamic_change,2,ep00199_t0083_item004817,15,E3,12,enemy,2,dy,0.15850001573562622,0.136474609375,0.02202540636062622,0.15850001573562622,0.0,-0.02202540636062622
copying_dynamic_change,2,ep00199_t0083_item004817,15,E3,12,enemy,3,dynamic_3,0.0,-0.01491546630859375,0.01491546630859375,0.0,0.0,-0.01491546630859375
copying_dynamic_change,2,ep00199_t0083_item004817,15,E3,12,enemy,4,dynamic_4,0.0,-0.01007080078125,0.01007080078125,0.0,0.0,-0.01007080078125
copying_dynamic_change,2,ep00199_t0083_item004817,15,E3,12,enemy,5,dynamic_5,0.0,0.005527496337890625,0.005527496337890625,0.0,0.0,0.005527496337890625
copying_dynamic_change,2,ep00199_t0083_item004817,15,E3,12,enemy,6,dynamic_6,0.0,-0.005504608154296875,0.005504608154296875,0.0,0.0,-0.005504608154296875
copying_dynamic_change,2,ep00199_t0083_item004817,15,E3,12,enemy,7,dynamic_7,0.0,0.004688262939453125,0.004688262939453125,0.0,0.0,0.004688262939453125
copying_dynamic_change,2,ep00199_t0083_item004817,15,E3,12,enemy,8,dynamic_8,1.0,0.94677734375,0.05322265625,1.0,0.0,-0.05322265625
copying_dynamic_change,2,ep00199_t0083_item004817,15,E3,12,enemy,9,dynamic_9,0.0,0.000820159912109375,0.000820159912109375,0.0,0.0,0.000820159912109375
copying_dynamic_change,2,ep00199_t0083_item004817,15,E3,12,enemy,10,dynamic_10,0.0,0.00628662109375,0.00628662109375,0.0,0.0,0.00628662109375
copying_dynamic_change,2,ep00199_t0083_item004817,15,E3,12,enemy,11,dynamic_11,0.0,0.0248870849609375,0.0248870849609375,0.0,0.0,0.0248870849609375
unstable_overshoot,1,ep00799_t0175_item016861,1,A1,1,ally,0,hp,1.0,0.90625,0.09375,1.0,0.0,-0.09375
unstable_overshoot,1,ep00799_t0175_item016861,1,A1,1,ally,1,cooldown_or_energy,0.0,-0.03863525390625,0.03863525390625,0.0,0.0,-0.03863525390625
unstable_overshoot,1,ep00799_t0175_item016861,1,A1,1,ally,2,dx,-0.30736202001571655,-0.336181640625,0.028819620609283447,-0.35658079385757446,0.04921877384185791,0.020399153232574463
unstable_overshoot,1,ep00799_t0175_item016861,1,A1,1,ally,3,dy,-0.021730244159698486,-0.073486328125,0.051756083965301514,-0.021730244159698486,0.0,-0.051756083965301514
unstable_overshoot,1,ep00799_t0175_item016861,1,A1,1,ally,4,shield,0.0,-0.0823974609375,0.0823974609375,0.0,0.0,-0.0823974609375
unstable_overshoot,1,ep00799_t0175_item016861,1,A1,1,ally,5,dynamic_5,0.0,-0.02142333984375,0.02142333984375,0.0,0.0,-0.02142333984375
unstable_overshoot,1,ep00799_t0175_item016861,1,A1,1,ally,6,dynamic_6,0.0,0.01238250732421875,0.01238250732421875,0.0,0.0,0.01238250732421875
unstable_overshoot,1,ep00799_t0175_item016861,1,A1,1,ally,7,dynamic_7,1.0,1.107421875,0.107421875,1.0,0.0,0.107421875
unstable_overshoot,1,ep00799_t0175_item016861,1,A1,1,ally,8,dynamic_8,0.0,-0.041229248046875,0.041229248046875,0.0,0.0,-0.041229248046875
unstable_overshoot,1,ep00799_t0175_item016861,1,A1,1,ally,9,dynamic_9,0.0,-0.0001646280288696289,0.0001646280288696289,0.0,0.0,-0.0001646280288696289
unstable_overshoot,1,ep00799_t0175_item016861,1,A1,1,ally,10,dynamic_10,0.0,-0.03497314453125,0.03497314453125,0.0,0.0,-0.03497314453125
unstable_overshoot,1,ep00799_t0175_item016861,1,A1,1,ally,11,dynamic_11,0.0,-0.003665924072265625,0.003665924072265625,0.0,0.0,-0.003665924072265625
unstable_overshoot,1,ep00799_t0175_item016861,1,A1,1,ally,12,dynamic_12,0.0,0.03375244140625,0.03375244140625,0.0,0.0,0.03375244140625
unstable_overshoot,1,ep00799_t0175_item016861,1,E0,9,enemy,0,hp,1.0,0.970703125,0.029296875,1.0,0.0,-0.029296875
unstable_overshoot,1,ep00799_t0175_item016861,1,E0,9,enemy,1,dx,0.18421876430511475,0.1754150390625,0.008803725242614746,0.18421876430511475,0.0,-0.008803725242614746
unstable_overshoot,1,ep00799_t0175_item016861,1,E0,9,enemy,2,dy,-0.014687508344650269,-0.016754150390625,0.0020666420459747314,-0.014687508344650269,0.0,-0.0020666420459747314
unstable_overshoot,1,ep00799_t0175_item016861,1,E0,9,enemy,3,dynamic_3,0.0,-0.01934814453125,0.01934814453125,0.0,0.0,-0.01934814453125
unstable_overshoot,1,ep00799_t0175_item016861,1,E0,9,enemy,4,dynamic_4,0.0,-0.0007848739624023438,0.0007848739624023438,0.0,0.0,-0.0007848739624023438
unstable_overshoot,1,ep00799_t0175_item016861,1,E0,9,enemy,5,dynamic_5,0.0,0.0036411285400390625,0.0036411285400390625,0.0,0.0,0.0036411285400390625
unstable_overshoot,1,ep00799_t0175_item016861,1,E0,9,enemy,6,dynamic_6,0.0,-0.009552001953125,0.009552001953125,0.0,0.0,-0.009552001953125
unstable_overshoot,1,ep00799_t0175_item016861,1,E0,9,enemy,7,dynamic_7,0.0,-0.0017423629760742188,0.0017423629760742188,0.0,0.0,-0.0017423629760742188
unstable_overshoot,1,ep00799_t0175_item016861,1,E0,9,enemy,8,dynamic_8,1.0,1.0087890625,0.0087890625,1.0,0.0,0.0087890625
unstable_overshoot,1,ep00799_t0175_item016861,1,E0,9,enemy,9,dynamic_9,0.0,0.0003554821014404297,0.0003554821014404297,0.0,0.0,0.0003554821014404297
unstable_overshoot,1,ep00799_t0175_item016861,1,E0,9,enemy,10,dynamic_10,0.0,0.00499725341796875,0.00499725341796875,0.0,0.0,0.00499725341796875
unstable_overshoot,1,ep00799_t0175_item016861,1,E0,9,enemy,11,dynamic_11,0.0,0.0030574798583984375,0.0030574798583984375,0.0,0.0,0.0030574798583984375
unstable_overshoot,1,ep00799_t0175_item016861,5,A1,1,ally,0,hp,1.0,0.876953125,0.123046875,1.0,0.0,-0.123046875
unstable_overshoot,1,ep00799_t0175_item016861,5,A1,1,ally,1,cooldown_or_energy,0.0,-0.03802490234375,0.03802490234375,0.0,0.0,-0.03802490234375
unstable_overshoot,1,ep00799_t0175_item016861,5,A1,1,ally,2,dx,-0.25814324617385864,-0.313720703125,0.05557745695114136,-0.35658079385757446,0.09843754768371582,0.04286009073257446
unstable_overshoot,1,ep00799_t0175_item016861,5,A1,1,ally,3,dy,-0.021730244159698486,-0.0306854248046875,0.008955180644989014,-0.021730244159698486,0.0,-0.008955180644989014
unstable_overshoot,1,ep00799_t0175_item016861,5,A1,1,ally,4,shield,0.0,-0.0692138671875,0.0692138671875,0.0,0.0,-0.0692138671875
unstable_overshoot,1,ep00799_t0175_item016861,5,A1,1,ally,5,dynamic_5,0.0,-0.008880615234375,0.008880615234375,0.0,0.0,-0.008880615234375
unstable_overshoot,1,ep00799_t0175_item016861,5,A1,1,ally,6,dynamic_6,0.0,0.005916595458984375,0.005916595458984375,0.0,0.0,0.005916595458984375
unstable_overshoot,1,ep00799_t0175_item016861,5,A1,1,ally,7,dynamic_7,1.0,1.12890625,0.12890625,1.0,0.0,0.12890625
unstable_overshoot,1,ep00799_t0175_item016861,5,A1,1,ally,8,dynamic_8,0.0,-0.031768798828125,0.031768798828125,0.0,0.0,-0.031768798828125
unstable_overshoot,1,ep00799_t0175_item016861,5,A1,1,ally,9,dynamic_9,0.0,-0.00013375282287597656,0.00013375282287597656,0.0,0.0,-0.00013375282287597656
unstable_overshoot,1,ep00799_t0175_item016861,5,A1,1,ally,10,dynamic_10,0.0,-0.036468505859375,0.036468505859375,0.0,0.0,-0.036468505859375
unstable_overshoot,1,ep00799_t0175_item016861,5,A1,1,ally,11,dynamic_11,0.0,-0.0139312744140625,0.0139312744140625,0.0,0.0,-0.0139312744140625
unstable_overshoot,1,ep00799_t0175_item016861,5,A1,1,ally,12,dynamic_12,0.0,-0.004947662353515625,0.004947662353515625,0.0,0.0,-0.004947662353515625
unstable_overshoot,1,ep00799_t0175_item016861,5,E0,9,enemy,0,hp,1.0,0.97021484375,0.02978515625,1.0,0.0,-0.02978515625
unstable_overshoot,1,ep00799_t0175_item016861,5,E0,9,enemy,1,dx,0.18421876430511475,0.1688232421875,0.015395522117614746,0.18421876430511475,0.0,-0.015395522117614746
unstable_overshoot,1,ep00799_t0175_item016861,5,E0,9,enemy,2,dy,-0.014687508344650269,-0.0268707275390625,0.012183219194412231,-0.014687508344650269,0.0,-0.012183219194412231
unstable_overshoot,1,ep00799_t0175_item016861,5,E0,9,enemy,3,dynamic_3,0.0,-0.02008056640625,0.02008056640625,0.0,0.0,-0.02008056640625
unstable_overshoot,1,ep00799_t0175_item016861,5,E0,9,enemy,4,dynamic_4,0.0,-0.0026798248291015625,0.0026798248291015625,0.0,0.0,-0.0026798248291015625
unstable_overshoot,1,ep00799_t0175_item016861,5,E0,9,enemy,5,dynamic_5,0.0,0.0027103424072265625,0.0027103424072265625,0.0,0.0,0.0027103424072265625
unstable_overshoot,1,ep00799_t0175_item016861,5,E0,9,enemy,6,dynamic_6,0.0,-0.0091094970703125,0.0091094970703125,0.0,0.0,-0.0091094970703125
unstable_overshoot,1,ep00799_t0175_item016861,5,E0,9,enemy,7,dynamic_7,0.0,-0.0018367767333984375,0.0018367767333984375,0.0,0.0,-0.0018367767333984375
unstable_overshoot,1,ep00799_t0175_item016861,5,E0,9,enemy,8,dynamic_8,1.0,1.005859375,0.005859375,1.0,0.0,0.005859375
unstable_overshoot,1,ep00799_t0175_item016861,5,E0,9,enemy,9,dynamic_9,0.0,0.00035643577575683594,0.00035643577575683594,0.0,0.0,0.00035643577575683594
unstable_overshoot,1,ep00799_t0175_item016861,5,E0,9,enemy,10,dynamic_10,0.0,0.0036220550537109375,0.0036220550537109375,0.0,0.0,0.0036220550537109375
unstable_overshoot,1,ep00799_t0175_item016861,5,E0,9,enemy,11,dynamic_11,0.0,0.007198333740234375,0.007198333740234375,0.0,0.0,0.007198333740234375
unstable_overshoot,1,ep00799_t0175_item016861,15,A1,1,ally,0,hp,1.0,0.86962890625,0.13037109375,1.0,0.0,-0.13037109375
unstable_overshoot,1,ep00799_t0175_item016861,15,A1,1,ally,1,cooldown_or_energy,0.0,-0.05950927734375,0.05950927734375,0.0,0.0,-0.05950927734375
unstable_overshoot,1,ep00799_t0175_item016861,15,A1,1,ally,2,dx,-0.35658079385757446,-0.40576171875,0.04918092489242554,-0.35658079385757446,0.0,-0.04918092489242554
unstable_overshoot,1,ep00799_t0175_item016861,15,A1,1,ally,3,dy,-0.16833338141441345,-0.1153564453125,0.05297693610191345,-0.021730244159698486,-0.14660313725471497,-0.09362620115280151
unstable_overshoot,1,ep00799_t0175_item016861,15,A1,1,ally,4,shield,0.0,-0.07904052734375,0.07904052734375,0.0,0.0,-0.07904052734375
unstable_overshoot,1,ep00799_t0175_item016861,15,A1,1,ally,5,dynamic_5,0.0,-0.0237579345703125,0.0237579345703125,0.0,0.0,-0.0237579345703125
unstable_overshoot,1,ep00799_t0175_item016861,15,A1,1,ally,6,dynamic_6,0.0,-0.0010852813720703125,0.0010852813720703125,0.0,0.0,-0.0010852813720703125
unstable_overshoot,1,ep00799_t0175_item016861,15,A1,1,ally,7,dynamic_7,1.0,1.140625,0.140625,1.0,0.0,0.140625
unstable_overshoot,1,ep00799_t0175_item016861,15,A1,1,ally,8,dynamic_8,0.0,-0.032379150390625,0.032379150390625,0.0,0.0,-0.032379150390625
unstable_overshoot,1,ep00799_t0175_item016861,15,A1,1,ally,9,dynamic_9,0.0,-0.0003123283386230469,0.0003123283386230469,0.0,0.0,-0.0003123283386230469
unstable_overshoot,1,ep00799_t0175_item016861,15,A1,1,ally,10,dynamic_10,0.0,-0.0231781005859375,0.0231781005859375,0.0,0.0,-0.0231781005859375
unstable_overshoot,1,ep00799_t0175_item016861,15,A1,1,ally,11,dynamic_11,0.0,-0.01270294189453125,0.01270294189453125,0.0,0.0,-0.01270294189453125
unstable_overshoot,1,ep00799_t0175_item016861,15,A1,1,ally,12,dynamic_12,0.0,-0.00293731689453125,0.00293731689453125,0.0,0.0,-0.00293731689453125
unstable_overshoot,1,ep00799_t0175_item016861,15,E0,9,enemy,0,hp,1.0,0.96923828125,0.03076171875,1.0,0.0,-0.03076171875
unstable_overshoot,1,ep00799_t0175_item016861,15,E0,9,enemy,1,dx,0.18421876430511475,0.1689453125,0.015273451805114746,0.18421876430511475,0.0,-0.015273451805114746
unstable_overshoot,1,ep00799_t0175_item016861,15,E0,9,enemy,2,dy,-0.014687508344650269,-0.0185699462890625,0.0038824379444122314,-0.014687508344650269,0.0,-0.0038824379444122314
unstable_overshoot,1,ep00799_t0175_item016861,15,E0,9,enemy,3,dynamic_3,0.0,-0.01335906982421875,0.01335906982421875,0.0,0.0,-0.01335906982421875
unstable_overshoot,1,ep00799_t0175_item016861,15,E0,9,enemy,4,dynamic_4,0.0,-0.003261566162109375,0.003261566162109375,0.0,0.0,-0.003261566162109375
unstable_overshoot,1,ep00799_t0175_item016861,15,E0,9,enemy,5,dynamic_5,0.0,-0.0004012584686279297,0.0004012584686279297,0.0,0.0,-0.0004012584686279297
unstable_overshoot,1,ep00799_t0175_item016861,15,E0,9,enemy,6,dynamic_6,0.0,-0.009979248046875,0.009979248046875,0.0,0.0,-0.009979248046875
unstable_overshoot,1,ep00799_t0175_item016861,15,E0,9,enemy,7,dynamic_7,0.0,-0.0016965866088867188,0.0016965866088867188,0.0,0.0,-0.0016965866088867188
unstable_overshoot,1,ep00799_t0175_item016861,15,E0,9,enemy,8,dynamic_8,1.0,1.0068359375,0.0068359375,1.0,0.0,0.0068359375
unstable_overshoot,1,ep00799_t0175_item016861,15,E0,9,enemy,9,dynamic_9,0.0,0.0003573894500732422,0.0003573894500732422,0.0,0.0,0.0003573894500732422
unstable_overshoot,1,ep00799_t0175_item016861,15,E0,9,enemy,10,dynamic_10,0.0,0.00664520263671875,0.00664520263671875,0.0,0.0,0.00664520263671875
unstable_overshoot,1,ep00799_t0175_item016861,15,E0,9,enemy,11,dynamic_11,0.0,0.00711822509765625,0.00711822509765625,0.0,0.0,0.00711822509765625
unstable_overshoot,2,ep00799_t0180_item016861,1,A1,1,ally,0,hp,1.0,0.9111328125,0.0888671875,1.0,0.0,-0.0888671875
unstable_overshoot,2,ep00799_t0180_item016861,1,A1,1,ally,1,cooldown_or_energy,0.0,-0.025390625,0.025390625,0.0,0.0,-0.025390625
unstable_overshoot,2,ep00799_t0180_item016861,1,A1,1,ally,2,dx,-0.30736202001571655,-0.337158203125,0.029796183109283447,-0.25814324617385864,-0.04921877384185791,-0.07901495695114136
unstable_overshoot,2,ep00799_t0180_item016861,1,A1,1,ally,3,dy,-0.021730244159698486,-0.06903076171875,0.047300517559051514,-0.021730244159698486,0.0,-0.047300517559051514
unstable_overshoot,2,ep00799_t0180_item016861,1,A1,1,ally,4,shield,0.0,-0.0789794921875,0.0789794921875,0.0,0.0,-0.0789794921875
unstable_overshoot,2,ep00799_t0180_item016861,1,A1,1,ally,5,dynamic_5,0.0,-0.026092529296875,0.026092529296875,0.0,0.0,-0.026092529296875
unstable_overshoot,2,ep00799_t0180_item016861,1,A1,1,ally,6,dynamic_6,0.0,0.0103302001953125,0.0103302001953125,0.0,0.0,0.0103302001953125
unstable_overshoot,2,ep00799_t0180_item016861,1,A1,1,ally,7,dynamic_7,1.0,1.1220703125,0.1220703125,1.0,0.0,0.1220703125
unstable_overshoot,2,ep00799_t0180_item016861,1,A1,1,ally,8,dynamic_8,0.0,-0.041290283203125,0.041290283203125,0.0,0.0,-0.041290283203125
unstable_overshoot,2,ep00799_t0180_item016861,1,A1,1,ally,9,dynamic_9,0.0,-0.00012886524200439453,0.00012886524200439453,0.0,0.0,-0.00012886524200439453
unstable_overshoot,2,ep00799_t0180_item016861,1,A1,1,ally,10,dynamic_10,0.0,-0.032257080078125,0.032257080078125,0.0,0.0,-0.032257080078125
unstable_overshoot,2,ep00799_t0180_item016861,1,A1,1,ally,11,dynamic_11,0.0,-0.005779266357421875,0.005779266357421875,0.0,0.0,-0.005779266357421875
unstable_overshoot,2,ep00799_t0180_item016861,1,A1,1,ally,12,dynamic_12,0.0,0.01678466796875,0.01678466796875,0.0,0.0,0.01678466796875
unstable_overshoot,2,ep00799_t0180_item016861,1,E0,9,enemy,0,hp,1.0,0.96484375,0.03515625,1.0,0.0,-0.03515625
unstable_overshoot,2,ep00799_t0180_item016861,1,E0,9,enemy,1,dx,0.18421876430511475,0.169921875,0.014296889305114746,0.18421876430511475,0.0,-0.014296889305114746
unstable_overshoot,2,ep00799_t0180_item016861,1,E0,9,enemy,2,dy,-0.014687508344650269,-0.0160064697265625,0.0013189613819122314,-0.014687508344650269,0.0,-0.0013189613819122314
unstable_overshoot,2,ep00799_t0180_item016861,1,E0,9,enemy,3,dynamic_3,0.0,-0.01910400390625,0.01910400390625,0.0,0.0,-0.01910400390625
unstable_overshoot,2,ep00799_t0180_item016861,1,E0,9,enemy,4,dynamic_4,0.0,-0.000885009765625,0.000885009765625,0.0,0.0,-0.000885009765625
unstable_overshoot,2,ep00799_t0180_item016861,1,E0,9,enemy,5,dynamic_5,0.0,0.0034542083740234375,0.0034542083740234375,0.0,0.0,0.0034542083740234375
unstable_overshoot,2,ep00799_t0180_item016861,1,E0,9,enemy,6,dynamic_6,0.0,-0.0101776123046875,0.0101776123046875,0.0,0.0,-0.0101776123046875
unstable_overshoot,2,ep00799_t0180_item016861,1,E0,9,enemy,7,dynamic_7,0.0,-0.00211334228515625,0.00211334228515625,0.0,0.0,-0.00211334228515625
unstable_overshoot,2,ep00799_t0180_item016861,1,E0,9,enemy,8,dynamic_8,1.0,1.0087890625,0.0087890625,1.0,0.0,0.0087890625
unstable_overshoot,2,ep00799_t0180_item016861,1,E0,9,enemy,9,dynamic_9,0.0,0.0003502368927001953,0.0003502368927001953,0.0,0.0,0.0003502368927001953
unstable_overshoot,2,ep00799_t0180_item016861,1,E0,9,enemy,10,dynamic_10,0.0,0.004871368408203125,0.004871368408203125,0.0,0.0,0.004871368408203125
unstable_overshoot,2,ep00799_t0180_item016861,1,E0,9,enemy,11,dynamic_11,0.0,0.0019683837890625,0.0019683837890625,0.0,0.0,0.0019683837890625
unstable_overshoot,2,ep00799_t0180_item016861,5,A1,1,ally,0,hp,1.0,0.8837890625,0.1162109375,1.0,0.0,-0.1162109375
unstable_overshoot,2,ep00799_t0180_item016861,5,A1,1,ally,1,cooldown_or_energy,0.0,-0.038970947265625,0.038970947265625,0.0,0.0,-0.038970947265625
unstable_overshoot,2,ep00799_t0180_item016861,5,A1,1,ally,2,dx,-0.25814324617385864,-0.33837890625,0.08023566007614136,-0.25814324617385864,0.0,-0.08023566007614136
unstable_overshoot,2,ep00799_t0180_item016861,5,A1,1,ally,3,dy,-0.07094889879226685,-0.09600830078125,0.025059401988983154,-0.021730244159698486,-0.04921865463256836,-0.07427805662155151
unstable_overshoot,2,ep00799_t0180_item016861,5,A1,1,ally,4,shield,0.0,-0.07305908203125,0.07305908203125,0.0,0.0,-0.07305908203125
unstable_overshoot,2,ep00799_t0180_item016861,5,A1,1,ally,5,dynamic_5,0.0,-0.0199127197265625,0.0199127197265625,0.0,0.0,-0.0199127197265625
unstable_overshoot,2,ep00799_t0180_item016861,5,A1,1,ally,6,dynamic_6,0.0,0.008697509765625,0.008697509765625,0.0,0.0,0.008697509765625
unstable_overshoot,2,ep00799_t0180_item016861,5,A1,1,ally,7,dynamic_7,1.0,1.109375,0.109375,1.0,0.0,0.109375
unstable_overshoot,2,ep00799_t0180_item016861,5,A1,1,ally,8,dynamic_8,0.0,-0.033660888671875,0.033660888671875,0.0,0.0,-0.033660888671875
unstable_overshoot,2,ep00799_t0180_item016861,5,A1,1,ally,9,dynamic_9,0.0,-0.0001004934310913086,0.0001004934310913086,0.0,0.0,-0.0001004934310913086
unstable_overshoot,2,ep00799_t0180_item016861,5,A1,1,ally,10,dynamic_10,0.0,-0.022796630859375,0.022796630859375,0.0,0.0,-0.022796630859375
unstable_overshoot,2,ep00799_t0180_item016861,5,A1,1,ally,11,dynamic_11,0.0,-0.00843048095703125,0.00843048095703125,0.0,0.0,-0.00843048095703125
unstable_overshoot,2,ep00799_t0180_item016861,5,A1,1,ally,12,dynamic_12,0.0,0.0027179718017578125,0.0027179718017578125,0.0,0.0,0.0027179718017578125
unstable_overshoot,2,ep00799_t0180_item016861,5,E0,9,enemy,0,hp,1.0,0.96923828125,0.03076171875,1.0,0.0,-0.03076171875
unstable_overshoot,2,ep00799_t0180_item016861,5,E0,9,enemy,1,dx,0.18421876430511475,0.1627197265625,0.021499037742614746,0.18421876430511475,0.0,-0.021499037742614746
unstable_overshoot,2,ep00799_t0180_item016861,5,E0,9,enemy,2,dy,-0.014687508344650269,-0.027435302734375,0.012747794389724731,-0.014687508344650269,0.0,-0.012747794389724731
unstable_overshoot,2,ep00799_t0180_item016861,5,E0,9,enemy,3,dynamic_3,0.0,-0.021026611328125,0.021026611328125,0.0,0.0,-0.021026611328125
unstable_overshoot,2,ep00799_t0180_item016861,5,E0,9,enemy,4,dynamic_4,0.0,-0.0027675628662109375,0.0027675628662109375,0.0,0.0,-0.0027675628662109375
unstable_overshoot,2,ep00799_t0180_item016861,5,E0,9,enemy,5,dynamic_5,0.0,0.0013628005981445312,0.0013628005981445312,0.0,0.0,0.0013628005981445312
unstable_overshoot,2,ep00799_t0180_item016861,5,E0,9,enemy,6,dynamic_6,0.0,-0.00860595703125,0.00860595703125,0.0,0.0,-0.00860595703125
unstable_overshoot,2,ep00799_t0180_item016861,5,E0,9,enemy,7,dynamic_7,0.0,-0.0015888214111328125,0.0015888214111328125,0.0,0.0,-0.0015888214111328125
unstable_overshoot,2,ep00799_t0180_item016861,5,E0,9,enemy,8,dynamic_8,1.0,1.0068359375,0.0068359375,1.0,0.0,0.0068359375
unstable_overshoot,2,ep00799_t0180_item016861,5,E0,9,enemy,9,dynamic_9,0.0,0.00035119056701660156,0.00035119056701660156,0.0,0.0,0.00035119056701660156
unstable_overshoot,2,ep00799_t0180_item016861,5,E0,9,enemy,10,dynamic_10,0.0,0.0038661956787109375,0.0038661956787109375,0.0,0.0,0.0038661956787109375
unstable_overshoot,2,ep00799_t0180_item016861,5,E0,9,enemy,11,dynamic_11,0.0,0.00713348388671875,0.00713348388671875,0.0,0.0,0.00713348388671875
unstable_overshoot,2,ep00799_t0180_item016861,15,A1,1,ally,0,hp,1.0,0.84375,0.15625,1.0,0.0,-0.15625
unstable_overshoot,2,ep00799_t0180_item016861,15,A1,1,ally,1,cooldown_or_energy,0.0,-0.0599365234375,0.0599365234375,0.0,0.0,-0.0599365234375
unstable_overshoot,2,ep00799_t0180_item016861,15,A1,1,ally,2,dx,-0.4057995676994324,-0.372802734375,0.03299683332443237,-0.25814324617385864,-0.14765632152557373,-0.11465948820114136
unstable_overshoot,2,ep00799_t0180_item016861,15,A1,1,ally,3,dy,-0.11911472678184509,-0.093017578125,0.026097148656845093,-0.021730244159698486,-0.0973844826221466,-0.07128733396530151
unstable_overshoot,2,ep00799_t0180_item016861,15,A1,1,ally,4,shield,0.0,-0.07928466796875,0.07928466796875,0.0,0.0,-0.07928466796875
unstable_overshoot,2,ep00799_t0180_item016861,15,A1,1,ally,5,dynamic_5,0.0,-0.0238189697265625,0.0238189697265625,0.0,0.0,-0.0238189697265625
unstable_overshoot,2,ep00799_t0180_item016861,15,A1,1,ally,6,dynamic_6,0.0,0.0044708251953125,0.0044708251953125,0.0,0.0,0.0044708251953125
unstable_overshoot,2,ep00799_t0180_item016861,15,A1,1,ally,7,dynamic_7,1.0,1.126953125,0.126953125,1.0,0.0,0.126953125
unstable_overshoot,2,ep00799_t0180_item016861,15,A1,1,ally,8,dynamic_8,0.0,-0.0328369140625,0.0328369140625,0.0,0.0,-0.0328369140625
unstable_overshoot,2,ep00799_t0180_item016861,15,A1,1,ally,9,dynamic_9,0.0,-0.0002853870391845703,0.0002853870391845703,0.0,0.0,-0.0002853870391845703
unstable_overshoot,2,ep00799_t0180_item016861,15,A1,1,ally,10,dynamic_10,0.0,-0.031951904296875,0.031951904296875,0.0,0.0,-0.031951904296875
unstable_overshoot,2,ep00799_t0180_item016861,15,A1,1,ally,11,dynamic_11,0.0,-0.0187835693359375,0.0187835693359375,0.0,0.0,-0.0187835693359375
unstable_overshoot,2,ep00799_t0180_item016861,15,A1,1,ally,12,dynamic_12,0.0,0.007190704345703125,0.007190704345703125,0.0,0.0,0.007190704345703125
unstable_overshoot,2,ep00799_t0180_item016861,15,E0,9,enemy,0,hp,1.0,0.970703125,0.029296875,1.0,0.0,-0.029296875
unstable_overshoot,2,ep00799_t0180_item016861,15,E0,9,enemy,1,dx,0.18421876430511475,0.166015625,0.018203139305114746,0.18421876430511475,0.0,-0.018203139305114746
unstable_overshoot,2,ep00799_t0180_item016861,15,E0,9,enemy,2,dy,-0.014687508344650269,-0.0201263427734375,0.0054388344287872314,-0.014687508344650269,0.0,-0.0054388344287872314
unstable_overshoot,2,ep00799_t0180_item016861,15,E0,9,enemy,3,dynamic_3,0.0,-0.015045166015625,0.015045166015625,0.0,0.0,-0.015045166015625
unstable_overshoot,2,ep00799_t0180_item016861,15,E0,9,enemy,4,dynamic_4,0.0,-0.003238677978515625,0.003238677978515625,0.0,0.0,-0.003238677978515625
unstable_overshoot,2,ep00799_t0180_item016861,15,E0,9,enemy,5,dynamic_5,0.0,-0.0018529891967773438,0.0018529891967773438,0.0,0.0,-0.0018529891967773438
unstable_overshoot,2,ep00799_t0180_item016861,15,E0,9,enemy,6,dynamic_6,0.0,-0.00943756103515625,0.00943756103515625,0.0,0.0,-0.00943756103515625
unstable_overshoot,2,ep00799_t0180_item016861,15,E0,9,enemy,7,dynamic_7,0.0,-0.00154876708984375,0.00154876708984375,0.0,0.0,-0.00154876708984375
unstable_overshoot,2,ep00799_t0180_item016861,15,E0,9,enemy,8,dynamic_8,1.0,1.0068359375,0.0068359375,1.0,0.0,0.0068359375
unstable_overshoot,2,ep00799_t0180_item016861,15,E0,9,enemy,9,dynamic_9,0.0,0.0003604888916015625,0.0003604888916015625,0.0,0.0,0.0003604888916015625
unstable_overshoot,2,ep00799_t0180_item016861,15,E0,9,enemy,10,dynamic_10,0.0,0.006839752197265625,0.006839752197265625,0.0,0.0,0.006839752197265625
unstable_overshoot,2,ep00799_t0180_item016861,15,E0,9,enemy,11,dynamic_11,0.0,0.0081787109375,0.0081787109375,0.0,0.0,0.0081787109375
